"","year","road","transect","round","date","observer1","observer2","species","males","females","unknowns","cluster_size","time","detection_type","nearest_mile_marker","bearing","distance","habitat","further_habitat_info","notes_behavior","waypoint","device","ObjectID","GlobalID"
"1",2016,"Teller","T1",1,"2016-05-11","Devin Johnson",NA,"WIPT",1,0,0,1,"8:39","V",11,NA,"0","Road","","Flushed into shrub and called",NA,NA,NA,NA
"2",2016,"Teller","T1",1,"2016-05-11","Devin Johnson",NA,"WIPT",1,0,0,1,"8:44","V",11.5,NA,"0","Road","","Ran along road, flushed and called",NA,NA,NA,NA
"3",2016,"Teller","T1",1,"2016-05-11","Devin Johnson",NA,"WIPT",0,0,1,1,"8:45","A",11.5,NA,"100","U","","Called once",NA,NA,NA,NA
"4",2016,"Teller","T1",1,"2016-05-11","Devin Johnson",NA,"WIPT",1,0,0,1,"8:59","V",14,NA,"0","Road","","Ran along road into low shrub",NA,NA,NA,NA
"5",2016,"Teller","T1",1,"2016-05-11","Devin Johnson",NA,"WIPT",0,1,0,1,"8:59","V",14,NA,"0","Road","","With above male",NA,NA,NA,NA
"6",2016,"Teller","T1",1,"2016-05-11","Devin Johnson",NA,"WIPT",1,0,0,1,"9:03","V",14.5,NA,"0","Road","","Standing along road",NA,NA,NA,NA
"7",2016,"Teller","T2",1,"2016-05-11","Devin Johnson",NA,"WIPT",1,0,0,1,"9:55","V",21.5,NA,"24","Tundra","","Stood on rock and called",NA,NA,NA,NA
"8",2016,"Teller","T2",1,"2016-05-11","Devin Johnson",NA,"WIPT",1,0,0,1,"10:04","V",23,NA,"0","Road","","Standing along road",NA,NA,NA,NA
"9",2016,"Teller","T2",1,"2016-05-11","Devin Johnson",NA,"WIPT",1,0,0,1,"10:05","V",24,NA,"0","Road","","",NA,NA,NA,NA
"10",2016,"Teller","T2",1,"2016-05-11","Devin Johnson",NA,"WIPT",1,0,0,1,"10:19","V",25,NA,"0","Road","","",NA,NA,NA,NA
"11",2016,"Teller","T3",1,"2016-05-11","Devin Johnson",NA,"WIPT",1,0,0,1,"10:50","V",29,NA,"0","Road","","",NA,NA,NA,NA
"12",2016,"Teller","T3",1,"2016-05-11","Devin Johnson",NA,"WIPT",1,0,0,1,"10:50","V",29,NA,"0","Road","","On road with above male",NA,NA,NA,NA
"13",2016,"Teller","T3",1,"2016-05-11","Devin Johnson",NA,"WIPT",1,0,0,1,"10:52","V",29,NA,"130","Tundra","","Flew and landed on snowpatch",NA,NA,NA,NA
"14",2016,"Teller","T3",1,"2016-05-11","Devin Johnson",NA,"WIPT",1,0,0,1,"11:16","V",32.5,NA,"196","Tundra","","Sitting by snowpatch",NA,NA,NA,NA
"15",2016,"Teller","T3",1,"2016-05-11","Devin Johnson",NA,"WIPT",1,0,0,1,"11:26","V",34,NA,"0","Road","","",NA,NA,NA,NA
"16",2016,"Teller","T3",1,"2016-05-11","Devin Johnson",NA,"WIPT",1,0,0,1,"11:31","V",34.5,NA,"0","Road","","",NA,NA,NA,NA
"17",2016,"Teller","T3",1,"2016-05-11","Devin Johnson",NA,"WIPT",1,0,0,1,"11:41","V",35.5,NA,"176","Tundra","","",NA,NA,NA,NA
"18",2016,"Teller","T3",1,"2016-05-11","Devin Johnson",NA,"WIPT",1,0,0,1,"11:43","V",36,NA,"29","Tundra","","",NA,NA,NA,NA
"19",2016,"Teller","T4",1,"2016-05-17","Devin Johnson",NA,"ROPT",1,0,0,1,"10:30","V",38,NA,"0","Road","","Landed on road",NA,NA,NA,NA
"20",2016,"Teller","T4",1,"2016-05-17","Devin Johnson",NA,"ROPT",1,0,0,1,"10:38","V",39.5,NA,"330","Tundra","","",NA,NA,NA,NA
"21",2016,"Teller","T4",1,"2016-05-17","Devin Johnson",NA,"ROPT",1,0,0,1,"10:47","V",41,NA,"300","Tundra","","",NA,NA,NA,NA
"22",2016,"Teller","T4",1,"2016-05-17","Devin Johnson",NA,"ROPT",1,0,0,1,"10:50","V",41.5,NA,"40","Tundra","","Sitting on rocky tundra",NA,NA,NA,NA
"23",2016,"Teller","T4",1,"2016-05-17","Devin Johnson",NA,"WIPT",1,0,0,1,"10:51","V",41.5,NA,"45","Tundra","","",NA,NA,NA,NA
"24",2016,"Teller","T4",1,"2016-05-17","Devin Johnson",NA,"WIPT",1,0,0,1,"11:02","V",43,NA,"0","Road","","",NA,NA,NA,NA
"25",2016,"Teller","T4",1,"2016-05-17","Devin Johnson",NA,"WIPT",1,0,0,1,"11:06","V",43.5,NA,"176","Tundra","","",NA,NA,NA,NA
"26",2016,"Teller","T4",1,"2016-05-17","Devin Johnson",NA,"WIPT",0,1,0,1,"11:06","V",43.5,NA,"176","Tundra","","With above male",NA,NA,NA,NA
"27",2016,"Teller","T4",1,"2016-05-17","Devin Johnson",NA,"WIPT",6,0,0,6,"11:08","V",43.5,NA,"150","Tundra","","Multiple males in a large 1 sq km area of tundra",NA,NA,NA,NA
"28",2016,"Teller","T4",1,"2016-05-17","Devin Johnson",NA,"ROPT",0,0,1,1,"11:12","V",44,NA,"0","Road","","",NA,NA,NA,NA
"29",2016,"Teller","T4",1,"2016-05-17","Devin Johnson",NA,"WIPT",0,1,0,1,"11:16","V",45,NA,"160","Shrub","","",NA,NA,NA,NA
"30",2016,"Teller","T4",1,"2016-05-17","Devin Johnson",NA,"ROPT",1,0,0,1,"11:18","V",45.5,NA,"143","Bare ground","","Perched",NA,NA,NA,NA
"31",2016,"Teller","T4",1,"2016-05-17","Devin Johnson",NA,"ROPT",1,0,0,1,"11:19","V",45.5,NA,"138","Bare ground","","Perched",NA,NA,NA,NA
"32",2016,"Teller","T4",1,"2016-05-17","Devin Johnson",NA,"ROPT",1,0,0,1,"11:22","V",46,NA,"179","Shrub","","",NA,NA,NA,NA
"33",2016,"Teller","T4",1,"2016-05-17","Devin Johnson",NA,"ROPT",1,0,0,1,"11:23","V",46.5,NA,"342","Tundra","","",NA,NA,NA,NA
"34",2016,"Teller","T4",1,"2016-05-17","Devin Johnson",NA,"WIPT",1,0,0,1,"11:25","V",46.5,NA,"130","Tundra","","",NA,NA,NA,NA
"35",2016,"Teller","T4",1,"2016-05-17","Devin Johnson",NA,"ROPT",1,0,0,1,"11:31","V",46.5,NA,"94","Water","","Perched",NA,NA,NA,NA
"36",2016,"Teller","T4",1,"2016-05-17","Devin Johnson",NA,"WIPT",0,0,1,1,"11:33","V",47,NA,"130","U","","Flyby",NA,NA,NA,NA
"37",2016,"Teller","T4",1,"2016-05-17","Devin Johnson",NA,"WIPT",0,0,1,1,"11:33","V",47,NA,"130","U","","Flyby",NA,NA,NA,NA
"38",2016,"Teller","T4",1,"2016-05-17","Devin Johnson",NA,"AGSQ",0,0,1,1,"11:39","V",47,NA,"0","Road","","",NA,NA,NA,NA
"39",2016,"Teller","T5",1,"2016-05-20","Devin Johnson",NA,"WIPT",1,0,0,1,"9:05","V",48,NA,"33","Tundra","","Sitting",NA,NA,NA,NA
"40",2016,"Teller","T5",1,"2016-05-20","Devin Johnson",NA,"ROPT",1,0,0,1,"9:07","V",48,NA,"0","Road","","Flushed off road",NA,NA,NA,NA
"41",2016,"Teller","T5",1,"2016-05-20","Devin Johnson",NA,"WIPT",1,0,0,1,"9:10","V",49,NA,"182","Shrub","","Walking",NA,NA,NA,NA
"42",2016,"Teller","T5",1,"2016-05-20","Devin Johnson",NA,"WIPT",1,1,0,2,"9:15","V",49.5,NA,"100","Shrub","","Walking",NA,NA,NA,NA
"43",2016,"Teller","T5",1,"2016-05-20","Devin Johnson",NA,"WIPT",1,0,0,1,"9:17","V",50,NA,"90","Tundra","","Walking",NA,NA,NA,NA
"44",2016,"Teller","T5",1,"2016-05-20","Devin Johnson",NA,"WIPT",1,0,0,1,"9:20","V",51,NA,"0","Road","","Flew over road",NA,NA,NA,NA
"45",2016,"Teller","T5",1,"2016-05-20","Devin Johnson",NA,"WIPT",1,0,0,1,"9:22","V",51.5,NA,"0","Road","","Flushed",NA,NA,NA,NA
"46",2016,"Teller","T5",1,"2016-05-20","Devin Johnson",NA,"WIPT",1,0,0,1,"9:22","V",51.5,NA,"0","Road","","Flew over road",NA,NA,NA,NA
"47",2016,"Teller","T5",1,"2016-05-20","Devin Johnson",NA,"WIPT",1,0,0,1,"9:25","V",52,NA,"18","Tundra","","Perched",NA,NA,NA,NA
"48",2016,"Teller","T5",1,"2016-05-20","Devin Johnson",NA,"WIPT",1,0,0,1,"9:27","V",52.5,NA,"231","Tundra","","Perched",NA,NA,NA,NA
"49",2016,"Teller","T5",1,"2016-05-20","Devin Johnson",NA,"WIPT",1,0,0,1,"9:29","V",53,NA,"168","Shrub","","",NA,NA,NA,NA
"50",2016,"Teller","T5",1,"2016-05-20","Devin Johnson",NA,"WIPT",1,0,0,1,"9:32","V",54,NA,"0","Road","","",NA,NA,NA,NA
"51",2016,"Teller","T5",1,"2016-05-20","Devin Johnson",NA,"ROPT",1,0,0,1,"9:36","V",55,NA,"171","Tundra","","",NA,NA,NA,NA
"52",2016,"Teller","T5",1,"2016-05-20","Devin Johnson",NA,"WIPT",1,0,0,1,"9:38","V",55,NA,"250","Shrub","","Perched on willow",NA,NA,NA,NA
"53",2016,"Teller","T6",1,"2016-05-20","Michael Henderson",NA,"WIPT",1,1,0,2,"9:51","V",59.5,NA,"0","Road","","",NA,NA,NA,NA
"54",2016,"Teller","T6",1,"2016-05-20","Michael Henderson",NA,"WIPT",1,0,0,1,"9:53","V",59.5,NA,"0","Road","","",NA,NA,NA,NA
"55",2016,"Teller","T6",1,"2016-05-20","Michael Henderson",NA,"PTAR",0,0,1,1,"9:55","A",60,NA,"300","Shrub","","Flying in distance and landed behind vegetation",NA,NA,NA,NA
"56",2016,"Teller","T6",1,"2016-05-20","Michael Henderson",NA,"WIPT",1,0,0,1,"9:55","V",60,NA,"20","Tundra","","",NA,NA,NA,NA
"57",2016,"Teller","T6",1,"2016-05-20","Michael Henderson",NA,"WIPT",1,0,0,1,"9:57","V",60,NA,"15","Shrub","","",NA,NA,NA,NA
"58",2016,"Teller","T6",1,"2016-05-20","Michael Henderson",NA,"WIPT",1,0,0,1,"9:59","V",60,NA,"10","Tundra","","",NA,NA,NA,NA
"59",2016,"Teller","T6",1,"2016-05-20","Michael Henderson",NA,"LTJA",0,0,1,1,"10:01","V",61,NA,"30","U","","never landed, long-tailed",NA,NA,NA,NA
"60",2016,"Teller","T6",1,"2016-05-20","Michael Henderson",NA,"LTJA",0,0,1,1,"10:04","V",61,NA,"60","U","","never landed, long-tailed",NA,NA,NA,NA
"61",2016,"Teller","T6",1,"2016-05-20","Michael Henderson",NA,"WIPT",1,0,0,1,"10:04","V",61,NA,"0","Road","","calling",NA,NA,NA,NA
"62",2016,"Teller","T6",1,"2016-05-20","Michael Henderson",NA,"WIPT",1,0,0,1,"10:05","V",61,NA,"130","Tundra","","",NA,NA,NA,NA
"63",2016,"Teller","T6",1,"2016-05-20","Michael Henderson",NA,"LTJA",0,0,1,1,"10:13","V",64,NA,"100","Tundra","","never landed, long-tailed",NA,NA,NA,NA
"64",2016,"Teller","T6",1,"2016-05-20","Michael Henderson",NA,"WIPT",1,0,0,1,"10:17","V",64.5,NA,"75","Shrub","","",NA,NA,NA,NA
"65",2016,"Teller","T6",1,"2016-05-20","Michael Henderson",NA,"WIPT",1,0,0,1,"10:26","V",67.5,NA,"0","Road","","",NA,NA,NA,NA
"66",2016,"Council","C2",1,"2016-05-22","Devin Johnson",NA,"ROPT",1,0,0,1,"9:08","V",45,NA,"500","Bare ground","","Perched on rock",NA,NA,NA,NA
"67",2016,"Council","C2",1,"2016-05-22","Devin Johnson",NA,"ROPT",1,0,0,1,"9:29","V",51,NA,"300","Bare ground","","Perched on rock",NA,NA,NA,NA
"68",2016,"Council","C2",1,"2016-05-22","Devin Johnson",NA,"ROPT",1,0,0,1,"9:35","V",51,NA,"0","Road","","Flushed, starting to molt",NA,NA,NA,NA
"69",2016,"Kougarok","K1",1,"2016-05-12","Michael Henderson",NA,"WIPT",1,0,0,1,"8:21","V",14.5,NA,"40","Shrub","","Perched on willow",NA,NA,NA,NA
"70",2016,"Kougarok","K1",1,"2016-05-12","Michael Henderson",NA,"WIPT",1,0,0,1,"8:32","V",15,NA,"126","Shrub","","Perched on tree",NA,NA,NA,NA
"71",2016,"Kougarok","K1",1,"2016-05-12","Michael Henderson",NA,"WIPT",1,0,0,1,"8:46","V",17,NA,"297","Shrub","","Sitting on ground",NA,NA,NA,NA
"72",2016,"Kougarok","K2",1,"2016-05-12","Michael Henderson",NA,"WIPT",1,0,0,1,"9:54","V",27,NA,"210","Shrub","","Sitting on ground",NA,NA,NA,NA
"73",2016,"Kougarok","K2",1,"2016-05-12","Michael Henderson",NA,"WIPT",1,0,0,1,"10:00","V",27.5,NA,"85","Shrub","","Sitting on ground",NA,NA,NA,NA
"74",2016,"Kougarok","K2",1,"2016-05-12","Michael Henderson",NA,"WIPT",1,0,0,1,"10:03","V",28,NA,"10","Shrub","","On high snow pile",NA,NA,NA,NA
"75",2016,"Kougarok","K2",1,"2016-05-12","Michael Henderson",NA,"WIPT",1,0,0,1,"10:07","V",29,NA,"40","Shrub","","On high snow pile",NA,NA,NA,NA
"76",2016,"Kougarok","K2",1,"2016-05-12","Michael Henderson",NA,"WIPT",1,0,0,1,"10:12","V",30,NA,"50","Shrub","","Sitting on snow",NA,NA,NA,NA
"77",2016,"Kougarok","K3",1,"2016-05-16","Michael Henderson",NA,"WIPT",1,0,0,1,"7:05","V",34,NA,"15","Shrub","","Top of Shrub",NA,NA,NA,NA
"78",2016,"Kougarok","K3",1,"2016-05-16","Michael Henderson",NA,"WIPT",1,1,0,2,"7:08","V",34.5,NA,"0","Road","","",NA,NA,NA,NA
"79",2016,"Kougarok","K3",1,"2016-05-16","Michael Henderson",NA,"WIPT",1,0,0,1,"7:14","V",35,NA,"54","Shrub","","",NA,NA,NA,NA
"80",2016,"Kougarok","K3",1,"2016-05-16","Michael Henderson",NA,"WIPT",1,0,0,1,"7:21","V",35.5,NA,"133","Shrub","","Perched on tree",NA,NA,NA,NA
"81",2016,"Kougarok","K3",1,"2016-05-16","Michael Henderson",NA,"WIPT",1,1,0,2,"7:31","V",37,NA,"15","Shrub","","",NA,NA,NA,NA
"82",2016,"Kougarok","K3",1,"2016-05-16","Michael Henderson",NA,"WIPT",1,0,0,1,"7:36","V",37.5,NA,"235","Shrub","","",NA,NA,NA,NA
"83",2016,"Kougarok","K3",1,"2016-05-16","Michael Henderson",NA,"WIPT",1,0,0,1,"7:42","V",38,NA,"10","Shrub","","Perched on shrub",NA,NA,NA,NA
"84",2016,"Kougarok","K3",1,"2016-05-16","Michael Henderson",NA,"WIPT",1,0,0,1,"7:45","V",38,NA,"30","Shrub","","",NA,NA,NA,NA
"85",2016,"Kougarok","K3",1,"2016-05-16","Michael Henderson",NA,"WIPT",1,0,0,1,"7:49","V",38.5,NA,"45","Shrub","","",NA,NA,NA,NA
"86",2016,"Kougarok","K3",1,"2016-05-16","Michael Henderson",NA,"LTJA",0,0,1,1,"7:50","V",38.5,NA,"50","Shrub","","Long-tailed, flew by",NA,NA,NA,NA
"87",2016,"Kougarok","K3",1,"2016-05-16","Michael Henderson",NA,"WIPT",1,0,0,1,"7:56","V",39,NA,"32","Shrub","","On shrub",NA,NA,NA,NA
"88",2016,"Kougarok","K3",1,"2016-05-16","Michael Henderson",NA,"WIPT",1,0,0,1,"8:00","V",39.5,NA,"10","Shrub","","",NA,NA,NA,NA
"89",2016,"Kougarok","K3",1,"2016-05-16","Michael Henderson",NA,"WIPT",0,0,1,1,"8:00","A",39.5,NA,"20","Shrub","","",NA,NA,NA,NA
"90",2016,"Kougarok","K3",1,"2016-05-16","Michael Henderson",NA,"WIPT",1,0,0,1,"8:03","V",40,NA,"121","Tundra","","",NA,NA,NA,NA
"91",2016,"Kougarok","K3",1,"2016-05-16","Michael Henderson",NA,"WIPT",1,0,0,1,"8:06","V",40,NA,"147","Tundra","","",NA,NA,NA,NA
"92",2016,"Kougarok","K3",1,"2016-05-16","Michael Henderson",NA,"WIPT",1,0,0,1,"8:07","V",40.5,NA,"7","Shrub","","On road sign",NA,NA,NA,NA
"93",2016,"Kougarok","K3",1,"2016-05-16","Michael Henderson",NA,"WIPT",0,1,0,1,"8:09","V",40.5,NA,"6","Shrub","","",NA,NA,NA,NA
"94",2016,"Kougarok","K3",1,"2016-05-16","Michael Henderson",NA,"WIPT",1,0,0,1,"8:16","V",41,NA,"38","Tundra","","Half-winter plumage",NA,NA,NA,NA
"95",2016,"Kougarok","K3",1,"2016-05-16","Michael Henderson",NA,"WIPT",1,0,0,1,"8:28","V",42.5,NA,"52","Shrub","","",NA,NA,NA,NA
"96",2016,"Kougarok","K4",1,"2016-05-16","Michael Henderson",NA,"WIPT",1,0,0,1,"8:40","V",43,NA,"43","Tundra","","",NA,NA,NA,NA
"97",2016,"Kougarok","K4",1,"2016-05-16","Michael Henderson",NA,"WIPT",1,0,0,1,"8:50","V",44.5,NA,"13","Shrub","","",NA,NA,NA,NA
"98",2016,"Kougarok","K4",1,"2016-05-16","Michael Henderson",NA,"WIPT",1,0,0,1,"9:03","V",46,NA,"275","Shrub","","",NA,NA,NA,NA
"99",2016,"Kougarok","K4",1,"2016-05-16","Michael Henderson",NA,"WIPT",1,1,0,2,"9:05","V",46.5,NA,"0","Shrub","","",NA,NA,NA,NA
"100",2016,"Kougarok","K4",1,"2016-05-16","Michael Henderson",NA,"WIPT",1,0,0,1,"9:19","V",47.5,NA,"20","Shrub","","",NA,NA,NA,NA
"101",2016,"Kougarok","K4",1,"2016-05-16","Michael Henderson",NA,"WIPT",1,0,0,1,"9:23","A",48,NA,"33","Tundra","","",NA,NA,NA,NA
"102",2016,"Kougarok","K4",1,"2016-05-16","Michael Henderson",NA,"WIPT",0,0,1,1,"9:27","A",48.5,NA,"U","Shrub","","",NA,NA,NA,NA
"103",2016,"Kougarok","K4",1,"2016-05-16","Michael Henderson",NA,"ROPT",1,0,0,1,"9:29","V",48.5,NA,"408","Bare ground","","Perched on top of an outcrop",NA,NA,NA,NA
"104",2016,"Kougarok","K4",1,"2016-05-16","Michael Henderson",NA,"WIPT",1,0,0,1,"9:31","V",48.5,NA,"10","Shrub","","Flew across road",NA,NA,NA,NA
"105",2016,"Kougarok","K4",1,"2016-05-16","Michael Henderson",NA,"ROPT",1,0,0,1,"9:35","V",49,NA,"294","Bare ground","","Perched on top of an outcrop",NA,NA,NA,NA
"106",2016,"Kougarok","K4",1,"2016-05-16","Michael Henderson",NA,"AGSQ",0,0,1,1,"9:39","V",49,NA,"20","Tundra","","",NA,NA,NA,NA
"107",2016,"Kougarok","K4",1,"2016-05-16","Michael Henderson",NA,"GOPL",0,0,2,2,"9:42","V",49,NA,"55","Tundra","","Pacific Golden Plover",NA,NA,NA,NA
"108",2016,"Kougarok","K4",1,"2016-05-16","Michael Henderson",NA,"GOPL",0,0,1,1,"9:46","V",49.5,NA,"35","Tundra","","Pacific Golden Plover",NA,NA,NA,NA
"109",2016,"Kougarok","K5",1,"2016-05-15","Devin Johnson",NA,"WIPT",1,0,0,1,"8:20","V",55,NA,"10","Shrub","","Flushed across road, landed in shrub",NA,NA,NA,NA
"110",2016,"Kougarok","K5",1,"2016-05-15","Devin Johnson",NA,"WIPT",1,0,0,1,"8:29","V",56,NA,"145","Tundra","","Sitting on tundra",NA,NA,NA,NA
"111",2016,"Kougarok","K5",1,"2016-05-15","Devin Johnson",NA,"WIPT",1,0,0,1,"9:00","V",62,NA,"500","Tundra","","Sitting on tundra far from road, estimated distance ",NA,NA,NA,NA
"112",2016,"Kougarok","K6",1,"2016-05-15","Devin Johnson",NA,"WIPT",1,0,0,1,"9:38","V",66.5,NA,"17","Tundra","","Eating willow and walking",NA,NA,NA,NA
"113",2016,"Kougarok","K6",1,"2016-05-15","Devin Johnson",NA,"WIPT",1,0,0,1,"10:15","V",71,NA,"400","Shrub","","Walking through willows",NA,NA,NA,NA
"114",2016,"Kougarok","K7",1,"2016-05-15","Devin Johnson",NA,"ROPT",0,0,1,1,"10:37","V",74,NA,"250","Tundra","","Sitting",NA,NA,NA,NA
"115",2016,"Kougarok","K7",1,"2016-05-15","Devin Johnson",NA,"WIPT",0,0,1,1,"11:19","V",81.5,NA,"78","Shrub","","Sitting",NA,NA,NA,NA
"116",2016,"Kougarok","K7",1,"2016-05-15","Devin Johnson",NA,"WIPT",0,0,1,1,"11:26","V",82.5,NA,"230","Tundra","","Standing",NA,NA,NA,NA
"117",2016,"Kougarok","K7",1,"2016-05-15","Devin Johnson",NA,"ROPT",0,0,1,1,"11:33","V",83,NA,"155","Shrub","","Walking/Flying",NA,NA,NA,NA
"118",2016,"Kougarok","K8",1,"2016-05-15","Devin Johnson",NA,"WIPT",1,0,0,1,"11:49","V",84,NA,"500","Tundra","","Sitting on tundra far from road, estimated distance",NA,NA,NA,NA
"119",2016,"Teller","T1",2,"2016-06-01","Michael Henderson",NA,"WIPT",1,0,0,1,"10:03","V",18,NA,"22","Shrub","","",NA,NA,NA,NA
"120",2016,"Teller","T1",2,"2016-06-01","Michael Henderson",NA,"AGSQ",0,0,1,1,"10:08","V",17,NA,"0","Road","","",NA,NA,NA,NA
"121",2016,"Teller","T2",2,"2016-06-01","Michael Henderson",NA,"LTJA",0,0,1,1,"9:22","V",27,NA,"115","Shrub","","never landed, long-tailed",NA,NA,NA,NA
"122",2016,"Teller","T2",2,"2016-06-01","Michael Henderson",NA,"WIPT",1,0,0,1,"9:24","V",27,NA,"0","Road","","",NA,NA,NA,NA
"123",2016,"Teller","T2",2,"2016-06-01","Michael Henderson",NA,"LTJA",0,0,1,1,"9:26","V",26,NA,"200","Shrub","","Hovering",NA,NA,NA,NA
"124",2016,"Teller","T2",2,"2016-06-01","Michael Henderson",NA,"WIPT",1,0,0,1,"9:28","V",26,NA,"5","Shrub","","",NA,NA,NA,NA
"125",2016,"Teller","T2",2,"2016-06-01","Michael Henderson",NA,"WIPT",1,0,0,1,"9:30","V",26,NA,"0","Road","","",NA,NA,NA,NA
"126",2016,"Teller","T2",2,"2016-06-01","Michael Henderson",NA,"WIPT",0,1,0,1,"9:37","V",23,NA,"0","Road","","",NA,NA,NA,NA
"127",2016,"Teller","T3",2,"2016-05-31","Michael Henderson",NA,"LTJA",0,0,1,1,"9:53","V",38,NA,"20","Tundra","","Hovering",NA,NA,NA,NA
"128",2016,"Teller","T3",2,"2016-05-31","Michael Henderson",NA,"LTJA",0,0,1,1,"10:06","V",34,NA,"20","Tundra","","Never landed",NA,NA,NA,NA
"129",2016,"Teller","T4",2,"2016-05-31","Michael Henderson",NA,"LTJA",0,0,1,1,"9:13","V",48,NA,"23","Tundra","","",NA,NA,NA,NA
"130",2016,"Teller","T4",2,"2016-05-31","Michael Henderson",NA,"LTJA",0,0,1,1,"9:14","V",48,NA,"143","Tundra","","",NA,NA,NA,NA
"131",2016,"Teller","T4",2,"2016-05-31","Michael Henderson",NA,"WIPT",1,0,0,1,"9:18","V",47,NA,"0","Road","","",NA,NA,NA,NA
"132",2016,"Teller","T4",2,"2016-05-31","Michael Henderson",NA,"LTJA",0,0,1,1,"9:19","V",47,NA,"50","Tundra","","",NA,NA,NA,NA
"133",2016,"Teller","T4",2,"2016-05-31","Michael Henderson",NA,"WIPT",1,0,0,1,"9:20","V",47,NA,"25","Tundra","","",NA,NA,NA,NA
"134",2016,"Teller","T4",2,"2016-05-31","Michael Henderson",NA,"LTJA",0,0,1,1,"9:21","V",47,NA,"181","Water","","",NA,NA,NA,NA
"135",2016,"Teller","T4",2,"2016-05-31","Michael Henderson",NA,"WIPT",1,0,0,1,"9:25","V",46,NA,"0","Tundra","","Flew across road",NA,NA,NA,NA
"136",2016,"Teller","T4",2,"2016-05-31","Michael Henderson",NA,"AGSQ",0,0,1,1,"9:40","V",41,NA,"0","Road","","",NA,NA,NA,NA
"137",2016,"Teller","T5",2,"2016-05-31","Michael Henderson",NA,"ROPT",1,0,0,1,"8:32","V",57,NA,"100","Tundra","","",NA,NA,NA,NA
"138",2016,"Teller","T5",2,"2016-05-31","Michael Henderson",NA,"ROPT",1,0,0,1,"8:35","V",56,NA,"160","Tundra","","",NA,NA,NA,NA
"139",2016,"Teller","T5",2,"2016-05-31","Michael Henderson",NA,"WIPT",1,0,0,1,"8:50","V",52,NA,"0","Road","","",NA,NA,NA,NA
"140",2016,"Teller","T5",2,"2016-05-31","Michael Henderson",NA,"WIPT",1,0,0,1,"8:53","V",51,NA,"0","Road","","",NA,NA,NA,NA
"141",2016,"Teller","T5",2,"2016-05-31","Michael Henderson",NA,"WIPT",0,1,0,1,"8:53","V",51,NA,"0","Road","","",NA,NA,NA,NA
"142",2016,"Teller","T5",2,"2016-05-31","Michael Henderson",NA,"WIPT",1,0,0,1,"8:55","V",51,NA,"0","Road","","",NA,NA,NA,NA
"143",2016,"Teller","T5",2,"2016-05-31","Michael Henderson",NA,"WIPT",1,0,0,1,"8:59","V",50,NA,"0","Road","","",NA,NA,NA,NA
"144",2016,"Teller","T5",2,"2016-05-31","Michael Henderson",NA,"WIPT",1,0,0,1,"9:00","V",50,NA,"0","Road","","",NA,NA,NA,NA
"145",2016,"Teller","T5",2,"2016-05-31","Michael Henderson",NA,"WIPT",1,0,0,1,"9:01","V",50,NA,"0","Road","","",NA,NA,NA,NA
"146",2016,"Teller","T5",2,"2016-05-31","Michael Henderson",NA,"WIPT",1,0,0,1,"9:05","V",49,NA,"0","Road","","Plumage still very white",NA,NA,NA,NA
"147",2016,"Teller","T6",2,"2016-05-31","Devin Johnson",NA,"WIPT",1,0,0,1,"7:33","V",67,NA,"0","Road","","",NA,NA,NA,NA
"148",2016,"Teller","T6",2,"2016-05-31","Devin Johnson",NA,"LTJA",0,0,1,1,"7:38","V",67,NA,"100","Tundra","","Flushed",NA,NA,NA,NA
"149",2016,"Teller","T6",2,"2016-05-31","Devin Johnson",NA,"WIPT",1,0,0,1,"7:39","V",66,NA,"140","Tundra","","",NA,NA,NA,NA
"150",2016,"Teller","T6",2,"2016-05-31","Devin Johnson",NA,"LTJA",0,0,1,1,"7:45","V",64,NA,"312","U","","Didn't land",NA,NA,NA,NA
"151",2016,"Teller","T6",2,"2016-05-31","Devin Johnson",NA,"WIPT",1,0,0,1,"7:52","V",62,NA,"90","Tundra","","",NA,NA,NA,NA
"152",2016,"Teller","T6",2,"2016-05-31","Devin Johnson",NA,"ROPT",1,0,0,1,"7:53","V",62,NA,"250","U","","Flew by",NA,NA,NA,NA
"153",2016,"Teller","T6",2,"2016-05-31","Devin Johnson",NA,"WIPT",1,0,0,1,"7:56","V",61,NA,"37","Tundra","","Perched",NA,NA,NA,NA
"154",2016,"Teller","T6",2,"2016-05-31","Devin Johnson",NA,"WIPT",1,0,0,1,"7:59","V",61,NA,"0","Road","","Flushed",NA,NA,NA,NA
"155",2016,"Kougarok","K1",2,"2016-05-29","Devin Johnson",NA,"WIPT",1,0,0,1,"9:39","V",19,NA,"20","Shrub","","",NA,NA,NA,NA
"156",2016,"Kougarok","K2",2,"2016-05-29","Devin Johnson",NA,"LTJA",0,0,1,1,"8:41","V",33,NA,"200","Tundra","","Sitting",NA,NA,NA,NA
"157",2016,"Kougarok","K2",2,"2016-05-29","Devin Johnson",NA,"LTJA",0,0,1,1,"8:47","V",31,NA,"100","Tundra","","Sitting",NA,NA,NA,NA
"158",2016,"Kougarok","K2",2,"2016-05-29","Devin Johnson",NA,"LTJA",0,0,1,1,"8:48","V",31,NA,"50","Tundra","","Hovered, landed, took off and hovered again",NA,NA,NA,NA
"159",2016,"Kougarok","K2",2,"2016-05-29","Devin Johnson",NA,"WIPT",1,0,0,1,"8:52","V",31,NA,"262","Shrub","","Perched on willow",NA,NA,NA,NA
"160",2016,"Kougarok","K2",2,"2016-05-29","Devin Johnson",NA,"AGSQ",0,0,2,2,"9:05","V",28,NA,"0","Road","","Scampered off road into willows",NA,NA,NA,NA
"161",2016,"Kougarok","K2",2,"2016-05-29","Devin Johnson",NA,"AGSQ",0,0,1,1,"9:06","V",28,NA,"0","Road","","",NA,NA,NA,NA
"162",2016,"Kougarok","K2",2,"2016-05-29","Devin Johnson",NA,"WIPT",1,0,0,1,"9:09","V",27,NA,"326","Tundra","","",NA,NA,NA,NA
"163",2016,"Kougarok","K3",2,"2016-05-30","Devin Johnson",NA,"LTJA",0,0,1,1,"9:54","V",42,NA,"170","Bare ground","","Perched on hilltop",NA,NA,NA,NA
"164",2016,"Kougarok","K3",2,"2016-05-30","Devin Johnson",NA,"AGSQ",0,0,1,1,"10:23","V",37,NA,"32","Tundra","","",NA,NA,NA,NA
"165",2016,"Kougarok","K4",2,"2016-05-30","Devin Johnson",NA,"WIPT",1,1,0,2,"9:32","V",46.5,NA,"0","Road","","Full summer plumage",NA,NA,NA,NA
"166",2016,"Kougarok","K4",2,"2016-05-30","Devin Johnson",NA,"WIPT",1,0,0,1,"9:35","V",46,NA,"26","Tundra","","",NA,NA,NA,NA
"167",2016,"Kougarok","K4",2,"2016-05-30","Devin Johnson",NA,"WIPT",1,1,0,2,"9:41","V",45,NA,"0","Road","","Walked into willows",NA,NA,NA,NA
"168",2016,"Kougarok","K4",2,"2016-05-30","Devin Johnson",NA,"LTJA",0,0,1,1,"9:46","V",43.5,NA,"123","Bare ground","","Perched on hilltop",NA,NA,NA,NA
"169",2016,"Kougarok","K5",2,"2016-05-30","Michael Henderson",NA,"LTJA",0,0,1,1,"8:46","V",54.5,NA,"100","U","","Never landed",NA,NA,NA,NA
"170",2016,"Kougarok","K5",2,"2016-05-30","Michael Henderson",NA,"LTJA",0,0,1,1,"8:59","V",54,NA,"150","U","","Never landed",NA,NA,NA,NA
"171",2016,"Kougarok","K5",2,"2016-05-30","Michael Henderson",NA,"WIPT",1,0,0,1,"9:01","V",52,NA,"80","Tundra","","",NA,NA,NA,NA
"172",2016,"Kougarok","K6",2,"2016-05-28","Michael Henderson",NA,"WIPT",1,0,0,1,"10:35","V",73,NA,"0","Road","","",NA,NA,NA,NA
"173",2016,"Kougarok","K6",2,"2016-05-28","Michael Henderson",NA,"WHIM",0,0,1,1,"10:51","V",70,NA,"35","Tundra","","Whimbrel",NA,NA,NA,NA
"174",2016,"Kougarok","K7",2,"2016-05-28","Michael Henderson",NA,"PAJA",0,0,2,2,"9:49","V",83,NA,"175","Tundra","","Parasitic, sitting with other jaeger",NA,NA,NA,NA
"175",2016,"Kougarok","K7",2,"2016-05-28","Michael Henderson",NA,"WIPT",1,0,0,1,"10:07","V",78,NA,"20","Tundra","","",NA,NA,NA,NA
"176",2016,"Kougarok","K7",2,"2016-05-28","Michael Henderson",NA,"LTJA",0,0,1,1,"10:11","V",77,NA,"222","Tundra","","Perched",NA,NA,NA,NA
"177",2016,"Kougarok","K7",2,"2016-05-28","Michael Henderson",NA,"WIPT",1,0,0,1,"10:12","V",77,NA,"107","Tundra","","Molting into summer plumage, behavior seems more cryptic",NA,NA,NA,NA
"178",2016,"Council","C2",2,"2016-06-02","Michael Henderson",NA,"WIPT",1,0,0,1,"8:59","V",52,NA,"321","Shrub","","",NA,NA,NA,NA
"179",2016,"Council","C2",2,"2016-06-02","Michael Henderson",NA,"LTJA",0,0,1,1,"9:09","V",47,NA,"100","Tundra","","",NA,NA,NA,NA
"180",2016,"Council","C1",2,"2016-06-02","Michael Henderson",NA,"WIPT",1,0,0,1,"9:26","V",43,NA,"0","Road","","",NA,NA,NA,NA
"181",2016,"Council","C1",2,"2016-06-02","Michael Henderson",NA,"LTJA",0,0,1,1,"9:29","V",42,NA,"20","Tundra","","",NA,NA,NA,NA
"182",2016,"Council","C1",2,"2016-06-02","Michael Henderson",NA,"GOPL",0,0,1,1,"9:50","V",35,NA,"0","Road","","",NA,NA,NA,NA
"183",2017,"Teller","T1",1,"2017-05-02","Devin Johnson","Adam Eichenwald","WIPT",1,0,0,1,"7:04","V",8,"180","343","Tundra","Sparse not broomed low","Perched","U",NA,NA,NA
"184",2017,"Teller","T1",1,"2017-05-02","Devin Johnson","Adam Eichenwald","WIPT",1,0,0,1,"7:04","V",8,"180","330","Shrub","Thick not broomed High","Flew","U",NA,NA,NA
"185",2017,"Teller","T1",1,"2017-05-02","Devin Johnson","Adam Eichenwald","WIPT",1,1,0,2,"7:13","V",9,"180","191","Bare ground","Sparse not broomed high","Perched","U",NA,NA,NA
"186",2017,"Teller","T1",1,"2017-05-02","Devin Johnson","Adam Eichenwald","WIPT",1,1,0,2,"7:24","V",10,"180","237","Shrub","Sparse not broomed high","Coat turning brown","U",NA,NA,NA
"187",2017,"Teller","T1",1,"2017-05-02","Devin Johnson","Adam Eichenwald","WIPT",2,0,0,2,"7:24","V",10,"180","600","Tundra","Tundra","all together","U",NA,NA,NA
"188",2017,"Teller","T1",1,"2017-05-02","Devin Johnson","Adam Eichenwald","WIPT",1,1,0,2,"7:26","V",10,"180","400","Shrub","Tundra","Perched, all together","U",NA,NA,NA
"189",2017,"Teller","T1",1,"2017-05-02","Devin Johnson","Adam Eichenwald","WIPT",1,1,0,2,"7:33","V",11,"180","450","Tundra","Tundra","all together","U",NA,NA,NA
"190",2017,"Teller","T1",1,"2017-05-02","Devin Johnson","Adam Eichenwald","WIPT",1,1,0,2,"7:35","V",11,"180","500","Tundra","Tundra (Near broomed low thick)","Pair","U",NA,NA,NA
"191",2017,"Teller","T1",1,"2017-05-02","Devin Johnson","Adam Eichenwald","WIPT",1,1,0,2,"7:35","V",11,"180","525","Tundra","Tundra","Perched, group","U",NA,NA,NA
"192",2017,"Teller","T1",1,"2017-05-02","Devin Johnson","Adam Eichenwald","WIPT",1,1,0,2,"7:42","V",11,"180","112","Shrub","Thick low unkn","Perched","U",NA,NA,NA
"193",2017,"Teller","T1",1,"2017-05-02","Devin Johnson","Adam Eichenwald","WIPT",1,1,0,2,"7:45","V",11,"0","66","Snow","Thick broomed low","Pair","U",NA,NA,NA
"194",2017,"Teller","T1",1,"2017-05-02","Devin Johnson","Adam Eichenwald","WIPT",1,1,0,2,"7:46","V",11,"0","156","Tundra","Tundra","Pair","U",NA,NA,NA
"195",2017,"Teller","T1",1,"2017-05-02","Devin Johnson","Adam Eichenwald","WIPT",4,2,0,6,"7:51","V",11,"180","149","Tundra","Tundra (near thick broomed tall)","Group","U",NA,NA,NA
"196",2017,"Teller","T1",1,"2017-05-02","Devin Johnson","Adam Eichenwald","WIPT",1,0,0,1,"7:56","V",12,"0","48","Tundra","Tundra (near thick broomed low)","","U",NA,NA,NA
"197",2017,"Teller","T1",1,"2017-05-02","Devin Johnson","Adam Eichenwald","WIPT",1,0,0,1,"7:57","V",12,"180","450","Tundra","Tundra","Flying, landed","U",NA,NA,NA
"198",2017,"Teller","T1",1,"2017-05-02","Devin Johnson","Adam Eichenwald","WIPT",1,0,0,1,"8:00","V",12,"0","65","Shrub","Thick broomed high","Perched","U",NA,NA,NA
"199",2017,"Teller","T1",1,"2017-05-02","Devin Johnson","Adam Eichenwald","WIPT",1,0,0,1,"8:00","V",12,"0","170","Shrub","Thick broomed low","Perched","U",NA,NA,NA
"200",2017,"Teller","T1",1,"2017-05-02","Devin Johnson","Adam Eichenwald","WIPT",1,1,0,2,"8:00","V",12,"180","220","Tundra","Sparse broomed low","Pair, flying","U",NA,NA,NA
"201",2017,"Teller","T1",1,"2017-05-02","Devin Johnson","Adam Eichenwald","WIPT",1,0,0,1,"8:08","V",12,"180","400","Tundra","Tundra","Flush","U",NA,NA,NA
"202",2017,"Teller","T1",1,"2017-05-02","Devin Johnson","Adam Eichenwald","WIPT",1,1,0,2,"8:11","V",12,"180","297","Tundra","Tundra","Pair","U",NA,NA,NA
"203",2017,"Teller","T1",1,"2017-05-02","Devin Johnson","Adam Eichenwald","WIPT",1,0,0,1,"8:22","V",14,"0","26","Snow","Sparse broomed ","","U",NA,NA,NA
"204",2017,"Teller","T1",1,"2017-05-02","Devin Johnson","Adam Eichenwald","WIPT",1,1,0,2,"8:25","V",15,"180","400","Tundra","Tundra","Pair","U",NA,NA,NA
"205",2017,"Teller","T1",1,"2017-05-02","Devin Johnson","Adam Eichenwald","WIPT",1,0,0,1,"8:25","V",15,"0","0","Shrub","Sparse low broomed","Flew across road, browsing","U",NA,NA,NA
"206",2017,"Teller","T1",1,"2017-05-02","Devin Johnson","Adam Eichenwald","WIPT",1,0,0,1,"8:38","V",17,"180","40","Snow","Sparse low broomed/not broomed","Flying, landed","U",NA,NA,NA
"207",2017,"Teller","T1",1,"2017-05-02","Devin Johnson","Adam Eichenwald","WIPT",1,0,0,1,"8:41","V",17,"180","39","Snow","Sparse, low broomed","Perched","U",NA,NA,NA
"208",2017,"Teller","T1",1,"2017-05-02","Devin Johnson","Adam Eichenwald","WIPT",1,0,0,1,"8:44","V",17,"180","28","Snow","Sparse, not broomed low","Perched","U",NA,NA,NA
"209",2017,"Teller","T2",1,"2017-05-02","Devin Johnson","Adam Eichenwald","WIPT",1,0,0,1,"8:51","V",18,"180","106","Shrub","Sparse low broomed","","U",NA,NA,NA
"210",2017,"Teller","T2",1,"2017-05-02","Devin Johnson","Adam Eichenwald","WIPT",1,1,0,2,"8:57","V",19,"180","70","Tundra","Sparce not broomed low","Perched, pair","U",NA,NA,NA
"211",2017,"Teller","T2",1,"2017-05-02","Devin Johnson","Adam Eichenwald","WIPT",1,0,0,1,"9:09","V",22,"180","201","Tundra","Tundra","","U",NA,NA,NA
"212",2017,"Teller","T2",1,"2017-05-02","Devin Johnson","Adam Eichenwald","WIPT",1,0,0,1,"9:13","V",23,"0","132","Shrub","Low sparse unk","Perched","U",NA,NA,NA
"213",2017,"Teller","T2",1,"2017-05-02","Devin Johnson","Adam Eichenwald","WIPT",1,0,0,1,"9:15","V",23,"0","160","Tundra","Tundra","Perched","U",NA,NA,NA
"214",2017,"Teller","T2",1,"2017-05-02","Devin Johnson","Adam Eichenwald","WIPT",1,0,0,1,"9:17","V",23,"180","47","Tundra","Tundra","Perched","U",NA,NA,NA
"215",2017,"Teller","T2",1,"2017-05-02","Devin Johnson","Adam Eichenwald","WIPT",1,0,0,1,"9:22","V",24,"180","350","Snow","Tundra","Flying","U",NA,NA,NA
"216",2017,"Teller","T2",1,"2017-05-02","Devin Johnson","Adam Eichenwald","WIPT",1,1,0,2,"9:29","V",27,"180","11","Tundra","Sparse low not broomed","Pair","U",NA,NA,NA
"217",2017,"Teller","T2",1,"2017-05-02","Devin Johnson","Adam Eichenwald","WIPT",1,1,0,2,"9:29","V",27,"0","28","Tundra","Tundra","","U",NA,NA,NA
"218",2017,"Teller","T2",1,"2017-05-02","Devin Johnson","Adam Eichenwald","WIPT",1,0,0,1,"9:32","V",27,"0","50","Tundra","Tundra","","U",NA,NA,NA
"219",2017,"Teller","T2",1,"2017-05-02","Devin Johnson","Adam Eichenwald","WIPT",1,1,0,2,"9:35","V",28,"0","0","Road","Sparse low not broomed","","U",NA,NA,NA
"220",2017,"Teller","T2",1,"2017-05-02","Devin Johnson","Adam Eichenwald","WIPT",1,0,0,1,"9:37","V",28,"180","165","Shrub","Tundra","","U",NA,NA,NA
"221",2017,"Teller","T2",1,"2017-05-02","Devin Johnson","Adam Eichenwald","WIPT",1,0,0,1,"9:39","V",28,"180","139","Snow","Tundra","","U",NA,NA,NA
"222",2017,"Teller","T2",1,"2017-05-02","Devin Johnson","Adam Eichenwald","WIPT",1,0,0,1,"9:40","V",28,"180","94","Snow","Sparse low not broomed","","U",NA,NA,NA
"223",2017,"Teller","T2",1,"2017-05-02","Devin Johnson","Adam Eichenwald","WIPT",1,0,0,1,"9:43","V",28,"180","47","Tundra","Tundra","","U",NA,NA,NA
"224",2017,"Teller","T2",1,"2017-05-02","Devin Johnson","Adam Eichenwald","WIPT",1,0,0,1,"9:44","V",28,"180","40","Tundra","Tundra","","U",NA,NA,NA
"225",2017,"Teller","T3",1,"2017-05-03","Devin Johnson","Adam Eichenwald","WIPT",1,0,0,1,"6:59","V",28,"0","U","Snow","Sparse low broomed","","U",NA,NA,NA
"226",2017,"Teller","T3",1,"2017-05-03","Devin Johnson","Adam Eichenwald","WIPT",1,1,0,2,"7:04","V",29,"180","U","Snow","Tundra (near sparse low broomed) ","","U",NA,NA,NA
"227",2017,"Teller","T3",1,"2017-05-03","Devin Johnson","Adam Eichenwald","WIPT",1,0,0,1,"7:04","V",29,"180","U","Snow","Tundra (near sparse low broomed) ","","U",NA,NA,NA
"228",2017,"Teller","T3",1,"2017-05-03","Devin Johnson","Adam Eichenwald","WIPT",1,1,0,2,"7:07","V",29,"0","U","Tundra","Tundra (near sparse low broomed) ","","U",NA,NA,NA
"229",2017,"Teller","T3",1,"2017-05-03","Devin Johnson","Adam Eichenwald","WIPT",1,0,0,1,"7:09","V",29,"0","U","Tundra","Tundra","","U",NA,NA,NA
"230",2017,"Teller","T3",1,"2017-05-03","Devin Johnson","Adam Eichenwald","WIPT",1,1,0,2,"7:11","V",29,"0","U","Tundra","Tundra","","U",NA,NA,NA
"231",2017,"Teller","T3",1,"2017-05-03","Devin Johnson","Adam Eichenwald","WIPT",1,0,0,1,"7:13","V",29,"180","U","Tundra","Tundra","","U",NA,NA,NA
"232",2017,"Teller","T3",1,"2017-05-03","Devin Johnson","Adam Eichenwald","WIPT",1,0,0,1,"7:14","V",29,"180","U","Snow","Tundra","","U",NA,NA,NA
"233",2017,"Teller","T3",1,"2017-05-03","Devin Johnson","Adam Eichenwald","WIPT",1,0,0,1,"7:16","V",29,"180","U","Flying","Tundra","","U",NA,NA,NA
"234",2017,"Teller","T3",1,"2017-05-03","Devin Johnson","Adam Eichenwald","WIPT",1,0,0,1,"7:16","V",29,"0","U","Snow","Tundra","","U",NA,NA,NA
"235",2017,"Teller","T3",1,"2017-05-03","Devin Johnson","Adam Eichenwald","WIPT",1,0,0,1,"7:31","V",32,"180","U","Tundra","Tundra","","U",NA,NA,NA
"236",2017,"Teller","T3",1,"2017-05-03","Devin Johnson","Adam Eichenwald","ROPT",1,1,0,2,"7:50","V",37,"0","U","Bare ground","Tundra","","U",NA,NA,NA
"237",2017,"Teller","T4",1,"2017-05-03","Devin Johnson","Adam Eichenwald","ROPT",1,1,0,2,"8:01","V",39,"0","395","Bare ground","Tundra","Pair","U",NA,NA,NA
"238",2017,"Teller","T4",1,"2017-05-03","Devin Johnson","Adam Eichenwald","ROPT",1,0,0,1,"8:06","V",40,"0","47","Tundra","Tundra","","U",NA,NA,NA
"239",2017,"Teller","T4",1,"2017-05-03","Devin Johnson","Adam Eichenwald","ROPT",1,1,0,2,"8:09","V",41,"180","144","Tundra","Tundra","Pair","U",NA,NA,NA
"240",2017,"Teller","T4",1,"2017-05-03","Devin Johnson","Adam Eichenwald","ROPT",1,0,0,1,"8:13","V",41,"0","383","Tundra","Tundra","","U",NA,NA,NA
"241",2017,"Teller","T4",1,"2017-05-03","Devin Johnson","Adam Eichenwald","WIPT",1,0,0,1,"8:17","V",41,"180","18","Tundra","Tundra","","U",NA,NA,NA
"242",2017,"Teller","T4",1,"2017-05-03","Devin Johnson","Adam Eichenwald","ROPT",1,1,0,2,"8:19","V",41,"0","88","Tundra","Tundra","Pair","U",NA,NA,NA
"243",2017,"Teller","T4",1,"2017-05-03","Devin Johnson","Adam Eichenwald","WIPT",1,0,0,1,"8:21","V",42,"180","218","Tundra","Tundra","Flushed","U",NA,NA,NA
"244",2017,"Teller","T4",1,"2017-05-03","Devin Johnson","Adam Eichenwald","WIPT",0,0,25,25,"8:30","V",43,"180","250","Tundra","Tundra (Near sparse broomed low/high)","Large group mixed M/F, foraging","U",NA,NA,NA
"245",2017,"Teller","T4",1,"2017-05-03","Devin Johnson","Adam Eichenwald","WIPT",0,1,0,1,"8:35","V",43,"180","37","Tundra","Tundra","","U",NA,NA,NA
"246",2017,"Teller","T4",1,"2017-05-03","Devin Johnson","Adam Eichenwald","ROPT",1,0,0,1,"8:40","V",44,"0","5","Tundra","Tundra","Flew overhead","U",NA,NA,NA
"247",2017,"Teller","T4",1,"2017-05-03","Devin Johnson","Adam Eichenwald","ROPT",1,0,0,1,"8:42","V",44,"180","42","Tundra","Tundra","Perched","U",NA,NA,NA
"248",2017,"Teller","T4",1,"2017-05-03","Devin Johnson","Adam Eichenwald","ROPT",1,1,0,2,"8:43","V",45,"0","109","Flying","Tundra","Pair","U",NA,NA,NA
"249",2017,"Teller","T4",1,"2017-05-03","Devin Johnson","Adam Eichenwald","ROPT",1,1,0,2,"8:46","V",45,"180","137","Tundra","Tundra","Pair","U",NA,NA,NA
"250",2017,"Teller","T4",1,"2017-05-03","Devin Johnson","Adam Eichenwald","ROPT",1,0,0,1,"8:47","V",45,"180","175","Tundra","Tundra","","U",NA,NA,NA
"251",2017,"Teller","T4",1,"2017-05-03","Devin Johnson","Adam Eichenwald","ROPT",1,1,0,2,"8:57","V",46,"180","2","Tundra","Tundra","Pair","U",NA,NA,NA
"252",2017,"Teller","T4",1,"2017-05-03","Devin Johnson","Adam Eichenwald","ROPT",1,0,0,1,"8:59","V",48,"180","231","Tundra","Tundra","","U",NA,NA,NA
"253",2017,"Teller","T4",1,"2017-05-03","Devin Johnson","Adam Eichenwald","ROPT",0,1,0,1,"8:59","V",48,"180","234","Tundra","Tundra","","U",NA,NA,NA
"254",2017,"Teller","T5",1,"2017-05-03","Devin Johnson","Adam Eichenwald","WIPT",1,0,0,1,"9:07","V",49,"0","37","Shrub","Low broomed sparse","","U",NA,NA,NA
"255",2017,"Teller","T5",1,"2017-05-03","Devin Johnson","Adam Eichenwald","WIPT",1,0,0,1,"9:13","V",49,"180","0","Road","sparse low not broomed","Ran off road","U",NA,NA,NA
"256",2017,"Teller","T5",1,"2017-05-03","Devin Johnson","Adam Eichenwald","WIPT",1,0,0,1,"9:14","V",49,"180","0","Road","sparse low not broomed","Ran off road","U",NA,NA,NA
"257",2017,"Teller","T5",1,"2017-05-03","Devin Johnson","Adam Eichenwald","WIPT",1,0,0,1,"9:22","V",50,"180","310","Tundra","sparse low not broomed","Flew across road","U",NA,NA,NA
"258",2017,"Teller","T5",1,"2017-05-03","Devin Johnson","Adam Eichenwald","WIPT",1,0,0,1,"9:29","V",51,"0","25","Tundra","Tundra (near broomed low sparse)","","U",NA,NA,NA
"259",2017,"Teller","T5",1,"2017-05-03","Devin Johnson","Adam Eichenwald","WIPT",1,0,0,1,"9:29","V",51,"0","19","Tundra","Tundra (near broomed low sparse)","","U",NA,NA,NA
"260",2017,"Teller","T5",1,"2017-05-03","Devin Johnson","Adam Eichenwald","WIPT",0,0,7,7,"9:30","V",52,"0","350","Tundra","Tundra (near low sparse broomeding)","Large flock of browsers","U",NA,NA,NA
"261",2017,"Teller","T5",1,"2017-05-03","Devin Johnson","Adam Eichenwald","WIPT",1,0,0,1,"9:31","V",52,"0","15","Tundra","Low sparse unkn","","U",NA,NA,NA
"262",2017,"Teller","T5",1,"2017-05-03","Devin Johnson","Adam Eichenwald","WIPT",1,0,0,1,"9:37","V",53,"0","270","Shrub","Tundra (near low sparse broomed)","","U",NA,NA,NA
"263",2017,"Teller","T5",1,"2017-05-03","Devin Johnson","Adam Eichenwald","WIPT",0,0,1,1,"9:37","V",53,"0","270","Shrub","Tundra (near low sparse broomed)","Flushed off road","U",NA,NA,NA
"264",2017,"Teller","T5",1,"2017-05-03","Devin Johnson","Adam Eichenwald","WIPT",0,0,32,32,"9:37","V",53,"0","270","Shrub","Tundra (near low sparse broomed)","Flock","U",NA,NA,NA
"265",2017,"Teller","T5",1,"2017-05-03","Devin Johnson","Adam Eichenwald","WIPT",1,0,0,1,"9:40","V",54,"0","0","Road","High sparse not broomed","Flushed off road","U",NA,NA,NA
"266",2017,"Teller","T5",1,"2017-05-03","Devin Johnson","Adam Eichenwald","WIPT",1,0,0,1,"9:44","V",55,"180","0","Road","High sparse not broomed","","U",NA,NA,NA
"267",2017,"Teller","T5",1,"2017-05-03","Devin Johnson","Adam Eichenwald","WIPT",1,1,0,2,"9:45","V",55,"0","0","Road","Low sparse not broomed","Pair","U",NA,NA,NA
"268",2017,"Teller","T5",1,"2017-05-03","Devin Johnson","Adam Eichenwald","WIPT",0,0,1,1,"9:50","V",56,"180","400","Flying","Flying","","U",NA,NA,NA
"269",2017,"Teller","T5",1,"2017-05-03","Devin Johnson","Adam Eichenwald","WIPT",1,0,0,1,"9:52","V",56,"180","34","Tundra","Tundra","","U",NA,NA,NA
"270",2017,"Teller","T6",1,"2017-05-07","Devin Johnson","Michael Henderson","WIPT",1,0,0,1,"7:44","V",59,"0","300","Shrub","High sparse not broomed","","U",NA,NA,NA
"271",2017,"Teller","T6",1,"2017-05-07","Devin Johnson","Michael Henderson","SSHA",0,0,1,1,"7:44","V",59,"0","150","Shrub","","all white","U",NA,NA,NA
"272",2017,"Teller","T6",1,"2017-05-07","Devin Johnson","Michael Henderson","WIPT",1,1,0,2,"7:49","V",60,"0","35","Shrub","Low sparse broomed/not broomed","Pair","U",NA,NA,NA
"273",2017,"Teller","T6",1,"2017-05-07","Devin Johnson","Michael Henderson","WIPT",1,0,0,1,"7:49","V",60,"180","19","Shrub","Low sparse broomed/not broomed","","U",NA,NA,NA
"274",2017,"Teller","T6",1,"2017-05-07","Devin Johnson","Michael Henderson","WIPT",1,0,0,1,"7:52","V",61,"180","18","Tundra","Tundra","","U",NA,NA,NA
"275",2017,"Teller","T6",1,"2017-05-07","Devin Johnson","Michael Henderson","WIPT",1,0,0,1,"7:55","V",61,"180","43","Tundra","Near low sparse broomed","","U",NA,NA,NA
"276",2017,"Teller","T6",1,"2017-05-07","Devin Johnson","Michael Henderson","WIPT",1,1,0,2,"7:58","V",61,"0","22","Tundra","Near low sparse not broomed","Pair","U",NA,NA,NA
"277",2017,"Teller","T6",1,"2017-05-07","Devin Johnson","Michael Henderson","WIPT",1,0,0,1,"7:59","V",61,"180","114","Tundra","Near low sparse broomed","","U",NA,NA,NA
"278",2017,"Teller","T6",1,"2017-05-07","Devin Johnson","Michael Henderson","WIPT",1,0,0,1,"8:04","V",61,"0","105","Tundra","Snowy","","U",NA,NA,NA
"279",2017,"Teller","T6",1,"2017-05-07","Devin Johnson","Michael Henderson","WIPT",1,0,0,1,"8:05","V",62,"180","16","Tundra","Tundra","","U",NA,NA,NA
"280",2017,"Teller","T6",1,"2017-05-07","Devin Johnson","Michael Henderson","WIPT",1,0,0,1,"8:10","V",62,"180","120","Tundra","Tundra","","U",NA,NA,NA
"281",2017,"Teller","T6",1,"2017-05-07","Devin Johnson","Michael Henderson","WIPT",0,1,0,1,"8:11","V",63,"0","2","Tundra","Tundra","","U",NA,NA,NA
"282",2017,"Teller","T6",1,"2017-05-07","Devin Johnson","Michael Henderson","WIPT",1,0,0,1,"8:29","V",66,"180","18","Tundra","Tundra","","U",NA,NA,NA
"283",2017,"Council","C1",1,"2017-05-05","Devin Johnson","Adam Eichenwald","WIPT",1,1,0,2,"7:25","V",35,"90","91","Shrub","sparse, low not broomed","Pair","U",NA,NA,NA
"284",2017,"Council","C1",1,"2017-05-05","Devin Johnson","Adam Eichenwald","WIPT",1,0,0,1,"7:27","V",35,"90","21","Tundra","Sparse low not broomed (Isolated patch in tundra)","","U",NA,NA,NA
"285",2017,"Council","C1",1,"2017-05-05","Devin Johnson","Adam Eichenwald","WIPT",0,0,3,3,"7:43","V",36,"270","0","Flying"," sparse, tall not broomed","Flushed and flew as a group","U",NA,NA,NA
"286",2017,"Council","C1",1,"2017-05-05","Devin Johnson","Adam Eichenwald","WIPT",1,0,0,1,"7:51","V",38,"90","400","Shrub","Sparse high not broomed","Perched on willow","U",NA,NA,NA
"287",2017,"Kougarok","K1",1,"2017-05-01","Michael Henderson","Devin Johnson","WIPT",1,0,0,1,"6:49","V",13,"270","300","Shrub","N/A","Perched","U",NA,NA,NA
"288",2017,"Kougarok","K1",1,"2017-05-01","Michael Henderson","Devin Johnson","WIPT",0,0,1,1,"7:17","V",17,"90","336","Tundra","N/A","All white","U",NA,NA,NA
"289",2017,"Kougarok","K1",1,"2017-05-01","Michael Henderson","Devin Johnson","SSHA",0,0,1,1,"7:24","V",18,"270","10","Snow","N/A","Coat changing to dark on back","U",NA,NA,NA
"290",2017,"Kougarok","K2",1,"2017-05-01","Michael Henderson","Devin Johnson","WIPT",1,1,0,2,"8:26","V",27,"270","126","Tundra","N/A","Pair","U",NA,NA,NA
"291",2017,"Kougarok","K2",1,"2017-05-01","Michael Henderson","Devin Johnson","WIPT",4,0,0,4,"8:38","V",29,"270","72","Shrub","N/A","Together","U",NA,NA,NA
"292",2017,"Kougarok","K2",1,"2017-05-01","Michael Henderson","Devin Johnson","WIPT",1,0,0,1,"8:40","V",29.5,"270","78","Tundra","N/A","","U",NA,NA,NA
"293",2017,"Kougarok","K2",1,"2017-05-01","Michael Henderson","Devin Johnson","WIPT",1,0,0,1,"8:40","V",30,"270","37","Shrub","N/A","","U",NA,NA,NA
"294",2017,"Kougarok","K2",1,"2017-05-01","Michael Henderson","Devin Johnson","WIPT",1,0,0,1,"8:50","V",31,"270","60","Tundra","N/A","","U",NA,NA,NA
"295",2017,"Kougarok","K3",1,"2017-05-01","Michael Henderson","Devin Johnson","WIPT",1,1,0,2,"9:08","V",34,"0","0","Road","N/A","Pair","U",NA,NA,NA
"296",2017,"Kougarok","K3",1,"2017-05-01","Michael Henderson","Devin Johnson","WIPT",1,0,0,1,"9:20","V",36,"270","158","Shrub","N/A","","U",NA,NA,NA
"297",2017,"Kougarok","K3",1,"2017-05-01","Michael Henderson","Devin Johnson","ROPT",0,0,1,1,"9:29","V",37,"270","29","Shrub","N/A","","U",NA,NA,NA
"298",2017,"Kougarok","K3",1,"2017-05-01","Michael Henderson","Devin Johnson","WIPT",1,1,0,2,"9:44","V",39,"270","15","Tundra","N/A","Pair","U",NA,NA,NA
"299",2017,"Kougarok","K3",1,"2017-05-01","Michael Henderson","Devin Johnson","WIPT",1,0,0,1,"9:49","V",42,"90","30","Bare ground","Perched","","U",NA,NA,NA
"300",2017,"Kougarok","K4",1,"2017-05-04","Devin Johnson","Adam Eichenwald","WIPT",1,0,0,1,"7:01","V",47,"270","140","Shrub","Over low thick not broomed","","U",NA,NA,NA
"301",2017,"Kougarok","K4",1,"2017-05-04","Devin Johnson","Adam Eichenwald","WIPT",1,0,0,1,"7:01","V",47,"270","130","Shrub","Over low thick not broomed","","U",NA,NA,NA
"302",2017,"Kougarok","K4",1,"2017-05-04","Devin Johnson","Adam Eichenwald","ROPT",1,1,0,2,"7:16","V",50,"90","60","Tundra","Tundra","Pair","U",NA,NA,NA
"303",2017,"Kougarok","K6",1,"2017-05-12","Michael Henderson","Devin Johnson","WIPT",0,1,0,1,"6:33","V",66,"90","15","Shrub","Low sparse not broomed","","U",NA,NA,NA
"304",2017,"Kougarok","K7",1,"2017-05-12","Michael Henderson","Devin Johnson","WIPT",0,0,1,1,"7:05","V",73,"270","300","Flying","Flying over tundra","","U",NA,NA,NA
"305",2017,"Kougarok","K7",1,"2017-05-12","Michael Henderson","Devin Johnson","WIPT",0,0,2,2,"7:08","V",73,"90","320","Flying","Flying over tundra","Together","U",NA,NA,NA
"306",2017,"Kougarok","K7",1,"2017-05-12","Michael Henderson","Devin Johnson","WIPT",1,0,0,1,"7:21","V",76,NA,"0","Road","","","U",NA,NA,NA
"307",2017,"Kougarok","K7",1,"2017-05-12","Michael Henderson","Devin Johnson","WIPT",1,0,0,1,"7:22","A",76,"90","15","Snow","Tundra","Heard it before it was seen","U",NA,NA,NA
"308",2017,"Kougarok","K7",1,"2017-05-12","Michael Henderson","Devin Johnson","WIPT",1,0,0,1,"7:26","V",77,"90","1","Snow","Tundra (near sparse low not broomed)","","U",NA,NA,NA
"309",2017,"Kougarok","K7",1,"2017-05-12","Michael Henderson","Devin Johnson","WIPT",1,0,0,1,"7:27","V",77,"270","250","Tundra","","","U",NA,NA,NA
"310",2017,"Kougarok","K7",1,"2017-05-12","Michael Henderson","Devin Johnson","WIPT",1,0,0,1,"7:28","V",77,"90","10","Snow","Tundra (Near sparse low not broomed)","","U",NA,NA,NA
"311",2017,"Kougarok","K7",1,"2017-05-12","Michael Henderson","Devin Johnson","WIPT",1,0,0,1,"7:29","V",77,"90","10","Flying","","","U",NA,NA,NA
"312",2017,"Kougarok","K7",1,"2017-05-12","Michael Henderson","Devin Johnson","WIPT",0,0,1,1,"7:31","V",77,"270","200","Flying","","","U",NA,NA,NA
"313",2017,"Kougarok","K7",1,"2017-05-12","Michael Henderson","Devin Johnson","WIPT",1,0,0,1,"7:32","V",77,"270","5","Snow","Tundra","","U",NA,NA,NA
"314",2017,"Kougarok","K7",1,"2017-05-12","Michael Henderson","Devin Johnson","WIPT",1,1,0,2,"7:39","V",78.5,"270","15","Tundra","","Pair","U",NA,NA,NA
"315",2017,"Kougarok","K7",1,"2017-05-12","Michael Henderson","Devin Johnson","WIPT",1,0,0,1,"7:43","V",80,"90","53","Shrub","Low sparse not broomed, perched","","U",NA,NA,NA
"316",2017,"Kougarok","K7",1,"2017-05-12","Michael Henderson","Devin Johnson","WIPT",1,0,0,1,"7:47","V",80,"270","275","Tundra","","","U",NA,NA,NA
"317",2017,"Kougarok","K7",1,"2017-05-12","Michael Henderson","Devin Johnson","WIPT",1,0,0,1,"7:54","V",82,"270","170","Tundra","","","U",NA,NA,NA
"318",2017,"Kougarok","K8",1,"2017-05-12","Michael Henderson","Devin Johnson","WIPT",1,0,0,1,"8:05","V",83,"90","0","Road","Near tall thick not broomed","","U",NA,NA,NA
"319",2017,"Teller","T1",2,"2017-05-11","Michael Henderson","Adam Eichenwald","WIPT",1,0,0,1,"8:43","V",18,"180","73","Shrub","Low dense","","U",NA,NA,NA
"320",2017,"Teller","T1",2,"2017-05-11","Michael Henderson","Adam Eichenwald","WIPT",1,0,0,1,"8:47","V",17,"180","160","Tundra","Near low dense shrub","","U",NA,NA,NA
"321",2017,"Teller","T1",2,"2017-05-11","Michael Henderson","Adam Eichenwald","WIPT",1,0,0,1,"8:51","V",17,"0","28","Tundra","","","U",NA,NA,NA
"322",2017,"Teller","T1",2,"2017-05-11","Michael Henderson","Adam Eichenwald","WIPT",0,0,3,3,"8:58","V",16,"0","250","Flying","","Together","U",NA,NA,NA
"323",2017,"Teller","T1",2,"2017-05-11","Michael Henderson","Adam Eichenwald","WIPT",1,0,0,1,"9:06","V",15,"180","450","Tundra","","","U",NA,NA,NA
"324",2017,"Teller","T1",2,"2017-05-11","Michael Henderson","Adam Eichenwald","WIPT",1,0,0,1,"9:07","V",15,"180","140","Shrub","Low, thick broomed","","U",NA,NA,NA
"325",2017,"Teller","T1",2,"2017-05-11","Michael Henderson","Adam Eichenwald","WIPT",0,0,1,1,"9:12","V",15,"180","500","Shrub","","","U",NA,NA,NA
"326",2017,"Teller","T1",2,"2017-05-11","Michael Henderson","Adam Eichenwald","WIPT",1,0,0,1,"9:13","V",15,"180","88","Tundra","","","U",NA,NA,NA
"327",2017,"Teller","T1",2,"2017-05-11","Michael Henderson","Adam Eichenwald","WIPT",1,0,0,1,"9:20","V",14,"180","300","Tundra","","","U",NA,NA,NA
"328",2017,"Teller","T1",2,"2017-05-11","Michael Henderson","Adam Eichenwald","WIPT",1,0,0,1,"9:38","V",11,"180","500","Shrub","","","U",NA,NA,NA
"329",2017,"Teller","T1",2,"2017-05-11","Michael Henderson","Adam Eichenwald","WIPT",1,0,0,1,"9:38","V",11,"180","500","Shrub","","","U",NA,NA,NA
"330",2017,"Teller","T2",2,"2017-05-11","Michael Henderson","Devin Johnson","WIPT",1,0,0,1,"7:24","V",28,"270","121","Tundra","","","U",NA,NA,NA
"331",2017,"Teller","T2",2,"2017-05-11","Michael Henderson","Devin Johnson","WIPT",1,0,0,1,"7:24","V",28,"270","93","Tundra","","","U",NA,NA,NA
"332",2017,"Teller","T2",2,"2017-05-11","Michael Henderson","Devin Johnson","WIPT",1,0,0,1,"7:24","V",28,"270","93","Tundra","","","U",NA,NA,NA
"333",2017,"Teller","T2",2,"2017-05-11","Michael Henderson","Devin Johnson","WIPT",0,1,0,1,"7:24","V",28,"270","54","Tundra","","","U",NA,NA,NA
"334",2017,"Teller","T2",2,"2017-05-11","Michael Henderson","Devin Johnson","WIPT",0,1,0,1,"7:26","V",28,"U","110","Tundra","","","U",NA,NA,NA
"335",2017,"Teller","T2",2,"2017-05-11","Michael Henderson","Devin Johnson","WIPT",1,0,0,1,"7:27","V",28,"U","70","Flying","","","U",NA,NA,NA
"336",2017,"Teller","T2",2,"2017-05-11","Michael Henderson","Devin Johnson","WIPT",1,0,0,1,"7:27","V",28,"U","70","Flying","","","U",NA,NA,NA
"337",2017,"Teller","T2",2,"2017-05-11","Michael Henderson","Devin Johnson","WIPT",0,1,0,1,"7:27","V",28,"U","70","Flying","","","U",NA,NA,NA
"338",2017,"Teller","T2",2,"2017-05-11","Michael Henderson","Devin Johnson","WIPT",1,0,0,1,"7:29","V",28,"U","148","Tundra","","","U",NA,NA,NA
"339",2017,"Teller","T2",2,"2017-05-11","Michael Henderson","Devin Johnson","WIPT",1,0,0,1,"7:30","V",28,"U","300","Tundra","Low sparse broomed","","U",NA,NA,NA
"340",2017,"Teller","T2",2,"2017-05-11","Michael Henderson","Devin Johnson","WIPT",0,1,0,1,"7:30","V",28,"U","300","Tundra","Low sparse broomed","","U",NA,NA,NA
"341",2017,"Teller","T2",2,"2017-05-11","Michael Henderson","Devin Johnson","WIPT",1,1,0,2,"7:30","V",28,"90","81","Tundra","","","U",NA,NA,NA
"342",2017,"Teller","T2",2,"2017-05-11","Michael Henderson","Devin Johnson","WIPT",1,0,0,1,"7:30","V",28,"U","27","Tundra","","","U",NA,NA,NA
"343",2017,"Teller","T2",2,"2017-05-11","Michael Henderson","Devin Johnson","WIPT",1,1,0,2,"7:32","V",28,"U","10","Shrub","High thick broomed","","U",NA,NA,NA
"344",2017,"Teller","T2",2,"2017-05-11","Michael Henderson","Devin Johnson","WIPT",1,0,0,1,"7:34","V",28,"U","126","Tundra","","","U",NA,NA,NA
"345",2017,"Teller","T2",2,"2017-05-11","Michael Henderson","Devin Johnson","WIPT",0,1,0,1,"7:37","V",28,"U","85","Tundra","","","U",NA,NA,NA
"346",2017,"Teller","T2",2,"2017-05-11","Michael Henderson","Devin Johnson","WIPT",1,0,0,1,"7:40","V",28,"U","78","Tundra","","","U",NA,NA,NA
"347",2017,"Teller","T2",2,"2017-05-11","Michael Henderson","Devin Johnson","WIPT",1,0,0,1,"7:40","V",28,"90","250","Tundra","","","U",NA,NA,NA
"348",2017,"Teller","T2",2,"2017-05-11","Michael Henderson","Devin Johnson","WIPT",1,0,0,1,"7:42","V",28,"U","350","Tundra","","","U",NA,NA,NA
"349",2017,"Teller","T2",2,"2017-05-11","Michael Henderson","Devin Johnson","WIPT",1,0,0,1,"7:42","V",28,"U","350","Tundra","","","U",NA,NA,NA
"350",2017,"Teller","T2",2,"2017-05-11","Michael Henderson","Devin Johnson","WIPT",0,1,0,1,"7:42","V",28,"U","350","Tundra","","","U",NA,NA,NA
"351",2017,"Teller","T2",2,"2017-05-11","Michael Henderson","Devin Johnson","WIPT",1,0,0,1,"7:44","V",27.5,NA,"0","Shrub","Low thick broomed","","U",NA,NA,NA
"352",2017,"Teller","T2",2,"2017-05-11","Michael Henderson","Devin Johnson","WIPT",0,1,0,1,"7:44","V",27.5,"U","10","Shrub","Low thick broomed","","U",NA,NA,NA
"353",2017,"Teller","T2",2,"2017-05-11","Michael Henderson","Devin Johnson","WIPT",0,1,0,1,"7:46","V",27.5,"U","25","Tundra","","","U",NA,NA,NA
"354",2017,"Teller","T2",2,"2017-05-11","Michael Henderson","Devin Johnson","WIPT",0,1,0,1,"7:47","V",27.5,"U","150","Tundra","","","U",NA,NA,NA
"355",2017,"Teller","T2",2,"2017-05-11","Michael Henderson","Devin Johnson","WIPT",1,1,0,2,"7:47","V",27.5,"270","16","Tundra","","","U",NA,NA,NA
"356",2017,"Teller","T2",2,"2017-05-11","Michael Henderson","Devin Johnson","WIPT",1,0,0,1,"7:49","V",27,"270","97","Shrub","Low thick broomed","","U",NA,NA,NA
"357",2017,"Teller","T2",2,"2017-05-11","Michael Henderson","Devin Johnson","WIPT",1,0,0,1,"7:52","V",27,"270","350","Tundra","","","U",NA,NA,NA
"358",2017,"Teller","T2",2,"2017-05-11","Michael Henderson","Devin Johnson","WIPT",1,0,0,1,"7:52","V",27,"270","350","Tundra","","","U",NA,NA,NA
"359",2017,"Teller","T2",2,"2017-05-11","Michael Henderson","Devin Johnson","WIPT",0,0,1,1,"8:04","V",25,"180","98","Shrub","Thick tall UNK","","U",NA,NA,NA
"360",2017,"Teller","T2",2,"2017-05-11","Michael Henderson","Devin Johnson","WIPT",1,1,0,2,"8:06","V",25,"180","37","Tundra","","Pair","U",NA,NA,NA
"361",2017,"Teller","T2",2,"2017-05-11","Michael Henderson","Devin Johnson","WIPT",0,1,0,1,"8:07","V",25,"180","22","Tundra","","","U",NA,NA,NA
"362",2017,"Teller","T2",2,"2017-05-11","Michael Henderson","Devin Johnson","WIPT",0,0,1,1,"8:12","V",24,"180","30","Tundra","","","U",NA,NA,NA
"363",2017,"Teller","T2",2,"2017-05-11","Michael Henderson","Devin Johnson","WIPT",1,0,0,1,"8:12","V",24,"180","350","Tundra","","","U",NA,NA,NA
"364",2017,"Teller","T2",2,"2017-05-11","Michael Henderson","Devin Johnson","WIPT",1,0,0,1,"8:14","V",24,"180","350","Tundra","","","U",NA,NA,NA
"365",2017,"Teller","T2",2,"2017-05-11","Michael Henderson","Devin Johnson","WIPT",0,0,1,1,"8:15","V",24,"180","500","Flying","","","U",NA,NA,NA
"366",2017,"Teller","T2",2,"2017-05-11","Michael Henderson","Devin Johnson","WIPT",0,0,1,1,"8:15","V",24,"180","500","Flying","","","U",NA,NA,NA
"367",2017,"Teller","T2",2,"2017-05-11","Michael Henderson","Devin Johnson","WIPT",1,0,0,1,"8:16","V",23,"180","0","Road","","","U",NA,NA,NA
"368",2017,"Teller","T2",2,"2017-05-11","Michael Henderson","Devin Johnson","WIPT",1,0,0,1,"8:21","V",23,"180","0","Road","Tundra","","U",NA,NA,NA
"369",2017,"Teller","T2",2,"2017-05-11","Michael Henderson","Devin Johnson","WIPT",1,0,0,1,"8:28","V",21,"90","215","Tundra","","","U",NA,NA,NA
"370",2017,"Teller","T2",2,"2017-05-11","Michael Henderson","Devin Johnson","WIPT",1,1,0,2,"8:31","V",20,NA,"0","Road","","","U",NA,NA,NA
"371",2017,"Teller","T2",2,"2017-05-11","Michael Henderson","Devin Johnson","WIPT",1,0,0,1,"8:37","V",19,"90","13","Tundra","","","U",NA,NA,NA
"372",2017,"Teller","T3",2,"2017-05-08","Adam Eichenwald","Michael Henderson","ROPT",1,0,0,1,"8:25","V",37,"0","164","Tundra","","","U",NA,NA,NA
"373",2017,"Teller","T3",2,"2017-05-08","Adam Eichenwald","Michael Henderson","ROPT",1,0,0,1,"8:25","V",37,"0","184","Tundra","","","U",NA,NA,NA
"374",2017,"Teller","T3",2,"2017-05-08","Adam Eichenwald","Michael Henderson","WIPT",1,0,0,1,"8:43","V",36,"180","10","Tundra","","","U",NA,NA,NA
"375",2017,"Teller","T3",2,"2017-05-08","Adam Eichenwald","Michael Henderson","WIPT",1,0,0,1,"8:46","V",36,"0","37","Tundra","","","U",NA,NA,NA
"376",2017,"Teller","T3",2,"2017-05-08","Adam Eichenwald","Michael Henderson","WIPT",1,0,0,1,"8:57","V",35,"180","16","Tundra","","","U",NA,NA,NA
"377",2017,"Teller","T3",2,"2017-05-08","Adam Eichenwald","Michael Henderson","WIPT",1,0,0,1,"9:00","V",34,"180","17","Shrub","Low sparse not broomed","","U",NA,NA,NA
"378",2017,"Teller","T3",2,"2017-05-08","Adam Eichenwald","Michael Henderson","WIPT",1,0,0,1,"9:03","V",33,"180","250","Flying","","","U",NA,NA,NA
"379",2017,"Teller","T3",2,"2017-05-08","Adam Eichenwald","Michael Henderson","WIPT",1,0,0,1,"9:06","V",33,"180","16","Tundra","","","U",NA,NA,NA
"380",2017,"Teller","T3",2,"2017-05-08","Adam Eichenwald","Michael Henderson","WIPT",1,0,0,1,"9:07","V",33,"180","14","Tundra","Low thick not broomed (hidden)","","U",NA,NA,NA
"381",2017,"Teller","T3",2,"2017-05-08","Adam Eichenwald","Michael Henderson","WIPT",1,0,0,1,"9:15","V",32,"0","80","Tundra","","","U",NA,NA,NA
"382",2017,"Teller","T3",2,"2017-05-08","Adam Eichenwald","Michael Henderson","WIPT",1,0,0,1,"9:19","V",30,"0","133","Tundra","","","U",NA,NA,NA
"383",2017,"Teller","T3",2,"2017-05-08","Adam Eichenwald","Michael Henderson","WIPT",1,0,0,1,"9:21","V",30,"0","78","Tundra","","","U",NA,NA,NA
"384",2017,"Teller","T3",2,"2017-05-08","Adam Eichenwald","Michael Henderson","WIPT",1,1,0,2,"9:32","V",29,"0","26","Shrub","Low sparse broomed","Pair","U",NA,NA,NA
"385",2017,"Teller","T3",2,"2017-05-08","Adam Eichenwald","Michael Henderson","WIPT",1,0,0,1,"9:34","V",29,"180","74","Tundra","","","U",NA,NA,NA
"386",2017,"Teller","T3",2,"2017-05-08","Adam Eichenwald","Michael Henderson","WIPT",2,0,0,2,"9:34","V",29,"180","201","Flying","","Together","U",NA,NA,NA
"387",2017,"Teller","T3",2,"2017-05-08","Adam Eichenwald","Michael Henderson","WIPT",1,0,0,1,"9:37","V",28,"180","68","Tundra","","","U",NA,NA,NA
"388",2017,"Teller","T4",2,"2017-05-08","Adam Eichenwald","Devin Johnson","ROPT",1,1,0,2,"6:56","V",47.5,"270","154","Tundra","","","U",NA,NA,NA
"389",2017,"Teller","T4",2,"2017-05-08","Adam Eichenwald","Devin Johnson","WIPT",1,0,0,1,"6:58","V",47,"270","45","Shrub","Tall, thick not broomed","","U",NA,NA,NA
"390",2017,"Teller","T4",2,"2017-05-08","Adam Eichenwald","Devin Johnson","WIPT",1,0,0,1,"7:01","V",46,"270","450","Tundra","near low, sparse UNK","","U",NA,NA,NA
"391",2017,"Teller","T4",2,"2017-05-08","Adam Eichenwald","Devin Johnson","WIPT",1,0,0,1,"7:03","V",46,"270","450","Tundra","near low, sparse UNK","","U",NA,NA,NA
"392",2017,"Teller","T4",2,"2017-05-08","Adam Eichenwald","Devin Johnson","WIPT",1,0,0,1,"7:03","V",46,"270","450","Tundra","near low, sparse UNK","","U",NA,NA,NA
"393",2017,"Teller","T4",2,"2017-05-08","Adam Eichenwald","Devin Johnson","WIPT",1,0,0,1,"7:04","V",46,"270","194","Tundra","flying low sparse UNK","","U",NA,NA,NA
"394",2017,"Teller","T4",2,"2017-05-08","Adam Eichenwald","Devin Johnson","ROPT",1,0,0,1,"7:07","V",45.5,"90","187","Tundra","","","U",NA,NA,NA
"395",2017,"Teller","T4",2,"2017-05-08","Adam Eichenwald","Devin Johnson","ROPT",1,0,0,1,"7:10","V",45,"270","48","Tundra","","","U",NA,NA,NA
"396",2017,"Teller","T4",2,"2017-05-08","Adam Eichenwald","Devin Johnson","ROPT",1,0,0,1,"7:12","V",45,"270","77","Tundra","on house","","U",NA,NA,NA
"397",2017,"Teller","T4",2,"2017-05-08","Adam Eichenwald","Devin Johnson","ROPT",1,1,0,2,"7:13","V",45,"90","225","Tundra","","","U",NA,NA,NA
"398",2017,"Teller","T4",2,"2017-05-08","Adam Eichenwald","Devin Johnson","WIPT",1,0,0,1,"7:16","V",44.5,"90","157","Shrub","flying (willow, low sparse not broomed)","","U",NA,NA,NA
"399",2017,"Teller","T4",2,"2017-05-08","Adam Eichenwald","Devin Johnson","ROPT",1,0,0,1,"7:16","V",44.5,"90","194","Shrub","flying (willow, low sparse not broomed)","","U",NA,NA,NA
"400",2017,"Teller","T4",2,"2017-05-08","Adam Eichenwald","Devin Johnson","ROPT",1,0,0,1,"7:19","V",44.5,"90","396","Tundra","flying","","U",NA,NA,NA
"401",2017,"Teller","T4",2,"2017-05-08","Adam Eichenwald","Devin Johnson","ROPT",1,0,0,1,"7:19","V",44.5,"90","396","Tundra","flying","","U",NA,NA,NA
"402",2017,"Teller","T4",2,"2017-05-08","Adam Eichenwald","Devin Johnson","ROPT",1,0,0,1,"7:19","V",44.5,"90","396","Tundra","","","U",NA,NA,NA
"403",2017,"Teller","T4",2,"2017-05-08","Adam Eichenwald","Devin Johnson","ROPT",1,1,0,2,"7:21","V",44.5,"90","400","Tundra","","","U",NA,NA,NA
"404",2017,"Teller","T4",2,"2017-05-08","Adam Eichenwald","Devin Johnson","ROPT",1,1,0,2,"7:22","V",44.5,"90","307","Tundra","","","U",NA,NA,NA
"405",2017,"Teller","T4",2,"2017-05-08","Adam Eichenwald","Devin Johnson","WIPT",1,1,0,2,"7:24","V",44.5,"90","283","Tundra","","","U",NA,NA,NA
"406",2017,"Teller","T4",2,"2017-05-08","Adam Eichenwald","Devin Johnson","WIPT",1,0,0,1,"7:25","V",44.5,"90","258","Tundra","","","U",NA,NA,NA
"407",2017,"Teller","T4",2,"2017-05-08","Adam Eichenwald","Devin Johnson","ROPT",1,0,0,1,"7:25","V",44.5,"90","375","Tundra","","","U",NA,NA,NA
"408",2017,"Teller","T4",2,"2017-05-08","Adam Eichenwald","Devin Johnson","ROPT",1,0,0,1,"7:26","V",44.5,"90","37","Tundra","near low, sparse not broomed","","U",NA,NA,NA
"409",2017,"Teller","T4",2,"2017-05-08","Adam Eichenwald","Devin Johnson","ROPT",1,1,0,2,"7:28","V",44.5,"90","203","Tundra","near low, sparse not broomed","Pair","U",NA,NA,NA
"410",2017,"Teller","T4",2,"2017-05-08","Adam Eichenwald","Devin Johnson","WIPT",1,0,0,1,"7:35","V",44.5,"90","400","Tundra","","","U",NA,NA,NA
"411",2017,"Teller","T4",2,"2017-05-08","Adam Eichenwald","Devin Johnson","ROPT",1,0,0,1,"7:35","A",44,NA,"0","Tundra","flying over road","","U",NA,NA,NA
"412",2017,"Teller","T4",2,"2017-05-08","Adam Eichenwald","Devin Johnson","WIPT",1,0,0,1,"7:38","V",44,"270","16","Tundra","","","U",NA,NA,NA
"413",2017,"Teller","T4",2,"2017-05-08","Adam Eichenwald","Devin Johnson","WIPT",1,0,0,1,"7:41","V",44,"90","420","Tundra","","","U",NA,NA,NA
"414",2017,"Teller","T4",2,"2017-05-08","Adam Eichenwald","Devin Johnson","WIPT",1,1,0,2,"7:43","V",44,"90","24","Tundra","Near low sparse not broomed","Pair","U",NA,NA,NA
"415",2017,"Teller","T4",2,"2017-05-08","Adam Eichenwald","Devin Johnson","WIPT",1,0,0,1,"7:45","V",44,"90","191","Shrub","Low sparse broomed","","U",NA,NA,NA
"416",2017,"Teller","T4",2,"2017-05-08","Adam Eichenwald","Devin Johnson","WIPT",1,0,0,1,"7:45","V",43.5,"90","101","Shrub","Low sparse broomed","","U",NA,NA,NA
"417",2017,"Teller","T4",2,"2017-05-08","Adam Eichenwald","Devin Johnson","WIPT",1,0,0,1,"7:45","V",43.5,"90","101","Shrub","Low sparse broomed","","U",NA,NA,NA
"418",2017,"Teller","T4",2,"2017-05-08","Adam Eichenwald","Devin Johnson","WIPT",1,0,0,1,"7:46","V",43.5,"90","166","Shrub","Tall, thick not broomed","","U",NA,NA,NA
"419",2017,"Teller","T4",2,"2017-05-08","Adam Eichenwald","Devin Johnson","WIPT",40,1,0,41,"7:48","V",43,"270","150","Tundra","Large flock, near broomed, tall and low, thick","Flock","U",NA,NA,NA
"420",2017,"Teller","T4",2,"2017-05-08","Adam Eichenwald","Devin Johnson","WIPT",1,0,0,1,"7:51","V",42.5,"90","155","Shrub","tall, thick, broomed","","U",NA,NA,NA
"421",2017,"Teller","T4",2,"2017-05-08","Adam Eichenwald","Devin Johnson","WIPT",1,0,0,1,"7:51","V",42.5,"90","160","Shrub","tall, thick, broomed","","U",NA,NA,NA
"422",2017,"Teller","T4",2,"2017-05-08","Adam Eichenwald","Devin Johnson","WIPT",1,0,0,1,"7:51","V",42.5,"90","315","Tundra","Near tall, thick broomed","","U",NA,NA,NA
"423",2017,"Teller","T4",2,"2017-05-08","Adam Eichenwald","Devin Johnson","WIPT",1,1,0,2,"8:00","V",41.5,"270","215","Tundra","","Pair","U",NA,NA,NA
"424",2017,"Teller","T4",2,"2017-05-08","Adam Eichenwald","Devin Johnson","ROPT",1,0,0,1,"8:04","V",41.5,"90","350","Tundra","","","U",NA,NA,NA
"425",2017,"Teller","T4",2,"2017-05-08","Adam Eichenwald","Devin Johnson","ROPT",1,0,0,1,"8:06","V",41,"90","112","Tundra","","","U",NA,NA,NA
"426",2017,"Teller","T4",2,"2017-05-08","Adam Eichenwald","Devin Johnson","ROPT",1,0,0,1,"8:10","V",40,"90","150","Tundra","","","U",NA,NA,NA
"427",2017,"Teller","T4",2,"2017-05-08","Adam Eichenwald","Devin Johnson","ROPT",1,0,0,1,"8:16","V",39,"90","149","Tundra","","","U",NA,NA,NA
"428",2017,"Teller","T5",2,"2017-05-07","Adam Eichenwald","Michael Henderson","WIPT",1,0,0,1,"9:08","V",55,"180","60","Tundra","Sparse low broomed","Pair, browsing","U",NA,NA,NA
"429",2017,"Teller","T5",2,"2017-05-07","Adam Eichenwald","Michael Henderson","WIPT",1,0,0,1,"9:17","V",53,"0","250","Tundra","Tundra","","U",NA,NA,NA
"430",2017,"Teller","T5",2,"2017-05-07","Adam Eichenwald","Michael Henderson","WIPT",1,0,0,1,"9:20","V",53,"0","169","Flying","","","U",NA,NA,NA
"431",2017,"Teller","T5",2,"2017-05-07","Adam Eichenwald","Michael Henderson","WIPT",0,0,12,12,"9:21","V",53,"0","256","Tundra","Tundra","Flock of 12, browsing","U",NA,NA,NA
"432",2017,"Teller","T5",2,"2017-05-07","Adam Eichenwald","Michael Henderson","WIPT",0,0,6,6,"9:23","V",53,"0","215","Tundra","Tundra","Flock of 6, near other flock","U",NA,NA,NA
"433",2017,"Teller","T5",2,"2017-05-07","Adam Eichenwald","Michael Henderson","WIPT",1,0,0,1,"9:29","V",52,"180","36","Tundra","Near sparse low broomed","","U",NA,NA,NA
"434",2017,"Teller","T5",2,"2017-05-07","Adam Eichenwald","Michael Henderson","WIPT",1,0,0,1,"9:32","V",52,"180","37","Tundra","Tundra","","U",NA,NA,NA
"435",2017,"Teller","T5",2,"2017-05-07","Adam Eichenwald","Michael Henderson","WIPT",1,0,0,1,"9:39","V",51,"0","59","Tundra","Tundra","","U",NA,NA,NA
"436",2017,"Teller","T5",2,"2017-05-07","Adam Eichenwald","Michael Henderson","WIPT",1,0,0,1,"9:42","V",51,"180","300","Shrub","Sparse, high UNK","","U",NA,NA,NA
"437",2017,"Teller","T5",2,"2017-05-07","Adam Eichenwald","Michael Henderson","WIPT",1,0,0,1,"9:47","V",50,"180","250","Tundra","Tundra","","U",NA,NA,NA
"438",2017,"Teller","T5",2,"2017-05-07","Adam Eichenwald","Michael Henderson","WIPT",1,0,0,1,"9:49","V",50,"0","15","Tundra","No broomed","","U",NA,NA,NA
"439",2017,"Teller","T5",2,"2017-05-07","Adam Eichenwald","Michael Henderson","WIPT",1,1,0,2,"9:49","V",50,"0","15","Flying","No broomed","Pair","U",NA,NA,NA
"440",2017,"Teller","T5",2,"2017-05-07","Adam Eichenwald","Michael Henderson","WIPT",1,1,0,2,"9:52","V",50,"0","0","Road","","","U",NA,NA,NA
"441",2017,"Teller","T5",2,"2017-05-07","Adam Eichenwald","Michael Henderson","WIPT",1,1,0,2,"9:53","V",49,"0","0","Road","Low sparse broomed","Pair","U",NA,NA,NA
"442",2017,"Teller","T5",2,"2017-05-07","Adam Eichenwald","Michael Henderson","WIPT",1,0,0,1,"9:55","V",49,"180","165","Tundra","Low sparse UNK","","U",NA,NA,NA
"443",2017,"Teller","T5",2,"2017-05-07","Adam Eichenwald","Michael Henderson","WIPT",1,0,0,1,"9:59","V",49,"0","94","Tundra","Near low sparse broomed/not broomed","","U",NA,NA,NA
"444",2017,"Teller","T5",2,"2017-05-07","Adam Eichenwald","Michael Henderson","WIPT",1,0,0,1,"9:59","V",49,"0","170","flying","","","U",NA,NA,NA
"445",2017,"Teller","T6",2,"2017-05-13","Michael Henderson","Devin Johnson","WIPT",1,0,0,1,"8:58","V",68,"90","55","Tundra","Near low sparse not broomed","","U",NA,NA,NA
"446",2017,"Teller","T6",2,"2017-05-13","Michael Henderson","Devin Johnson","WIPT",1,0,0,1,"9:01","V",68,"270","200","Tundra","","","U",NA,NA,NA
"447",2017,"Teller","T6",2,"2017-05-13","Michael Henderson","Devin Johnson","WIPT",1,0,0,1,"9:10","V",67,"270","45","Tundra","","","U",NA,NA,NA
"448",2017,"Teller","T6",2,"2017-05-13","Michael Henderson","Devin Johnson","SEOW",0,0,1,1,"9:13","V",66,"270","40","Tundra","Eating prey item","","U",NA,NA,NA
"449",2017,"Teller","T6",2,"2017-05-13","Michael Henderson","Devin Johnson","WIPT",1,0,0,1,"9:21","V",64,"270","60","Tundra","","","U",NA,NA,NA
"450",2017,"Teller","T6",2,"2017-05-13","Michael Henderson","Devin Johnson","WIPT",1,0,0,1,"9:22","V",64,"90","45","Tundra","","","U",NA,NA,NA
"451",2017,"Teller","T6",2,"2017-05-13","Michael Henderson","Devin Johnson","WIPT",1,1,0,2,"9:23","V",64,"270","50","Tundra","","","U",NA,NA,NA
"452",2017,"Teller","T6",2,"2017-05-13","Michael Henderson","Devin Johnson","WIPT",1,0,0,1,"9:23","V",64,"270","50","Tundra","","","U",NA,NA,NA
"453",2017,"Teller","T6",2,"2017-05-13","Michael Henderson","Devin Johnson","WIPT",1,0,0,1,"9:27","V",63,"270","15","Tundra","","","U",NA,NA,NA
"454",2017,"Teller","T6",2,"2017-05-13","Michael Henderson","Devin Johnson","LTJA",0,0,1,1,"9:31","V",62,"270","150","Tundra","","","U",NA,NA,NA
"455",2017,"Teller","T6",2,"2017-05-13","Michael Henderson","Devin Johnson","WIPT",1,0,0,1,"9:33","V",62,"90","205","Tundra","","","U",NA,NA,NA
"456",2017,"Teller","T6",2,"2017-05-13","Michael Henderson","Devin Johnson","WIPT",1,1,0,2,"9:34","V",62,"90","150","Tundra","","","U",NA,NA,NA
"457",2017,"Teller","T6",2,"2017-05-13","Michael Henderson","Devin Johnson","SEOW",0,0,1,1,"9:35","V",62,"90","180","Tundra","","","U",NA,NA,NA
"458",2017,"Teller","T6",2,"2017-05-13","Michael Henderson","Devin Johnson","WIPT",1,0,0,1,"9:37","V",62,"270","50","Tundra","","","U",NA,NA,NA
"459",2017,"Teller","T6",2,"2017-05-13","Michael Henderson","Devin Johnson","WIPT",1,0,0,1,"9:40","V",61,"90","10","Tundra","","","U",NA,NA,NA
"460",2017,"Teller","T6",2,"2017-05-13","Michael Henderson","Devin Johnson","WIPT",1,0,0,1,"9:40","V",61,"90","75","Tundra","","","U",NA,NA,NA
"461",2017,"Teller","T6",2,"2017-05-13","Michael Henderson","Devin Johnson","WIPT",1,0,0,1,"9:42","V",61,"90","42","Tundra","","","U",NA,NA,NA
"462",2017,"Teller","T6",2,"2017-05-13","Michael Henderson","Devin Johnson","WIPT",1,0,0,1,"9:43","A",61,"U","U","Tundra","","","U",NA,NA,NA
"463",2017,"Teller","T6",2,"2017-05-13","Michael Henderson","Devin Johnson","WIPT",1,0,0,1,"9:44","V",60.5,"90","20","Tundra","","","U",NA,NA,NA
"464",2017,"Teller","T6",2,"2017-05-13","Michael Henderson","Devin Johnson","WIPT",1,0,0,1,"9:46","V",60,"270","50","Tundra","","","U",NA,NA,NA
"465",2017,"Teller","T6",2,"2017-05-13","Michael Henderson","Devin Johnson","WIPT",1,0,0,1,"9:47","V",60,"270","400","Tundra","","","U",NA,NA,NA
"466",2017,"Teller","T6",2,"2017-05-13","Michael Henderson","Devin Johnson","WIPT",1,0,0,1,"9:48","V",60,"90","30","Tundra","","","U",NA,NA,NA
"467",2017,"Teller","T6",2,"2017-05-13","Michael Henderson","Devin Johnson","WIPT",1,0,0,1,"9:49","V",60,"270","118","Tundra","","","U",NA,NA,NA
"468",2017,"Council","C1",2,"2017-05-10","Adam Eichenwald","Devin Johnson","WIPT",1,0,0,1,"8:27","V",43.5,"270","82","Tundra","","","U",NA,NA,NA
"469",2017,"Council","C1",2,"2017-05-10","Adam Eichenwald","Devin Johnson","ROPT",1,0,0,1,"8:32","V",43,"90","400","Tundra","","","U",NA,NA,NA
"470",2017,"Council","C1",2,"2017-05-10","Adam Eichenwald","Devin Johnson","WIPT",1,0,0,1,"9:03","V",36,"90","48","Shrub","Tall, thick, broomed","","U",NA,NA,NA
"471",2017,"Council","C2",2,"2017-05-10","Adam Eichenwald","Michael Henderson","ROPT",1,0,0,1,"7:33","V",53,"90","91","Tundra","","","U",NA,NA,NA
"472",2017,"Council","C2",2,"2017-05-10","Adam Eichenwald","Michael Henderson","ROPT",1,0,0,1,"7:35","V",53,"270","49","Road","","","U",NA,NA,NA
"473",2017,"Council","C2",2,"2017-05-10","Adam Eichenwald","Michael Henderson","ROPT",1,0,0,1,"7:35","V",53,"270","0","Tundra","","","U",NA,NA,NA
"474",2017,"Council","C2",2,"2017-05-10","Adam Eichenwald","Michael Henderson","ROPT",1,0,0,1,"7:36","V",53,"270","32","Tundra","","","U",NA,NA,NA
"475",2017,"Council","C2",2,"2017-05-10","Adam Eichenwald","Michael Henderson","WIPT",0,0,1,1,"7:37","V",53,"270","80","Tundra","","","U",NA,NA,NA
"476",2017,"Council","C2",2,"2017-05-10","Adam Eichenwald","Michael Henderson","ROPT",0,0,1,1,"7:37","V",53,"270","80","Tundra","","","U",NA,NA,NA
"477",2017,"Council","C2",2,"2017-05-10","Adam Eichenwald","Michael Henderson","WIPT",1,0,0,1,"7:43","V",52,"270","257","Tundra","","","U",NA,NA,NA
"478",2017,"Kougarok","K1",2,"2017-05-17","Adam Eichenwald","Devin Johnson","WIPT",1,0,0,1,"8:57","V",22,"270","0","Road","Thick tall broomed","","U",NA,NA,NA
"479",2017,"Kougarok","K1",2,"2017-05-17","Adam Eichenwald","Devin Johnson","WIPT",1,0,0,1,"9:00","V",20.5,"270","0","Road","near shrubs","","U",NA,NA,NA
"480",2017,"Kougarok","K1",2,"2017-05-17","Adam Eichenwald","Devin Johnson","WIPT",1,0,0,1,"9:02","V",20,"90","0","Road","","","U",NA,NA,NA
"481",2017,"Kougarok","K1",2,"2017-05-17","Adam Eichenwald","Devin Johnson","LTJA",0,0,1,1,"9:08","V",19,"270","200","Tundra","","Long-tailed jaeger","U",NA,NA,NA
"482",2017,"Kougarok","K1",2,"2017-05-17","Adam Eichenwald","Devin Johnson","LTJA",0,0,1,1,"9:08","V",19,"270","200","Tundra","","Long-tailed jaeger","U",NA,NA,NA
"483",2017,"Kougarok","K1",2,"2017-05-17","Adam Eichenwald","Devin Johnson","WIPT",1,0,0,1,"9:09","V",19,"90","80","Shrub","","","U",NA,NA,NA
"484",2017,"Kougarok","K1",2,"2017-05-17","Adam Eichenwald","Devin Johnson","WIPT",1,0,0,1,"9:10","V",19,"270","0","Shrub","Tall thick broomed","","U",NA,NA,NA
"485",2017,"Kougarok","K1",2,"2017-05-17","Adam Eichenwald","Devin Johnson","WIPT",1,0,0,1,"9:11","V",18.5,"270","2","Shrub","Tall thick broomed","","U",NA,NA,NA
"486",2017,"Kougarok","K1",2,"2017-05-17","Adam Eichenwald","Devin Johnson","WIPT",1,0,0,1,"9:14","V",18.5,"90","104","Shrub","Tall thick broomed","","U",NA,NA,NA
"487",2017,"Kougarok","K1",2,"2017-05-17","Adam Eichenwald","Devin Johnson","WIPT",1,0,0,1,"9:26","V",15.5,"270","15","Shrub","Tall thick broomed","","U",NA,NA,NA
"488",2017,"Kougarok","K1",2,"2017-05-17","Adam Eichenwald","Devin Johnson","WIPT",1,0,0,1,"9:31","V",14,"90","0","Road","Near shrub","","U",NA,NA,NA
"489",2017,"Kougarok","K2",2,"2017-05-17","Adam Eichenwald","Michael Henderson","WIPT",1,0,0,1,"8:13","V",30,"270","62","Tundra","","","U",NA,NA,NA
"490",2017,"Kougarok","K2",2,"2017-05-17","Adam Eichenwald","Michael Henderson","WIPT",1,0,0,1,"8:14","V",30,"270","87","Tundra","Near low thick broomed","","U",NA,NA,NA
"491",2017,"Kougarok","K2",2,"2017-05-17","Adam Eichenwald","Michael Henderson","WIPT",1,0,0,1,"8:15","V",30,"270","5","Road","Low sparse not broomed","","U",NA,NA,NA
"492",2017,"Kougarok","K2",2,"2017-05-17","Adam Eichenwald","Michael Henderson","WIPT",1,0,0,1,"8:17","V",30,"90","39","Shrub","Tall thick not broomed","","U",NA,NA,NA
"493",2017,"Kougarok","K2",2,"2017-05-17","Adam Eichenwald","Michael Henderson","WIPT",1,0,0,1,"8:21","V",29,"270","300","Tundra","","","U",NA,NA,NA
"494",2017,"Kougarok","K2",2,"2017-05-17","Adam Eichenwald","Michael Henderson","WIPT",1,0,0,1,"8:24","V",29,"270","43","Shrub","Tall thick not broomed","","U",NA,NA,NA
"495",2017,"Kougarok","K3",2,"2017-05-17","Devin Johnson","Michael Henderson","WIPT",1,0,0,1,"6:53","V",42,"90","99","Shrub","Tall sparse not broomed","","U",NA,NA,NA
"496",2017,"Kougarok","K3",2,"2017-05-17","Devin Johnson","Michael Henderson","WIPT",1,0,0,1,"6:59","V",41,"90","31","Shrub","Tall dense broomed","","U",NA,NA,NA
"497",2017,"Kougarok","K3",2,"2017-05-17","Devin Johnson","Michael Henderson","WIPT",1,0,0,1,"7:01","V",41,"270","250","Tundra","","","U",NA,NA,NA
"498",2017,"Kougarok","K3",2,"2017-05-17","Devin Johnson","Michael Henderson","WIPT",1,0,0,1,"7:04","V",40.5,"270","153","Tundra","","","U",NA,NA,NA
"499",2017,"Kougarok","K3",2,"2017-05-17","Devin Johnson","Michael Henderson","WIPT",1,0,0,1,"7:07","V",40,"270","77","Tundra","","","U",NA,NA,NA
"500",2017,"Kougarok","K3",2,"2017-05-17","Devin Johnson","Michael Henderson","WIPT",1,0,0,1,"7:09","V",40,"90","81","Shrub","Tall sparse not broomed","","U",NA,NA,NA
"501",2017,"Kougarok","K3",2,"2017-05-17","Devin Johnson","Michael Henderson","ROPT",0,0,2,2,"7:10","V",40,"270","350","Flying","","Pair","U",NA,NA,NA
"502",2017,"Kougarok","K3",2,"2017-05-17","Devin Johnson","Michael Henderson","WIPT",1,0,0,1,"7:11","V",40,"270","68","Tundra","","","U",NA,NA,NA
"503",2017,"Kougarok","K3",2,"2017-05-17","Devin Johnson","Michael Henderson","WIPT",1,0,0,1,"7:12","V",40,"90","22","Tundra","Low thick broomed","","U",NA,NA,NA
"504",2017,"Kougarok","K3",2,"2017-05-17","Devin Johnson","Michael Henderson","WIPT",1,0,0,1,"7:13","V",40,"270","350","Shrub","Tall sparse not broomed","","U",NA,NA,NA
"505",2017,"Kougarok","K3",2,"2017-05-17","Devin Johnson","Michael Henderson","WIPT",1,0,0,1,"7:16","V",39,"270","400","Tundra","","","U",NA,NA,NA
"506",2017,"Kougarok","K3",2,"2017-05-17","Devin Johnson","Michael Henderson","WIPT",1,0,0,1,"7:17","V",39,"90","38","Tundra","","","U",NA,NA,NA
"507",2017,"Kougarok","K3",2,"2017-05-17","Devin Johnson","Michael Henderson","WIPT",1,0,0,1,"7:19","V",39,"270","370","Tundra","","","U",NA,NA,NA
"508",2017,"Kougarok","K3",2,"2017-05-17","Devin Johnson","Michael Henderson","WIPT",1,0,0,1,"7:21","V",38,"90","5","Snow","","","U",NA,NA,NA
"509",2017,"Kougarok","K3",2,"2017-05-17","Devin Johnson","Michael Henderson","WIPT",0,0,1,1,"7:25","V",38,"270","38","Shrub","Tall sparse not broomed","","U",NA,NA,NA
"510",2017,"Kougarok","K3",2,"2017-05-17","Devin Johnson","Michael Henderson","WIPT",0,0,1,1,"7:25","V",38,"90","70","Shrub","","","U",NA,NA,NA
"511",2017,"Kougarok","K3",2,"2017-05-17","Devin Johnson","Michael Henderson","WIPT",0,0,1,1,"7:35","V",37,"270","150","Flying","","","U",NA,NA,NA
"512",2017,"Kougarok","K3",2,"2017-05-17","Devin Johnson","Michael Henderson","WIPT",1,0,0,1,"7:36","V",37,"90","350","Flying","","","U",NA,NA,NA
"513",2017,"Kougarok","K3",2,"2017-05-17","Devin Johnson","Michael Henderson","WIPT",1,0,0,1,"7:37","V",36,"270","150","Shrub","Tall sparse not broomed","","U",NA,NA,NA
"514",2017,"Kougarok","K3",2,"2017-05-17","Devin Johnson","Michael Henderson","WIPT",1,0,0,1,"7:39","V",36,"90","5","Shrub","Tall thick not broomed","","U",NA,NA,NA
"515",2017,"Kougarok","K3",2,"2017-05-17","Devin Johnson","Michael Henderson","WIPT",1,0,0,1,"7:41","V",36,"90","1","Road","near low thick not broomed","","U",NA,NA,NA
"516",2017,"Kougarok","K3",2,"2017-05-17","Devin Johnson","Michael Henderson","WIPT",1,0,0,1,"7:42","V",36,"90","25","Snow","","","U",NA,NA,NA
"517",2017,"Kougarok","K3",2,"2017-05-17","Devin Johnson","Michael Henderson","WIPT",1,0,0,1,"7:43","V",35,"90","1","Snow","","","U",NA,NA,NA
"518",2017,"Kougarok","K3",2,"2017-05-17","Devin Johnson","Michael Henderson","WIPT",1,0,0,1,"7:43","V",35,"90","2","Snow","","","U",NA,NA,NA
"519",2017,"Kougarok","K3",2,"2017-05-17","Devin Johnson","Michael Henderson","WIPT",1,0,0,1,"7:45","V",35,"90","320","Tundra","","","U",NA,NA,NA
"520",2017,"Kougarok","K3",2,"2017-05-17","Devin Johnson","Michael Henderson","WIPT",1,0,0,1,"7:49","V",34,"270","3","Shrub","Tall sparse not broomed","","U",NA,NA,NA
"521",2017,"Kougarok","K3",2,"2017-05-17","Devin Johnson","Michael Henderson","WIPT",2,0,0,2,"7:53","V",34,"270","290","Tundra","","Pair","U",NA,NA,NA
"522",2017,"Kougarok","K4",2,"2017-05-14","Michael Henderson","Devin Johnson","AGSQ",0,0,1,1,"9:06","V",50,"90","30","Tundra","","","U",NA,NA,NA
"523",2017,"Kougarok","K4",2,"2017-05-14","Michael Henderson","Devin Johnson","AGSQ",0,0,1,1,"9:08","V",50,"90","30","Tundra","","","U",NA,NA,NA
"524",2017,"Kougarok","K4",2,"2017-05-14","Michael Henderson","Devin Johnson","ROPT",1,0,0,1,"9:08","V",50,"270","60","Tundra","","","U",NA,NA,NA
"525",2017,"Kougarok","K4",2,"2017-05-14","Michael Henderson","Devin Johnson","ROPT",1,0,0,1,"9:15","V",48,"270","320","Shrub","Tall, thick","","U",NA,NA,NA
"526",2017,"Kougarok","K4",2,"2017-05-14","Michael Henderson","Devin Johnson","WIPT",1,0,0,1,"9:16","V",47.5,"90","30","Shrub","Tall, thick","","U",NA,NA,NA
"527",2017,"Kougarok","K4",2,"2017-05-14","Michael Henderson","Devin Johnson","WIPT",1,0,0,1,"9:20","V",47,"270","10","Tundra","","","U",NA,NA,NA
"528",2017,"Kougarok","K4",2,"2017-05-14","Michael Henderson","Devin Johnson","WIPT",1,0,0,1,"9:33","V",45,"270","87","Tundra","","","U",NA,NA,NA
"529",2017,"Kougarok","K5",2,"2017-05-14","Michael Henderson","Devin Johnson","SSHA",0,0,1,1,"8:19","V",63,"90","0","Shrub","Crossed road","","U",NA,NA,NA
"530",2017,"Kougarok","K5",2,"2017-05-14","Michael Henderson","Devin Johnson","SSHA",0,0,1,1,"8:22","V",62,"90","0","Shrub","Crossed road","","U",NA,NA,NA
"531",2017,"Kougarok","K5",2,"2017-05-14","Michael Henderson","Devin Johnson","SSHA",0,0,1,1,"8:22","V",62,"90","0","Shrub","Crossed road","","U",NA,NA,NA
"532",2017,"Kougarok","K5",2,"2017-05-14","Michael Henderson","Devin Johnson","SSHA",0,0,1,1,"8:23","V",62,"90","0","Shrub","","","U",NA,NA,NA
"533",2017,"Kougarok","K5",2,"2017-05-14","Michael Henderson","Devin Johnson","SSHA",0,0,1,1,"8:23","V",62,"90","0","Shrub","","","U",NA,NA,NA
"534",2017,"Kougarok","K5",2,"2017-05-14","Michael Henderson","Devin Johnson","SSHA",0,0,1,1,"8:23","V",62,"90","0","Shrub","","","U",NA,NA,NA
"535",2017,"Kougarok","K5",2,"2017-05-14","Michael Henderson","Devin Johnson","SSHA",0,0,1,1,"8:24","V",62,"90","0","Shrub","","","U",NA,NA,NA
"536",2017,"Kougarok","K5",2,"2017-05-14","Michael Henderson","Devin Johnson","WIPT",0,0,1,1,"8:47","V",56,"90","90","Tundra","","","U",NA,NA,NA
"537",2017,"Kougarok","K6",2,"2017-05-14","Devin Johnson","Michael Henderson","WIPT",1,0,0,1,"7:46","V",71,"270","320","U","","","U",NA,NA,NA
"538",2017,"Kougarok","K6",2,"2017-05-14","Devin Johnson","Michael Henderson","SSHA",0,0,1,1,"7:58","V",68,"90","0","Road","Crossed Road","","U",NA,NA,NA
"539",2017,"Kougarok","K7",2,"2017-05-14","Devin Johnson","Michael Henderson","WIPT",1,0,0,1,"6:51","V",81,"90","33","Tundra","","","U",NA,NA,NA
"540",2017,"Kougarok","K7",2,"2017-05-14","Devin Johnson","Michael Henderson","WIPT",1,0,0,1,"6:55","V",81,"90","110","Tundra","","","U",NA,NA,NA
"541",2017,"Kougarok","K7",2,"2017-05-14","Devin Johnson","Michael Henderson","WIPT",1,0,0,1,"6:57","V",81.5,"90","150","Tundra","","","U",NA,NA,NA
"542",2017,"Kougarok","K7",2,"2017-05-14","Devin Johnson","Michael Henderson","WIPT",1,0,0,1,"6:58","V",81.5,"90","85","Shrub","Sparse tall not broomed","","U",NA,NA,NA
"543",2017,"Kougarok","K7",2,"2017-05-14","Devin Johnson","Michael Henderson","WIPT",1,0,0,1,"7:03","V",80,"90","168","Tundra","","","U",NA,NA,NA
"544",2017,"Kougarok","K7",2,"2017-05-14","Devin Johnson","Michael Henderson","WIPT",1,0,0,1,"7:06","V",79,"270","54","Tundra","","","U",NA,NA,NA
"545",2017,"Kougarok","K7",2,"2017-05-14","Devin Johnson","Michael Henderson","WIPT",1,0,0,1,"7:08","V",79,"90","31","Tundra","","","U",NA,NA,NA
"546",2017,"Kougarok","K7",2,"2017-05-14","Devin Johnson","Michael Henderson","WIPT",1,0,0,1,"7:08","V",79,"90","300","Tundra","","","U",NA,NA,NA
"547",2017,"Kougarok","K7",2,"2017-05-14","Devin Johnson","Michael Henderson","WIPT",1,0,0,1,"7:09","V",79,"270","62","Tundra","","","U",NA,NA,NA
"548",2017,"Kougarok","K7",2,"2017-05-14","Devin Johnson","Michael Henderson","WIPT",1,1,0,2,"7:14","V",78,"270","1","Road","","Pair","U",NA,NA,NA
"549",2017,"Kougarok","K7",2,"2017-05-14","Devin Johnson","Michael Henderson","WIPT",1,0,0,1,"7:14","V",78,"90","250","Tundra","","","U",NA,NA,NA
"550",2017,"Kougarok","K7",2,"2017-05-14","Devin Johnson","Michael Henderson","WIPT",1,0,0,1,"7:18","V",77,"270","0","Road","","","U",NA,NA,NA
"551",2017,"Kougarok","K7",2,"2017-05-14","Devin Johnson","Michael Henderson","WIPT",0,0,2,2,"7:23","V",76,"90","400","Flying","","Pair","U",NA,NA,NA
"552",2017,"Kougarok","K7",2,"2017-05-14","Devin Johnson","Michael Henderson","WIPT",0,0,1,1,"7:25","V",76,"270","350","Tundra","","","U",NA,NA,NA
"553",2017,"Kougarok","K7",2,"2017-05-14","Devin Johnson","Michael Henderson","WIPT",1,0,0,1,"7:27","V",75,"90","325","Tundra","","","U",NA,NA,NA
"554",2017,"Kougarok","K7",2,"2017-05-14","Devin Johnson","Michael Henderson","WIPT",1,0,0,1,"7:30","V",74,"90","60","Shrub","Low dense","","U",NA,NA,NA
"555",2017,"Kougarok","K7",2,"2017-05-14","Devin Johnson","Michael Henderson","WIPT",1,0,0,1,"7:33","V",74,"90","170","Tundra","","","U",NA,NA,NA
"556",2017,"Kougarok","K8",2,"2017-05-14","Devin Johnson","Michael Henderson","WIPT",1,0,0,1,"6:40","V",84,"90","2","Shrub","Tall dense not broomed","","U",NA,NA,NA
"557",2018,"Kougarok","K1",1,"2018-05-20","Devin Johnson","Michael Henderson","WIPT",1,0,0,1,"8:23","V",14,NA,"0","Road","","Flew across road, landed in low shrub","13",NA,NA,NA
"558",2018,"Kougarok","K1",1,"2018-05-20","Devin Johnson","Michael Henderson","SSHA",0,0,1,1,"8:33","V",17,"270","2","Road","Shrub","Ran off road to shrubs","14",NA,NA,NA
"559",2018,"Kougarok","K1",1,"2018-05-20","Devin Johnson","Michael Henderson","SSHA",0,0,3,3,"8:35","V",17,"270","5","Road","Shrub","3 hares on road, ran into shrubs. Starting to get brown","15-17",NA,NA,NA
"560",2018,"Kougarok","K1",1,"2018-05-20","Devin Johnson","Michael Henderson","SSHA",0,0,2,2,"8:37","V",17,"270","2","Shrub","","On side of road","18-19",NA,NA,NA
"561",2018,"Kougarok","K1",1,"2018-05-20","Devin Johnson","Michael Henderson","SSHA",0,0,1,1,"8:38","V",17,"270","2","Tundra","","On side of road","20",NA,NA,NA
"562",2018,"Kougarok","K1",1,"2018-05-20","Devin Johnson","Michael Henderson","WIPT",1,0,0,1,"8:39","V",17,"90","30","Shrub","","Sitting on shrub","21",NA,NA,NA
"563",2018,"Kougarok","K1",1,"2018-05-20","Devin Johnson","Michael Henderson","WIPT",1,0,0,1,"8:46","V",18,"0","150","Snow","","Walking & vocalizing","22",NA,NA,NA
"564",2018,"Kougarok","K1",1,"2018-05-20","Devin Johnson","Michael Henderson","WISN",0,0,1,1,"8:58","V",19,NA,"0","Road","","Sitting on side of road","24",NA,NA,NA
"565",2018,"Kougarok","K1",1,"2018-05-20","Devin Johnson","Michael Henderson","WIPT",1,0,0,1,"9:05","u",20,"270","10","Shrub","","Flew by, didn't see it land","25",NA,NA,NA
"566",2018,"Kougarok","K2",1,"2018-05-20","Devin Johnson","Michael Henderson","WIPT",1,0,0,1,"9:46","V",26,"90","95","Shrub","","Sitting","26",NA,NA,NA
"567",2018,"Kougarok","K2",1,"2018-05-20","Devin Johnson","Michael Henderson","WISN",0,0,1,1,"9:56","V",27,"270","1","Road","","Sitting on snow beside road","27",NA,NA,NA
"568",2018,"Kougarok","K2",1,"2018-05-20","Devin Johnson","Michael Henderson","WIPT",1,0,0,1,"9:59","V",27,"270","104","Tundra","","","28",NA,NA,NA
"569",2018,"Kougarok","K2",1,"2018-05-20","Devin Johnson","Michael Henderson","WISN",0,0,2,2,"10:03","V",28,"135","74","Shrub","","","29-30",NA,NA,NA
"570",2018,"Kougarok","K2",1,"2018-05-20","Devin Johnson","Michael Henderson","WIPT",1,0,0,1,"10:03","V",28,"135","98","Shrub","","Displaying","31",NA,NA,NA
"571",2018,"Kougarok","K2",1,"2018-05-20","Devin Johnson","Michael Henderson","AGSQ",0,0,1,1,"10:07","V",28,"135","37","Tundra","","","32",NA,NA,NA
"572",2018,"Kougarok","K2",1,"2018-05-20","Devin Johnson","Michael Henderson","AGSQ",0,0,2,2,"10:13","V",29,"180","153","Snow","","Vigilant","33-34",NA,NA,NA
"573",2018,"Kougarok","K2",1,"2018-05-20","Devin Johnson","Michael Henderson","WISN",0,0,1,1,"10:30","V",29,"135","50","Snow","","Flying","35",NA,NA,NA
"574",2018,"Kougarok","K2",1,"2018-05-20","Devin Johnson","Michael Henderson","AGSQ",0,0,1,1,"10:34","V",31,"180","56","Shrub","","","36",NA,NA,NA
"575",2018,"Kougarok","K2",1,"2018-05-20","Devin Johnson","Michael Henderson","AGSQ",0,0,1,1,"10:38","V",32,NA,"0","Road","","","37",NA,NA,NA
"576",2018,"Kougarok","K2",1,"2018-05-20","Devin Johnson","Michael Henderson","WISN",0,0,1,1,"10:39","V",32,NA,"0","Road","","Flushed","38",NA,NA,NA
"577",2018,"Teller","T1",1,"2018-05-22","Michael Henderson","Devin Johnson","WISN",0,0,1,1,"8:40","V",8,NA,"0","Road","","","39",NA,NA,NA
"578",2018,"Teller","T1",1,"2018-05-22","Michael Henderson","Devin Johnson","WIPT",1,0,0,1,"8:43","V",9,"0","100","Tundra","","Flying","40",NA,NA,NA
"579",2018,"Teller","T1",1,"2018-05-22","Michael Henderson","Devin Johnson","WIPT",1,0,0,1,"8:43","V",9,"315","300","Shrub","","","41",NA,NA,NA
"580",2018,"Teller","T1",1,"2018-05-22","Michael Henderson","Devin Johnson","WISN",0,0,1,1,"8:45","V",9,"0","100","Tundra","","Displaying","42",NA,NA,NA
"581",2018,"Teller","T1",1,"2018-05-22","Michael Henderson","Devin Johnson","WIPT",1,0,0,1,"8:47","V",9,"225","150","Tundra","","Standing","43",NA,NA,NA
"582",2018,"Teller","T1",1,"2018-05-22","Michael Henderson","Devin Johnson","WIPT",1,0,0,1,"8:52","V",10,"180","250","Shrub","","Flying","44",NA,NA,NA
"583",2018,"Teller","T1",1,"2018-05-22","Michael Henderson","Devin Johnson","WIPT",1,0,0,1,"8:55","V",10,"180","400","Tundra","","","45",NA,NA,NA
"584",2018,"Teller","T1",1,"2018-05-22","Michael Henderson","Devin Johnson","WIPT",1,0,0,1,"8:57","V",10,"180","150","Tundra","","Flushed","46",NA,NA,NA
"585",2018,"Teller","T1",1,"2018-05-22","Michael Henderson","Devin Johnson","WIPT",1,0,0,1,"9:00","V",10,"270","300","Shrub","","Perched on tall shrub","47",NA,NA,NA
"586",2018,"Teller","T1",1,"2018-05-22","Michael Henderson","Devin Johnson","WIPT",1,1,0,2,"9:04","V",11,"0","87","Tundra","","Pair","48-49",NA,NA,NA
"587",2018,"Teller","T1",1,"2018-05-22","Michael Henderson","Devin Johnson","WIPT",1,0,0,1,"9:07","V",11,"270","400","Tundra","","","50",NA,NA,NA
"588",2018,"Teller","T1",1,"2018-05-22","Michael Henderson","Devin Johnson","GOPL",0,0,2,2,"9:11","V",11,NA,"0","Shrub","","Pair flying over road","51-52",NA,NA,NA
"589",2018,"Teller","T1",1,"2018-05-22","Michael Henderson","Devin Johnson","WIPT",1,0,0,1,"9:14","V",11,"270","16","Snow","Near shrubs","","53",NA,NA,NA
"590",2018,"Teller","T1",1,"2018-05-22","Michael Henderson","Devin Johnson","WIPT",1,1,0,2,"9:17","V",11,"90","76","Tundra","","Pair","54-55",NA,NA,NA
"591",2018,"Teller","T1",1,"2018-05-22","Michael Henderson","Devin Johnson","WIPT",0,0,6,6,"9:18","V",11,"270","250","Shrub","","Group flying together over shrubs/river","56-61",NA,NA,NA
"592",2018,"Teller","T1",1,"2018-05-22","Michael Henderson","Devin Johnson","WIPT",1,0,0,1,"9:22","V",12,"270","300","Tundra","","","62",NA,NA,NA
"593",2018,"Teller","T1",1,"2018-05-22","Michael Henderson","Devin Johnson","WIPT",1,0,0,1,"9:27","V",12,"270","50","Shrub","","Flushed","63",NA,NA,NA
"594",2018,"Teller","T1",1,"2018-05-22","Michael Henderson","Devin Johnson","WIPT",0,0,1,1,"9:28","V",13,"270","25","Shrub","","","64",NA,NA,NA
"595",2018,"Teller","T1",1,"2018-05-22","Michael Henderson","Devin Johnson","WIPT",1,0,0,1,"9:55","V",17,"315","90","Tundra","","","65",NA,NA,NA
"596",2018,"Teller","T1",1,"2018-05-22","Michael Henderson","Devin Johnson","WIPT",1,0,0,1,"9:55","V",17,"315","159","Tundra","","","66",NA,NA,NA
"597",2018,"Teller","T2",1,"2018-05-24","Michael Henderson","Devin Johnson","WIPT",1,0,0,1,"8:20","V",18,"270","52","Tundra","","Lying down","67",NA,NA,NA
"598",2018,"Teller","T2",1,"2018-05-24","Michael Henderson","Devin Johnson","WIPT",1,0,0,1,"8:23","V",18,"270","71","Shrub","","Perched","68",NA,NA,NA
"599",2018,"Teller","T2",1,"2018-05-24","Michael Henderson","Devin Johnson","WIPT",1,0,0,1,"8:25","V",19,NA,"0","Road","","Near tundra","69",NA,NA,NA
"600",2018,"Teller","T2",1,"2018-05-24","Michael Henderson","Devin Johnson","WIPT",1,0,0,1,"8:28","V",19,"315","350","Tundra","","Near shrub","70",NA,NA,NA
"601",2018,"Teller","T2",1,"2018-05-24","Michael Henderson","Devin Johnson","WISN",0,0,2,2,"8:34","V",20,NA,"0","Snow","","Near tundra. Likely pair","71-72",NA,NA,NA
"602",2018,"Teller","T2",1,"2018-05-24","Michael Henderson","Devin Johnson","WIPT",1,0,0,1,"8:41","V",21,"270","27","Shrub","","","73",NA,NA,NA
"603",2018,"Teller","T2",1,"2018-05-24","Michael Henderson","Devin Johnson","WISN",0,0,2,2,"8:46","V",21,NA,"0","Road","","Flew across road to tundra","74-75",NA,NA,NA
"604",2018,"Teller","T2",1,"2018-05-24","Michael Henderson","Devin Johnson","LTJA",0,0,2,2,"8:46","V",21,NA,"0","Road","","Flew across road to tundra","76-77",NA,NA,NA
"605",2018,"Teller","T2",1,"2018-05-24","Michael Henderson","Devin Johnson","WIPT",1,0,0,1,"8:49","V",22,"225","11","Tundra","","","78",NA,NA,NA
"606",2018,"Teller","T2",1,"2018-05-24","Michael Henderson","Devin Johnson","LTJA",0,0,1,1,"8:51","V",22,"45","200","Tundra","","","79",NA,NA,NA
"607",2018,"Teller","T2",1,"2018-05-24","Michael Henderson","Devin Johnson","GOPL",0,0,1,1,"8:52","V",22,"270","90","Tundra","","","80",NA,NA,NA
"608",2018,"Teller","T2",1,"2018-05-24","Michael Henderson","Devin Johnson","WIPT",1,1,0,2,"8:56","V",22,"225","130","Tundra","","Pair","81-82",NA,NA,NA
"609",2018,"Teller","T2",1,"2018-05-24","Michael Henderson","Devin Johnson","WIPT",0,0,1,1,"8:59","A",22,"90","U","U","","Heard WIPT, likely M","83",NA,NA,NA
"610",2018,"Teller","T2",1,"2018-05-24","Michael Henderson","Devin Johnson","WIPT",1,0,0,1,"9:02","V",23,"90","48","Tundra","","","84",NA,NA,NA
"611",2018,"Teller","T2",1,"2018-05-24","Michael Henderson","Devin Johnson","GOPL",0,0,1,1,"9:02","V",23,"90","53","Tundra","","","85",NA,NA,NA
"612",2018,"Teller","T2",1,"2018-05-24","Michael Henderson","Devin Johnson","WIPT",1,0,0,1,"9:04","V",23,"270","400","Tundra","","","86",NA,NA,NA
"613",2018,"Teller","T2",1,"2018-05-24","Michael Henderson","Devin Johnson","WIPT",1,0,0,1,"9:08","V",24,NA,"0","Road","","Near shrub","87",NA,NA,NA
"614",2018,"Teller","T2",1,"2018-05-24","Michael Henderson","Devin Johnson","WIPT",1,0,0,1,"9:09","V",24,"270","1","Shrub","","","88",NA,NA,NA
"615",2018,"Teller","T2",1,"2018-05-24","Michael Henderson","Devin Johnson","WIPT",1,0,0,1,"9:10","V",24,"90","104","Tundra","","","89",NA,NA,NA
"616",2018,"Teller","T2",1,"2018-05-24","Michael Henderson","Devin Johnson","WIPT",1,0,0,1,"9:11","V",24,"225","69","Tundra","","","90",NA,NA,NA
"617",2018,"Teller","T2",1,"2018-05-24","Michael Henderson","Devin Johnson","WIPT",1,0,0,1,"9:12","V",24,"225","129","Tundra","","","91",NA,NA,NA
"618",2018,"Teller","T2",1,"2018-05-24","Michael Henderson","Devin Johnson","WISN",0,0,1,1,"9:13","V",24,"225","59","Tundra","","","92",NA,NA,NA
"619",2018,"Teller","T2",1,"2018-05-24","Michael Henderson","Devin Johnson","WIPT",1,0,0,1,"9:15","V",24,"225","200","Tundra","","","93",NA,NA,NA
"620",2018,"Teller","T2",1,"2018-05-24","Michael Henderson","Devin Johnson","WIPT",1,0,0,1,"9:17","V",24,NA,"0","Road","","Near tundra","94",NA,NA,NA
"621",2018,"Teller","T2",1,"2018-05-24","Michael Henderson","Devin Johnson","WIPT",1,0,0,1,"9:20","V",24,"225","43","Tundra","","","95",NA,NA,NA
"622",2018,"Teller","T2",1,"2018-05-24","Michael Henderson","Devin Johnson","BTGO",0,0,2,2,"9:22","V",24,"45","160","Tundra","","Sitting on tundra together, flew off","96-97",NA,NA,NA
"623",2018,"Teller","T2",1,"2018-05-24","Michael Henderson","Devin Johnson","WIPT",1,0,0,1,"9:25","V",25,"90","48","Tundra","","","98",NA,NA,NA
"624",2018,"Teller","T2",1,"2018-05-24","Michael Henderson","Devin Johnson","WIPT",1,0,0,1,"9:27","V",25,"45","51","Tundra","","","99",NA,NA,NA
"625",2018,"Teller","T2",1,"2018-05-24","Michael Henderson","Devin Johnson","WIPT",1,0,0,1,"9:28","V",25,"90","300","Tundra","","","100",NA,NA,NA
"626",2018,"Teller","T2",1,"2018-05-24","Michael Henderson","Devin Johnson","WIPT",1,0,0,1,"9:35","V",26,"90","102","Tundra","","","101",NA,NA,NA
"627",2018,"Teller","T2",1,"2018-05-24","Michael Henderson","Devin Johnson","WIPT",1,0,0,1,"9:38","V",26,"90","2","Tundra","","","102",NA,NA,NA
"628",2018,"Teller","T2",1,"2018-05-24","Michael Henderson","Devin Johnson","WIPT",1,0,0,1,"9:39","V",26,"315","400","Tundra","","","103",NA,NA,NA
"629",2018,"Teller","T2",1,"2018-05-24","Michael Henderson","Devin Johnson","WIPT",1,0,0,1,"9:40","V",26,"315","400","Shrub","","","104",NA,NA,NA
"630",2018,"Teller","T2",1,"2018-05-24","Michael Henderson","Devin Johnson","WIPT",1,0,0,1,"9:43","V",27,"315","200","Tundra","","","105",NA,NA,NA
"631",2018,"Teller","T2",1,"2018-05-24","Michael Henderson","Devin Johnson","WIPT",1,0,0,1,"9:43","V",27,"315","350","Tundra","","","106",NA,NA,NA
"632",2018,"Teller","T2",1,"2018-05-24","Michael Henderson","Devin Johnson","WIPT",1,0,0,1,"9:43","V",27,"315","400","Tundra","","","107",NA,NA,NA
"633",2018,"Teller","T2",1,"2018-05-24","Michael Henderson","Devin Johnson","WIPT",1,0,0,1,"9:46","V",27,"270","124","Shrub","","Perched on shrub","108",NA,NA,NA
"634",2018,"Teller","T2",1,"2018-05-24","Michael Henderson","Devin Johnson","WIPT",1,0,0,1,"9:48","V",27,"90","33","Shrub","","Perched on shrub","109",NA,NA,NA
"635",2018,"Teller","T2",1,"2018-05-24","Michael Henderson","Devin Johnson","WIPT",1,0,0,1,"9:49","V",27,"90","43","Tundra","","","110",NA,NA,NA
"636",2018,"Teller","T2",1,"2018-05-24","Michael Henderson","Devin Johnson","WIPT",2,0,0,2,"9:52","V",27,"270","63","Tundra","","2 males together","111-112",NA,NA,NA
"637",2018,"Teller","T2",1,"2018-05-24","Michael Henderson","Devin Johnson","LTJA",0,0,1,1,"9:52","V",27,"270","95","Tundra","","","113",NA,NA,NA
"638",2018,"Teller","T2",1,"2018-05-24","Michael Henderson","Devin Johnson","WIPT",0,1,0,1,"9:54","V",27,"315","200","Tundra","","","114",NA,NA,NA
"639",2018,"Teller","T2",1,"2018-05-24","Michael Henderson","Devin Johnson","WIPT",1,0,0,1,"9:55","V",27,"270","70","Tundra","","","115",NA,NA,NA
"640",2018,"Teller","T2",1,"2018-05-24","Michael Henderson","Devin Johnson","WIPT",1,0,0,1,"9:57","V",27,"270","200","Tundra","","","116",NA,NA,NA
"641",2018,"Teller","T2",1,"2018-05-24","Michael Henderson","Devin Johnson","WIPT",1,0,0,1,"9:59","V",27,"315","150","Tundra","","","117",NA,NA,NA
"642",2018,"Teller","T3",1,"2018-05-26","Michael Henderson","Devin Johnson","WIPT",2,0,0,2,"8:15","V",28,NA,"0","Road","","Near tundra","118-119",NA,NA,NA
"643",2018,"Teller","T3",1,"2018-05-26","Michael Henderson","Devin Johnson","WIPT",1,0,0,1,"8:19","V",29,"90","150","Tundra","Snow","","120",NA,NA,NA
"644",2018,"Teller","T3",1,"2018-05-26","Michael Henderson","Devin Johnson","WIPT",1,0,0,1,"8:22","V",29,"270","30","Tundra","Snow","","121",NA,NA,NA
"645",2018,"Teller","T3",1,"2018-05-26","Michael Henderson","Devin Johnson","WIPT",0,1,0,1,"8:24","V",29,"90","120","Tundra","","","122",NA,NA,NA
"646",2018,"Teller","T3",1,"2018-05-26","Michael Henderson","Devin Johnson","WIPT",1,0,0,1,"8:26","V",29,"270","143","Tundra","","","123",NA,NA,NA
"647",2018,"Teller","T3",1,"2018-05-26","Michael Henderson","Devin Johnson","WIPT",1,0,0,1,"8:40","V",31,"270","5","Tundra","","","124",NA,NA,NA
"648",2018,"Teller","T3",1,"2018-05-26","Michael Henderson","Devin Johnson","GOPL",0,0,1,1,"8:42","V",31,"90","14","Tundra","","","125",NA,NA,NA
"649",2018,"Teller","T3",1,"2018-05-26","Michael Henderson","Devin Johnson","LTJA",0,0,1,1,"8:44","V",31,"135","225","Tundra","","","126",NA,NA,NA
"650",2018,"Teller","T3",1,"2018-05-26","Michael Henderson","Devin Johnson","WIPT",1,0,0,1,"8:52","V",32,"90","67","Tundra","","","127",NA,NA,NA
"651",2018,"Teller","T3",1,"2018-05-26","Michael Henderson","Devin Johnson","WIPT",1,0,0,1,"8:54","V",33,"270","111","Tundra","","","128",NA,NA,NA
"652",2018,"Teller","T3",1,"2018-05-26","Michael Henderson","Devin Johnson","GOPL",0,0,1,1,"8:55","V",33,"270","63","Tundra","Snow","","129",NA,NA,NA
"653",2018,"Teller","T3",1,"2018-05-26","Michael Henderson","Devin Johnson","GOPL",0,0,1,1,"8:57","A",33,"U","U","Tundra","","Heard GOPL that was not previous individual","130",NA,NA,NA
"654",2018,"Teller","T3",1,"2018-05-26","Michael Henderson","Devin Johnson","WIPT",1,1,0,2,"8:59","V",33,"270","33","Shrub","Road","M perched on shrub, F on tundra 3m from road","131-132",NA,NA,NA
"655",2018,"Teller","T3",1,"2018-05-26","Michael Henderson","Devin Johnson","WIPT",1,0,0,1,"8:59","V",33,"315","300","Tundra","","","133",NA,NA,NA
"656",2018,"Teller","T3",1,"2018-05-26","Michael Henderson","Devin Johnson","LTJA",0,0,1,1,"9:00","V",33,NA,"0","Road","","Flying","134",NA,NA,NA
"657",2018,"Teller","T3",1,"2018-05-26","Michael Henderson","Devin Johnson","WIPT",1,0,0,1,"9:02","V",33,"90","140","Tundra","Snow","","135",NA,NA,NA
"658",2018,"Teller","T3",1,"2018-05-26","Michael Henderson","Devin Johnson","WIPT",1,1,0,2,"9:04","V",33,"270","350","Tundra","","Pair","136-137",NA,NA,NA
"659",2018,"Teller","T3",1,"2018-05-26","Michael Henderson","Devin Johnson","WIPT",0,1,0,1,"9:06","V",34,"90","188","Tundra","","","138",NA,NA,NA
"660",2018,"Teller","T3",1,"2018-05-26","Michael Henderson","Devin Johnson","LTJA",0,0,1,1,"9:06","V",34,"270","200","Tundra","","LTJA killed WISN, stolen by RLHA","139",NA,NA,NA
"661",2018,"Teller","T3",1,"2018-05-26","Michael Henderson","Devin Johnson","WISN",0,0,1,1,"9:06","V",34,"270","200","Tundra","","Died","140",NA,NA,NA
"662",2018,"Teller","T3",1,"2018-05-26","Michael Henderson","Devin Johnson","WIPT",1,0,0,1,"9:09","V",34,"90","147","Tundra","","","141",NA,NA,NA
"663",2018,"Teller","T3",1,"2018-05-26","Michael Henderson","Devin Johnson","WIPT",1,0,0,1,"9:15","V",34,"90","23","Tundra","","","142",NA,NA,NA
"664",2018,"Teller","T3",1,"2018-05-26","Michael Henderson","Devin Johnson","WIPT",1,1,0,2,"9:17","V",34,"90","105","Tundra","","Pair, F 47m E","143-144",NA,NA,NA
"665",2018,"Teller","T3",1,"2018-05-26","Michael Henderson","Devin Johnson","WIPT",1,0,0,1,"9:18","V",34,"270","350","Tundra","","","145",NA,NA,NA
"666",2018,"Teller","T3",1,"2018-05-26","Michael Henderson","Devin Johnson","WIPT",1,0,0,1,"9:19","V",34,"90","150","Tundra","","","146",NA,NA,NA
"667",2018,"Teller","T3",1,"2018-05-26","Michael Henderson","Devin Johnson","WIPT",0,0,1,1,"9:21","A",34,"90","U","Tundra","","Heard WIPT, probably M","147",NA,NA,NA
"668",2018,"Teller","T3",1,"2018-05-26","Michael Henderson","Devin Johnson","WISN",0,0,2,2,"9:22","V",34,"270","85","Tundra","Road","One on road, one 85m away on tundra. Probably a pair. ","148-149",NA,NA,NA
"669",2018,"Teller","T3",1,"2018-05-26","Michael Henderson","Devin Johnson","WIPT",1,0,0,1,"9:23","V",34,"270","165","Tundra","","","150",NA,NA,NA
"670",2018,"Teller","T3",1,"2018-05-26","Michael Henderson","Devin Johnson","WIPT",1,0,0,1,"9:24","V",34,"270","177","Tundra","","","151",NA,NA,NA
"671",2018,"Teller","T3",1,"2018-05-26","Michael Henderson","Devin Johnson","WIPT",1,0,0,1,"9:26","V",34,"270","350","Tundra","","","152",NA,NA,NA
"672",2018,"Teller","T3",1,"2018-05-26","Michael Henderson","Devin Johnson","LTJA",0,0,1,1,"9:26","V",34,"270","200","Tundra","","Flying","153",NA,NA,NA
"673",2018,"Teller","T3",1,"2018-05-26","Michael Henderson","Devin Johnson","WIPT",1,1,0,2,"9:28","V",35,"90","92","Tundra","Road","M on road, F 92m E on tundra","154-155",NA,NA,NA
"674",2018,"Teller","T3",1,"2018-05-26","Michael Henderson","Devin Johnson","AGSQ",0,0,1,1,"9:29","V",35,"90","70","Tundra","Snow","","156",NA,NA,NA
"675",2018,"Teller","T3",1,"2018-05-26","Michael Henderson","Devin Johnson","WIPT",1,0,0,1,"9:31","V",35,"270","161","Tundra","","","157",NA,NA,NA
"676",2018,"Teller","T3",1,"2018-05-26","Michael Henderson","Devin Johnson","WIPT",1,0,0,1,"9:33","V",35,"90","76","Tundra","","","158",NA,NA,NA
"677",2018,"Teller","T3",1,"2018-05-26","Michael Henderson","Devin Johnson","WIPT",1,0,0,1,"9:35","V",35,"270","200","Tundra","","","159",NA,NA,NA
"678",2018,"Teller","T3",1,"2018-05-26","Michael Henderson","Devin Johnson","GOPL",0,0,2,2,"9:38","V",35,"270","70","Tundra","","Likely a pair","160-161",NA,NA,NA
"679",2018,"Teller","T3",1,"2018-05-26","Michael Henderson","Devin Johnson","GOPL",0,0,2,2,"9:42","V",36,"270","70","Tundra","","Likely a pair","162-163",NA,NA,NA
"680",2018,"Teller","T3",1,"2018-05-26","Michael Henderson","Devin Johnson","LTJA",0,0,2,2,"9:45","V",36,"270","115","Tundra","","Likely a pair","164-165",NA,NA,NA
"681",2018,"Teller","T3",1,"2018-05-26","Michael Henderson","Devin Johnson","LTJA",0,0,2,2,"9:45","V",36,"90","100","Tundra","","Flying over river","166-167",NA,NA,NA
"682",2018,"Teller","T3",1,"2018-05-26","Michael Henderson","Devin Johnson","AGSQ",0,0,2,2,"9:48","V",36,"90","50","Tundra","","2 together","168-169",NA,NA,NA
"683",2018,"Teller","T3",1,"2018-05-26","Michael Henderson","Devin Johnson","GOPL",0,0,1,1,"9:56","V",37,"90","10","Tundra","","","170",NA,NA,NA
"684",2018,"Teller","T3",1,"2018-05-26","Michael Henderson","Devin Johnson","LTJA",0,0,2,2,"9:58","V",37,"90","143","Tundra","","","171",NA,NA,NA
"685",2018,"Teller","T3",1,"2018-05-26","Michael Henderson","Devin Johnson","WIPT",1,1,0,2,"10:02","V",37,"90","53","Tundra","","","172-173",NA,NA,NA
"686",2018,"Teller","T3",1,"2018-05-26","Michael Henderson","Devin Johnson","GOPL",0,0,1,1,"10:03","A",37,"90","U","Tundra","","","174",NA,NA,NA
"687",2018,"Teller","T3",1,"2018-05-26","Michael Henderson","Devin Johnson","AGSQ",0,0,1,1,"10:03","V",37,"270","99","Tundra","","","175",NA,NA,NA
"688",2018,"Teller","T3",1,"2018-05-26","Michael Henderson","Devin Johnson","GOPL",0,0,3,3,"10:06","V",37,"270","48","Tundra","","3 GOPL at 48, 23, 52 meters","176-178",NA,NA,NA
"689",2018,"Teller","T3",1,"2018-05-26","Michael Henderson","Devin Johnson","AGSQ",0,0,1,1,"10:08","V",38,"90","90","Tundra","","","179",NA,NA,NA
"690",2018,"Kougarok","K3",1,"2018-05-29","Devin Johnson","Michael Henderson","WIPT",1,1,0,2,"7:26","V",33,"90","10","Snow","","Flushed to shrubs","180-181",NA,NA,NA
"691",2018,"Kougarok","K3",1,"2018-05-29","Devin Johnson","Michael Henderson","WIPT",1,0,0,1,"7:28","V",33,"90","8","Snow","","Perched on snow berm","182",NA,NA,NA
"692",2018,"Kougarok","K3",1,"2018-05-29","Devin Johnson","Michael Henderson","WISN",0,0,1,1,"7:30","V",34,"90","5","Snow","","Flushed off snow berm","183",NA,NA,NA
"693",2018,"Kougarok","K3",1,"2018-05-29","Devin Johnson","Michael Henderson","WIPT",1,1,0,2,"7:33","V",34,"270","30","Shrub","","In shrubs on snow, F 10m from M","184-185",NA,NA,NA
"694",2018,"Kougarok","K3",1,"2018-05-29","Devin Johnson","Michael Henderson","WIPT",1,0,0,1,"7:38","V",35,"270","42","Shrub","","Shrubs on snow","186",NA,NA,NA
"695",2018,"Kougarok","K3",1,"2018-05-29","Devin Johnson","Michael Henderson","WIPT",1,0,0,1,"7:42","V",36,"90","10","Snow","","Flushed off snow berm","187",NA,NA,NA
"696",2018,"Kougarok","K3",1,"2018-05-29","Devin Johnson","Michael Henderson","WIPT",1,0,0,1,"7:43","V",36,"90","12","Snow","","On snow berm, vocalized","188",NA,NA,NA
"697",2018,"Kougarok","K3",1,"2018-05-29","Devin Johnson","Michael Henderson","WISN",0,0,2,2,"7:50","V",37,"90","40","Shrub","","Flying over road to shrubs","189-190",NA,NA,NA
"698",2018,"Kougarok","K3",1,"2018-05-29","Devin Johnson","Michael Henderson","WISN",0,0,2,2,"7:56","V",38,"90","5","Snow","","Flushed together off road, landed in snow","191-192",NA,NA,NA
"699",2018,"Kougarok","K3",1,"2018-05-29","Devin Johnson","Michael Henderson","WIPT",1,0,0,1,"7:57","V",38,"90","8","Snow","","Perched on snow berm","193",NA,NA,NA
"700",2018,"Kougarok","K3",1,"2018-05-29","Devin Johnson","Michael Henderson","WIPT",1,0,0,1,"8:01","V",38,"90","4","Snow","","Perched on snow berm","194",NA,NA,NA
"701",2018,"Kougarok","K3",1,"2018-05-29","Devin Johnson","Michael Henderson","WIPT",1,0,0,1,"8:05","V",39,"270","124","Shrub","","Perched on shrub","195",NA,NA,NA
"702",2018,"Kougarok","K3",1,"2018-05-29","Devin Johnson","Michael Henderson","WIPT",1,0,0,1,"8:13","V",40,"90","15","Snow","","Perched on snow berm","196",NA,NA,NA
"703",2018,"Kougarok","K3",1,"2018-05-29","Devin Johnson","Michael Henderson","WIPT",1,0,0,1,"8:19","V",41,"90","350","Shrub","","shrubs on snow","197",NA,NA,NA
"704",2018,"Kougarok","K4",1,"2018-05-29","Devin Johnson","Michael Henderson","WIPT",1,0,0,1,"8:37","V",43,"90","155","Tundra","","Perched","198",NA,NA,NA
"705",2018,"Kougarok","K4",1,"2018-05-29","Devin Johnson","Michael Henderson","WIPT",1,0,0,1,"8:45","V",44,"90","300","Shrub","","Flying, landed in shrub","199",NA,NA,NA
"706",2018,"Kougarok","K4",1,"2018-05-29","Devin Johnson","Michael Henderson","NOHA",0,1,0,1,"8:52","V",45,"270","250","Tundra","","Perched on tundra","200",NA,NA,NA
"707",2018,"Kougarok","K4",1,"2018-05-29","Devin Johnson","Michael Henderson","ROPT",1,1,0,2,"9:02","V",46,"270","400","Tundra","","Walking together","201-202",NA,NA,NA
"708",2018,"Kougarok","K4",1,"2018-05-29","Devin Johnson","Michael Henderson","ROPT",0,0,1,1,"9:21","V",49,"270","350","Bare ground","","Perched on rock","203",NA,NA,NA
"709",2018,"Kougarok","K4",1,"2018-05-29","Devin Johnson","Michael Henderson","ROPT",0,0,1,1,"9:24","V",49,"270","67","Tundra","","Rocky tundra","204",NA,NA,NA
"710",2018,"Kougarok","K4",1,"2018-05-29","Devin Johnson","Michael Henderson","GOPL",0,0,1,1,"9:24","V",49,"270","90","Tundra","","Perched","205",NA,NA,NA
"711",2018,"Kougarok","K4",1,"2018-05-29","Devin Johnson","Michael Henderson","AGSQ",0,0,1,1,"9:27","V",49,"90","93","Tundra","","Vigilant","206",NA,NA,NA
"712",2018,"Kougarok","K4",1,"2018-05-29","Devin Johnson","Michael Henderson","GOPL",0,0,1,1,"9:30","V",50,"270","24","Tundra","","Flying","207",NA,NA,NA
"713",2018,"Kougarok","K4",1,"2018-05-29","Devin Johnson","Michael Henderson","GOPL",0,0,1,1,"9:32","V",50,"270","150","Tundra","","Perched","208",NA,NA,NA
"714",2018,"Kougarok","K4",1,"2018-05-29","Devin Johnson","Michael Henderson","GOPL",0,0,1,1,"9:33","V",50,"270","45","Tundra","","","209",NA,NA,NA
"715",2018,"Kougarok","K4",1,"2018-05-29","Devin Johnson","Michael Henderson","GOPL",0,0,1,1,"9:35","V",50,"270","80","Tundra","","","210",NA,NA,NA
"716",2018,"Kougarok","K4",1,"2018-05-29","Devin Johnson","Michael Henderson","GOPL",0,0,1,1,"9:36","V",50,"90","20","Tundra","","","211",NA,NA,NA
"717",2018,"Kougarok","K4",1,"2018-05-29","Devin Johnson","Michael Henderson","GOPL",0,0,1,1,"9:36","V",50,"90","36","Tundra","","","212",NA,NA,NA
"718",2018,"Kougarok","K4",1,"2018-05-29","Devin Johnson","Michael Henderson","WHIM",0,0,1,1,"9:42","V",51,"90","86","Tundra","","Perched. Only saw profile, either WHIM or BTCU","213",NA,NA,NA
"719",2018,"Kougarok","K4",1,"2018-05-29","Devin Johnson","Michael Henderson","ROPT",0,0,1,1,"9:46","V",52,"90","3","Snow","","Flushed off snow berm, vocalized","214",NA,NA,NA
"720",2018,"Kougarok","K4",1,"2018-05-29","Devin Johnson","Michael Henderson","SSHA",0,0,1,1,"9:56","V",53,"90","40","Shrub","","Big and white, ran into shrubs. Got photo","215",NA,NA,NA
"721",2018,"Kougarok","K4",1,"2018-05-29","Devin Johnson","Michael Henderson","WIPT",1,0,0,1,"9:59","V",53,"90","22","Shrub","","Shrubs on snow","216",NA,NA,NA
"722",2018,"Teller","T4",1,"2018-05-30","Devin Johnson","Michael Henderson","ROPT",0,0,2,2,"8:11","V",38,"90","350","Tundra","","Flying over rocky tundra","217-218",NA,NA,NA
"723",2018,"Teller","T4",1,"2018-05-30","Devin Johnson","Michael Henderson","WIPT",1,0,0,1,"8:18","V",39,"270","15","Tundra","","","219",NA,NA,NA
"724",2018,"Teller","T4",1,"2018-05-30","Devin Johnson","Michael Henderson","ROPT",1,0,0,1,"8:19","V",39,"90","109","Tundra","","Walking","220",NA,NA,NA
"725",2018,"Teller","T4",1,"2018-05-30","Devin Johnson","Michael Henderson","WIPT",1,0,0,1,"8:21","V",39,"270","150","Tundra","","Flying","221",NA,NA,NA
"726",2018,"Teller","T4",1,"2018-05-30","Devin Johnson","Michael Henderson","ROPT",0,0,1,1,"8:22","V",39,"90","94","Tundra","","Perched","222",NA,NA,NA
"727",2018,"Teller","T4",1,"2018-05-30","Devin Johnson","Michael Henderson","WIPT",1,0,0,1,"8:22","V",39,"90","33","Tundra","","Sitting, vocalized. Near 222 (no waypoint for this one)","~222",NA,NA,NA
"728",2018,"Teller","T4",1,"2018-05-30","Devin Johnson","Michael Henderson","LTJA",0,0,1,1,"8:26","V",39,"90","0","Tundra","","Flying over road","223",NA,NA,NA
"729",2018,"Teller","T4",1,"2018-05-30","Devin Johnson","Michael Henderson","LTJA",0,0,1,1,"8:27","V",39,"90","51","Tundra","","perched","224",NA,NA,NA
"730",2018,"Teller","T4",1,"2018-05-30","Devin Johnson","Michael Henderson","ROPT",1,0,0,1,"8:29","V",39,"90","30","Tundra","","Perched","225",NA,NA,NA
"731",2018,"Teller","T4",1,"2018-05-30","Devin Johnson","Michael Henderson","WIPT",1,0,0,1,"8:35","V",40,"270","15","Tundra","","Perched in rain","226",NA,NA,NA
"732",2018,"Teller","T4",1,"2018-05-30","Devin Johnson","Michael Henderson","ROPT",0,0,1,1,"8:40","V",41,"270","36","Tundra","","Perched on rock","227",NA,NA,NA
"733",2018,"Teller","T4",1,"2018-05-30","Devin Johnson","Michael Henderson","ROPT",0,0,1,1,"8:43","V",42,"90","110","Tundra","","Perched on rocky tundra","228",NA,NA,NA
"734",2018,"Teller","T4",1,"2018-05-30","Devin Johnson","Michael Henderson","WIPT",1,0,0,1,"8:48","V",43,"270","3","Tundra","","Flushed off road","229",NA,NA,NA
"735",2018,"Teller","T4",1,"2018-05-30","Devin Johnson","Michael Henderson","WIPT",1,0,0,1,"8:51","V",43,"270","70","Tundra","","","230",NA,NA,NA
"736",2018,"Teller","T4",1,"2018-05-30","Devin Johnson","Michael Henderson","WIPT",1,0,0,1,"8:52","V",43,"90","22","Tundra","","Perched and vocalizing","231",NA,NA,NA
"737",2018,"Teller","T4",1,"2018-05-30","Devin Johnson","Michael Henderson","WIPT",1,0,0,1,"8:55","V",43,NA,"0","Tundra","","Flushed off road","232",NA,NA,NA
"738",2018,"Teller","T4",1,"2018-05-30","Devin Johnson","Michael Henderson","WIPT",1,0,0,1,"8:57","V",43,"135","150","Tundra","","Perched","233",NA,NA,NA
"739",2018,"Teller","T4",1,"2018-05-30","Devin Johnson","Michael Henderson","GOPL",0,0,2,2,"8:59","V",44,"270","100","Tundra","","Flew together over road","234-235",NA,NA,NA
"740",2018,"Teller","T4",1,"2018-05-30","Devin Johnson","Michael Henderson","ROPT",0,0,1,1,"9:01","V",44,NA,"0","Tundra","","Flushed off road to rocky tundra","236",NA,NA,NA
"741",2018,"Teller","T4",1,"2018-05-30","Devin Johnson","Michael Henderson","WIPT",1,0,0,1,"9:02","V",44,"90","175","Tundra","","Perched","237",NA,NA,NA
"742",2018,"Teller","T4",1,"2018-05-30","Devin Johnson","Michael Henderson","WIPT",1,0,0,1,"9:05","V",45,NA,"0","Shrub","","Flushed off road to shrubs","238",NA,NA,NA
"743",2018,"Teller","T4",1,"2018-05-30","Devin Johnson","Michael Henderson","WIPT",1,0,0,1,"9:06","V",45,"90","70","Shrub","","Flying, landed in shrubs, vocalized","239",NA,NA,NA
"744",2018,"Teller","T4",1,"2018-05-30","Devin Johnson","Michael Henderson","ROPT",0,0,1,1,"9:07","V",45,"270","110","Tundra","","Perched","240",NA,NA,NA
"745",2018,"Teller","T4",1,"2018-05-30","Devin Johnson","Michael Henderson","ROPT",0,0,1,1,"9:09","V",45,"270","55","Tundra","","Perched","241",NA,NA,NA
"746",2018,"Teller","T4",1,"2018-05-30","Devin Johnson","Michael Henderson","ROPT",0,0,1,1,"9:10","V",45,"270","101","Tundra","","Foraging in rocky tundra","242",NA,NA,NA
"747",2018,"Teller","T4",1,"2018-05-30","Devin Johnson","Michael Henderson","ROPT",0,0,1,1,"9:12","V",46,"270","57","Tundra","","Walking on rocky tundra","243",NA,NA,NA
"748",2018,"Teller","T4",1,"2018-05-30","Devin Johnson","Michael Henderson","ROPT",1,0,0,1,"9:14","V",46,NA,"0","Tundra","","Flushed off road to rocky tundra","244",NA,NA,NA
"749",2018,"Teller","T4",1,"2018-05-30","Devin Johnson","Michael Henderson","WIPT",1,0,0,1,"9:15","V",46,"90","61","Tundra","","Perched","245",NA,NA,NA
"750",2018,"Teller","T4",1,"2018-05-30","Devin Johnson","Michael Henderson","WIPT",1,0,0,1,"9:16","V",46,"90","205","Shrub","","Perched on tall shrub","246",NA,NA,NA
"751",2018,"Teller","T4",1,"2018-05-30","Devin Johnson","Michael Henderson","WIPT",1,0,0,1,"9:16","V",46,"270","78","Shrub","","Perched on cabin roof","247",NA,NA,NA
"752",2018,"Teller","T4",1,"2018-05-30","Devin Johnson","Michael Henderson","ROPT",0,0,1,1,"9:17","V",46,"90","300","Tundra","","","248",NA,NA,NA
"753",2018,"Teller","T4",1,"2018-05-30","Devin Johnson","Michael Henderson","ROPT",0,0,1,1,"9:19","V",46,"90","400","Tundra","","Rocky tundra","249",NA,NA,NA
"754",2018,"Teller","T4",1,"2018-05-30","Devin Johnson","Michael Henderson","ROPT",0,0,1,1,"9:21","V",47,"135","350","Tundra","","","250",NA,NA,NA
"755",2018,"Teller","T4",1,"2018-05-30","Devin Johnson","Michael Henderson","ROPT",0,0,1,1,"9:21","V",47,"90","300","Tundra","","","251",NA,NA,NA
"756",2018,"Teller","T4",1,"2018-05-30","Devin Johnson","Michael Henderson","WIPT",1,0,0,1,"9:21","V",47,NA,"0","Tundra","","Flushed off road to tundra","252",NA,NA,NA
"757",2018,"Teller","T4",1,"2018-05-30","Devin Johnson","Michael Henderson","ROPT",0,0,1,1,"9:25","V",47,"270","350","Tundra","","","253",NA,NA,NA
"758",2018,"Teller","T4",1,"2018-05-30","Devin Johnson","Michael Henderson","ROPT",0,0,1,1,"9:26","V",47,NA,"0","Tundra","","Flushed off road to tundra, likely M","254",NA,NA,NA
"759",2018,"Teller","T4",1,"2018-05-30","Devin Johnson","Michael Henderson","ROPT",0,0,1,1,"9:28","V",47,"90","132","Tundra","","Perched, likely M","255",NA,NA,NA
"760",2018,"Teller","T4",1,"2018-05-30","Devin Johnson","Michael Henderson","WIPT",1,0,0,1,"9:29","V",47,NA,"0","Tundra","","On road, didn't flush","256",NA,NA,NA
"761",2018,"Teller","T4",1,"2018-05-30","Devin Johnson","Michael Henderson","WIPT",1,0,0,1,"9:31","V",47,"315","90","Shrub","","500m S of WP#257","257",NA,NA,NA
"762",2018,"Teller","T4",1,"2018-05-30","Devin Johnson","Michael Henderson","ROPT",0,0,1,1,"9:33","V",47,"135","107","Tundra","","Perched on rock","~257",NA,NA,NA
"763",2018,"Teller","T4",1,"2018-05-30","Devin Johnson","Michael Henderson","WIPT",1,0,0,1,"9:35","V",47,"315","40","Shrub","","Perched on cabin roof","258",NA,NA,NA
"764",2018,"Teller","T4",1,"2018-05-30","Devin Johnson","Michael Henderson","ROPT",0,0,1,1,"9:37","V",47,"315","88","Tundra","","Grassy tundra","259",NA,NA,NA
"765",2018,"Teller","T4",1,"2018-05-30","Devin Johnson","Michael Henderson","WIPT",1,0,0,1,"9:40","V",48,"315","180","Tundra","","","260",NA,NA,NA
"766",2018,"Teller","T4",1,"2018-05-30","Devin Johnson","Michael Henderson","ROPT",0,0,1,1,"9:40","V",48,"315","190","Tundra","","","261",NA,NA,NA
"767",2018,"Teller","T5",1,"2018-05-30","Devin Johnson","Michael Henderson","WIPT",1,0,0,1,"9:47","V",48,"315","10","Tundra","","","262",NA,NA,NA
"768",2018,"Teller","T5",1,"2018-05-30","Devin Johnson","Michael Henderson","WIPT",1,0,0,1,"9:48","V",48,"315","69","Tundra","","","263",NA,NA,NA
"769",2018,"Teller","T5",1,"2018-05-30","Devin Johnson","Michael Henderson","WIPT",1,0,0,1,"9:48","V",48,"135","300","Tundra","","","264",NA,NA,NA
"770",2018,"Teller","T5",1,"2018-05-30","Devin Johnson","Michael Henderson","WIPT",1,0,0,1,"9:50","V",48,NA,"0","Tundra","","On road next to tundra","265",NA,NA,NA
"771",2018,"Teller","T5",1,"2018-05-30","Devin Johnson","Michael Henderson","WIPT",1,0,0,1,"9:51","V",48,NA,"0","Tundra","","On road next to tundra","266",NA,NA,NA
"772",2018,"Teller","T5",1,"2018-05-30","Devin Johnson","Michael Henderson","AGSQ",0,0,1,1,"9:51","V",49,"90","20","Shrub","","Low shrub, vigilant","267",NA,NA,NA
"773",2018,"Teller","T5",1,"2018-05-30","Devin Johnson","Michael Henderson","WISN",0,0,1,1,"9:53","V",49,"90","100","Shrub","","Flying over shrubs","268",NA,NA,NA
"774",2018,"Teller","T5",1,"2018-05-30","Devin Johnson","Michael Henderson","WIPT",1,0,0,1,"9:55","V",49,"135","12","Shrub","","Vocalizing","269",NA,NA,NA
"775",2018,"Teller","T5",1,"2018-05-30","Devin Johnson","Michael Henderson","WIPT",1,0,0,1,"9:55","V",49,NA,"0","Shrub","","Flushed off road to low shrub","270",NA,NA,NA
"776",2018,"Teller","T5",1,"2018-05-30","Devin Johnson","Michael Henderson","WIPT",1,0,0,1,"9:56","V",49,"135","193","Tundra","","","271",NA,NA,NA
"777",2018,"Teller","T5",1,"2018-05-30","Devin Johnson","Michael Henderson","WIPT",1,0,0,1,"9:57","V",49,"315","87","Tundra","","","272",NA,NA,NA
"778",2018,"Teller","T5",1,"2018-05-30","Devin Johnson","Michael Henderson","WIPT",0,1,0,1,"9:57","V",49,"135","275","Tundra","","Low shrub nearby","273",NA,NA,NA
"779",2018,"Teller","T5",1,"2018-05-30","Devin Johnson","Michael Henderson","WIPT",1,0,0,1,"9:57","V",49,"135","400","Tundra","","","274",NA,NA,NA
"780",2018,"Teller","T5",1,"2018-05-30","Devin Johnson","Michael Henderson","WIPT",0,0,1,1,"9:59","V",49,"315","200","Shrub","","Flying over shrubs","275",NA,NA,NA
"781",2018,"Teller","T5",1,"2018-05-30","Devin Johnson","Michael Henderson","WIPT",1,0,0,1,"10:01","V",49,"315","10","Tundra","","Flushed","276",NA,NA,NA
"782",2018,"Teller","T5",1,"2018-05-30","Devin Johnson","Michael Henderson","WIPT",1,0,0,1,"10:01","V",49,"135","400","Tundra","","","277",NA,NA,NA
"783",2018,"Teller","T5",1,"2018-05-30","Devin Johnson","Michael Henderson","WIPT",1,0,0,1,"10:03","V",49,"315","111","Shrub","","Low shrub on tundra","278",NA,NA,NA
"784",2018,"Teller","T5",1,"2018-05-30","Devin Johnson","Michael Henderson","WIPT",1,0,0,1,"10:05","V",49,"315","257","Shrub","","Perched on tall shrub","279",NA,NA,NA
"785",2018,"Teller","T5",1,"2018-05-30","Devin Johnson","Michael Henderson","WIPT",1,0,0,1,"10:06","V",49,"135","300","Tundra","","","280",NA,NA,NA
"786",2018,"Teller","T5",1,"2018-05-30","Devin Johnson","Michael Henderson","WIPT",1,0,0,1,"10:07","V",50,"90","10","Shrub","","Low shrub","281",NA,NA,NA
"787",2018,"Teller","T5",1,"2018-05-30","Devin Johnson","Michael Henderson","WIPT",1,0,0,1,"10:07","V",50,"315","180","Tundra","","Near low shrub","282",NA,NA,NA
"788",2018,"Teller","T5",1,"2018-05-30","Devin Johnson","Michael Henderson","WIPT",1,0,0,1,"10:12","V",50,NA,"0","Tundra","","On road next to tundra","283",NA,NA,NA
"789",2018,"Teller","T5",1,"2018-05-30","Devin Johnson","Michael Henderson","WIPT",1,0,0,1,"10:12","V",50,"45","300","Tundra","","Snowy tundra","284",NA,NA,NA
"790",2018,"Teller","T5",1,"2018-05-30","Devin Johnson","Michael Henderson","WIPT",0,0,1,1,"10:14","V",50,"315","50","Shrub","","Flying, landed in shrub","285",NA,NA,NA
"791",2018,"Teller","T5",1,"2018-05-30","Devin Johnson","Michael Henderson","WIPT",1,0,0,1,"10:16","V",50,NA,"0","Shrub","","On road next to shrubs","286",NA,NA,NA
"792",2018,"Teller","T5",1,"2018-05-30","Devin Johnson","Michael Henderson","WIPT",1,0,0,1,"10:16","V",50,"315","350","Tundra","","Flying over tundra","287",NA,NA,NA
"793",2018,"Teller","T5",1,"2018-05-30","Devin Johnson","Michael Henderson","WIPT",1,0,0,1,"10:18","V",50,"315","61","Shrub","","low shrub","288",NA,NA,NA
"794",2018,"Teller","T5",1,"2018-05-30","Devin Johnson","Michael Henderson","WIPT",1,0,0,1,"10:20","V",51,"135","86","Tundra","","Perched","289",NA,NA,NA
"795",2018,"Teller","T5",1,"2018-05-30","Devin Johnson","Michael Henderson","WIPT",1,0,0,1,"10:22","V",51,NA,"0","Tundra","","On road next to tundra","290",NA,NA,NA
"796",2018,"Teller","T5",1,"2018-05-30","Devin Johnson","Michael Henderson","WIPT",1,0,0,1,"10:23","V",51,"135","100","Tundra","","Flying, landed on tundra","291",NA,NA,NA
"797",2018,"Teller","T5",1,"2018-05-30","Devin Johnson","Michael Henderson","WIPT",1,0,0,1,"10:23","V",51,"135","37","Tundra","","Perched","292",NA,NA,NA
"798",2018,"Teller","T5",1,"2018-05-30","Devin Johnson","Michael Henderson","WIPT",1,0,0,1,"10:25","V",51,"135","85","Tundra","","Perched","293",NA,NA,NA
"799",2018,"Teller","T5",1,"2018-05-30","Devin Johnson","Michael Henderson","WIPT",1,0,0,1,"10:29","V",52,"315","294","Tundra","","","294",NA,NA,NA
"800",2018,"Teller","T5",1,"2018-05-30","Devin Johnson","Michael Henderson","WIPT",1,0,0,1,"10:32","V",52,"270","120","Tundra","","Perched on tussocky tundra","295",NA,NA,NA
"801",2018,"Teller","T5",1,"2018-05-30","Devin Johnson","Michael Henderson","LTJA",0,0,1,1,"10:34","V",52,"90","100","Tundra","","Flying over tundra","296",NA,NA,NA
"802",2018,"Teller","T5",1,"2018-05-30","Devin Johnson","Michael Henderson","WIPT",1,0,0,1,"10:35","V",52,"270","12","Tundra","","Lying down","297",NA,NA,NA
"803",2018,"Teller","T5",1,"2018-05-30","Devin Johnson","Michael Henderson","WIPT",1,0,0,1,"10:37","V",53,"90","15","Shrub","","Low","298",NA,NA,NA
"804",2018,"Teller","T5",1,"2018-05-30","Devin Johnson","Michael Henderson","WIPT",1,0,0,1,"10:38","V",53,"90","16","Tundra","","Hunkered in tussock","299",NA,NA,NA
"805",2018,"Teller","T5",1,"2018-05-30","Devin Johnson","Michael Henderson","WIPT",1,0,0,1,"10:49","V",54,"90","42","Tundra","","","300",NA,NA,NA
"806",2018,"Teller","T5",1,"2018-05-30","Devin Johnson","Michael Henderson","WIPT",2,0,0,2,"10:50","V",55,NA,"0","Tundra","","Flushed off road, flew together","301-302",NA,NA,NA
"807",2018,"Teller","T5",1,"2018-05-30","Devin Johnson","Michael Henderson","WIPT",0,0,1,1,"10:52","V",55,"90","400","Tundra","","Flying","303",NA,NA,NA
"808",2018,"Teller","T5",1,"2018-05-30","Devin Johnson","Michael Henderson","WIPT",0,0,2,2,"10:53","V",55,"90","150","Shrub","","Flying together over shrubs","304-305",NA,NA,NA
"809",2018,"Teller","T5",1,"2018-05-30","Devin Johnson","Michael Henderson","MERL",0,0,1,1,"10:56","V",56,"90","70","Tundra","","Flying over tundra","306",NA,NA,NA
"810",2018,"Teller","T6",1,"2018-06-05","Devin Johnson","Michael Henderson","WIPT",1,0,0,1,"6:55","V",60,NA,"0","Tundra","","On road.","307",NA,NA,NA
"811",2018,"Teller","T6",1,"2018-06-05","Devin Johnson","Michael Henderson","WIPT",1,0,0,1,"6:56","V",60,"315","3","Shrub","","Perched.","308",NA,NA,NA
"812",2018,"Teller","T6",1,"2018-06-05","Devin Johnson","Michael Henderson","WIPT",1,0,0,1,"6:59","V",60,NA,"0","Tundra","","On road.","309",NA,NA,NA
"813",2018,"Teller","T6",1,"2018-06-05","Devin Johnson","Michael Henderson","WIPT",1,0,0,1,"7:00","V",61,NA,"0","Tundra","","On road.","310",NA,NA,NA
"814",2018,"Teller","T6",1,"2018-06-05","Devin Johnson","Michael Henderson","WIPT",1,0,0,1,"7:04","V",61,"315","350","Shrub","","Perched.","311",NA,NA,NA
"815",2018,"Teller","T6",1,"2018-06-05","Devin Johnson","Michael Henderson","WIPT",1,0,0,1,"7:05","V",61,NA,"0","Tundra","","On road.","312",NA,NA,NA
"816",2018,"Teller","T6",1,"2018-06-05","Devin Johnson","Michael Henderson","LTJA",1,0,0,1,"7:07","V",61,NA,"0","Tundra","","Flushed off road.","313",NA,NA,NA
"817",2018,"Teller","T6",1,"2018-06-05","Devin Johnson","Michael Henderson","WIPT",2,0,0,2,"7:10","V",62,"135","94","Tundra","","Sitting together.","314-315",NA,NA,NA
"818",2018,"Teller","T6",1,"2018-06-05","Devin Johnson","Michael Henderson","WIPT",1,0,0,1,"7:15","V",63,"315","10","Shrub","","Flushed.","316",NA,NA,NA
"819",2018,"Teller","T6",1,"2018-06-05","Devin Johnson","Michael Henderson","WIPT",1,0,0,1,"7:16","V",64,NA,"0","Tundra","","Flew across road, landed 30m away.","317",NA,NA,NA
"820",2018,"Teller","T6",1,"2018-06-05","Devin Johnson","Michael Henderson","WIPT",1,0,0,1,"7:19","V",64,"135","5","Shrub","","","318",NA,NA,NA
"821",2018,"Teller","T6",1,"2018-06-05","Devin Johnson","Michael Henderson","WIPT",1,0,0,1,"7:20","V",66,"135","3","Tundra","","roadside.","319",NA,NA,NA
"822",2018,"Teller","T6",1,"2018-06-05","Devin Johnson","Michael Henderson","GOPL",1,0,0,1,"7:26","V",66,"135","70","Tundra","","Perched.","320",NA,NA,NA
"823",2018,"Teller","T6",1,"2018-06-05","Devin Johnson","Michael Henderson","GOPL",1,0,0,1,"7:26","V",66,"135","90","Tundra","","Perched.","321",NA,NA,NA
"824",2018,"Teller","T6",1,"2018-06-05","Devin Johnson","Michael Henderson","LTJA",1,0,0,1,"7:27","V",66,"135","54","Tundra","","Perched.","322",NA,NA,NA
"825",2018,"Teller","T6",1,"2018-06-05","Devin Johnson","Michael Henderson","WIPT",1,0,0,1,"7:28","V",66,"315","47","Tundra","","Near willow.","323",NA,NA,NA
"826",2018,"Teller","T6",1,"2018-06-05","Devin Johnson","Michael Henderson","WIPT",1,0,0,1,"7:31","V",66,"135","7","Tundra","","Flushed.","324",NA,NA,NA
"827",2018,"Teller","T6",1,"2018-06-05","Devin Johnson","Michael Henderson","GOPL",1,0,0,1,"7:35","V",67,"315","27","Tundra","","Perched.","325",NA,NA,NA
"828",2018,"Teller","T4",2,"2018-06-05","Michael Henderson","Devin Johnson","ROPT",1,0,0,1,"9:43","V",48,"45","36","Tundra","","Near shrubs.","352",NA,NA,NA
"829",2018,"Teller","T4",2,"2018-06-05","Michael Henderson","Devin Johnson","WIPT",1,0,0,1,"9:43","V",48,"180","400","Bare ground","","","353",NA,NA,NA
"830",2018,"Teller","T4",2,"2018-06-05","Michael Henderson","Devin Johnson","ROPT",0,1,0,1,"9:48","V",47,"225","10","Tundra","","Some low shrubs.","354",NA,NA,NA
"831",2018,"Teller","T4",2,"2018-06-05","Michael Henderson","Devin Johnson","ROPT",1,0,0,1,"9:51","V",47,"45","200","Tundra","","","355",NA,NA,NA
"832",2018,"Teller","T4",2,"2018-06-05","Michael Henderson","Devin Johnson","ROPT",1,0,0,1,"9:56","V",46,NA,"0","Shrub","","Road.","356",NA,NA,NA
"833",2018,"Teller","T4",2,"2018-06-05","Michael Henderson","Devin Johnson","WIPT",1,0,0,1,"10:03","V",45,"0","25","Shrub","","","357",NA,NA,NA
"834",2018,"Teller","T4",2,"2018-06-05","Michael Henderson","Devin Johnson","ROPT",1,0,0,1,"10:05","V",45,"135","42","Tundra","","","358",NA,NA,NA
"835",2018,"Teller","T4",2,"2018-06-05","Michael Henderson","Devin Johnson","LTJA",0,0,1,1,"10:05","V",45,"135","100","U","","Flying beyond hill.","359",NA,NA,NA
"836",2018,"Teller","T4",2,"2018-06-05","Michael Henderson","Devin Johnson","GOPL",0,0,1,1,"10:13","V",44,"45","30","Tundra","","","360",NA,NA,NA
"837",2018,"Teller","T4",2,"2018-06-05","Michael Henderson","Devin Johnson","GOPL",0,0,1,1,"10:13","V",44,"315","60","Tundra","","","361",NA,NA,NA
"838",2018,"Teller","T4",2,"2018-06-05","Michael Henderson","Devin Johnson","WIPT",1,0,0,1,"10:16","V",44,"180","38","Tundra","","","362",NA,NA,NA
"839",2018,"Teller","T4",2,"2018-06-05","Michael Henderson","Devin Johnson","WIPT",1,0,0,1,"10:19","V",44,"0","31","Tundra","","","363",NA,NA,NA
"840",2018,"Teller","T4",2,"2018-06-05","Michael Henderson","Devin Johnson","WIPT",1,0,0,1,"10:22","V",43,"270","18","Shrub","","","364",NA,NA,NA
"841",2018,"Teller","T4",2,"2018-06-05","Michael Henderson","Devin Johnson","AGSQ",0,0,1,1,"10:22","V",43,NA,"0","Shrub","","On road.","365",NA,NA,NA
"842",2018,"Teller","T4",2,"2018-06-05","Michael Henderson","Devin Johnson","WIPT",1,0,0,1,"10:38","V",40,"45","27","Tundra","","","366",NA,NA,NA
"843",2018,"Teller","T4",2,"2018-06-05","Michael Henderson","Devin Johnson","LTJA",0,0,1,1,"10:41","V",40,"0","200","Tundra","","Flying.","367",NA,NA,NA
"844",2018,"Teller","T4",2,"2018-06-05","Michael Henderson","Devin Johnson","AGSQ",0,0,1,1,"10:46","V",38,"225","38","Tundra","","","368",NA,NA,NA
"845",2018,"Teller","T5",2,"2018-06-05","Michael Henderson","Devin Johnson","WIPT",1,0,0,1,"8:51","V",55,"180","17","Tundra","","","337",NA,NA,NA
"846",2018,"Teller","T5",2,"2018-06-05","Michael Henderson","Devin Johnson","WIPT",0,1,0,1,"8:52","V",55,"180","5","Tundra","","","338",NA,NA,NA
"847",2018,"Teller","T5",2,"2018-06-05","Michael Henderson","Devin Johnson","WIPT",1,0,0,1,"8:55","V",55,NA,"0","Tundra","","Near shrubs.","339",NA,NA,NA
"848",2018,"Teller","T5",2,"2018-06-05","Michael Henderson","Devin Johnson","WIPT",1,0,0,1,"9:02","V",53,NA,"0","Shrub","","Road.","340",NA,NA,NA
"849",2018,"Teller","T5",2,"2018-06-05","Michael Henderson","Devin Johnson","WIPT",1,0,0,1,"9:05","V",52,"0","48","Tundra","","","341",NA,NA,NA
"850",2018,"Teller","T5",2,"2018-06-05","Michael Henderson","Devin Johnson","WIPT",1,0,0,1,"9:14","V",51,NA,"0","Tundra","","Road.","342",NA,NA,NA
"851",2018,"Teller","T5",2,"2018-06-05","Michael Henderson","Devin Johnson","WIPT",1,0,0,1,"9:16","V",51,"45","123","Tundra","","","343",NA,NA,NA
"852",2018,"Teller","T5",2,"2018-06-05","Michael Henderson","Devin Johnson","WIPT",1,0,0,1,"9:17","V",51,"180","300","Tundra","","","344",NA,NA,NA
"853",2018,"Teller","T5",2,"2018-06-05","Michael Henderson","Devin Johnson","WIPT",1,0,0,1,"9:20","V",51,NA,"0","Shrub","","Road.","345",NA,NA,NA
"854",2018,"Teller","T5",2,"2018-06-05","Michael Henderson","Devin Johnson","WIPT",1,0,0,1,"9:26","V",49,NA,"0","Tundra","","Road.","346",NA,NA,NA
"855",2018,"Teller","T5",2,"2018-06-05","Michael Henderson","Devin Johnson","WIPT",1,0,0,1,"9:28","V",49,"180","94","Tundra","","","347",NA,NA,NA
"856",2018,"Teller","T5",2,"2018-06-05","Michael Henderson","Devin Johnson","AGSQ",1,0,0,1,"9:31","V",48,"45","27","Tundra","","Low shrubs.","348",NA,NA,NA
"857",2018,"Teller","T5",2,"2018-06-05","Michael Henderson","Devin Johnson","WIPT",1,0,0,1,"9:32","V",48,"45","14","Tundra","","","349",NA,NA,NA
"858",2018,"Teller","T5",2,"2018-06-05","Michael Henderson","Devin Johnson","WIPT",1,0,0,1,"9:33","V",48,NA,"0","Shrub","","Road.","350",NA,NA,NA
"859",2018,"Teller","T5",2,"2018-06-05","Michael Henderson","Devin Johnson","WIPT",1,0,0,1,"9:34","V",48,NA,"0","Shrub","","Road.","351",NA,NA,NA
"860",2018,"Teller","T6",2,"2018-06-05","Michael Henderson","Devin Johnson","WIPT",0,1,0,1,"7:47","V",68,"270","57","Tundra","","","327",NA,NA,NA
"861",2018,"Teller","T6",2,"2018-06-05","Michael Henderson","Devin Johnson","GOPL",0,0,1,1,"7:56","V",66,"0","48","Tundra","","","328",NA,NA,NA
"862",2018,"Teller","T6",2,"2018-06-05","Michael Henderson","Devin Johnson","WISN",0,0,1,1,"7:57","V",66,NA,"0","Tundra","","Flying.","329",NA,NA,NA
"863",2018,"Teller","T6",2,"2018-06-05","Michael Henderson","Devin Johnson","WIPT",1,0,0,1,"7:59","V",66,"225","42","Tundra","","Vocalize.","330",NA,NA,NA
"864",2018,"Teller","T6",2,"2018-06-05","Michael Henderson","Devin Johnson","WIPT",1,0,0,1,"8:05","V",65,"0","28","Tundra","","","331",NA,NA,NA
"865",2018,"Teller","T6",2,"2018-06-05","Michael Henderson","Devin Johnson","LTJA",0,0,1,1,"8:15","V",62,"45","137","Tundra","","","332",NA,NA,NA
"866",2018,"Teller","T6",2,"2018-06-05","Michael Henderson","Devin Johnson","LTJA",0,0,1,1,"8:15","V",62,NA,"0","Tundra","","On road.","333",NA,NA,NA
"867",2018,"Teller","T6",2,"2018-06-05","Michael Henderson","Devin Johnson","LTJA",0,0,1,1,"8:21","V",61,"180","100","Tundra","","Flying.","334",NA,NA,NA
"868",2018,"Teller","T6",2,"2018-06-05","Michael Henderson","Devin Johnson","WIPT",1,0,0,1,"8:27","V",60,"180","200","Tundra","","","335",NA,NA,NA
"869",2018,"Teller","T6",2,"2018-06-05","Michael Henderson","Devin Johnson","WIPT",1,0,0,1,"8:30","V",59,"0","60","Tundra","","","336",NA,NA,NA
"870",2018,"Kougarok","K5",1,"2018-06-06","Devin Johnson","Michael Henderson","LTJA",0,0,1,1,"7:01","V",57,"270","350","Tundra","","Flying.","369",NA,NA,NA
"871",2018,"Kougarok","K5",1,"2018-06-06","Devin Johnson","Michael Henderson","NOHA",0,0,1,1,"7:03","V",57,NA,"0","Shrub","","Flushed off road.","370",NA,NA,NA
"872",2018,"Kougarok","K5",1,"2018-06-06","Devin Johnson","Michael Henderson","LTJA",0,0,1,1,"7:15","V",57,"270","250","Shrub","","Flying.","371",NA,NA,NA
"873",2018,"Kougarok","K5",1,"2018-06-06","Devin Johnson","Michael Henderson","LTJA",0,0,1,1,"7:23","V",61,"270","500","Tundra","","Large, probably Parasitic, flying.","372",NA,NA,NA
"874",2018,"Kougarok","K5",1,"2018-06-06","Devin Johnson","Michael Henderson","SSHA",0,0,2,2,"7:31","V",63,NA,"0","Shrub","","Ran into tall broused shrubs.","373-374",NA,NA,NA
"875",2018,"Kougarok","K5",1,"2018-06-06","Devin Johnson","Michael Henderson","SSHA",0,0,1,1,"7:32","V",63,NA,"0","Shrub","","Ran to shrubs.","375",NA,NA,NA
"876",2018,"Kougarok","K6",1,"2018-06-06","Devin Johnson","Michael Henderson","WIPT",1,0,0,1,"8:23","V",72,NA,"0","Shrub","","Flushed offroad to low shrub.","367",NA,NA,NA
"877",2018,"Kougarok","K7",1,"2018-06-06","Devin Johnson","Michael Henderson","WISN",0,0,1,1,"8:45","V",76,NA,"0","Shrub","","","377",NA,NA,NA
"878",2018,"Kougarok","K7",1,"2018-06-06","Devin Johnson","Michael Henderson","WIPT",1,0,0,1,"8:55","V",78,NA,"0","Shrub","","Flushed to low shrub.","378",NA,NA,NA
"879",2018,"Kougarok","K7",1,"2018-06-06","Devin Johnson","Michael Henderson","WIPT",1,0,0,1,"8:56","V",78,NA,"0","Tundra","","Flushed to tundra. Lots of white still on body.","379",NA,NA,NA
"880",2018,"Kougarok","K7",1,"2018-06-06","Devin Johnson","Michael Henderson","WIPT",1,0,0,1,"8:57","V",78,NA,"0","Tundra","","Flushed to tundra.","380",NA,NA,NA
"881",2018,"Kougarok","K7",1,"2018-06-06","Devin Johnson","Michael Henderson","WIPT",1,0,0,1,"8:58","V",78,"0","28","Shrub","","Low shrub.","381",NA,NA,NA
"882",2018,"Kougarok","K7",1,"2018-06-06","Devin Johnson","Michael Henderson","WIPT",1,0,0,1,"9:17","V",81,"270","2","Shrub","","Low shrub.","382",NA,NA,NA
"883",2018,"Kougarok","K7",2,"2018-06-06","Michael Henderson","Devin Johnson","PAJA",0,0,1,1,"10:12","V",83,"270","200","Tundra","","Flying PAJA.","383",NA,NA,NA
"884",2018,"Kougarok","K7",2,"2018-06-06","Michael Henderson","Devin Johnson","WIPT",1,0,0,1,"10:15","V",82,"90","5","Tundra","","","384",NA,NA,NA
"885",2018,"Kougarok","K7",2,"2018-06-06","Michael Henderson","Devin Johnson","WISN",0,0,1,1,"10:21","V",81,"270","100","Tundra","","Flying.","385",NA,NA,NA
"886",2018,"Kougarok","K7",2,"2018-06-06","Michael Henderson","Devin Johnson","WHIM",0,0,1,1,"10:35","V",78,NA,"0","Shrub","","Low shrub.","386",NA,NA,NA
"887",2018,"Kougarok","K7",2,"2018-06-06","Michael Henderson","Devin Johnson","WIPT",1,1,0,2,"10:37","V",78,"270","5","Shrub","","Low shrub.","387-388",NA,NA,NA
"888",2018,"Kougarok","K7",2,"2018-06-06","Michael Henderson","Devin Johnson","WIPT",1,0,0,1,"10:39","V",78,NA,"0","Shrub","","Low shrub.","389",NA,NA,NA
"889",2018,"Kougarok","K4",2,"2018-06-07","Michael Henderson","Devin Johnson","GOPL",0,0,1,1,"9:55","V",52,"180","93","Tundra","","","406",NA,NA,NA
"890",2018,"Kougarok","K4",2,"2018-06-07","Michael Henderson","Devin Johnson","LTJA",0,0,1,1,"10:03","V",50,"45","350","Tundra","","","407",NA,NA,NA
"891",2018,"Kougarok","K4",2,"2018-06-07","Michael Henderson","Devin Johnson","GOPL",0,0,1,1,"10:05","V",50,"225","250","Tundra","","","408",NA,NA,NA
"892",2018,"Kougarok","K4",2,"2018-06-07","Michael Henderson","Devin Johnson","NOHA",1,0,0,1,"10:17","V",48,"225","500","Shrub","","","409",NA,NA,NA
"893",2018,"Kougarok","K5",2,"2018-06-07","Michael Henderson","Devin Johnson","SSHA",0,0,2,2,"8:47","V",63,NA,"0","Shrub","","","395-395",NA,NA,NA
"894",2018,"Kougarok","K5",2,"2018-06-07","Michael Henderson","Devin Johnson","SSHA",0,0,1,1,"8:50","V",62,"0","5","Shrub","","","396",NA,NA,NA
"895",2018,"Kougarok","K5",2,"2018-06-07","Michael Henderson","Devin Johnson","SSHA",0,0,1,1,"8:51","V",62,"0","5","Shrub","","","397",NA,NA,NA
"896",2018,"Kougarok","K5",2,"2018-06-07","Michael Henderson","Devin Johnson","SSHA",0,0,1,1,"8:52","V",62,NA,"0","Shrub","","","398",NA,NA,NA
"897",2018,"Kougarok","K5",2,"2018-06-07","Michael Henderson","Devin Johnson","SSHA",0,0,1,1,"8:53","V",62,NA,"0","Shrub","","","399",NA,NA,NA
"898",2018,"Kougarok","K5",2,"2018-06-07","Michael Henderson","Devin Johnson","SSHA",0,0,2,2,"8:54","V",62,NA,"0","Shrub","","","400-401",NA,NA,NA
"899",2018,"Kougarok","K5",2,"2018-06-07","Michael Henderson","Devin Johnson","NOHA",0,0,1,1,"8:55","V",62,"0","200","Shrub","","Harrier.","402",NA,NA,NA
"900",2018,"Kougarok","K5",2,"2018-06-07","Michael Henderson","Devin Johnson","SSHA",0,0,1,1,"8:57","V",61,"180","10","Shrub","","","403",NA,NA,NA
"901",2018,"Kougarok","K5",2,"2018-06-07","Michael Henderson","Devin Johnson","SSHA",0,0,1,1,"9:08","V",60,NA,"0","Shrub","","","404",NA,NA,NA
"902",2018,"Kougarok","K5",2,"2018-06-07","Michael Henderson","Devin Johnson","NOHA",1,0,0,1,"9:22","V",57,"0","150","Shrub","","","405",NA,NA,NA
"903",2018,"Kougarok","K6",2,"2018-06-07","Michael Henderson","Devin Johnson","WIPT",0,0,2,2,"8:20","V",67,"5","300","Shrub","","Flying/landing.","391-392",NA,NA,NA
"904",2018,"Kougarok","K6",2,"2018-06-07","Michael Henderson","Devin Johnson","WIPT",1,0,0,1,"8:25","V",67,"5","4","Tundra","","","393",NA,NA,NA
"905",2018,"Teller","T2",2,"2018-06-08","Michael Henderson","Devin Johnson","WIPT",1,0,0,1,"9:07","V",28,"0","400","Tundra","","","450",NA,NA,NA
"906",2018,"Teller","T2",2,"2018-06-08","Michael Henderson","Devin Johnson","WIPT",1,0,0,1,"9:08","V",28,"180","96","Tundra","","","451",NA,NA,NA
"907",2018,"Teller","T2",2,"2018-06-08","Michael Henderson","Devin Johnson","WIPT",1,0,0,1,"9:11","V",27,"0","250","Tundra","","","452",NA,NA,NA
"908",2018,"Teller","T2",2,"2018-06-08","Michael Henderson","Devin Johnson","WIPT",1,0,0,1,"9:13","V",27,"180","115","Tundra","","","453",NA,NA,NA
"909",2018,"Teller","T2",2,"2018-06-08","Michael Henderson","Devin Johnson","WIPT",1,0,0,1,"9:13","V",27,"0","400","Tundra","","","454",NA,NA,NA
"910",2018,"Teller","T2",2,"2018-06-08","Michael Henderson","Devin Johnson","WIPT",1,0,0,1,"9:16","V",27,"0","500","Shrub","","","455",NA,NA,NA
"911",2018,"Teller","T2",2,"2018-06-08","Michael Henderson","Devin Johnson","WIPT",1,0,0,1,"9:17","V",27,"0","60","Tundra","","","456",NA,NA,NA
"912",2018,"Teller","T2",2,"2018-06-08","Michael Henderson","Devin Johnson","WIPT",1,0,0,1,"9:18","V",26,NA,"0","Shrub","","Road, in hole.","457",NA,NA,NA
"913",2018,"Teller","T2",2,"2018-06-08","Michael Henderson","Devin Johnson","WISN",0,0,1,1,"9:20","V",26,"180","30","Tundra","","","458",NA,NA,NA
"914",2018,"Teller","T2",2,"2018-06-08","Michael Henderson","Devin Johnson","WIPT",1,0,0,1,"9:21","V",26,NA,"0","Shrub","","","459",NA,NA,NA
"915",2018,"Teller","T2",2,"2018-06-08","Michael Henderson","Devin Johnson","WIPT",1,0,0,1,"9:22","V",26,"180","115","Shrub","","Top of shrub.","460",NA,NA,NA
"916",2018,"Teller","T2",2,"2018-06-08","Michael Henderson","Devin Johnson","WIPT",1,0,0,1,"9:22","V",26,NA,"0","Shrub","","Road.","461",NA,NA,NA
"917",2018,"Teller","T2",2,"2018-06-08","Michael Henderson","Devin Johnson","WIPT",1,0,0,1,"9:29","V",26,NA,"0","Tundra","","","462",NA,NA,NA
"918",2018,"Teller","T2",2,"2018-06-08","Michael Henderson","Devin Johnson","WIPT",1,0,0,1,"9:30","V",26,NA,"0","Tundra","","","463",NA,NA,NA
"919",2018,"Teller","T2",2,"2018-06-08","Michael Henderson","Devin Johnson","WIPT",1,0,0,1,"9:35","V",25,"180","28","Tundra","","","464",NA,NA,NA
"920",2018,"Teller","T2",2,"2018-06-08","Michael Henderson","Devin Johnson","LTJA",0,0,1,1,"9:37","V",25,"180","119","Tundra","","","465",NA,NA,NA
"921",2018,"Teller","T2",2,"2018-06-08","Michael Henderson","Devin Johnson","WISN",0,0,1,1,"9:41","V",25,"180","60","Tundra","","","466",NA,NA,NA
"922",2018,"Teller","T2",2,"2018-06-08","Michael Henderson","Devin Johnson","WISN",0,0,1,1,"9:42","V",24,"180","15","Tundra","","","467",NA,NA,NA
"923",2018,"Teller","T2",2,"2018-06-08","Michael Henderson","Devin Johnson","WIPT",1,0,0,1,"9:49","V",23,NA,"0","Shrub","","Low shrub.","468",NA,NA,NA
"924",2018,"Teller","T2",2,"2018-06-08","Michael Henderson","Devin Johnson","WIPT",0,1,0,1,"9:52","V",23,NA,"0","Tundra","","","469",NA,NA,NA
"925",2018,"Teller","T2",2,"2018-06-08","Michael Henderson","Devin Johnson","RLHA",0,0,1,1,"u","V",23,NA,"U","U","","","-",NA,NA,NA
"926",2018,"Teller","T2",2,"2018-06-08","Michael Henderson","Devin Johnson","GYRF",0,1,0,1,"10:00","V",21,NA,"U","U","","Light gray female gyr w/ prey @MM21 little to no barring of ventral side.","",NA,NA,NA
"927",2018,"Teller","T2",2,"2018-06-08","Michael Henderson","Devin Johnson","SEOW",0,0,1,1,"10:09","V",21,"0","15","Tundra","","","470",NA,NA,NA
"928",2018,"Teller","T2",2,"2018-06-08","Michael Henderson","Devin Johnson","WIPT",1,1,0,2,"10:14","V",20,NA,"0","Shrub","","Flying.","471-472",NA,NA,NA
"929",2018,"Teller","T2",2,"2018-06-08","Michael Henderson","Devin Johnson","WISN",0,0,1,1,"10:16","V",20,"180","35","Shrub","","Flying.","473",NA,NA,NA
"930",2018,"Teller","T2",2,"2018-06-08","Michael Henderson","Devin Johnson","WISN",0,0,1,1,"10:19","V",20,"180","50","Shrub","","","474",NA,NA,NA
"931",2018,"Teller","T2",2,"2018-06-08","Michael Henderson","Devin Johnson","WISN",0,0,1,1,"10:19","V",20,NA,"0","Shrub","","","475",NA,NA,NA
"932",2018,"Teller","T2",2,"2018-06-08","Michael Henderson","Devin Johnson","LTJA",0,0,1,1,"10:23","V",19,"180","250","Tundra","","","476",NA,NA,NA
"933",2018,"Teller","T2",2,"2018-06-08","Michael Henderson","Devin Johnson","WISN",0,0,1,1,"10:27","V",19,"0","5","Tundra","","","477",NA,NA,NA
"934",2018,"Teller","T3",2,"2018-06-08","Michael Henderson","Devin Johnson","LTJA",0,0,1,1,"7:51","V",38,"45","400","Tundra","","Flying.","410",NA,NA,NA
"935",2018,"Teller","T3",2,"2018-06-08","Michael Henderson","Devin Johnson","WIPT",1,0,0,1,"7:55","V",37,"180","50","Tundra","","","411",NA,NA,NA
"936",2018,"Teller","T3",2,"2018-06-08","Michael Henderson","Devin Johnson","WIPT",1,0,0,1,"7:55","V",37,"180","350","Tundra","","","412",NA,NA,NA
"937",2018,"Teller","T3",2,"2018-06-08","Michael Henderson","Devin Johnson","WIPT",1,0,0,1,"7:57","V",37,"180","450","Tundra","","","413",NA,NA,NA
"938",2018,"Teller","T3",2,"2018-06-08","Michael Henderson","Devin Johnson","WIPT",1,0,0,1,"8:07","V",36,"180","10","Tundra","","Perched on rock.","414",NA,NA,NA
"939",2018,"Teller","T3",2,"2018-06-08","Michael Henderson","Devin Johnson","WISN",0,0,1,1,"8:08","V",35,"315","45","Tundra","","","415",NA,NA,NA
"940",2018,"Teller","T3",2,"2018-06-08","Michael Henderson","Devin Johnson","AGSQ",0,0,2,2,"8:11","V",35,"90","101","Tundra","","","417-418",NA,NA,NA
"941",2018,"Teller","T3",2,"2018-06-08","Michael Henderson","Devin Johnson","GOPL",0,0,1,1,"8:14","A",34,"U","U","Tundra","","","419",NA,NA,NA
"942",2018,"Teller","T3",2,"2018-06-08","Michael Henderson","Devin Johnson","LTJA",0,0,3,3,"8:14","V",34,"180","300","Tundra","","Flying.","420-421-422",NA,NA,NA
"943",2018,"Teller","T3",2,"2018-06-08","Michael Henderson","Devin Johnson","AGSQ",0,0,1,1,"8:15","V",34,"0","96","Tundra","","","423",NA,NA,NA
"944",2018,"Teller","T3",2,"2018-06-08","Michael Henderson","Devin Johnson","WIPT",1,0,0,1,"8:19","V",34,NA,"0","Tundra","","Road.","424",NA,NA,NA
"945",2018,"Teller","T3",2,"2018-06-08","Michael Henderson","Devin Johnson","WIPT",1,0,0,1,"8:21","V",34,"45","58","Tundra","","","425",NA,NA,NA
"946",2018,"Teller","T3",2,"2018-06-08","Michael Henderson","Devin Johnson","WIPT",1,0,0,1,"8:22","V",33,"45","350","Tundra","","","426",NA,NA,NA
"947",2018,"Teller","T3",2,"2018-06-08","Michael Henderson","Devin Johnson","WIPT",1,0,0,1,"8:22","V",33,"225","48","Tundra","","","427",NA,NA,NA
"948",2018,"Teller","T3",2,"2018-06-08","Michael Henderson","Devin Johnson","LTJA",0,0,1,1,"8:24","V",33,"225","300","Tundra","","","428",NA,NA,NA
"949",2018,"Teller","T3",2,"2018-06-08","Michael Henderson","Devin Johnson","WIPT",1,0,0,1,"8:24","V",33,"225","300","Tundra","","","429",NA,NA,NA
"950",2018,"Teller","T3",2,"2018-06-08","Michael Henderson","Devin Johnson","LTJA",0,0,1,1,"8:26","V",33,"225","400","Tundra","","","430",NA,NA,NA
"951",2018,"Teller","T3",2,"2018-06-08","Michael Henderson","Devin Johnson","WIPT",1,0,0,1,"8:26","V",33,"45","300","Tundra","","","431",NA,NA,NA
"952",2018,"Teller","T3",2,"2018-06-08","Michael Henderson","Devin Johnson","WIPT",1,0,0,1,"8:28","V",33,"225","350","Tundra","","","432",NA,NA,NA
"953",2018,"Teller","T3",2,"2018-06-08","Michael Henderson","Devin Johnson","GOPL",0,0,2,2,"8:36","V",32,"45","33","Tundra","","","433-434",NA,NA,NA
"954",2018,"Teller","T3",2,"2018-06-08","Michael Henderson","Devin Johnson","WIPT",1,0,0,1,"8:41","V",31,"180","140","Tundra","","","435",NA,NA,NA
"955",2018,"Teller","T3",2,"2018-06-08","Michael Henderson","Devin Johnson","WIPT",1,0,0,1,"8:43","V",31,"0","65","Tundra","","","436",NA,NA,NA
"956",2018,"Teller","T3",2,"2018-06-08","Michael Henderson","Devin Johnson","GOPL",1,0,0,1,"8:45","V",31,"180","46","Tundra","","","437",NA,NA,NA
"957",2018,"Teller","T3",2,"2018-06-08","Michael Henderson","Devin Johnson","WIPT",1,0,0,1,"8:46","V",31,"0","42","Tundra","","","438",NA,NA,NA
"958",2018,"Teller","T3",2,"2018-06-08","Michael Henderson","Devin Johnson","LTJA",0,0,3,3,"8:52","V",29,"180","100","Tundra","","Flying.","439-440",NA,NA,NA
"959",2018,"Teller","T3",2,"2018-06-08","Michael Henderson","Devin Johnson","WIPT",1,0,0,1,"8:54","V",29,"0","120","Tundra","","","442",NA,NA,NA
"960",2018,"Teller","T3",2,"2018-06-08","Michael Henderson","Devin Johnson","LTJA",0,0,1,1,"8:56","V",29,NA,"0","Tundra","","Road.","443",NA,NA,NA
"961",2018,"Teller","T3",2,"2018-06-08","Michael Henderson","Devin Johnson","LTJA",0,0,2,2,"8:57","V",29,"0","125","Tundra","","","444-445",NA,NA,NA
"962",2018,"Teller","T3",2,"2018-06-08","Michael Henderson","Devin Johnson","WISN",0,0,1,1,"8:57","V",29,"0","65","Tundra","","","446",NA,NA,NA
"963",2018,"Teller","T3",2,"2018-06-08","Michael Henderson","Devin Johnson","WIPT",1,0,0,1,"8:59","V",29,"180","31","Tundra","","","447",NA,NA,NA
"964",2018,"Teller","T3",2,"2018-06-08","Michael Henderson","Devin Johnson","NOHA",0,0,1,1,"8:59","V",28,"0","300","Tundra","","","448",NA,NA,NA
"965",2018,"Teller","T3",2,"2018-06-08","Michael Henderson","Devin Johnson","WIPT",1,0,0,1,"9:00","V",28,"45","500","Tundra","","","449",NA,NA,NA
"966",2018,"Kougarok","K1",2,"2018-06-10","Michael Henderson","Devin Johnson","WIPT",1,1,0,2,"10:02","V",17,NA,"0","Tundra","","Pair","497-498",NA,NA,NA
"967",2018,"Kougarok","K2",2,"2018-06-10","Michael Henderson","Devin Johnson","AGSQ",0,0,1,1,"8:37","V",33,NA,"0","Tundra","","","489",NA,NA,NA
"968",2018,"Kougarok","K2",2,"2018-06-10","Michael Henderson","Devin Johnson","WIPT",1,0,0,1,"8:44","V",32,"135","11","Shrub","","","490",NA,NA,NA
"969",2018,"Kougarok","K2",2,"2018-06-10","Michael Henderson","Devin Johnson","WISN",0,0,1,1,"8:50","V",30,NA,"0","Shrub","","","491",NA,NA,NA
"970",2018,"Kougarok","K2",2,"2018-06-10","Michael Henderson","Devin Johnson","AGSQ",0,0,1,1,"9:01","V",27,"90","59","Tundra","","","492",NA,NA,NA
"971",2018,"Kougarok","K2",2,"2018-06-10","Michael Henderson","Devin Johnson","AGSQ",0,0,1,1,"9:03","V",27,"270","101","Tundra","","","493",NA,NA,NA
"972",2018,"Kougarok","K2",2,"2018-06-10","Michael Henderson","Devin Johnson","WIPT",1,0,0,1,"9:05","V",27,NA,"0","Shrub","","","494",NA,NA,NA
"973",2018,"Kougarok","K2",2,"2018-06-10","Michael Henderson","Devin Johnson","WIPT",1,0,0,1,"9:06","V",27,"270","30","Shrub","","","495",NA,NA,NA
"974",2018,"Kougarok","K2",2,"2018-06-10","Michael Henderson","Devin Johnson","WIPT",1,0,0,1,"9:31","V",24,NA,"0","Shrub","","","496",NA,NA,NA
"975",2018,"Kougarok","K3",2,"2018-06-10","Michael Henderson","Devin Johnson","WIPT",1,0,0,1,"7:35","V",43,"225","76","Shrub","","","479",NA,NA,NA
"976",2018,"Kougarok","K3",2,"2018-06-10","Michael Henderson","Devin Johnson","WIPT",1,0,0,1,"7:45","V",40,"0","198","Shrub","","Perch up top shrub.","480",NA,NA,NA
"977",2018,"Kougarok","K3",2,"2018-06-10","Michael Henderson","Devin Johnson","LTJA",0,0,1,1,"7:52","V",39,"315","118","Tundra","","","481",NA,NA,NA
"978",2018,"Kougarok","K3",2,"2018-06-10","Michael Henderson","Devin Johnson","WIPT",1,0,0,1,"7:58","V",38,"0","111","Tundra","","","482",NA,NA,NA
"979",2018,"Kougarok","K3",2,"2018-06-10","Michael Henderson","Devin Johnson","WIPT",1,0,0,1,"7:58","V",38,"180","70","Shrub","","","483",NA,NA,NA
"980",2018,"Kougarok","K3",2,"2018-06-10","Michael Henderson","Devin Johnson","WISN",0,0,1,1,"8:01","A",38,"0","U","U","","","484",NA,NA,NA
"981",2018,"Kougarok","K3",2,"2018-06-10","Michael Henderson","Devin Johnson","WIPT",1,0,0,1,"8:03","V",38,"180","300","Shrub","","","485",NA,NA,NA
"982",2018,"Kougarok","K3",2,"2018-06-10","Michael Henderson","Devin Johnson","WIPT",1,0,0,1,"8:06","V",38,"180","250","Shrub","","","486",NA,NA,NA
"983",2018,"Kougarok","K3",2,"2018-06-10","Michael Henderson","Devin Johnson","WIPT",1,0,0,1,"8:13","V",38,"0","450","Shrub","","perch on top.","487",NA,NA,NA
"984",2018,"Kougarok","K3",2,"2018-06-10","Michael Henderson","Devin Johnson","WIPT",1,0,0,1,"8:25","V",34,"180","120","Shrub","","","488",NA,NA,NA
"985",2018,"Council","C2",2,"2018-06-11","Devin Johnson","Michael Henderson","WIPT",1,0,0,1,"9:24","V",47,"315","400","Tundra","","","499",NA,NA,NA
"986",2018,"Teller","T1",2,"2018-06-12","Devin Johnson","Michael Henderson","LTJA",1,0,0,1,"8:55","V",16,"135","205","Tundra","","Perched on rock.","500",NA,NA,NA
"987",2018,"Teller","T1",2,"2018-06-12","Devin Johnson","Michael Henderson","LTJA",1,0,0,1,"9:09","V",14,"135","119","Tundra","","Perched.","501",NA,NA,NA
"988",2018,"Teller","T1",2,"2018-06-12","Devin Johnson","Michael Henderson","WIPT",1,1,0,2,"9:18","V",12,"135","15","Shrub","","M flushed off road.","502-503",NA,NA,NA
"989",2018,"Teller","T1",2,"2018-06-12","Devin Johnson","Michael Henderson","LTJA",1,0,0,1,"9:28","V",11,"315","64","Tundra","","","504",NA,NA,NA
"990",2019,"Teller","T1",1,"2019-05-12","Michael Henderson","Devin Johnson","WIPT",1,1,0,2,"7:03","V",8,NA,"0","road","","","520-521",NA,NA,NA
"991",2019,"Teller","T1",1,"2019-05-12","Michael Henderson","Devin Johnson","GOPL",0,0,1,1,"7:11","V",9,"30","100","tundra","","","522",NA,NA,NA
"992",2019,"Teller","T1",1,"2019-05-12","Michael Henderson","Devin Johnson","WIPT",1,0,0,1,"7:12","V",9,"210","250","Shrub","","","523",NA,NA,NA
"993",2019,"Teller","T1",1,"2019-05-12","Michael Henderson","Devin Johnson","WIPT",1,0,0,1,"7:20","V",11,"300","10","Shrub","","on snow","524",NA,NA,NA
"994",2019,"Teller","T1",1,"2019-05-12","Michael Henderson","Devin Johnson","WIPT",1,0,0,1,"7:21","V",11,NA,"0","tundra","","flying over road, landed on tundra","525",NA,NA,NA
"995",2019,"Teller","T1",1,"2019-05-12","Michael Henderson","Devin Johnson","WISN",0,0,1,1,"7:26","V",12,"20","200","tundra","","flying, landed","526",NA,NA,NA
"996",2019,"Teller","T1",1,"2019-05-12","Michael Henderson","Devin Johnson","WIPT",1,0,0,1,"7:29","V",12,"230","70","snow","","","527",NA,NA,NA
"997",2019,"Teller","T1",1,"2019-05-12","Michael Henderson","Devin Johnson","WIPT",1,0,0,1,"7:52","V",15,"250","126","tundra","","","528",NA,NA,NA
"998",2019,"Teller","T1",1,"2019-05-12","Michael Henderson","Devin Johnson","WIPT",1,0,0,1,"7:53","V",15,"250","69","tundra","","","529",NA,NA,NA
"999",2019,"Teller","T1",1,"2019-05-12","Michael Henderson","Devin Johnson","WIPT",1,0,0,1,"7:57","V",16,"60","17","tundra","","","530",NA,NA,NA
"1000",2019,"Teller","T1",1,"2019-05-12","Michael Henderson","Devin Johnson","WISN",0,0,2,2,"7:59","V",16,NA,"0","tundra","","","531-532",NA,NA,NA
"1001",2019,"Teller","T1",1,"2019-05-12","Michael Henderson","Devin Johnson","WISN",0,0,1,1,"8:03","A",17,"350","300","tundra","","","533",NA,NA,NA
"1002",2019,"Teller","T1",1,"2019-05-12","Michael Henderson","Devin Johnson","WIPT",1,0,0,1,"8:07","V",17,"250","53","tundra","","","534",NA,NA,NA
"1003",2019,"Teller","T1",1,"2019-05-12","Michael Henderson","Devin Johnson","WIPT",1,1,0,2,"8:11","V",18,NA,"0","road","","","535-536",NA,NA,NA
"1004",2019,"Teller","T1",2,"2019-05-30","Michael Henderson","Devin Johnson","WIPT",1,0,0,1,"9:45","V",18,NA,"0","road","","","993",NA,NA,NA
"1005",2019,"Teller","T1",2,"2019-05-30","Michael Henderson","Devin Johnson","WISN",0,0,1,1,"9:46","A",18,"250","100","tundra","","","994",NA,NA,NA
"1006",2019,"Teller","T1",2,"2019-05-30","Michael Henderson","Devin Johnson","GOPL",0,0,1,1,"9:46","A",17,"110","75","tundra","","","995",NA,NA,NA
"1007",2019,"Teller","T1",2,"2019-05-30","Michael Henderson","Devin Johnson","LTJA",0,0,1,1,"9:47","V",17,"180","67","tundra","","","996",NA,NA,NA
"1008",2019,"Teller","T1",2,"2019-05-30","Michael Henderson","Devin Johnson","WISN",1,0,0,1,"9:49","A",17,"110","50","tundra","","","997",NA,NA,NA
"1009",2019,"Teller","T1",2,"2019-05-30","Michael Henderson","Devin Johnson","LTJA",0,0,1,1,"10:00","V",16,"230","147","tundra","","","998",NA,NA,NA
"1010",2019,"Teller","T1",2,"2019-05-30","Michael Henderson","Devin Johnson","WISN",0,0,1,1,"10:02","V",16,NA,"0","road","","","999",NA,NA,NA
"1011",2019,"Teller","T1",2,"2019-05-30","Michael Henderson","Devin Johnson","WISN",0,0,1,1,"10:04","V",15,NA,"0","road","","","1000",NA,NA,NA
"1012",2019,"Teller","T1",2,"2019-05-30","Michael Henderson","Devin Johnson","LTJA",0,0,1,1,"10:07","V",14,"90","167","tundra","","","1001",NA,NA,NA
"1013",2019,"Teller","T1",2,"2019-05-30","Michael Henderson","Devin Johnson","WISN",0,0,1,1,"10:08","A",14,"70","60","tundra","","","1002",NA,NA,NA
"1014",2019,"Teller","T1",2,"2019-05-30","Michael Henderson","Devin Johnson","WIPT",1,0,0,1,"10:10","V",13,NA,"0","road","","","1003",NA,NA,NA
"1015",2019,"Teller","T1",2,"2019-05-30","Michael Henderson","Devin Johnson","WIPT",1,0,0,1,"10:15","V",12,"200","400","shrub","","","1004",NA,NA,NA
"1016",2019,"Teller","T1",2,"2019-05-30","Michael Henderson","Devin Johnson","WISN",0,0,1,1,"10:16","A",12,"180","100","shrub","","","1005",NA,NA,NA
"1017",2019,"Teller","T2",1,"2019-05-17","Devin Johnson","Michael Henderson","WISN",1,0,0,1,"8:12","V",18,NA,"0","road","","flew over road","537",NA,NA,NA
"1018",2019,"Teller","T2",1,"2019-05-17","Devin Johnson","Michael Henderson","WIPT",1,1,0,2,"8:16","V",18,"250","45","tundra","","","538-539",NA,NA,NA
"1019",2019,"Teller","T2",1,"2019-05-17","Devin Johnson","Michael Henderson","SEOW",0,0,1,1,"8:18","V",18,"250","300","tundra","","","540",NA,NA,NA
"1020",2019,"Teller","T2",1,"2019-05-17","Devin Johnson","Michael Henderson","WISN",0,0,2,2,"8:20","V",19,"120","5","tundra","","","541-542",NA,NA,NA
"1021",2019,"Teller","T2",1,"2019-05-17","Devin Johnson","Michael Henderson","WIPT",0,0,2,2,"8:25","V",19,NA,"0","road","","flew over road","543-544",NA,NA,NA
"1022",2019,"Teller","T2",1,"2019-05-17","Devin Johnson","Michael Henderson","SEOW",0,0,1,1,"8:26","V",19,"260","200","tundra","","","545",NA,NA,NA
"1023",2019,"Teller","T2",1,"2019-05-17","Devin Johnson","Michael Henderson","WISN",0,0,1,1,"8:27","V",19,"260","20","tundra","","","546",NA,NA,NA
"1024",2019,"Teller","T2",1,"2019-05-17","Devin Johnson","Michael Henderson","WIPT",1,0,0,1,"8:30","V",20,"260","150","shrub","","","547",NA,NA,NA
"1025",2019,"Teller","T2",1,"2019-05-17","Devin Johnson","Michael Henderson","WISN",0,0,1,1,"8:30","A",20,"120","100","shrub","","","548",NA,NA,NA
"1026",2019,"Teller","T2",1,"2019-05-17","Devin Johnson","Michael Henderson","WISN",0,0,2,2,"8:33","A",20,"60","200","shrub","","","549-550",NA,NA,NA
"1027",2019,"Teller","T2",1,"2019-05-17","Devin Johnson","Michael Henderson","WIPT",1,0,0,1,"8:35","V",21,NA,"0","shrub","","landed in shrub","551",NA,NA,NA
"1028",2019,"Teller","T2",1,"2019-05-17","Devin Johnson","Michael Henderson","NOHA",1,0,0,1,"8:35","V",21,"20","250","shrub","","w/prey item","552",NA,NA,NA
"1029",2019,"Teller","T2",1,"2019-05-17","Devin Johnson","Michael Henderson","WISN",0,0,1,1,"8:36","A",21,"80","200","tundra","","","553",NA,NA,NA
"1030",2019,"Teller","T2",1,"2019-05-17","Devin Johnson","Michael Henderson","WIPT",1,0,0,1,"8:40","V",21,"240","5","tundra","","perched on snow","554",NA,NA,NA
"1031",2019,"Teller","T2",1,"2019-05-17","Devin Johnson","Michael Henderson","WIPT",1,0,0,1,"8:41","V",21,"240","350","tundra","","flew over tundra","555",NA,NA,NA
"1032",2019,"Teller","T2",1,"2019-05-17","Devin Johnson","Michael Henderson","WHIM",0,0,1,1,"8:42","V",22,"70","45","tundra","","","556",NA,NA,NA
"1033",2019,"Teller","T2",1,"2019-05-17","Devin Johnson","Michael Henderson","WIPT",1,0,0,1,"8:42","V",22,"20","16","tundra","","","557",NA,NA,NA
"1034",2019,"Teller","T2",1,"2019-05-17","Devin Johnson","Michael Henderson","WIPT",1,1,0,2,"8:47","V",23,"240","13","tundra","","perched on snow","558-559",NA,NA,NA
"1035",2019,"Teller","T2",1,"2019-05-17","Devin Johnson","Michael Henderson","WIPT",1,0,0,1,"8:51","V",23,"250","146","shrub","","","560",NA,NA,NA
"1036",2019,"Teller","T2",1,"2019-05-17","Devin Johnson","Michael Henderson","WIPT",1,0,0,1,"8:51","V",23,"20","350","tundra","","over tundra","561",NA,NA,NA
"1037",2019,"Teller","T2",1,"2019-05-17","Devin Johnson","Michael Henderson","WIPT",1,0,0,1,"8:52","V",23,"240","149","shrub","","","562",NA,NA,NA
"1038",2019,"Teller","T2",1,"2019-05-17","Devin Johnson","Michael Henderson","WIPT",1,0,0,1,"8:53","A",23,"30","100","shrub","","","563",NA,NA,NA
"1039",2019,"Teller","T2",1,"2019-05-17","Devin Johnson","Michael Henderson","WIPT",1,0,0,1,"8:55","V",23,"175","9","shrub","","perched on snow","564",NA,NA,NA
"1040",2019,"Teller","T2",1,"2019-05-17","Devin Johnson","Michael Henderson","WIPT",1,0,0,1,"8:56","V",23,"190","26","shrub","","","565",NA,NA,NA
"1041",2019,"Teller","T2",1,"2019-05-17","Devin Johnson","Michael Henderson","LTJA",0,0,1,1,"8:57","V",23,"0","100","tundra","","perched on tundra","566",NA,NA,NA
"1042",2019,"Teller","T2",1,"2019-05-17","Devin Johnson","Michael Henderson","WISN",0,0,1,1,"8:57","A",23,"0","150","tundra","","","567",NA,NA,NA
"1043",2019,"Teller","T2",1,"2019-05-17","Devin Johnson","Michael Henderson","WIPT",1,0,0,1,"8:59","V",23,"0","150","shrub","","no 568","569",NA,NA,NA
"1044",2019,"Teller","T2",1,"2019-05-17","Devin Johnson","Michael Henderson","WIPT",1,0,0,1,"9:00","V",24,NA,"0","road","","","570",NA,NA,NA
"1045",2019,"Teller","T2",1,"2019-05-17","Devin Johnson","Michael Henderson","WISN",0,0,1,1,"9:03","V",24,"210","150","tundra","","","571",NA,NA,NA
"1046",2019,"Teller","T2",1,"2019-05-17","Devin Johnson","Michael Henderson","WIPT",1,1,0,2,"9:03","V",24,"160","12","shrub","","","572-573",NA,NA,NA
"1047",2019,"Teller","T2",1,"2019-05-17","Devin Johnson","Michael Henderson","WIPT",1,0,0,1,"9:05","V",24,NA,"0","road","","","574",NA,NA,NA
"1048",2019,"Teller","T2",1,"2019-05-17","Devin Johnson","Michael Henderson","WIPT",1,0,0,1,"9:05","V",24,"210","200","tundra","","","575",NA,NA,NA
"1049",2019,"Teller","T2",1,"2019-05-17","Devin Johnson","Michael Henderson","WIPT",1,0,0,1,"9:06","V",24,"190","60","tundra","","","576",NA,NA,NA
"1050",2019,"Teller","T2",1,"2019-05-17","Devin Johnson","Michael Henderson","WIPT",1,0,0,1,"9:07","V",24,"30","300","tundra","","","577",NA,NA,NA
"1051",2019,"Teller","T2",1,"2019-05-17","Devin Johnson","Michael Henderson","LTJA",0,0,2,2,"9:08","V",24,"230","140","tundra","","","578-579",NA,NA,NA
"1052",2019,"Teller","T2",1,"2019-05-17","Devin Johnson","Michael Henderson","WISN",0,0,3,3,"9:09","V",24,"20","200","SHrub","","","580-582",NA,NA,NA
"1053",2019,"Teller","T2",1,"2019-05-17","Devin Johnson","Michael Henderson","WIPT",1,0,0,1,"9:10","V",24,"60","100","tundra","","","583",NA,NA,NA
"1054",2019,"Teller","T2",1,"2019-05-17","Devin Johnson","Michael Henderson","WIPT",1,0,0,1,"9:11","V",24,"220","25","tundra","","","584",NA,NA,NA
"1055",2019,"Teller","T2",1,"2019-05-17","Devin Johnson","Michael Henderson","WIPT",1,0,0,1,"9:12","V",24,NA,"0","road","","","585",NA,NA,NA
"1056",2019,"Teller","T2",1,"2019-05-17","Devin Johnson","Michael Henderson","WHIM",0,0,1,1,"9:14","V",25,"60","50","tundra","","","586",NA,NA,NA
"1057",2019,"Teller","T2",1,"2019-05-17","Devin Johnson","Michael Henderson","WIPT",0,0,2,2,"9:14","V",25,NA,"0","tundra","","","587-588",NA,NA,NA
"1058",2019,"Teller","T2",1,"2019-05-17","Devin Johnson","Michael Henderson","WIPT",1,1,0,2,"9:14","V",25,NA,"0","road","","","589-590",NA,NA,NA
"1059",2019,"Teller","T2",1,"2019-05-17","Devin Johnson","Michael Henderson","WIPT",1,0,0,1,"9:17","V",25,"210","40","tundra","","","591",NA,NA,NA
"1060",2019,"Teller","T2",1,"2019-05-17","Devin Johnson","Michael Henderson","WHIM",0,0,1,1,"9:21","V",26,"20","150","tundra","","","592",NA,NA,NA
"1061",2019,"Teller","T2",1,"2019-05-17","Devin Johnson","Michael Henderson","WHIM",0,0,1,1,"9:22","V",26,"50","20","tundra","","","593",NA,NA,NA
"1062",2019,"Teller","T2",1,"2019-05-17","Devin Johnson","Michael Henderson","WIPT",1,0,0,1,"9:25","A",26,"50","20","shrub","","","594",NA,NA,NA
"1063",2019,"Teller","T2",1,"2019-05-17","Devin Johnson","Michael Henderson","WIPT",1,0,0,1,"9:26","V",26,NA,"0","road","","","595",NA,NA,NA
"1064",2019,"Teller","T2",1,"2019-05-17","Devin Johnson","Michael Henderson","WIPT",1,0,0,1,"9:28","V",26,NA,"0","road","","","596",NA,NA,NA
"1065",2019,"Teller","T2",1,"2019-05-17","Devin Johnson","Michael Henderson","WIPT",1,0,0,1,"9:29","V",26,"300","200","shrub","","","597",NA,NA,NA
"1066",2019,"Teller","T2",1,"2019-05-17","Devin Johnson","Michael Henderson","WIPT",1,1,0,2,"9:32","V",27,"60","20","tundra","","","598-599",NA,NA,NA
"1067",2019,"Teller","T2",1,"2019-05-17","Devin Johnson","Michael Henderson","WIPT",1,0,0,1,"9:35","V",27,"290","20","tundra","","","600",NA,NA,NA
"1068",2019,"Teller","T2",1,"2019-05-17","Devin Johnson","Michael Henderson","WISN",0,0,1,1,"9:35","V",27,"60","100","tundra","","","601",NA,NA,NA
"1069",2019,"Teller","T2",1,"2019-05-17","Devin Johnson","Michael Henderson","WIPT",1,0,0,1,"9:36","V",27,"60","150","shrub","","","602",NA,NA,NA
"1070",2019,"Teller","T2",1,"2019-05-17","Devin Johnson","Michael Henderson","WISN",0,0,1,1,"9:36","V",27,"280","60","shrub","","","603",NA,NA,NA
"1071",2019,"Teller","T2",1,"2019-05-17","Devin Johnson","Michael Henderson","WISN",0,0,1,1,"9:37","V",27,NA,"0","road","","","604",NA,NA,NA
"1072",2019,"Teller","T2",1,"2019-05-17","Devin Johnson","Michael Henderson","WIPT",1,0,0,1,"9:40","V",27,"280","200","shrub","","","605",NA,NA,NA
"1073",2019,"Teller","T2",1,"2019-05-17","Devin Johnson","Michael Henderson","WIPT",1,0,0,1,"9:43","V",28,NA,"0","road","","","606",NA,NA,NA
"1074",2019,"Teller","T2",1,"2019-05-17","Devin Johnson","Michael Henderson","SEOW",0,0,1,1,"9:44","V",28,"290","500","tundra","","","607",NA,NA,NA
"1075",2019,"Teller","T2",1,"2019-05-17","Devin Johnson","Michael Henderson","WIPT",1,0,0,1,"9:45","V",28,NA,"0","road","","","608",NA,NA,NA
"1076",2019,"Teller","T2",2,"2019-05-30","Michael Henderson","Devin Johnson","WIPT",1,0,0,1,"8:15","A",28,"250","60","tundra","","","932",NA,NA,NA
"1077",2019,"Teller","T2",2,"2019-05-30","Michael Henderson","Devin Johnson","WIPT",1,0,0,1,"8:15","V",28,"110","104","tundra","","","933",NA,NA,NA
"1078",2019,"Teller","T2",2,"2019-05-30","Michael Henderson","Devin Johnson","WISN",0,0,1,1,"8:16","A",28,"260","100","tundra","","","934",NA,NA,NA
"1079",2019,"Teller","T2",2,"2019-05-30","Michael Henderson","Devin Johnson","WISN",0,0,1,1,"8:16","A",28,"90","150","tundra","","","935",NA,NA,NA
"1080",2019,"Teller","T2",2,"2019-05-30","Michael Henderson","Devin Johnson","WIPT",1,0,0,1,"8:18","V",28,"90","50","tundra","","","936",NA,NA,NA
"1081",2019,"Teller","T2",2,"2019-05-30","Michael Henderson","Devin Johnson","WIPT",1,0,0,1,"8:20","V",28,NA,"0","road","","","937",NA,NA,NA
"1082",2019,"Teller","T2",2,"2019-05-30","Michael Henderson","Devin Johnson","WIPT",2,0,0,2,"8:22","V",27,"230","230","tundra","","","938-939",NA,NA,NA
"1083",2019,"Teller","T2",2,"2019-05-30","Michael Henderson","Devin Johnson","WISN",0,0,1,1,"8:23","A",27,"230","200","tundra","","","940",NA,NA,NA
"1084",2019,"Teller","T2",2,"2019-05-30","Michael Henderson","Devin Johnson","WIPT",1,0,0,1,"8:23","A",27,"100","200","tundra","","","941",NA,NA,NA
"1085",2019,"Teller","T2",2,"2019-05-30","Michael Henderson","Devin Johnson","WIPT",0,0,1,1,"8:24","V",27,"130","150","shrub","","","942",NA,NA,NA
"1086",2019,"Teller","T2",2,"2019-05-30","Michael Henderson","Devin Johnson","WISN",0,0,1,1,"8:25","A",27,"130","150","tundra","","","943",NA,NA,NA
"1087",2019,"Teller","T2",2,"2019-05-30","Michael Henderson","Devin Johnson","WIPT",1,0,0,1,"8:26","V",27,"130","162","tundra","","","944",NA,NA,NA
"1088",2019,"Teller","T2",2,"2019-05-30","Michael Henderson","Devin Johnson","LTJA",0,0,1,1,"8:36","V",27,"220","75","tundra","","flying","945",NA,NA,NA
"1089",2019,"Teller","T2",2,"2019-05-30","Michael Henderson","Devin Johnson","WISN",0,0,1,1,"8:36","A",27,"140","150","tundra","","","946",NA,NA,NA
"1090",2019,"Teller","T2",2,"2019-05-30","Michael Henderson","Devin Johnson","LTJA",0,0,1,1,"8:36","V",27,"210","70","tundra","","flying","947",NA,NA,NA
"1091",2019,"Teller","T2",2,"2019-05-30","Michael Henderson","Devin Johnson","WIPT",1,0,0,1,"8:37","V",27,"150","182","tundra","","","948",NA,NA,NA
"1092",2019,"Teller","T2",2,"2019-05-30","Michael Henderson","Devin Johnson","WIPT",1,0,0,1,"8:37","V",27,"130","38","tundra","","","949",NA,NA,NA
"1093",2019,"Teller","T2",2,"2019-05-30","Michael Henderson","Devin Johnson","WISN",0,0,1,1,"8:38","A",27,"160","175","tundra","","","950",NA,NA,NA
"1094",2019,"Teller","T2",2,"2019-05-30","Michael Henderson","Devin Johnson","WIPT",1,0,0,1,"8:40","V",27,"140","150","tundra","","","951",NA,NA,NA
"1095",2019,"Teller","T2",2,"2019-05-30","Michael Henderson","Devin Johnson","WISN",0,0,1,1,"8:40","A",27,"110","200","shrub","","","952",NA,NA,NA
"1096",2019,"Teller","T2",2,"2019-05-30","Michael Henderson","Devin Johnson","WIPT",1,0,0,1,"8:41","V",26,NA,"0","road","","","953",NA,NA,NA
"1097",2019,"Teller","T2",2,"2019-05-30","Michael Henderson","Devin Johnson","LTJA",0,0,1,1,"8:41","V",26,"220","200","tundra","","","954",NA,NA,NA
"1098",2019,"Teller","T2",2,"2019-05-30","Michael Henderson","Devin Johnson","WISN",0,0,1,1,"8:42","A",26,"150","150","shrub","","no point 955","956",NA,NA,NA
"1099",2019,"Teller","T2",2,"2019-05-30","Michael Henderson","Devin Johnson","WIPT",1,0,0,1,"8:43","V",26,NA,"0","tundra","","","957",NA,NA,NA
"1100",2019,"Teller","T2",2,"2019-05-30","Michael Henderson","Devin Johnson","WISN",0,0,1,1,"8:43","A",26,"290","90","tundra","","flying","958",NA,NA,NA
"1101",2019,"Teller","T2",2,"2019-05-30","Michael Henderson","Devin Johnson","WHIM",0,0,1,1,"8:44","A",26,"140","175","tundra","","","959",NA,NA,NA
"1102",2019,"Teller","T2",2,"2019-05-30","Michael Henderson","Devin Johnson","WISN",0,0,1,1,"8:45","V",25,"260","70","road","","flying","960",NA,NA,NA
"1103",2019,"Teller","T2",2,"2019-05-30","Michael Henderson","Devin Johnson","WIPT",3,0,0,3,"8:48","V",25,NA,"0","tundra","","","961-963",NA,NA,NA
"1104",2019,"Teller","T2",2,"2019-05-30","Michael Henderson","Devin Johnson","WIPT",1,0,0,1,"8:50","V",25,"170","92","tundra","","perched on barrel","964",NA,NA,NA
"1105",2019,"Teller","T2",2,"2019-05-30","Michael Henderson","Devin Johnson","WIPT",1,0,0,1,"8:52","V",25,NA,"0","road","","","965",NA,NA,NA
"1106",2019,"Teller","T2",2,"2019-05-30","Michael Henderson","Devin Johnson","GOPL",1,1,0,2,"8:55","V",25,"160","23","tundra","","","966-967",NA,NA,NA
"1107",2019,"Teller","T2",2,"2019-05-30","Michael Henderson","Devin Johnson","WHIM",0,0,2,2,"8:56","A",25,"160","23","tundra","","","968-969",NA,NA,NA
"1108",2019,"Teller","T2",2,"2019-05-30","Michael Henderson","Devin Johnson","WIPT",1,0,0,1,"8:57","V",25,NA,"0","road","","","970",NA,NA,NA
"1109",2019,"Teller","T2",2,"2019-05-30","Michael Henderson","Devin Johnson","WHIM",0,0,1,1,"8:59","A",24,"30","150","tundra","","","971",NA,NA,NA
"1110",2019,"Teller","T2",2,"2019-05-30","Michael Henderson","Devin Johnson","LTJA",0,0,2,2,"9:04","V",24,"150","175","tundra","","attacking a raven","972-973",NA,NA,NA
"1111",2019,"Teller","T2",2,"2019-05-30","Michael Henderson","Devin Johnson","WISN",0,0,1,1,"9:04","A",24,"30","75","tundra","","","974",NA,NA,NA
"1112",2019,"Teller","T2",2,"2019-05-30","Michael Henderson","Devin Johnson","GOPL",0,0,1,1,"9:05","V",24,"50","150","tundra","","","975",NA,NA,NA
"1113",2019,"Teller","T2",2,"2019-05-30","Michael Henderson","Devin Johnson","WISN",0,0,1,1,"9:09","A",24,"150","200","tundra","","","976",NA,NA,NA
"1114",2019,"Teller","T2",2,"2019-05-30","Michael Henderson","Devin Johnson","WIPT",1,0,0,1,"9:12","V",24,"140","29","shrub","","low shrub","977",NA,NA,NA
"1115",2019,"Teller","T2",2,"2019-05-30","Michael Henderson","Devin Johnson","WIPT",1,0,0,1,"9:15","V",23,"190","63","shrub","","","978",NA,NA,NA
"1116",2019,"Teller","T2",2,"2019-05-30","Michael Henderson","Devin Johnson","WISN",0,0,1,1,"9:15","A",23,"80","90","shrub","","","979",NA,NA,NA
"1117",2019,"Teller","T2",2,"2019-05-30","Michael Henderson","Devin Johnson","WIPT",1,0,0,1,"9:15","V",23,"50","105","shrub","","","980",NA,NA,NA
"1118",2019,"Teller","T2",2,"2019-05-30","Michael Henderson","Devin Johnson","WIPT",1,0,0,1,"9:20","V",22,"210","12","snow","","","981",NA,NA,NA
"1119",2019,"Teller","T2",2,"2019-05-30","Michael Henderson","Devin Johnson","WIPT",1,0,0,1,"9:22","V",22,"220","12","tundra","","","982",NA,NA,NA
"1120",2019,"Teller","T2",2,"2019-05-30","Michael Henderson","Devin Johnson","WHIM",0,0,1,1,"9:23","V",22,"50","60","tundra","","","983",NA,NA,NA
"1121",2019,"Teller","T2",2,"2019-05-30","Michael Henderson","Devin Johnson","WIPT",1,0,0,1,"9:28","V",21,"40","75","tundra","","","984",NA,NA,NA
"1122",2019,"Teller","T2",2,"2019-05-30","Michael Henderson","Devin Johnson","WIPT",1,0,0,1,"9:30","V",21,"250","27","tundra","","","985",NA,NA,NA
"1123",2019,"Teller","T2",2,"2019-05-30","Michael Henderson","Devin Johnson","WIPT",1,0,0,1,"9:34","V",20,NA,"0","tundra","","flying","986",NA,NA,NA
"1124",2019,"Teller","T2",2,"2019-05-30","Michael Henderson","Devin Johnson","WIPT",1,0,0,1,"9:35","V",19,"120","75","tundra","","flying","987",NA,NA,NA
"1125",2019,"Teller","T2",2,"2019-05-30","Michael Henderson","Devin Johnson","GOPL",0,0,1,1,"9:36","V",19,"150","64","tundra","","","988",NA,NA,NA
"1126",2019,"Teller","T2",2,"2019-05-30","Michael Henderson","Devin Johnson","WIPT",1,0,0,1,"9:38","V",19,"200","23","tundra","","","989",NA,NA,NA
"1127",2019,"Teller","T2",2,"2019-05-30","Michael Henderson","Devin Johnson","WISN",0,0,1,1,"9:38","A",19,"90","125","shrub","","","990",NA,NA,NA
"1128",2019,"Teller","T2",2,"2019-05-30","Michael Henderson","Devin Johnson","WIPT",1,0,0,1,"9:40","V",19,"260","150","tundra","","","991",NA,NA,NA
"1129",2019,"Teller","T2",2,"2019-05-30","Michael Henderson","Devin Johnson","WISN",0,0,1,1,"9:42","A",18,"130","130","shrub","","","992",NA,NA,NA
"1130",2019,"Teller","T3",1,"2019-05-21","Devin Johnson","Michael Henderson","WISN",0,0,1,1,"9:05","A",28,"90","300","tundra","","","615",NA,NA,NA
"1131",2019,"Teller","T3",1,"2019-05-21","Devin Johnson","Michael Henderson","WIPT",1,0,0,1,"9:06","V",28,"300","135","tundra","","","616",NA,NA,NA
"1132",2019,"Teller","T3",1,"2019-05-21","Devin Johnson","Michael Henderson","WIPT",2,0,0,2,"9:07","V",28,"310","67","tundra","","","617-618",NA,NA,NA
"1133",2019,"Teller","T3",1,"2019-05-21","Devin Johnson","Michael Henderson","LTJA",0,0,2,2,"9:09","V",28,"50","95","tundra","","~100m apart","619-620",NA,NA,NA
"1134",2019,"Teller","T3",1,"2019-05-21","Devin Johnson","Michael Henderson","WIPT",1,0,0,1,"9:14","V",29,"30","92","tundra","","","621",NA,NA,NA
"1135",2019,"Teller","T3",1,"2019-05-21","Devin Johnson","Michael Henderson","WIPT",1,0,0,1,"9:15","V",29,"30","82","tundra","","","622",NA,NA,NA
"1136",2019,"Teller","T3",1,"2019-05-21","Devin Johnson","Michael Henderson","LTJA",0,0,1,1,"9:17","V",29,"240","600","tundra","","flying","623",NA,NA,NA
"1137",2019,"Teller","T3",1,"2019-05-21","Devin Johnson","Michael Henderson","LTJA",0,0,1,1,"9:21","V",29,"250","30","tundra","","","624",NA,NA,NA
"1138",2019,"Teller","T3",1,"2019-05-21","Devin Johnson","Michael Henderson","GOPL",0,0,2,2,"9:25","V",30,"270","54","tundra","","","625-626",NA,NA,NA
"1139",2019,"Teller","T3",1,"2019-05-21","Devin Johnson","Michael Henderson","WIPT",1,0,0,1,"9:25","V",30,"70","85","tundra","","","627",NA,NA,NA
"1140",2019,"Teller","T3",1,"2019-05-21","Devin Johnson","Michael Henderson","GOPL",0,0,1,1,"9:25","V",30,"270","62","tundra","","","628",NA,NA,NA
"1141",2019,"Teller","T3",1,"2019-05-21","Devin Johnson","Michael Henderson","BTGO",1,1,0,2,"9:27","V",30,"290","44","tundra","","","629-630",NA,NA,NA
"1142",2019,"Teller","T3",1,"2019-05-21","Devin Johnson","Michael Henderson","BTGO",0,0,1,1,"9:31","V",31,"300","50","tundra","","","631",NA,NA,NA
"1143",2019,"Teller","T3",1,"2019-05-21","Devin Johnson","Michael Henderson","GOPL",0,0,1,1,"9:31","V",31,"50","160","tundra","","","632",NA,NA,NA
"1144",2019,"Teller","T3",1,"2019-05-21","Devin Johnson","Michael Henderson","WISN",0,0,1,1,"9:31","A",31,"220","200","tundra","","flying","633",NA,NA,NA
"1145",2019,"Teller","T3",1,"2019-05-21","Devin Johnson","Michael Henderson","LTJA",0,0,1,1,"9:31","V",31,"40","107","tundra","","","634",NA,NA,NA
"1146",2019,"Teller","T3",1,"2019-05-21","Devin Johnson","Michael Henderson","WIPT",1,0,0,1,"9:38","V",32,"280","180","tundra","","","635",NA,NA,NA
"1147",2019,"Teller","T3",1,"2019-05-21","Devin Johnson","Michael Henderson","GOPL",0,0,1,1,"9:46","V",34,"40","200","tundra","","","636",NA,NA,NA
"1148",2019,"Teller","T3",1,"2019-05-21","Devin Johnson","Michael Henderson","WIPT",1,0,0,1,"9:47","V",34,"270","53","tundra","","","637",NA,NA,NA
"1149",2019,"Teller","T3",1,"2019-05-21","Devin Johnson","Michael Henderson","WIPT",1,0,0,1,"9:49","V",34,"270","77","tundra","","","638",NA,NA,NA
"1150",2019,"Teller","T3",1,"2019-05-21","Devin Johnson","Michael Henderson","WIPT",1,0,0,1,"9:51","V",34,"260","89","tundra","","","639",NA,NA,NA
"1151",2019,"Teller","T3",1,"2019-05-21","Devin Johnson","Michael Henderson","SEOW",0,0,1,1,"9:51","V",34,"0","300","tundra","","flying","640",NA,NA,NA
"1152",2019,"Teller","T3",1,"2019-05-21","Devin Johnson","Michael Henderson","WIPT",1,0,0,1,"9:55","V",34,"260","400","tundra","","","641",NA,NA,NA
"1153",2019,"Teller","T3",1,"2019-05-21","Devin Johnson","Michael Henderson","WISN",0,0,1,1,"9:56","V",34,NA,"0","tundra","","","642",NA,NA,NA
"1154",2019,"Teller","T3",1,"2019-05-21","Devin Johnson","Michael Henderson","GOPL",0,0,1,1,"9:56","V",34,"20","150","tundra","","","643",NA,NA,NA
"1155",2019,"Teller","T3",1,"2019-05-21","Devin Johnson","Michael Henderson","GOPL",0,0,2,2,"9:57","V",35,"10","200","tundra","","","644-645",NA,NA,NA
"1156",2019,"Teller","T3",1,"2019-05-21","Devin Johnson","Michael Henderson","WISN",0,0,1,1,"9:57","V",35,NA,"0","tundra","","flying, landed","646",NA,NA,NA
"1157",2019,"Teller","T3",1,"2019-05-21","Devin Johnson","Michael Henderson","AGSQ",0,0,1,1,"9:57","V",35,"270","93","tundra","","","647",NA,NA,NA
"1158",2019,"Teller","T3",1,"2019-05-21","Devin Johnson","Michael Henderson","AGSQ",0,0,1,1,"10:01","V",35,"40","175","tundra","","","648",NA,NA,NA
"1159",2019,"Teller","T3",1,"2019-05-21","Devin Johnson","Michael Henderson","WISN",0,0,1,1,"10:03","A",36,"230","100","tundra","","","649",NA,NA,NA
"1160",2019,"Teller","T3",1,"2019-05-21","Devin Johnson","Michael Henderson","WIPT",1,0,0,1,"10:03","V",36,"250","124","tundra","","","650",NA,NA,NA
"1161",2019,"Teller","T3",1,"2019-05-21","Devin Johnson","Michael Henderson","WIPT",1,0,0,1,"10:05","V",36,"50","10","tundra","","","651",NA,NA,NA
"1162",2019,"Teller","T3",1,"2019-05-21","Devin Johnson","Michael Henderson","WISN",0,0,1,1,"10:10","V",36,"70","5","tundra","","","652",NA,NA,NA
"1163",2019,"Teller","T3",1,"2019-05-21","Devin Johnson","Michael Henderson","WIPT",0,0,1,1,"10:11","V",36,"280","200","tundra","","flying","653",NA,NA,NA
"1164",2019,"Teller","T3",1,"2019-05-21","Devin Johnson","Michael Henderson","GOPL",0,0,1,1,"10:12","V",36,"250","150","tundra","","flying","654",NA,NA,NA
"1165",2019,"Teller","T3",1,"2019-05-21","Devin Johnson","Michael Henderson","GOPL",0,0,1,1,"10:13","A",36,"100","200","tundra","","","655",NA,NA,NA
"1166",2019,"Teller","T3",1,"2019-05-21","Devin Johnson","Michael Henderson","WISN",0,0,1,1,"10:14","A",36,"50","100","tundra","","","656",NA,NA,NA
"1167",2019,"Teller","T3",1,"2019-05-21","Devin Johnson","Michael Henderson","GOPL",0,0,1,1,"10:16","A",36,"260","44","tundra","","","657",NA,NA,NA
"1168",2019,"Teller","T3",1,"2019-05-21","Devin Johnson","Michael Henderson","ROPT",1,0,0,1,"10:17","V",36,"260","103","tundra","","","658",NA,NA,NA
"1169",2019,"Teller","T3",1,"2019-05-21","Devin Johnson","Michael Henderson","WISN",0,0,1,1,"10:21","V",36,NA,"0","tundra","","flying","659",NA,NA,NA
"1170",2019,"Teller","T3",1,"2019-05-21","Devin Johnson","Michael Henderson","PTAR",0,0,1,1,"10:25","V",37,"280","400","tundra","","","660",NA,NA,NA
"1171",2019,"Teller","T3",1,"2019-05-21","Devin Johnson","Michael Henderson","GOPL",0,0,2,2,"10:27","V",37,"70","104","tundra","","copulating","661-662",NA,NA,NA
"1172",2019,"Teller","T3",1,"2019-05-21","Devin Johnson","Michael Henderson","WIPT",1,0,0,1,"10:31","V",37,NA,"0","road","","flew to tundra","663",NA,NA,NA
"1173",2019,"Teller","T3",1,"2019-05-21","Devin Johnson","Michael Henderson","GOPL",0,0,1,1,"10:31","V",37,"60","150","tundra","","","664",NA,NA,NA
"1174",2019,"Teller","T3",1,"2019-05-21","Devin Johnson","Michael Henderson","ROPT",1,0,0,1,"10:33","V",37,"30","209","tundra","","","665",NA,NA,NA
"1175",2019,"Teller","T3",1,"2019-05-21","Devin Johnson","Michael Henderson","GOPL",0,0,1,1,"10:35","V",37,"280","89","tundra","","","666",NA,NA,NA
"1176",2019,"Teller","T3",1,"2019-05-21","Devin Johnson","Michael Henderson","GOPL",0,0,1,1,"10:36","V",37,"280","10","tundra","","","667",NA,NA,NA
"1177",2019,"Teller","T3",2,"2019-05-24","Michael Henderson","Devin Johnson","ROPT",1,0,0,1,"8:37","V",37,"70","56","tundra","","","836",NA,NA,NA
"1178",2019,"Teller","T3",2,"2019-05-24","Michael Henderson","Devin Johnson","LTJA",0,0,3,3,"8:41","V",37,NA,"0","road","","tundra all around","837-839",NA,NA,NA
"1179",2019,"Teller","T3",2,"2019-05-24","Michael Henderson","Devin Johnson","GOPL",0,0,1,1,"8:44","V",36,"80","40","tundra","","","840",NA,NA,NA
"1180",2019,"Teller","T3",2,"2019-05-24","Michael Henderson","Devin Johnson","SEOW",0,0,1,1,"8:45","V",36,NA,"0","road","","flying","841",NA,NA,NA
"1181",2019,"Teller","T3",2,"2019-05-24","Michael Henderson","Devin Johnson","GOPL",0,0,1,1,"8:45","V",36,NA,"0","road","","flushed by SEOW","842",NA,NA,NA
"1182",2019,"Teller","T3",2,"2019-05-24","Michael Henderson","Devin Johnson","WIPT",1,0,0,1,"8:50","V",35,"170","60","tundra","","","843",NA,NA,NA
"1183",2019,"Teller","T3",2,"2019-05-24","Michael Henderson","Devin Johnson","WIPT",2,0,0,2,"8:51","V",35,"160","100","tundra","","fighting","844-845",NA,NA,NA
"1184",2019,"Teller","T3",2,"2019-05-24","Michael Henderson","Devin Johnson","WISN",0,0,1,1,"8:52","V",35,"160","200","tundra","","","846",NA,NA,NA
"1185",2019,"Teller","T3",2,"2019-05-24","Michael Henderson","Devin Johnson","WIPT",1,0,0,1,"8:59","V",35,"180","65","tundra","","","847",NA,NA,NA
"1186",2019,"Teller","T3",2,"2019-05-24","Michael Henderson","Devin Johnson","WIPT",1,0,0,1,"9:03","V",35,"180","95","tundra","","","848",NA,NA,NA
"1187",2019,"Teller","T3",2,"2019-05-24","Michael Henderson","Devin Johnson","WIPT",1,0,0,1,"9:05","V",34,"200","93","tundra","","","849",NA,NA,NA
"1188",2019,"Teller","T3",2,"2019-05-24","Michael Henderson","Devin Johnson","LTJA",0,0,2,2,"9:07","V",34,"80","300","tundra","","flying","850-851",NA,NA,NA
"1189",2019,"Teller","T3",2,"2019-05-24","Michael Henderson","Devin Johnson","WIPT",1,0,0,1,"9:10","V",33,"220","64","tundra","","","852",NA,NA,NA
"1190",2019,"Teller","T3",2,"2019-05-24","Michael Henderson","Devin Johnson","GOPL",0,0,1,1,"9:12","V",33,"210","71","tundra","","","853",NA,NA,NA
"1191",2019,"Teller","T3",2,"2019-05-24","Michael Henderson","Devin Johnson","GOPL",0,0,1,1,"9:14","A",32,"240","200","tundra","","","854",NA,NA,NA
"1192",2019,"Teller","T3",2,"2019-05-24","Michael Henderson","Devin Johnson","WIPT",1,0,0,1,"9:16","V",32,NA,"0","road","","snowy tundra","855",NA,NA,NA
"1193",2019,"Teller","T3",2,"2019-05-24","Michael Henderson","Devin Johnson","LTJA",0,0,1,1,"9:17","V",32,"90","112","tundra","","flying","856",NA,NA,NA
"1194",2019,"Teller","T3",2,"2019-05-24","Michael Henderson","Devin Johnson","LTJA",0,0,1,1,"9:21","V",31,"100","107","tundra","","","857",NA,NA,NA
"1195",2019,"Teller","T3",2,"2019-05-24","Michael Henderson","Devin Johnson","WIPT",1,0,0,1,"9:30","V",28,"100","48","tundra","","","858",NA,NA,NA
"1196",2019,"Teller","T3",2,"2019-05-24","Michael Henderson","Devin Johnson","WIPT",1,0,0,1,"9:31","V",28,"240","50","tundra","","","859",NA,NA,NA
"1197",2019,"Teller","T4",1,"2019-05-23","Devin Johnson","Michael Henderson","ROPT",1,1,0,2,"6:39","V",38,"240","20","tundra","","collected male","704-705",NA,NA,NA
"1198",2019,"Teller","T4",1,"2019-05-23","Devin Johnson","Michael Henderson","GOPL",0,0,1,1,"6:44","V",39,"350","40","tundra","","","706",NA,NA,NA
"1199",2019,"Teller","T4",1,"2019-05-23","Devin Johnson","Michael Henderson","ROPT",1,0,0,1,"6:46","V",39,NA,"0","tundra","","flushed to tundra","707",NA,NA,NA
"1200",2019,"Teller","T4",1,"2019-05-23","Devin Johnson","Michael Henderson","ROPT",1,0,0,1,"6:48","V",39,"110","199","tundra","","","708",NA,NA,NA
"1201",2019,"Teller","T4",1,"2019-05-23","Devin Johnson","Michael Henderson","ROPT",1,0,0,1,"6:49","V",39,"85","200","tundra","","","709",NA,NA,NA
"1202",2019,"Teller","T4",1,"2019-05-23","Devin Johnson","Michael Henderson","GOPL",0,0,1,1,"6:50","V",39,NA,"0","tundra","","","710",NA,NA,NA
"1203",2019,"Teller","T4",1,"2019-05-23","Devin Johnson","Michael Henderson","GOPL",0,0,1,1,"6:51","V",39,"0","200","tundra","","","711",NA,NA,NA
"1204",2019,"Teller","T4",1,"2019-05-23","Devin Johnson","Michael Henderson","ROPT",1,0,0,1,"6:53","V",39,"130","233","tundra","","perched on rock","712",NA,NA,NA
"1205",2019,"Teller","T4",1,"2019-05-23","Devin Johnson","Michael Henderson","GOPL",0,0,1,1,"6:54","V",39,"40","150","tundra","","","713",NA,NA,NA
"1206",2019,"Teller","T4",1,"2019-05-23","Devin Johnson","Michael Henderson","SEOW",0,0,1,1,"7:05","V",39,"110","37","tundra","","eating a lemming","714",NA,NA,NA
"1207",2019,"Teller","T4",1,"2019-05-23","Devin Johnson","Michael Henderson","WISN",0,0,1,1,"7:06","V",39,"340","200","tundra","","","715",NA,NA,NA
"1208",2019,"Teller","T4",1,"2019-05-23","Devin Johnson","Michael Henderson","WIPT",1,0,0,1,"7:13","V",43,"300","16","tundra","","","716",NA,NA,NA
"1209",2019,"Teller","T4",1,"2019-05-23","Devin Johnson","Michael Henderson","WIPT",1,0,0,1,"7:15","V",43,NA,"0","tundra","","flushed off road","717",NA,NA,NA
"1210",2019,"Teller","T4",1,"2019-05-23","Devin Johnson","Michael Henderson","WIPT",1,0,0,1,"7:17","V",43,"300","27","shrub","","","718",NA,NA,NA
"1211",2019,"Teller","T4",1,"2019-05-23","Devin Johnson","Michael Henderson","ROPT",1,0,0,1,"7:20","V",43,"80","119","tundra","","","719",NA,NA,NA
"1212",2019,"Teller","T4",1,"2019-05-23","Devin Johnson","Michael Henderson","ROPT",1,1,0,2,"7:32","V",44,"20","350","tundra","","","720-721",NA,NA,NA
"1213",2019,"Teller","T4",1,"2019-05-23","Devin Johnson","Michael Henderson","WISN",0,0,1,1,"7:33","A",44,"120","200","tundra","","","722",NA,NA,NA
"1214",2019,"Teller","T4",1,"2019-05-23","Devin Johnson","Michael Henderson","ROPT",1,0,0,1,"7:35","V",45,"100","116","tundra","","","723",NA,NA,NA
"1215",2019,"Teller","T4",1,"2019-05-23","Devin Johnson","Michael Henderson","ROPT",0,0,2,2,"7:37","V",45,"320","50","tundra","","","724-725",NA,NA,NA
"1216",2019,"Teller","T4",1,"2019-05-23","Devin Johnson","Michael Henderson","ROPT",1,0,0,1,"7:37","V",45,"120","36","tundra","","","726",NA,NA,NA
"1217",2019,"Teller","T4",1,"2019-05-23","Devin Johnson","Michael Henderson","ROPT",1,0,0,1,"7:43","V",45,"120","65","tundra","","","727",NA,NA,NA
"1218",2019,"Teller","T4",1,"2019-05-23","Devin Johnson","Michael Henderson","PTAR",0,0,1,1,"7:43","V",45,"340","150","tundra","","","728",NA,NA,NA
"1219",2019,"Teller","T4",1,"2019-05-23","Devin Johnson","Michael Henderson","WIPT",1,0,0,1,"7:46","V",46,"110","120","shrub","","","729",NA,NA,NA
"1220",2019,"Teller","T4",1,"2019-05-23","Devin Johnson","Michael Henderson","ROPT",1,0,0,1,"7:46","V",46,"320","45","tundra","","","730",NA,NA,NA
"1221",2019,"Teller","T4",1,"2019-05-23","Devin Johnson","Michael Henderson","ROPT",1,0,0,1,"7:47","V",46,"340","216","tundra","","","731",NA,NA,NA
"1222",2019,"Teller","T4",1,"2019-05-23","Devin Johnson","Michael Henderson","ROPT",1,0,0,1,"7:47","V",46,"110","104","tundra","","","732",NA,NA,NA
"1223",2019,"Teller","T4",1,"2019-05-23","Devin Johnson","Michael Henderson","ROPT",1,0,0,1,"7:50","V",47,NA,"0","tundra","","","733",NA,NA,NA
"1224",2019,"Teller","T4",1,"2019-05-23","Devin Johnson","Michael Henderson","ROPT",1,0,0,1,"7:51","V",47,"320","117","tundra","","","734",NA,NA,NA
"1225",2019,"Teller","T4",1,"2019-05-23","Devin Johnson","Michael Henderson","WIPT",1,0,0,1,"7:53","V",47,"120","155","shrub","","","735",NA,NA,NA
"1226",2019,"Teller","T4",1,"2019-05-23","Devin Johnson","Michael Henderson","GOPL",0,0,1,1,"7:54","V",47,"0","250","tundra","","","736",NA,NA,NA
"1227",2019,"Teller","T4",1,"2019-05-23","Devin Johnson","Michael Henderson","WIPT",1,0,0,1,"7:56","V",47,"350","350","tundra","","","737",NA,NA,NA
"1228",2019,"Teller","T4",1,"2019-05-23","Devin Johnson","Michael Henderson","WISN",0,0,1,1,"7:56","V",47,"300","200","tundra","","","738",NA,NA,NA
"1229",2019,"Teller","T4",1,"2019-05-23","Devin Johnson","Michael Henderson","ROPT",1,0,0,1,"7:59","V",47,"140","45","tundra","","","739",NA,NA,NA
"1230",2019,"Teller","T4",1,"2019-05-23","Devin Johnson","Michael Henderson","ROPT",1,0,0,1,"8:00","V",47,"0","198","tundra","","","740",NA,NA,NA
"1231",2019,"Teller","T4",1,"2019-05-23","Devin Johnson","Michael Henderson","ROPT",1,0,0,1,"8:01","V",47,"10","350","tundra","","","741",NA,NA,NA
"1232",2019,"Teller","T4",2,"2019-05-24","Michael Henderson","Devin Johnson","ROPT",1,0,0,1,"7:25","V",48,NA,"0","road","","","801",NA,NA,NA
"1233",2019,"Teller","T4",2,"2019-05-24","Michael Henderson","Devin Johnson","ROPT",1,0,0,1,"7:28","V",47,NA,"0","road","","","802",NA,NA,NA
"1234",2019,"Teller","T4",2,"2019-05-24","Michael Henderson","Devin Johnson","ROPT",1,0,0,1,"7:29","V",47,"110","400","tundra","","","803",NA,NA,NA
"1235",2019,"Teller","T4",2,"2019-05-24","Michael Henderson","Devin Johnson","ROPT",1,0,0,1,"7:30","V",47,NA,"0","road","","","804",NA,NA,NA
"1236",2019,"Teller","T4",2,"2019-05-24","Michael Henderson","Devin Johnson","ROPT",1,0,0,1,"7:31","V",47,"120","100","tundra","","","805",NA,NA,NA
"1237",2019,"Teller","T4",2,"2019-05-24","Michael Henderson","Devin Johnson","PTAR",0,0,1,1,"7:31","V",47,"110","400","tundra","","flying","806",NA,NA,NA
"1238",2019,"Teller","T4",2,"2019-05-24","Michael Henderson","Devin Johnson","WIPT",1,0,0,1,"7:32","V",47,"150","134","tundra","","","807",NA,NA,NA
"1239",2019,"Teller","T4",2,"2019-05-24","Michael Henderson","Devin Johnson","PTAR",0,0,1,1,"7:34","V",47,"210","400","shrub","","","808",NA,NA,NA
"1240",2019,"Teller","T4",2,"2019-05-24","Michael Henderson","Devin Johnson","WIPT",1,0,0,1,"7:36","V",46,"80","180","tundra","","","809",NA,NA,NA
"1241",2019,"Teller","T4",2,"2019-05-24","Michael Henderson","Devin Johnson","WIPT",2,0,0,2,"7:37","V",46,"150","100","tundra","","","810-811",NA,NA,NA
"1242",2019,"Teller","T4",2,"2019-05-24","Michael Henderson","Devin Johnson","ROPT",1,0,0,1,"7:38","V",46,"230","55","tundra","","","812",NA,NA,NA
"1243",2019,"Teller","T4",2,"2019-05-24","Michael Henderson","Devin Johnson","ROPT",1,0,0,1,"7:40","V",46,"120","200","tundra","","flying","813",NA,NA,NA
"1244",2019,"Teller","T4",2,"2019-05-24","Michael Henderson","Devin Johnson","ROPT",1,0,0,1,"7:42","V",46,"220","44","tundra","","","814",NA,NA,NA
"1245",2019,"Teller","T4",2,"2019-05-24","Michael Henderson","Devin Johnson","ROPT",1,0,0,1,"7:43","V",46,"90","400","tundra","","","815",NA,NA,NA
"1246",2019,"Teller","T4",2,"2019-05-24","Michael Henderson","Devin Johnson","ROPT",1,0,0,1,"7:43","V",46,"90","600","tundra","","","816",NA,NA,NA
"1247",2019,"Teller","T4",2,"2019-05-24","Michael Henderson","Devin Johnson","ROPT",0,0,2,2,"7:45","V",45,"220","250","tundra","","flying","817-818",NA,NA,NA
"1248",2019,"Teller","T4",2,"2019-05-24","Michael Henderson","Devin Johnson","ROPT",1,0,0,1,"7:48","V",45,"250","100","tundra","","flying","819",NA,NA,NA
"1249",2019,"Teller","T4",2,"2019-05-24","Michael Henderson","Devin Johnson","AGSQ",0,0,1,1,"7:50","V",45,"250","45","tundra","","","820",NA,NA,NA
"1250",2019,"Teller","T4",2,"2019-05-24","Michael Henderson","Devin Johnson","WIPT",1,0,0,1,"7:53","V",45,NA,"0","road","","","821",NA,NA,NA
"1251",2019,"Teller","T4",2,"2019-05-24","Michael Henderson","Devin Johnson","WIPT",1,0,0,1,"7:54","V",44,"270","40","tundra","","","822",NA,NA,NA
"1252",2019,"Teller","T4",2,"2019-05-24","Michael Henderson","Devin Johnson","WIPT",1,0,0,1,"7:57","V",44,"250","42","tundra","","","823",NA,NA,NA
"1253",2019,"Teller","T4",2,"2019-05-24","Michael Henderson","Devin Johnson","GOPL",0,0,1,1,"7:59","V",43,"170","70","tundra","","","824",NA,NA,NA
"1254",2019,"Teller","T4",2,"2019-05-24","Michael Henderson","Devin Johnson","WIPT",1,0,0,1,"8:02","V",43,NA,"0","road","","next to tundra","825",NA,NA,NA
"1255",2019,"Teller","T4",2,"2019-05-24","Michael Henderson","Devin Johnson","LTJA",0,0,1,1,"8:03","V",43,"190","75","tundra","","flying, landed","826",NA,NA,NA
"1256",2019,"Teller","T4",2,"2019-05-24","Michael Henderson","Devin Johnson","WIPT",1,0,0,1,"8:04","V",43,"210","10","tundra","","","827",NA,NA,NA
"1257",2019,"Teller","T4",2,"2019-05-24","Michael Henderson","Devin Johnson","WIPT",1,0,0,1,"8:05","V",43,"210","10","tundra","","","828",NA,NA,NA
"1258",2019,"Teller","T4",2,"2019-05-24","Michael Henderson","Devin Johnson","GOPL",0,0,1,1,"8:13","V",41,NA,"0","road","","flying","829",NA,NA,NA
"1259",2019,"Teller","T4",2,"2019-05-24","Michael Henderson","Devin Johnson","AGSQ",0,0,1,1,"8:16","V",41,"200","15","tundra","","","830",NA,NA,NA
"1260",2019,"Teller","T4",2,"2019-05-24","Michael Henderson","Devin Johnson","GOPL",0,0,1,1,"8:20","V",40,"110","67","tundra","","flying","831",NA,NA,NA
"1261",2019,"Teller","T4",2,"2019-05-24","Michael Henderson","Devin Johnson","ROPT",1,0,0,1,"8:21","V",40,NA,"0","road","","","832",NA,NA,NA
"1262",2019,"Teller","T4",2,"2019-05-24","Michael Henderson","Devin Johnson","ROPT",1,0,0,1,"8:24","V",39,"110","166","tundra","","next to GOPL","833",NA,NA,NA
"1263",2019,"Teller","T4",2,"2019-05-24","Michael Henderson","Devin Johnson","GOPL",0,0,1,1,"8:24","V",39,"110","166","tundra","","next to ROPT","834",NA,NA,NA
"1264",2019,"Teller","T4",2,"2019-05-24","Michael Henderson","Devin Johnson","ROPT",1,0,0,1,"8:27","V",39,"180","180","tundra","","","835",NA,NA,NA
"1265",2019,"Teller","T5",1,"2019-05-23","Devin Johnson","Michael Henderson","WIPT",2,0,0,2,"8:08","V",48,NA,"0","tundra","","","742-743",NA,NA,NA
"1266",2019,"Teller","T5",1,"2019-05-23","Devin Johnson","Michael Henderson","WIPT",1,0,0,1,"8:09","V",48,"130","24","tundra","","","744",NA,NA,NA
"1267",2019,"Teller","T5",1,"2019-05-23","Devin Johnson","Michael Henderson","WIPT",1,0,0,1,"8:11","V",48,"130","94","shrub","","","745",NA,NA,NA
"1268",2019,"Teller","T5",1,"2019-05-23","Devin Johnson","Michael Henderson","WIPT",1,0,0,1,"8:12","V",48,NA,"0","tundra","","","746",NA,NA,NA
"1269",2019,"Teller","T5",1,"2019-05-23","Devin Johnson","Michael Henderson","WIPT",1,0,0,1,"8:12","V",48,"300","237","tundra","","","747",NA,NA,NA
"1270",2019,"Teller","T5",1,"2019-05-23","Devin Johnson","Michael Henderson","WIPT",1,0,0,1,"8:19","V",49,NA,"0","tundra","","","748",NA,NA,NA
"1271",2019,"Teller","T5",1,"2019-05-23","Devin Johnson","Michael Henderson","LTJA",0,0,2,2,"8:22","V",49,"140","200","tundra","","","749-750",NA,NA,NA
"1272",2019,"Teller","T5",1,"2019-05-23","Devin Johnson","Michael Henderson","LTJA",0,0,1,1,"8:25","V",50,NA,"0","tundra","","","751",NA,NA,NA
"1273",2019,"Teller","T5",1,"2019-05-23","Devin Johnson","Michael Henderson","WIPT",1,0,0,1,"8:26","V",50,NA,"0","tundra","","","752",NA,NA,NA
"1274",2019,"Teller","T5",1,"2019-05-23","Devin Johnson","Michael Henderson","WIPT",1,0,0,1,"8:28","V",51,NA,"0","tundra","","","753",NA,NA,NA
"1275",2019,"Teller","T5",1,"2019-05-23","Devin Johnson","Michael Henderson","WIPT",1,0,0,1,"8:30","V",52,NA,"0","tundra","","","754",NA,NA,NA
"1276",2019,"Teller","T5",1,"2019-05-23","Devin Johnson","Michael Henderson","LTJA",0,0,2,2,"8:31","V",52,NA,"0","tundra","","","755-756",NA,NA,NA
"1277",2019,"Teller","T5",1,"2019-05-23","Devin Johnson","Michael Henderson","WIPT",1,0,0,1,"8:32","V",52,NA,"0","tundra","","","757",NA,NA,NA
"1278",2019,"Teller","T5",1,"2019-05-23","Devin Johnson","Michael Henderson","WIPT",1,0,0,1,"8:35","V",53,"350","450","shrub","","","758",NA,NA,NA
"1279",2019,"Teller","T5",1,"2019-05-23","Devin Johnson","Michael Henderson","WIPT",1,0,0,1,"8:40","V",55,"90","130","tundra","","","759",NA,NA,NA
"1280",2019,"Teller","T5",1,"2019-05-23","Devin Johnson","Michael Henderson","WIPT",1,0,0,1,"8:44","V",55,"320","225","shrub","","","760",NA,NA,NA
"1281",2019,"Teller","T5",1,"2019-05-23","Devin Johnson","Michael Henderson","WIPT",1,0,0,1,"8:45","V",56,"80","30","shrub","","","761",NA,NA,NA
"1282",2019,"Teller","T5",2,"2019-05-24","Michael Henderson","Devin Johnson","WIPT",1,0,0,1,"6:34","V",55,NA,"0","tundra","","","779",NA,NA,NA
"1283",2019,"Teller","T5",2,"2019-05-24","Michael Henderson","Devin Johnson","ROPT",1,0,0,1,"6:36","V",55,"180","16","tundra","","","780",NA,NA,NA
"1284",2019,"Teller","T5",2,"2019-05-24","Michael Henderson","Devin Johnson","WIPT",1,0,0,1,"6:40","V",54,NA,"0","tundra","","","781",NA,NA,NA
"1285",2019,"Teller","T5",2,"2019-05-24","Michael Henderson","Devin Johnson","WIPT",1,0,0,1,"6:44","V",54,"70","151","tundra","","","782",NA,NA,NA
"1286",2019,"Teller","T5",2,"2019-05-24","Michael Henderson","Devin Johnson","WIPT",1,0,0,1,"6:50","V",52,"200","9","snow","","near low shrub","783",NA,NA,NA
"1287",2019,"Teller","T5",2,"2019-05-24","Michael Henderson","Devin Johnson","WIPT",1,0,0,1,"6:52","V",52,NA,"0","road","","","784",NA,NA,NA
"1288",2019,"Teller","T5",2,"2019-05-24","Michael Henderson","Devin Johnson","WIPT",1,0,0,1,"6:55","V",51,NA,"0","road","","","785",NA,NA,NA
"1289",2019,"Teller","T5",2,"2019-05-24","Michael Henderson","Devin Johnson","WIPT",1,0,0,1,"6:56","V",51,"110","52","tundra","","","786",NA,NA,NA
"1290",2019,"Teller","T5",2,"2019-05-24","Michael Henderson","Devin Johnson","WIPT",1,0,0,1,"6:59","V",51,NA,"0","road","","","787",NA,NA,NA
"1291",2019,"Teller","T5",2,"2019-05-24","Michael Henderson","Devin Johnson","WIPT",1,0,0,1,"7:00","V",51,"250","65","tundra","","","788",NA,NA,NA
"1292",2019,"Teller","T5",2,"2019-05-24","Michael Henderson","Devin Johnson","WIPT",1,0,0,1,"7:01","V",51,NA,"0","road","","","789",NA,NA,NA
"1293",2019,"Teller","T5",2,"2019-05-24","Michael Henderson","Devin Johnson","WISN",0,0,1,1,"7:02","A",50,"100","150","shrub","","","790",NA,NA,NA
"1294",2019,"Teller","T5",2,"2019-05-24","Michael Henderson","Devin Johnson","ROPT",1,0,0,1,"7:02","V",50,"280","400","tundra","","","791",NA,NA,NA
"1295",2019,"Teller","T5",2,"2019-05-24","Michael Henderson","Devin Johnson","WIPT",1,0,0,1,"7:04","V",50,"240","71","tundra","","","792",NA,NA,NA
"1296",2019,"Teller","T5",2,"2019-05-24","Michael Henderson","Devin Johnson","WIPT",1,0,0,1,"7:07","V",50,"250","137","tundra","","","793",NA,NA,NA
"1297",2019,"Teller","T5",2,"2019-05-24","Michael Henderson","Devin Johnson","WIPT",1,0,0,1,"7:08","V",50,"240","94","tundra","","","794",NA,NA,NA
"1298",2019,"Teller","T5",2,"2019-05-24","Michael Henderson","Devin Johnson","WIPT",1,0,0,1,"7:09","V",50,"130","132","tundra","","","795",NA,NA,NA
"1299",2019,"Teller","T5",2,"2019-05-24","Michael Henderson","Devin Johnson","WIPT",1,0,0,1,"7:10","V",49,NA,"0","road","","","796",NA,NA,NA
"1300",2019,"Teller","T5",2,"2019-05-24","Michael Henderson","Devin Johnson","WIPT",1,0,0,1,"7:12","V",49,"310","350","tundra","","","797",NA,NA,NA
"1301",2019,"Teller","T5",2,"2019-05-24","Michael Henderson","Devin Johnson","WIPT",1,0,0,1,"7:15","V",49,"140","71","shrub","","","798",NA,NA,NA
"1302",2019,"Teller","T5",2,"2019-05-24","Michael Henderson","Devin Johnson","WIPT",1,0,0,1,"7:16","V",49,NA,"0","road","","","799",NA,NA,NA
"1303",2019,"Teller","T5",2,"2019-05-24","Michael Henderson","Devin Johnson","WIPT",1,0,0,1,"7:27","V",49,NA,"0","road","","","800",NA,NA,NA
"1304",2019,"Teller","T6",1,"2019-05-23","Devin Johnson","Michael Henderson","WIPT",1,0,0,1,"8:57","V",59,"0","32","tundra","","","762",NA,NA,NA
"1305",2019,"Teller","T6",1,"2019-05-23","Devin Johnson","Michael Henderson","WIPT",1,0,0,1,"8:59","V",59,NA,"0","tundra","","","763",NA,NA,NA
"1306",2019,"Teller","T6",1,"2019-05-23","Devin Johnson","Michael Henderson","WIPT",1,0,0,1,"9:00","V",59,"0","183","tundra","","","764",NA,NA,NA
"1307",2019,"Teller","T6",1,"2019-05-23","Devin Johnson","Michael Henderson","WIPT",1,0,0,1,"9:01","V",59,"40","43","tundra","","","765",NA,NA,NA
"1308",2019,"Teller","T6",1,"2019-05-23","Devin Johnson","Michael Henderson","SEOW",0,0,1,1,"9:02","V",60,NA,"0","tundra","","flying","766",NA,NA,NA
"1309",2019,"Teller","T6",1,"2019-05-23","Devin Johnson","Michael Henderson","WIPT",1,0,0,1,"9:02","V",60,NA,"0","tundra","","flying","767",NA,NA,NA
"1310",2019,"Teller","T6",1,"2019-05-23","Devin Johnson","Michael Henderson","WIPT",1,0,0,1,"9:03","V",60,"280","137","tundra","","","768",NA,NA,NA
"1311",2019,"Teller","T6",1,"2019-05-23","Devin Johnson","Michael Henderson","WIPT",1,0,0,1,"9:05","V",61,"240","40","tundra","","flushed","769",NA,NA,NA
"1312",2019,"Teller","T6",1,"2019-05-23","Devin Johnson","Michael Henderson","WIPT",1,0,0,1,"9:05","V",61,"240","250","tundra","","","770",NA,NA,NA
"1313",2019,"Teller","T6",1,"2019-05-23","Devin Johnson","Michael Henderson","WIPT",1,0,0,1,"9:06","V",61,"40","116","tundra","","","771",NA,NA,NA
"1314",2019,"Teller","T6",1,"2019-05-23","Devin Johnson","Michael Henderson","LTJA",0,0,1,1,"9:13","V",62,"60","110","tundra","","","772",NA,NA,NA
"1315",2019,"Teller","T6",1,"2019-05-23","Devin Johnson","Michael Henderson","WIPT",1,0,0,1,"9:14","V",62,"280","75","shrub","","","773",NA,NA,NA
"1316",2019,"Teller","T6",1,"2019-05-23","Devin Johnson","Michael Henderson","WIPT",2,0,0,2,"9:20","V",63,NA,"0","tundra","","","774-775",NA,NA,NA
"1317",2019,"Teller","T6",1,"2019-05-23","Devin Johnson","Michael Henderson","NOHA",0,0,1,1,"9:27","V",65,"150","40","tundra","","","776",NA,NA,NA
"1318",2019,"Teller","T6",2,"2018-06-05","Michael Henderson","Devin Johnson","WIPT",1,0,0,1,"5:57","V",63,"50","48","tundra","","","777",NA,NA,NA
"1319",2019,"Teller","T6",2,"2018-06-05","Michael Henderson","Devin Johnson","WIPT",1,0,0,1,"6:14","V",60,NA,"0","tundra","","","778",NA,NA,NA
"1320",2019,"Kougarok","K1",1,"2019-05-11","Devin Johnson","Michael Henderson","NOHA",0,0,1,1,"6:15","V",13,"300","100","shrub","","no waypoint. Flying","",NA,NA,NA
"1321",2019,"Kougarok","K1",1,"2019-05-11","Devin Johnson","Michael Henderson","WISN",0,0,1,1,"6:24","A",14,"155","300","shrub","","","505",NA,NA,NA
"1322",2019,"Kougarok","K1",1,"2019-05-11","Devin Johnson","Michael Henderson","NOHA",1,0,0,1,"6:31","V",15,"0","50","shrub","","male","506",NA,NA,NA
"1323",2019,"Kougarok","K1",1,"2019-05-11","Devin Johnson","Michael Henderson","WIPT",1,0,0,1,"6:48","A",18,"110","350","tundra",""," distant male","507",NA,NA,NA
"1324",2019,"Kougarok","K1",1,"2019-05-11","Devin Johnson","Michael Henderson","WISN",0,0,1,1,"6:48","A",18,"300","200","shrub","","","508",NA,NA,NA
"1325",2019,"Kougarok","K1",1,"2019-05-11","Devin Johnson","Michael Henderson","WIPT",1,0,0,1,"7:00","V",20,"340","75","shrub","","","509",NA,NA,NA
"1326",2019,"Kougarok","K1",1,"2019-05-11","Devin Johnson","Michael Henderson","WIPT",1,0,0,1,"7:04","V",20,"100","30","shrub","","","510",NA,NA,NA
"1327",2019,"Kougarok","K1",2,"2019-06-01","Michael Henderson","Devin Johnson","WISN",0,0,1,1,"7:59","A",23,"130","50","shrub","","","1006",NA,NA,NA
"1328",2019,"Kougarok","K1",2,"2019-06-01","Michael Henderson","Devin Johnson","WISN",0,0,1,1,"8:10","A",21,"300","150","shrub","","","1007",NA,NA,NA
"1329",2019,"Kougarok","K1",2,"2019-06-01","Michael Henderson","Devin Johnson","WISN",0,0,1,1,"8:12","A",21,"50","100","shrub","","","1008",NA,NA,NA
"1330",2019,"Kougarok","K1",2,"2019-06-01","Michael Henderson","Devin Johnson","WIPT",1,0,0,1,"8:13","V",20,NA,"0","shrub","","","1009",NA,NA,NA
"1331",2019,"Kougarok","K1",2,"2019-06-01","Michael Henderson","Devin Johnson","WIPT",1,0,0,1,"8:17","V",19,NA,"0","shrub","","","1010",NA,NA,NA
"1332",2019,"Kougarok","K1",2,"2019-06-01","Michael Henderson","Devin Johnson","WISN",0,0,1,1,"8:19","A",19,"300","75","shrub","","","1011",NA,NA,NA
"1333",2019,"Kougarok","K1",2,"2019-06-01","Michael Henderson","Devin Johnson","WIPT",1,0,0,1,"8:26","V",18,"250","111","tundra","","","1012",NA,NA,NA
"1334",2019,"Kougarok","K1",2,"2019-06-01","Michael Henderson","Devin Johnson","WIPT",1,0,0,1,"8:27","V",18,"230","11","shrub","","","1013",NA,NA,NA
"1335",2019,"Kougarok","K1",2,"2019-06-01","Michael Henderson","Devin Johnson","WISN",0,0,1,1,"8:29","A",17,"130","100","shrub","","","1014",NA,NA,NA
"1336",2019,"Kougarok","K1",2,"2019-06-01","Michael Henderson","Devin Johnson","WISN",0,0,1,1,"8:34","A",16,"250","100","shrub","","","1015",NA,NA,NA
"1337",2019,"Kougarok","K1",2,"2019-06-01","Michael Henderson","Devin Johnson","WISN",0,0,1,1,"8:34","A",16,"110","100","shrub","","","1016",NA,NA,NA
"1338",2019,"Kougarok","K1",2,"2019-06-01","Michael Henderson","Devin Johnson","WISN",0,0,1,1,"8:36","A",16,"130","75","shrub","","","1017",NA,NA,NA
"1339",2019,"Kougarok","K1",2,"2019-06-01","Michael Henderson","Devin Johnson","WIPT",1,0,0,1,"8:36","V",15,"50","76","shrub","","","1018",NA,NA,NA
"1340",2019,"Kougarok","K1",2,"2019-06-01","Michael Henderson","Devin Johnson","WISN",0,0,1,1,"8:44","A",14,"110","100","shrub","","","1019",NA,NA,NA
"1341",2019,"Kougarok","K2",1,"2019-05-11","Devin Johnson","Michael Henderson","WIPT",1,0,0,1,"7:38","V",26,"130","115","shrub","","","511",NA,NA,NA
"1342",2019,"Kougarok","K2",1,"2019-05-11","Devin Johnson","Michael Henderson","WIPT",1,0,0,1,"7:42","A",26,"100","200","tundra","","","512",NA,NA,NA
"1343",2019,"Kougarok","K2",1,"2019-05-11","Devin Johnson","Michael Henderson","WIPT",1,0,0,1,"7:47","A",26,"150","150","tundra","","","513",NA,NA,NA
"1344",2019,"Kougarok","K2",1,"2019-05-11","Devin Johnson","Michael Henderson","WIPT",1,1,0,2,"8:01","V",29,"30","82","shrub","","feeding aggressively","514-515",NA,NA,NA
"1345",2019,"Kougarok","K2",1,"2019-05-11","Devin Johnson","Michael Henderson","WIPT",1,0,0,1,"8:10","V",30,"50","90","tundra","","","516",NA,NA,NA
"1346",2019,"Kougarok","K2",1,"2019-05-11","Devin Johnson","Michael Henderson","WIPT",1,0,0,1,"8:11","V",30,"350","160","shrub","","","517",NA,NA,NA
"1347",2019,"Kougarok","K2",1,"2019-05-11","Devin Johnson","Michael Henderson","WIPT",1,0,0,1,"8:12","V",30,"350","77","shrub","","","518",NA,NA,NA
"1348",2019,"Kougarok","K2",1,"2019-05-11","Devin Johnson","Michael Henderson","AGSQ",0,0,1,1,"8:24","V",31,NA,"0","road","","","519",NA,NA,NA
"1349",2019,"Kougarok","K2",2,"2019-05-29","Michael Henderson","Devin Johnson","AGSQ",0,0,1,1,"9:47","V",33,NA,"0","road","","","926",NA,NA,NA
"1350",2019,"Kougarok","K2",2,"2019-05-29","Michael Henderson","Devin Johnson","AGSQ",0,0,1,1,"9:49","V",32,"10","30","snow","","","927",NA,NA,NA
"1351",2019,"Kougarok","K2",2,"2019-05-29","Michael Henderson","Devin Johnson","WIPT",1,0,0,1,"9:57","V",31,"290","13","snow","","","928",NA,NA,NA
"1352",2019,"Kougarok","K2",2,"2019-05-29","Michael Henderson","Devin Johnson","WIPT",1,0,0,1,"9:59","V",31,"220","10","snow","","","929",NA,NA,NA
"1353",2019,"Kougarok","K2",2,"2019-05-29","Michael Henderson","Devin Johnson","WIPT",1,0,0,1,"10:09","V",28,"180","12","snow","","","930",NA,NA,NA
"1354",2019,"Kougarok","K2",2,"2019-05-29","Michael Henderson","Devin Johnson","WISN",0,0,1,1,"10:12","V",27,"90","60","shrub","","","931",NA,NA,NA
"1355",2019,"Kougarok","K3",1,"2019-05-22","Michael Henderson","Devin Johnson","WIPT",1,1,0,2,"7:44","V",33,"100","12","snow","","","669-670",NA,NA,NA
"1356",2019,"Kougarok","K3",1,"2019-05-22","Michael Henderson","Devin Johnson","WIPT",0,0,1,1,"7:45","A",33,"270","30","shrub","","","671",NA,NA,NA
"1357",2019,"Kougarok","K3",1,"2019-05-22","Michael Henderson","Devin Johnson","WIPT",1,0,0,1,"7:46","V",33,NA,"0","shrub","","flying over road","672",NA,NA,NA
"1358",2019,"Kougarok","K3",1,"2019-05-22","Michael Henderson","Devin Johnson","WIPT",1,0,0,1,"7:47","V",33,"310","17","snow","","","673",NA,NA,NA
"1359",2019,"Kougarok","K3",1,"2019-05-22","Michael Henderson","Devin Johnson","WIPT",1,0,0,1,"7:47","V",33,"100","17","snow","","","674",NA,NA,NA
"1360",2019,"Kougarok","K3",1,"2019-05-22","Michael Henderson","Devin Johnson","WISN",0,0,1,1,"7:48","A",33,"310","150","shrub","","","675",NA,NA,NA
"1361",2019,"Kougarok","K3",1,"2019-05-22","Michael Henderson","Devin Johnson","WIPT",1,0,0,1,"7:50","V",33,"290","15","shrub","","","676",NA,NA,NA
"1362",2019,"Kougarok","K3",1,"2019-05-22","Michael Henderson","Devin Johnson","WIPT",1,0,0,1,"7:53","V",34,"70","16","snow","","","677",NA,NA,NA
"1363",2019,"Kougarok","K3",1,"2019-05-22","Michael Henderson","Devin Johnson","WIPT",1,0,0,1,"7:55","V",34,"290","8","snow","","","678",NA,NA,NA
"1364",2019,"Kougarok","K3",1,"2019-05-22","Michael Henderson","Devin Johnson","WIPT",1,0,0,1,"8:05","V",37,"140","8","snow","","","679",NA,NA,NA
"1365",2019,"Kougarok","K3",1,"2019-05-22","Michael Henderson","Devin Johnson","WISN",0,0,1,1,"8:10","V",37,"330","140","shrub","","","680",NA,NA,NA
"1366",2019,"Kougarok","K3",1,"2019-05-22","Michael Henderson","Devin Johnson","WISN",0,0,1,1,"8:14","V",38,NA,"0","tundra","","flying over road","681",NA,NA,NA
"1367",2019,"Kougarok","K3",1,"2019-05-22","Michael Henderson","Devin Johnson","WISN",0,0,1,1,"8:17","V",39,"0","200","shrub","","","682",NA,NA,NA
"1368",2019,"Kougarok","K3",1,"2019-05-22","Michael Henderson","Devin Johnson","WISN",0,0,1,1,"8:20","V",39,"0","56","tundra","","","683",NA,NA,NA
"1369",2019,"Kougarok","K3",1,"2019-05-22","Michael Henderson","Devin Johnson","WIPT",1,0,0,1,"8:21","V",39,"90","9","snow","","","684",NA,NA,NA
"1370",2019,"Kougarok","K3",1,"2019-05-22","Michael Henderson","Devin Johnson","WISN",0,0,2,2,"8:23","V",40,"10","35","snow","","","685-686",NA,NA,NA
"1371",2019,"Kougarok","K3",1,"2019-05-22","Michael Henderson","Devin Johnson","WIPT",1,0,0,1,"8:25","V",40,NA,"0","shrub","","flying over road","687",NA,NA,NA
"1372",2019,"Kougarok","K3",1,"2019-05-22","Michael Henderson","Devin Johnson","WIPT",1,0,0,1,"8:27","V",40,"170","8","snow","","","688",NA,NA,NA
"1373",2019,"Kougarok","K3",1,"2019-05-22","Michael Henderson","Devin Johnson","WIPT",1,0,0,1,"8:30","V",41,"170","6","snow","","","689",NA,NA,NA
"1374",2019,"Kougarok","K3",1,"2019-05-22","Michael Henderson","Devin Johnson","WIPT",1,0,0,1,"8:33","V",41,"130","55","tundra","","","690",NA,NA,NA
"1375",2019,"Kougarok","K3",1,"2019-05-22","Michael Henderson","Devin Johnson","LTJA",0,0,2,2,"8:39","V",42,NA,"0","shrub","","flying over road","691-692",NA,NA,NA
"1376",2019,"Kougarok","K3",1,"2019-05-22","Michael Henderson","Devin Johnson","WIPT",1,0,0,1,"8:40","V",43,"310","37","tundra","","","693",NA,NA,NA
"1377",2019,"Kougarok","K3",2,"2019-05-29","Michael Henderson","Devin Johnson","WIPT",1,0,0,1,"8:59","V",42,"330","71","tundra","","","909",NA,NA,NA
"1378",2019,"Kougarok","K3",2,"2019-05-29","Michael Henderson","Devin Johnson","WIPT",2,0,0,2,"9:02","V",42,"180","100","shrub","","flying","910-911",NA,NA,NA
"1379",2019,"Kougarok","K3",2,"2019-05-29","Michael Henderson","Devin Johnson","WIPT",1,0,0,1,"9:07","V",41,"50","30","tundra","","","912",NA,NA,NA
"1380",2019,"Kougarok","K3",2,"2019-05-29","Michael Henderson","Devin Johnson","WIPT",1,0,0,1,"9:08","V",40,"200","1","snow","","","913",NA,NA,NA
"1381",2019,"Kougarok","K3",2,"2019-05-29","Michael Henderson","Devin Johnson","GOPL",0,0,2,2,"9:09","V",39,"180","46","tundra","","","914-915",NA,NA,NA
"1382",2019,"Kougarok","K3",2,"2019-05-29","Michael Henderson","Devin Johnson","WIPT",1,0,0,1,"9:09","V",39,"200","15","snow","","","916",NA,NA,NA
"1383",2019,"Kougarok","K3",2,"2019-05-29","Michael Henderson","Devin Johnson","WIPT",1,0,0,1,"9:27","V",35,"180","5","snow","","","917",NA,NA,NA
"1384",2019,"Kougarok","K3",2,"2019-05-29","Michael Henderson","Devin Johnson","WIPT",2,0,0,2,"9:30","V",35,"160","3","snow","","","918-919",NA,NA,NA
"1385",2019,"Kougarok","K3",2,"2019-05-29","Michael Henderson","Devin Johnson","WIPT",1,0,0,1,"9:31","V",35,"140","12","snow","","","920",NA,NA,NA
"1386",2019,"Kougarok","K3",2,"2019-05-29","Michael Henderson","Devin Johnson","WIPT",1,0,0,1,"9:36","V",34,"260","50","shrub","","","921",NA,NA,NA
"1387",2019,"Kougarok","K3",2,"2019-05-29","Michael Henderson","Devin Johnson","WISN",0,0,1,1,"9:37","A",34,"200","300","shrub","","flying","922",NA,NA,NA
"1388",2019,"Kougarok","K3",2,"2019-05-29","Michael Henderson","Devin Johnson","WIPT",1,0,0,1,"9:40","V",34,"220","150","shrub","","","923",NA,NA,NA
"1389",2019,"Kougarok","K3",2,"2019-05-29","Michael Henderson","Devin Johnson","WIPT",1,0,0,1,"9:42","V",34,"320","350","shrub","","","924",NA,NA,NA
"1390",2019,"Kougarok","K3",2,"2019-05-29","Michael Henderson","Devin Johnson","WIPT",1,0,0,1,"9:43","V",34,"160","12","snow","","","925",NA,NA,NA
"1391",2019,"Kougarok","K4",1,"2019-05-22","Michael Henderson","Devin Johnson","WIPT",1,0,0,1,"8:44","V",43,"290","38","tundra","","","694",NA,NA,NA
"1392",2019,"Kougarok","K4",1,"2019-05-22","Michael Henderson","Devin Johnson","WISN",0,0,1,1,"8:51","A",44,"78","100","shrub","","","695",NA,NA,NA
"1393",2019,"Kougarok","K4",1,"2019-05-22","Michael Henderson","Devin Johnson","WIPT",1,0,0,1,"8:52","V",44,NA,"0","shrub","","","696",NA,NA,NA
"1394",2019,"Kougarok","K4",1,"2019-05-22","Michael Henderson","Devin Johnson","WISN",0,0,1,1,"8:54","A",45,"70","100","shrub","","","697",NA,NA,NA
"1395",2019,"Kougarok","K4",1,"2019-05-22","Michael Henderson","Devin Johnson","WISN",0,0,2,2,"8:56","A",45,"80","60","shrub","","","698-699",NA,NA,NA
"1396",2019,"Kougarok","K4",1,"2019-05-22","Michael Henderson","Devin Johnson","LTJA",0,0,1,1,"9:11","V",49,NA,"0","tundra","","","700",NA,NA,NA
"1397",2019,"Kougarok","K4",1,"2019-05-22","Michael Henderson","Devin Johnson","WISN",0,0,1,1,"9:27","V",52,"50","5","shrub","","","701",NA,NA,NA
"1398",2019,"Kougarok","K4",1,"2019-05-22","Michael Henderson","Devin Johnson","GOPL",0,0,1,1,"9:28","A",52,NA,"0","shrub","","flying overhead","702",NA,NA,NA
"1399",2019,"Kougarok","K4",1,"2019-05-22","Michael Henderson","Devin Johnson","WISN",0,0,1,1,"9:30","V",53,"270","28","tundra","","","703",NA,NA,NA
"1400",2019,"Kougarok","K4",2,"2019-05-29","Michael Henderson","Devin Johnson","WISN",0,0,1,1,"8:00","V",53,"210","30","tundra","","flying","898",NA,NA,NA
"1401",2019,"Kougarok","K4",2,"2019-05-29","Michael Henderson","Devin Johnson","ROPT",1,0,0,1,"8:03","V",52,NA,"0","road","","","899",NA,NA,NA
"1402",2019,"Kougarok","K4",2,"2019-05-29","Michael Henderson","Devin Johnson","WIPT",1,0,0,1,"8:03","V",52,"130","66","shrub","","","900",NA,NA,NA
"1403",2019,"Kougarok","K4",2,"2019-05-29","Michael Henderson","Devin Johnson","WISN",0,0,1,1,"8:08","V",51,"120","32","shrub","","","901",NA,NA,NA
"1404",2019,"Kougarok","K4",2,"2019-05-29","Michael Henderson","Devin Johnson","GOPL",0,0,1,1,"8:10","V",51,"110","117","shrub","","","902",NA,NA,NA
"1405",2019,"Kougarok","K4",2,"2019-05-29","Michael Henderson","Devin Johnson","GOPL",0,0,1,1,"8:10","V",51,"290","100","shrub","","","903",NA,NA,NA
"1406",2019,"Kougarok","K4",2,"2019-05-29","Michael Henderson","Devin Johnson","GOPL",0,0,1,1,"8:12","V",50,"140","65","shrub","","","904",NA,NA,NA
"1407",2019,"Kougarok","K4",2,"2019-05-29","Michael Henderson","Devin Johnson","WHIM",0,0,1,1,"8:24","V",47,"160","75","shrub","","","905",NA,NA,NA
"1408",2019,"Kougarok","K4",2,"2019-05-29","Michael Henderson","Devin Johnson","SSHA",0,0,1,1,"8:31","V",45,NA,"0","road","","","906",NA,NA,NA
"1409",2019,"Kougarok","K4",2,"2019-05-29","Michael Henderson","Devin Johnson","WISN",0,0,1,1,"8:36","A",45,"180","150","tundra","","","907",NA,NA,NA
"1410",2019,"Kougarok","K4",2,"2019-05-29","Michael Henderson","Devin Johnson","WIPT",1,0,0,1,"8:49","V",44,"200","180","shrub","","","908",NA,NA,NA
"1411",2019,"Kougarok","K5",1,"2019-05-27","Devin Johnson","Michael Henderson","WISN",0,0,1,1,"8:26","A",57,"240","50","shrub","","","860",NA,NA,NA
"1412",2019,"Kougarok","K5",1,"2019-05-27","Devin Johnson","Michael Henderson","WISN",0,0,1,1,"8:31","V",58,NA,"0","road","","","861",NA,NA,NA
"1413",2019,"Kougarok","K5",1,"2019-05-27","Devin Johnson","Michael Henderson","SSHA",0,0,1,1,"8:37","V",58,NA,"0","road","","","862",NA,NA,NA
"1414",2019,"Kougarok","K5",1,"2019-05-27","Devin Johnson","Michael Henderson","SSHA",0,0,1,1,"8:39","V",58,NA,"0","road","","","863",NA,NA,NA
"1415",2019,"Kougarok","K5",1,"2019-05-27","Devin Johnson","Michael Henderson","WISN",0,0,1,1,"8:44","V",60,"80","100","shrub","","flying","864",NA,NA,NA
"1416",2019,"Kougarok","K5",1,"2019-05-27","Devin Johnson","Michael Henderson","WISN",0,0,1,1,"8:45","V",61,"290","150","shrub","","","865",NA,NA,NA
"1417",2019,"Kougarok","K5",1,"2019-05-27","Devin Johnson","Michael Henderson","SSHA",0,0,1,1,"8:48","V",62,NA,"0","road","","","866",NA,NA,NA
"1418",2019,"Kougarok","K5",1,"2019-05-27","Devin Johnson","Michael Henderson","SSHA",0,0,1,1,"8:50","V",62,NA,"0","road","","","865",NA,NA,NA
"1419",2019,"Kougarok","K5",2,"2019-05-29","Michael Henderson","Devin Johnson","WISN",0,0,1,1,"7:20","A",60,"210","150","shrub","","","893",NA,NA,NA
"1420",2019,"Kougarok","K5",2,"2019-05-29","Michael Henderson","Devin Johnson","WHIM",0,0,2,2,"7:40","V",54,"140","350","tundra","","","894-895",NA,NA,NA
"1421",2019,"Kougarok","K5",2,"2019-05-29","Michael Henderson","Devin Johnson","WIPT",1,1,0,2,"7:44","V",54,"280","20","tundra","","","896-897",NA,NA,NA
"1422",2019,"Kougarok","K6",1,"2019-05-27","Devin Johnson","Michael Henderson","WHIM",0,0,1,1,"9:42","V",72,"60","100","tundra","","","868",NA,NA,NA
"1423",2019,"Kougarok","K6",1,"2019-05-27","Devin Johnson","Michael Henderson","GOPL",0,0,1,1,"9:42","A",72,"0","100","tundra","","","869",NA,NA,NA
"1424",2019,"Kougarok","K6",2,"2019-05-29","Michael Henderson","Devin Johnson","PAJA",0,0,1,1,"6:36","V",70,NA,"0","tundra","","","889",NA,NA,NA
"1425",2019,"Kougarok","K6",2,"2019-05-29","Michael Henderson","Devin Johnson","WHIM",0,0,1,1,"6:36","V",70,NA,"0","tundra","","flying","890",NA,NA,NA
"1426",2019,"Kougarok","K6",2,"2019-05-29","Michael Henderson","Devin Johnson","PAJA",0,0,1,1,"6:37","V",70,"260","50","tundra","","flying","891",NA,NA,NA
"1427",2019,"Kougarok","K6",2,"2019-05-29","Michael Henderson","Devin Johnson","GOPL",0,0,1,1,"6:54","V",68,"290","28","tundra","","flying","892",NA,NA,NA
"1428",2019,"Kougarok","K7",1,"2019-05-27","Devin Johnson","Michael Henderson","WISN",0,0,1,1,"9:57","V",74,"340","20","tundra","","","870",NA,NA,NA
"1429",2019,"Kougarok","K7",1,"2019-05-27","Devin Johnson","Michael Henderson","WIPT",0,0,1,1,"10:04","V",77,NA,"0","road","","","871",NA,NA,NA
"1430",2019,"Kougarok","K7",1,"2019-05-27","Devin Johnson","Michael Henderson","SEOW",0,0,1,1,"10:07","V",77,"310","300","tundra","","","872",NA,NA,NA
"1431",2019,"Kougarok","K7",1,"2019-05-27","Devin Johnson","Michael Henderson","WIPT",1,1,0,2,"10:08","V",78,"10","90","tundra","","Male collected for DJ stable isotopes","873-874",NA,NA,NA
"1432",2019,"Kougarok","K7",1,"2019-05-27","Devin Johnson","Michael Henderson","WIPT",1,0,0,1,"10:16","V",78,"270","60","tundra","","","875",NA,NA,NA
"1433",2019,"Kougarok","K7",1,"2019-05-27","Devin Johnson","Michael Henderson","WIPT",1,0,0,1,"10:18","V",79,"280","34","tundra","","","876",NA,NA,NA
"1434",2019,"Kougarok","K7",1,"2019-05-27","Devin Johnson","Michael Henderson","WIPT",1,0,0,1,"10:30","V",81,"80","10","tundra","","","877",NA,NA,NA
"1435",2019,"Kougarok","K7",1,"2019-05-27","Devin Johnson","Michael Henderson","WIPT",1,0,0,1,"10:31","V",81,"85","26","tundra","","","878",NA,NA,NA
"1436",2019,"Kougarok","K7",2,"2019-05-29","Michael Henderson","Devin Johnson","WIPT",1,0,0,1,"5:22","V",82,NA,"0","road","","","879",NA,NA,NA
"1437",2019,"Kougarok","K7",2,"2019-05-29","Michael Henderson","Devin Johnson","LTJA",0,0,1,1,"5:22","V",82,NA,"0","road","","","880-881",NA,NA,NA
"1438",2019,"Kougarok","K7",2,"2019-05-29","Michael Henderson","Devin Johnson","WIPT",1,0,0,1,"5:23","V",82,"0","44","tundra","","","882",NA,NA,NA
"1439",2019,"Kougarok","K7",2,"2019-05-29","Michael Henderson","Devin Johnson","WIPT",1,0,0,1,"5:48","V",80,"130","37","tundra","","","883",NA,NA,NA
"1440",2019,"Kougarok","K7",2,"2019-05-29","Michael Henderson","Devin Johnson","WIPT",1,0,0,1,"5:50","V",78,NA,"0","road","","","884",NA,NA,NA
"1441",2019,"Kougarok","K7",2,"2019-05-29","Michael Henderson","Devin Johnson","WIPT",1,0,0,1,"5:55","V",78,NA,"0","road","","","885",NA,NA,NA
"1442",2019,"Kougarok","K7",2,"2019-05-29","Michael Henderson","Devin Johnson","SEOW",0,0,1,1,"5:57","V",78,NA,"0","road","","","886",NA,NA,NA
"1443",2019,"Kougarok","K7",2,"2019-05-29","Michael Henderson","Devin Johnson","WIPT",1,0,0,1,"5:58","V",78,NA,"0","road","","","887",NA,NA,NA
"1444",2019,"Council","C1",1,"2019-05-19","Devin Johnson","Michael Henderson","NOHA",0,0,1,1,"9:08","V",34,"80","50","tundra","","","609",NA,NA,NA
"1445",2019,"Council","C1",1,"2019-05-19","Devin Johnson","Michael Henderson","WIPT",1,0,0,1,"9:13","V",36,NA,"0","road","","flushed to low shrub","610",NA,NA,NA
"1446",2019,"Council","C1",1,"2019-05-19","Devin Johnson","Michael Henderson","WIPT",1,1,0,2,"9:15","V",36,"310","58","tundra","","","611-612",NA,NA,NA
"1447",2019,"Council","C1",1,"2019-05-19","Devin Johnson","Michael Henderson","WISN",0,0,1,1,"9:48","V",42,NA,"0","tundra","","flying over tundra/road","613",NA,NA,NA
"1448",2019,"Council","C1",1,"2019-05-19","Devin Johnson","Michael Henderson","WISN",0,0,1,1,"9:49","V",42,"80","200","tundra","","flying over tundra","614",NA,NA,NA
"1449",2019,"Council","C1",2,"2019-06-04","Michael Henderson","Devin Johnson","WIPT",1,0,0,1,"8:55","V",36,"230","109","tundra","","","1023",NA,NA,NA
"1450",2019,"Council","C1",2,"2019-06-04","Michael Henderson","Devin Johnson","LTJA",0,0,1,1,"9:00","V",36,"300","100","tundra","","flying over tundra","1024",NA,NA,NA
"1451",2019,"Council","C1",2,"2019-06-04","Michael Henderson","Devin Johnson","LTJA",0,0,1,1,"9:04","V",35,"300","147","tundra","","","1025",NA,NA,NA
"1452",2019,"Council","C2",1,"2019-06-04","Devin Johnson","Michael Henderson","WISN",0,0,1,1,"6:51","V",47,NA,"0","road","","","1020",NA,NA,NA
"1453",2019,"Council","C2",1,"2019-06-04","Devin Johnson","Michael Henderson","WIPT",1,0,0,1,"7:06","V",50,NA,"0","road","","","1021",NA,NA,NA
"1454",2019,"Council","C2",2,"2019-06-04","Michael Henderson","Devin Johnson","WISN",0,0,1,1,"8:23","A",44,"150","100","shrub","","","1022",NA,NA,NA
"1455",2021,"Teller","T1",1,"2021-05-08","Michael Henderson","Hayden Hutcherson","WIPT",1,0,0,1,"7:44","V",12,"110","44","Shrub",NA,"","1045",NA,NA,NA
"1456",2021,"Teller","T1",1,"2021-05-08","Michael Henderson","Hayden Hutcherson","WIPT",1,0,1,2,"8:11","V",16,NA,"0","Tundra",NA,"Flying","1046",NA,NA,NA
"1457",2021,"Teller","T1",1,"2021-05-08","Michael Henderson","Hayden Hutcherson","WIPT",1,0,0,1,"8:19","V",18,NA,"0","Tundra",NA,"","1047",NA,NA,NA
"1458",2021,"Teller","T2",1,"2021-05-10","Michael Henderson","Hayden Hutcherson","WIPT",1,0,0,1,"7:58","V",18,"270","155","Tundra",NA,"","1049",NA,NA,NA
"1459",2021,"Teller","T2",1,"2021-05-10","Michael Henderson","Hayden Hutcherson","WIPT",1,0,0,1,"8:00","A",18,"300","48","Tundra",NA,"","1050",NA,NA,NA
"1460",2021,"Teller","T2",1,"2021-05-10","Michael Henderson","Hayden Hutcherson","WIPT",1,0,0,1,"8:04","V",19,NA,"0","Tundra",NA,"","1051",NA,NA,NA
"1461",2021,"Teller","T2",1,"2021-05-10","Michael Henderson","Hayden Hutcherson","WIPT",1,0,0,1,"8:06","V",19,"70","80","Tundra",NA,"","1052",NA,NA,NA
"1462",2021,"Teller","T2",1,"2021-05-10","Michael Henderson","Hayden Hutcherson","WIPT",1,0,0,1,"8:13","V",20,"60","81","Tundra",NA,"","1053",NA,NA,NA
"1463",2021,"Teller","T2",1,"2021-05-10","Michael Henderson","Hayden Hutcherson","WIPT",0,1,0,1,"8:17","V",20,NA,"0","Tundra",NA,"","1054",NA,NA,NA
"1464",2021,"Teller","T2",1,"2021-05-10","Michael Henderson","Hayden Hutcherson","WIPT",1,0,0,1,"8:17","A",20,"30","83","Tundra",NA,"","1055",NA,NA,NA
"1465",2021,"Teller","T2",1,"2021-05-10","Michael Henderson","Hayden Hutcherson","WIPT",1,0,0,1,"8:21","V",21,NA,"0","Tundra",NA,"","1056",NA,NA,NA
"1466",2021,"Teller","T2",1,"2021-05-10","Michael Henderson","Hayden Hutcherson","WIPT",1,0,0,1,"8:25","V",21,"250","30","Tundra",NA,"","1057",NA,NA,NA
"1467",2021,"Teller","T2",1,"2021-05-10","Michael Henderson","Hayden Hutcherson","WIPT",1,1,0,2,"8:26","V",21,"250","58","Tundra",NA,"Pair","1058",NA,NA,NA
"1468",2021,"Teller","T2",1,"2021-05-10","Michael Henderson","Hayden Hutcherson","WIPT",1,1,0,2,"8:29","V",21,NA,"0","Tundra",NA,"","1059",NA,NA,NA
"1469",2021,"Teller","T2",1,"2021-05-10","Michael Henderson","Hayden Hutcherson","WIPT",1,0,0,1,"8:29","V",21,"260","150","Tundra",NA,"Flying","1060",NA,NA,NA
"1470",2021,"Teller","T2",1,"2021-05-10","Michael Henderson","Hayden Hutcherson","WIPT",0,1,0,1,"8:31","V",22,"250","93","Tundra",NA,"","1061",NA,NA,NA
"1471",2021,"Teller","T2",1,"2021-05-10","Michael Henderson","Hayden Hutcherson","WIPT",1,0,0,1,"8:33","V",22,"40","10","Tundra",NA,"","1062",NA,NA,NA
"1472",2021,"Teller","T2",1,"2021-05-10","Michael Henderson","Hayden Hutcherson","WISN",0,0,1,1,"8:33","A",22,"40","<100","Tundra",NA,"","1063",NA,NA,NA
"1473",2021,"Teller","T2",1,"2021-05-10","Michael Henderson","Hayden Hutcherson","WIPT",1,0,0,1,"8:37","V",22,"230","10","Tundra",NA,"","1064",NA,NA,NA
"1474",2021,"Teller","T2",1,"2021-05-10","Michael Henderson","Hayden Hutcherson","WIPT",1,0,0,1,"8:38","V",22,"40","96","Tundra",NA,"","1065",NA,NA,NA
"1475",2021,"Teller","T2",1,"2021-05-10","Michael Henderson","Hayden Hutcherson","WIPT",1,1,0,2,"8:39","V",22,"210","53","Tundra",NA,"","1066",NA,NA,NA
"1476",2021,"Teller","T2",1,"2021-05-10","Michael Henderson","Hayden Hutcherson","WIPT",1,1,0,2,"8:41","V",22,"30","15","Tundra",NA,"","1067",NA,NA,NA
"1477",2021,"Teller","T2",1,"2021-05-10","Michael Henderson","Hayden Hutcherson","WIPT",1,0,0,1,"8:43","V",23,"30","20","Tundra",NA,"","1068",NA,NA,NA
"1478",2021,"Teller","T2",1,"2021-05-10","Michael Henderson","Hayden Hutcherson","WIPT",1,0,0,1,"8:44","V",23,"30","100","Tundra",NA,"","1069",NA,NA,NA
"1479",2021,"Teller","T2",1,"2021-05-10","Michael Henderson","Hayden Hutcherson","WIPT",1,0,0,1,"8:47","A",24,"60","15","Tundra",NA,"","1070",NA,NA,NA
"1480",2021,"Teller","T2",1,"2021-05-10","Michael Henderson","Hayden Hutcherson","WIPT",4,0,0,4,"8:48","V",24,"60","200","Tundra",NA,"Flying","1071",NA,NA,NA
"1481",2021,"Teller","T2",1,"2021-05-10","Michael Henderson","Hayden Hutcherson","WIPT",1,0,0,1,"8:50","V",24,"260","90","Tundra",NA,"","1072",NA,NA,NA
"1482",2021,"Teller","T2",1,"2021-05-10","Michael Henderson","Hayden Hutcherson","WHIM",0,0,1,1,"8:51","A",24,"80","<100","Tundra",NA,"","1073",NA,NA,NA
"1483",2021,"Teller","T2",1,"2021-05-10","Michael Henderson","Hayden Hutcherson","WIPT",0,0,1,1,"8:56","V",25,"270","180","Tundra",NA,"Flying","1074",NA,NA,NA
"1484",2021,"Teller","T2",1,"2021-05-10","Michael Henderson","Hayden Hutcherson","WISN",0,0,1,1,"8:56","A",25,"100","<100","Tundra",NA,"","1075",NA,NA,NA
"1485",2021,"Teller","T2",1,"2021-05-10","Michael Henderson","Hayden Hutcherson","WIPT",1,0,0,1,"8:58","V",26,"270","15","Tundra",NA,"","1076",NA,NA,NA
"1486",2021,"Teller","T2",1,"2021-05-10","Michael Henderson","Hayden Hutcherson","WIPT",0,1,0,1,"9:05","V",27,"50","73","Tundra",NA,"","1077",NA,NA,NA
"1487",2021,"Teller","T2",1,"2021-05-10","Michael Henderson","Hayden Hutcherson","WIPT",1,0,0,1,"9:08","V",27,"290","50","Tundra",NA,"","1078",NA,NA,NA
"1488",2021,"Teller","T2",1,"2021-05-10","Michael Henderson","Hayden Hutcherson","WISN",0,0,1,1,"9:08","A",27,"80","<100","Shrub",NA,"","1079",NA,NA,NA
"1489",2021,"Teller","T2",1,"2021-05-10","Michael Henderson","Hayden Hutcherson","WIPT",2,0,0,2,"9:11","A",27,"90","40","Tundra",NA,"","1080",NA,NA,NA
"1490",2021,"Teller","T2",1,"2021-05-10","Michael Henderson","Hayden Hutcherson","WIPT",1,0,0,1,"9:14","V",28,"280","120","Tundra",NA,"","1081",NA,NA,NA
"1491",2021,"Teller","T2",1,"2021-05-10","Michael Henderson","Hayden Hutcherson","WIPT",1,0,0,1,"9:15","V",28,"260","82","Tundra",NA,"","1082",NA,NA,NA
"1492",2021,"Teller","T2",1,"2021-05-10","Michael Henderson","Hayden Hutcherson","WIPT",1,0,0,1,"9:18","V",28,"120","100","Tundra",NA,"","1083",NA,NA,NA
"1493",2021,"Teller","T2",1,"2021-05-10","Michael Henderson","Hayden Hutcherson","WIPT",1,1,1,3,"9:19","V",28,"120","120","Tundra",NA,"","1084",NA,NA,NA
"1494",2021,"Teller","T2",1,"2021-05-10","Michael Henderson","Hayden Hutcherson","WISN",0,0,1,1,"9:20","A",28,"120","<100","Tundra",NA,"","1085",NA,NA,NA
"1495",2021,"Teller","T3",1,"2021-05-10","Michael Henderson","Hayden Hutcherson","WISN",0,0,1,1,"9:25","V",28,"90","80","Tundra",NA,"","1086",NA,NA,NA
"1496",2021,"Teller","T3",1,"2021-05-10","Michael Henderson","Hayden Hutcherson","WIPT",1,0,0,1,"9:26","V",28,"70","40","Tundra",NA,"","1087",NA,NA,NA
"1497",2021,"Teller","T3",1,"2021-05-10","Michael Henderson","Hayden Hutcherson","WIPT",1,1,0,2,"9:27","V",28,NA,"0","Tundra",NA,"","1088",NA,NA,NA
"1498",2021,"Teller","T3",1,"2021-05-10","Michael Henderson","Hayden Hutcherson","WIPT",1,1,0,2,"9:28","V",28,"280","25","Tundra",NA,"","1089",NA,NA,NA
"1499",2021,"Teller","T3",1,"2021-05-10","Michael Henderson","Hayden Hutcherson","WIPT",1,0,0,1,"9:30","A",28,"260","25","Tundra",NA,"","1090",NA,NA,NA
"1500",2021,"Teller","T3",1,"2021-05-10","Michael Henderson","Hayden Hutcherson","WIPT",1,0,0,1,"9:31","A",28,"60","10","Tundra",NA,"","1091",NA,NA,NA
"1501",2021,"Teller","T3",1,"2021-05-10","Michael Henderson","Hayden Hutcherson","WIPT",1,0,0,1,"9:33","V",29,"260","70","Tundra",NA,"","1092",NA,NA,NA
"1502",2021,"Teller","T3",1,"2021-05-10","Michael Henderson","Hayden Hutcherson","WISN",0,0,1,1,"9:34","A",29,"60","<100","Tundra",NA,"","1093",NA,NA,NA
"1503",2021,"Teller","T3",1,"2021-05-10","Michael Henderson","Hayden Hutcherson","WIPT",1,0,0,1,"9:37","V",29,NA,"0","Tundra",NA,"","1094",NA,NA,NA
"1504",2021,"Teller","T3",1,"2021-05-10","Michael Henderson","Hayden Hutcherson","WIPT",1,0,0,1,"9:44","V",31,"280","91","Tundra",NA,"","1095",NA,NA,NA
"1505",2021,"Teller","T3",1,"2021-05-10","Michael Henderson","Hayden Hutcherson","WIPT",1,0,0,1,"9:46","V",32,"70","15","Tundra",NA,"","1096",NA,NA,NA
"1506",2021,"Teller","T3",1,"2021-05-10","Michael Henderson","Hayden Hutcherson","WIPT",1,0,0,1,"9:49","V",32,"280","78","Tundra",NA,"","1097",NA,NA,NA
"1507",2021,"Teller","T3",1,"2021-05-10","Michael Henderson","Hayden Hutcherson","WISN",0,0,1,1,"9:52","V",32,"80","100","Tundra",NA,"","1098",NA,NA,NA
"1508",2021,"Teller","T3",1,"2021-05-10","Michael Henderson","Hayden Hutcherson","WIPT",1,1,0,2,"9:57","V",33,NA,"0","Tundra",NA,"","1099",NA,NA,NA
"1509",2021,"Teller","T3",1,"2021-05-10","Michael Henderson","Hayden Hutcherson","WIPT",2,0,0,2,"10:01","V",33,"70","91","Tundra",NA,"","1100",NA,NA,NA
"1510",2021,"Teller","T3",1,"2021-05-10","Michael Henderson","Hayden Hutcherson","WIPT",1,1,0,2,"10:06","V",34,"280","49","Tundra",NA,"","1101",NA,NA,NA
"1511",2021,"Teller","T3",1,"2021-05-10","Michael Henderson","Hayden Hutcherson","WIPT",1,1,0,2,"10:08","V",34,"70","25","Tundra",NA,"","1102",NA,NA,NA
"1512",2021,"Teller","T3",1,"2021-05-10","Michael Henderson","Hayden Hutcherson","WIPT",1,0,0,1,"10:11","V",34,"70","21","Tundra",NA,"","1103",NA,NA,NA
"1513",2021,"Teller","T3",1,"2021-05-10","Michael Henderson","Hayden Hutcherson","WIPT",1,0,0,1,"10:16","V",35,NA,"0","Tundra",NA,"","1104",NA,NA,NA
"1514",2021,"Teller","T3",1,"2021-05-10","Michael Henderson","Hayden Hutcherson","WISN",0,0,1,1,"10:21","V",35,"60","86","Tundra",NA,"","1105",NA,NA,NA
"1515",2021,"Teller","T3",1,"2021-05-10","Michael Henderson","Hayden Hutcherson","WIPT",1,0,0,1,"10:23","V",36,"125","50","Tundra",NA,"","1106",NA,NA,NA
"1516",2021,"Teller","T3",1,"2021-05-10","Michael Henderson","Hayden Hutcherson","WIPT",1,0,0,1,"10:25","V",36,"260","91","Tundra",NA,"","1107",NA,NA,NA
"1517",2021,"Teller","T3",1,"2021-05-10","Michael Henderson","Hayden Hutcherson","AGSQ",0,0,2,2,"10:34","V",37,"270","118","Tundra",NA,"","1108",NA,NA,NA
"1518",2021,"Teller","T4",1,"2021-05-17","Michael Henderson","Hayden Hutcherson","WIPT",1,0,0,1,"8:47","V",40,"0","10","Tundra",NA,"","1147",NA,NA,NA
"1519",2021,"Teller","T4",1,"2021-05-17","Michael Henderson","Hayden Hutcherson","WIPT",1,0,0,1,"8:50","V",41,"10","251","Tundra",NA,"","1148",NA,NA,NA
"1520",2021,"Teller","T4",1,"2021-05-17","Michael Henderson","Hayden Hutcherson","WIPT",1,0,0,1,"8:55","V",42,NA,"0","Tundra",NA,"","1149",NA,NA,NA
"1521",2021,"Teller","T4",1,"2021-05-17","Michael Henderson","Hayden Hutcherson","WIPT",1,0,0,1,"9:04","V",44,"0","5","Tundra",NA,"","1150",NA,NA,NA
"1522",2021,"Teller","T4",1,"2021-05-17","Michael Henderson","Hayden Hutcherson","ROPT",2,0,0,2,"9:05","V",44,"20","91","Tundra",NA,"","1151",NA,NA,NA
"1523",2021,"Teller","T4",1,"2021-05-17","Michael Henderson","Hayden Hutcherson","ROPT",1,0,0,1,"9:15","V",45,"20","50","Tundra",NA,"Collected","1152",NA,NA,NA
"1524",2021,"Teller","T4",1,"2021-05-17","Michael Henderson","Hayden Hutcherson","ROPT",1,0,0,1,"9:20","V",45,"140","39","Tundra",NA,"Collected","1153",NA,NA,NA
"1525",2021,"Teller","T4",1,"2021-05-17","Michael Henderson","Hayden Hutcherson","ROPT",1,0,0,1,"9:25","V",45,"330","36","Tundra",NA,"","1154",NA,NA,NA
"1526",2021,"Teller","T4",1,"2021-05-17","Michael Henderson","Hayden Hutcherson","ROPT",1,0,0,1,"9:28","V",45,"10","131","Tundra",NA,"","1155",NA,NA,NA
"1527",2021,"Teller","T4",1,"2021-05-17","Michael Henderson","Hayden Hutcherson","WIPT",2,0,0,2,"9:29","V",45,NA,"0","Tundra",NA,"Fighting in air","1156",NA,NA,NA
"1528",2021,"Teller","T4",1,"2021-05-17","Michael Henderson","Hayden Hutcherson","ROPT",2,0,0,2,"9:36","V",46,"0","350","Tundra",NA,"","1157",NA,NA,NA
"1529",2021,"Teller","T4",1,"2021-05-17","Michael Henderson","Hayden Hutcherson","ROPT",1,0,0,1,"9:38","V",46,"340","99","Tundra",NA,"","1158",NA,NA,NA
"1530",2021,"Teller","T4",1,"2021-05-17","Michael Henderson","Hayden Hutcherson","LTJA",0,0,1,1,"9:41","V",48,"340","70","Tundra",NA,"","1159",NA,NA,NA
"1531",2021,"Teller","T4",1,"2021-05-17","Michael Henderson","Hayden Hutcherson","WIPT",2,0,0,2,"9:44","V",48,"330","135","Tundra",NA,"Flying chasing","1160",NA,NA,NA
"1532",2021,"Teller","T5",1,"2021-05-17","Michael Henderson","Hayden Hutcherson","WIPT",1,0,0,1,"9:52","V",48,"130","35","Tundra",NA,"","1161",NA,NA,NA
"1533",2021,"Teller","T5",1,"2021-05-17","Michael Henderson","Hayden Hutcherson","WIPT",1,0,0,1,"9:54","V",48,"340","26","Tundra",NA,"","1162",NA,NA,NA
"1534",2021,"Teller","T5",1,"2021-05-17","Michael Henderson","Hayden Hutcherson","WIPT",1,0,0,1,"9:56","V",48,"350","375","Tundra",NA,"","1163",NA,NA,NA
"1535",2021,"Teller","T5",1,"2021-05-17","Michael Henderson","Hayden Hutcherson","WIPT",2,0,1,3,"9:59","V",49,"310","235","Tundra",NA,"2 males plus one unknown","1164",NA,NA,NA
"1536",2021,"Teller","T5",1,"2021-05-17","Michael Henderson","Hayden Hutcherson","WIPT",1,0,0,1,"10:02","V",49,NA,"0","Snow",NA,"","1165",NA,NA,NA
"1537",2021,"Teller","T5",1,"2021-05-17","Michael Henderson","Hayden Hutcherson","WIPT",1,0,0,1,"10:07","V",50,NA,"0","Tundra",NA,"","1166",NA,NA,NA
"1538",2021,"Teller","T5",1,"2021-05-17","Michael Henderson","Hayden Hutcherson","WIPT",1,0,0,1,"10:08","V",50,"330","21","Tundra",NA,"","1167",NA,NA,NA
"1539",2021,"Teller","T5",1,"2021-05-17","Michael Henderson","Hayden Hutcherson","WISN",0,0,1,1,"10:08","V",50,"120","<100","Tundra",NA,"","1168",NA,NA,NA
"1540",2021,"Teller","T5",1,"2021-05-17","Michael Henderson","Hayden Hutcherson","WIPT",1,0,0,1,"10:17","V",51,"110","39","Tundra",NA,"","1169",NA,NA,NA
"1541",2021,"Teller","T5",1,"2021-05-17","Michael Henderson","Hayden Hutcherson","WISN",0,0,2,2,"10:23","V",53,"90","90","Snow",NA,"Pair likely","1170",NA,NA,NA
"1542",2021,"Kougarok","K1",1,"2021-05-07","Hayden Hutcherson","Michael Henderson","WIPT",1,0,0,1,"7:30","V",18,NA,"0","Tundra",NA,"","1031",NA,NA,NA
"1543",2021,"Kougarok","K1",1,"2021-05-07","Hayden Hutcherson","Michael Henderson","WIPT",1,0,0,1,"7:40","V",19,"170","62","Tundra",NA,"","1032",NA,NA,NA
"1544",2021,"Kougarok","K1",1,"2021-05-07","Hayden Hutcherson","Michael Henderson","WIPT",1,0,0,1,"7:40","V",19,"170","87","Tundra",NA,"","1033",NA,NA,NA
"1545",2021,"Kougarok","K1",1,"2021-05-07","Hayden Hutcherson","Michael Henderson","WIPT",1,0,0,1,"7:45","V",20,"200","10","Tundra",NA,"","1034",NA,NA,NA
"1546",2021,"Kougarok","K2",1,"2021-05-07","Hayden Hutcherson","Michael Henderson","WIPT",1,0,0,1,"8:09","V",24,"160","51","Tundra",NA,"","1035",NA,NA,NA
"1547",2021,"Kougarok","K2",1,"2021-05-07","Hayden Hutcherson","Michael Henderson","WIPT",1,0,0,1,"8:10","A",24,"50","50","Tundra",NA,"","1036",NA,NA,NA
"1548",2021,"Kougarok","K2",1,"2021-05-07","Hayden Hutcherson","Michael Henderson","GOEA",0,0,1,1,"8:31","V",28,"30","600","Tundra",NA,"Soaring","1037",NA,NA,NA
"1549",2021,"Kougarok","K2",1,"2021-05-07","Hayden Hutcherson","Michael Henderson","WIPT",1,0,0,1,"8:35","V",28,"280","32","Tundra",NA,"","1038",NA,NA,NA
"1550",2021,"Kougarok","K2",1,"2021-05-07","Hayden Hutcherson","Michael Henderson","WIPT",1,0,0,1,"8:37","V",28,NA,"0","Tundra",NA,"","1039",NA,NA,NA
"1551",2021,"Kougarok","K2",1,"2021-05-07","Hayden Hutcherson","Michael Henderson","WIPT",1,0,0,1,"8:42","A",29,"260","150","Tundra",NA,"","1040",NA,NA,NA
"1552",2021,"Kougarok","K2",1,"2021-05-07","Hayden Hutcherson","Michael Henderson","WIPT",1,0,0,1,"8:48","V",31,"120","24","Tundra",NA,"","1041",NA,NA,NA
"1553",2021,"Kougarok","K2",1,"2021-05-07","Hayden Hutcherson","Michael Henderson","WIPT",1,0,0,1,"8:50","V",31,"340","89","Tundra",NA,"","1042",NA,NA,NA
"1554",2021,"Kougarok","K2",1,"2021-05-07","Hayden Hutcherson","Michael Henderson","WIPT",1,0,0,1,"8:52","V",31,"120","94","Tundra",NA,"","1043",NA,NA,NA
"1555",2021,"Kougarok","K2",1,"2021-05-07","Hayden Hutcherson","Michael Henderson","AGSQ",0,0,1,1,"9:02","V",33,"350","142","Tundra",NA,"Squirrel","1044",NA,NA,NA
"1556",2021,"Kougarok","K3",1,"2021-05-15","Hayden Hutcherson","Michael Henderson","WIPT",1,0,0,1,"7:34","V",34,"120","10","Tundra",NA,"","1118",NA,NA,NA
"1557",2021,"Kougarok","K3",1,"2021-05-15","Hayden Hutcherson","Michael Henderson","WIPT",1,0,0,1,"7:37","V",34,"140","15","Tundra",NA,"","1119",NA,NA,NA
"1558",2021,"Kougarok","K3",1,"2021-05-15","Hayden Hutcherson","Michael Henderson","WISN",0,0,1,1,"7:37","A",34,"100","<100","Tundra",NA,"","1120",NA,NA,NA
"1559",2021,"Kougarok","K3",1,"2021-05-15","Hayden Hutcherson","Michael Henderson","WISN",0,0,1,1,"7:39","V",34,NA,"0","Tundra",NA,"","1121",NA,NA,NA
"1560",2021,"Kougarok","K3",1,"2021-05-15","Hayden Hutcherson","Michael Henderson","WIPT",1,0,0,1,"7:40","V",34,"120","15","Tundra",NA,"","1122",NA,NA,NA
"1561",2021,"Kougarok","K3",1,"2021-05-15","Hayden Hutcherson","Michael Henderson","WISN",0,0,1,1,"7:43","A",34,"340","<100","Tundra",NA,"","1123",NA,NA,NA
"1562",2021,"Kougarok","K3",1,"2021-05-15","Hayden Hutcherson","Michael Henderson","WIPT",1,1,0,2,"7:44","V",34,"0","92","Tundra",NA,"","1124",NA,NA,NA
"1563",2021,"Kougarok","K3",1,"2021-05-15","Hayden Hutcherson","Michael Henderson","WIPT",1,0,0,1,"7:50","V",36,"180","15","Tundra",NA,"","1125",NA,NA,NA
"1564",2021,"Kougarok","K3",1,"2021-05-15","Hayden Hutcherson","Michael Henderson","WIPT",1,0,0,1,"7:58","V",36,"340","30","Shrub",NA,"","1126",NA,NA,NA
"1565",2021,"Kougarok","K3",1,"2021-05-15","Hayden Hutcherson","Michael Henderson","WISN",0,0,1,1,"8:00","V",37,NA,"0","Shrub",NA,"","1127",NA,NA,NA
"1566",2021,"Kougarok","K3",1,"2021-05-15","Hayden Hutcherson","Michael Henderson","WIPT",1,0,0,1,"8:02","V",37,"130","10","Shrub",NA,"","1128",NA,NA,NA
"1567",2021,"Kougarok","K3",1,"2021-05-15","Hayden Hutcherson","Michael Henderson","WISN",0,0,1,1,"8:03","V",38,NA,"0","Shrub",NA,"","1129",NA,NA,NA
"1568",2021,"Kougarok","K3",1,"2021-05-15","Hayden Hutcherson","Michael Henderson","WIPT",1,0,0,1,"8:15","V",39,"150","89","Shrub",NA,"","1130",NA,NA,NA
"1569",2021,"Kougarok","K3",1,"2021-05-15","Hayden Hutcherson","Michael Henderson","WISN",0,0,1,1,"8:15","A",39,"0","<100","Shrub",NA,"","1131",NA,NA,NA
"1570",2021,"Kougarok","K3",1,"2021-05-15","Hayden Hutcherson","Michael Henderson","WIPT",1,0,0,1,"8:21","V",40,"300","150","Tundra",NA,"","1132",NA,NA,NA
"1571",2021,"Kougarok","K3",1,"2021-05-15","Hayden Hutcherson","Michael Henderson","WIPT",1,0,0,1,"8:23","V",40,"0","37","Tundra",NA,"","1133",NA,NA,NA
"1572",2021,"Kougarok","K3",1,"2021-05-15","Hayden Hutcherson","Michael Henderson","WISN",0,0,1,1,"8:28","A",41,"20","<100","Tundra",NA,"","1134",NA,NA,NA
"1573",2021,"Kougarok","K3",1,"2021-05-15","Hayden Hutcherson","Michael Henderson","WISN",0,0,1,1,"8:28","A",41,"170","<100","Tundra",NA,"","1135",NA,NA,NA
"1574",2021,"Kougarok","K3",1,"2021-05-15","Hayden Hutcherson","Michael Henderson","WIPT",1,0,0,1,"8:32","V",42,"160","150","Tundra",NA,"","1136",NA,NA,NA
"1575",2021,"Kougarok","K4",1,"2021-05-15","Hayden Hutcherson","Michael Henderson","WIPT",1,1,0,2,"8:39","V",43,"130","5","Tundra",NA,"Collected female","1137",NA,NA,NA
"1576",2021,"Kougarok","K4",1,"2021-05-15","Hayden Hutcherson","Michael Henderson","WISN",0,0,1,1,"8:53","V",45,"40","54","Shrub",NA,"","1138",NA,NA,NA
"1577",2021,"Kougarok","K4",1,"2021-05-15","Hayden Hutcherson","Michael Henderson","WISN",0,0,1,1,"9:00","V",46,"190","5","Tundra",NA,"","1139",NA,NA,NA
"1578",2021,"Kougarok","K4",1,"2021-05-15","Hayden Hutcherson","Michael Henderson","WIPT",1,0,0,1,"9:13","V",48,NA,"0","Shrub",NA,"Fighting with male","1140",NA,NA,NA
"1579",2021,"Kougarok","K4",1,"2021-05-15","Hayden Hutcherson","Michael Henderson","WIPT",1,0,0,1,"9:13","V",48,"20","69","Shrub",NA,"Fighting with male","1141",NA,NA,NA
"1580",2021,"Kougarok","K4",1,"2021-05-15","Hayden Hutcherson","Michael Henderson","WIPT",1,0,0,1,"9:17","V",48,"350","125","Shrub",NA,"","1142",NA,NA,NA
"1581",2021,"Kougarok","K4",1,"2021-05-15","Hayden Hutcherson","Michael Henderson","LTJA",0,0,1,1,"9:30","V",51,"160","122","Tundra",NA,"","1143",NA,NA,NA
"1582",2021,"Council","C1",1,"2021-05-12","Hayden Hutcherson","Michael Henderson","WIPT",1,0,0,1,"7:55","V",34,"140","70","Shrub",NA,"","1109",NA,NA,NA
"1583",2021,"Council","C1",1,"2021-05-12","Hayden Hutcherson","Michael Henderson","WIPT",2,0,0,2,"8:02","V",35,NA,"0","Tundra",NA,"Flying","1110",NA,NA,NA
"1584",2021,"Council","C1",1,"2021-05-12","Hayden Hutcherson","Michael Henderson","WIPT",1,1,0,2,"8:07","V",35,"280","20","Tundra",NA,"","1111",NA,NA,NA
"1585",2021,"Council","C1",1,"2021-05-12","Hayden Hutcherson","Michael Henderson","WISN",0,0,1,1,"8:21","A",38,"20","<100","Shrub",NA,"","1112",NA,NA,NA
"1586",2021,"Council","C1",1,"2021-05-12","Hayden Hutcherson","Michael Henderson","WIPT",1,0,0,1,"8:26","V",40,"140","150","Shrub",NA,"","1113",NA,NA,NA
"1587",2021,"Council","C1",1,"2021-05-12","Hayden Hutcherson","Michael Henderson","WISN",0,0,1,1,"8:38","A",42,"40","<100","Shrub",NA,"","1114",NA,NA,NA
"1588",2021,"Council","C1",1,"2021-05-12","Hayden Hutcherson","Michael Henderson","WIPT",1,0,0,1,"8:41","V",42,"10","30","Shrub",NA,"","1115",NA,NA,NA
"1589",2021,"Council","C1",1,"2021-05-12","Hayden Hutcherson","Michael Henderson","WIPT",1,0,0,1,"8:46","V",43,"165","150","Tundra",NA,"","1116",NA,NA,NA
"1590",2021,"Teller","T4",2,"2021-05-19","Hayden Hutcherson","Michael Henderson","ROPT",1,0,0,1,"7:32","V",48,"60","235","Tundra",NA,"","1172",NA,NA,NA
"1591",2021,"Teller","T4",2,"2021-05-19","Hayden Hutcherson","Michael Henderson","WIPT",1,1,0,2,"7:34","V",48,NA,"0","Shrub",NA,"","1173",NA,NA,NA
"1592",2021,"Teller","T4",2,"2021-05-19","Hayden Hutcherson","Michael Henderson","ROPT",1,0,0,1,"7:36","V",48,"210","44","Tundra",NA,"","1174",NA,NA,NA
"1593",2021,"Teller","T4",2,"2021-05-19","Hayden Hutcherson","Michael Henderson","ROPT",1,0,0,1,"7:42","V",48,"170","350","Tundra",NA,"","1175",NA,NA,NA
"1594",2021,"Teller","T4",2,"2021-05-19","Hayden Hutcherson","Michael Henderson","GOPL",0,0,1,1,"7:42","A",48,"210","<100","Tundra",NA,"","1176",NA,NA,NA
"1595",2021,"Teller","T4",2,"2021-05-19","Hayden Hutcherson","Michael Henderson","ROPT",1,0,0,1,"7:44","V",47,NA,"0","Tundra",NA,"","1177",NA,NA,NA
"1596",2021,"Teller","T4",2,"2021-05-19","Hayden Hutcherson","Michael Henderson","WIPT",1,0,0,1,"7:46","V",47,"60","90","Shrub",NA,"","1178",NA,NA,NA
"1597",2021,"Teller","T4",2,"2021-05-19","Hayden Hutcherson","Michael Henderson","GOPL",0,0,1,1,"7:51","A",47,"80","<100","Tundra",NA,"","1179",NA,NA,NA
"1598",2021,"Teller","T4",2,"2021-05-19","Hayden Hutcherson","Michael Henderson","ROPT",1,0,0,1,"7:53","V",47,NA,"0","Tundra",NA,"","1180",NA,NA,NA
"1599",2021,"Teller","T4",2,"2021-05-19","Hayden Hutcherson","Michael Henderson","GOPL",0,0,1,1,"7:53","V",47,"170","65","Tundra",NA,"","1181",NA,NA,NA
"1600",2021,"Teller","T4",2,"2021-05-19","Hayden Hutcherson","Michael Henderson","WIPT",1,0,0,1,"8:05","V",44,"70","92","Tundra",NA,"","1182",NA,NA,NA
"1601",2021,"Teller","T4",2,"2021-05-19","Hayden Hutcherson","Michael Henderson","WIPT",1,0,0,1,"8:07","V",43,"210","200","Tundra",NA,"","1183",NA,NA,NA
"1602",2021,"Teller","T4",2,"2021-05-19","Hayden Hutcherson","Michael Henderson","POJA",0,0,2,2,"8:15","V",42,"190","216","Tundra",NA,"Likely pair","1184",NA,NA,NA
"1603",2021,"Teller","T4",2,"2021-05-19","Hayden Hutcherson","Michael Henderson","GOPL",0,0,1,1,"8:17","A",42,"50","<100","Tundra",NA,"","1185",NA,NA,NA
"1604",2021,"Teller","T4",2,"2021-05-19","Hayden Hutcherson","Michael Henderson","GOPL",0,0,1,1,"8:21","V",42,"40","75","Tundra",NA,"","1186",NA,NA,NA
"1605",2021,"Teller","T4",2,"2021-05-19","Hayden Hutcherson","Michael Henderson","WIPT",1,0,0,1,"8:25","V",41,NA,"0","Tundra",NA,"","1187",NA,NA,NA
"1606",2021,"Teller","T4",2,"2021-05-19","Hayden Hutcherson","Michael Henderson","WIPT",1,0,0,1,"8:27","V",40,"180","92","Shrub",NA,"","1188",NA,NA,NA
"1607",2021,"Teller","T4",2,"2021-05-19","Hayden Hutcherson","Michael Henderson","ROPT",1,0,0,1,"8:28","V",40,"190","56","Tundra",NA,"","1189",NA,NA,NA
"1608",2021,"Teller","T3",2,"2021-05-19","Hayden Hutcherson","Michael Henderson","ROPT",1,1,0,2,"8:47","V",38,"20","46","Tundra",NA,"","1190",NA,NA,NA
"1609",2021,"Teller","T3",2,"2021-05-19","Hayden Hutcherson","Michael Henderson","WIPT",1,0,0,1,"8:49","V",38,"190","21","Tundra",NA,"","1191",NA,NA,NA
"1610",2021,"Teller","T3",2,"2021-05-19","Hayden Hutcherson","Michael Henderson","WIPT",1,0,0,1,"8:51","V",37,"205","80","Tundra",NA,"","1192",NA,NA,NA
"1611",2021,"Teller","T3",2,"2021-05-19","Hayden Hutcherson","Michael Henderson","GOPL",0,0,1,1,"8:56","V",36,"240","40","Tundra",NA,"","1193",NA,NA,NA
"1612",2021,"Teller","T3",2,"2021-05-19","Hayden Hutcherson","Michael Henderson","WIPT",1,0,0,1,"9:02","V",36,"30","75","Tundra",NA,"","1194",NA,NA,NA
"1613",2021,"Teller","T3",2,"2021-05-19","Hayden Hutcherson","Michael Henderson","WISN",0,0,2,2,"9:04","V",36,"30","17","Tundra",NA,"","1195",NA,NA,NA
"1614",2021,"Teller","T3",2,"2021-05-19","Hayden Hutcherson","Michael Henderson","GOPL",0,0,1,1,"9:20","A",32,"190","30","Tundra",NA,"","1196",NA,NA,NA
"1615",2021,"Teller","T3",2,"2021-05-19","Hayden Hutcherson","Michael Henderson","WIPT",1,0,0,1,"9:31","V",30,"190","85","Tundra",NA,"","1197",NA,NA,NA
"1616",2021,"Teller","T3",2,"2021-05-19","Hayden Hutcherson","Michael Henderson","WIPT",1,0,0,1,"9:33","V",30,"220","300","Tundra",NA,"","1198",NA,NA,NA
"1617",2021,"Teller","T3",2,"2021-05-19","Hayden Hutcherson","Michael Henderson","WISN",0,0,1,1,"9:35","A",29,"10","<100","Tundra",NA,"","1199",NA,NA,NA
"1618",2021,"Teller","T3",2,"2021-05-19","Hayden Hutcherson","Michael Henderson","WIPT",1,0,0,1,"9:35","V",28,"60","93","Tundra",NA,"","1200",NA,NA,NA
"1619",2021,"Teller","T3",2,"2021-05-19","Hayden Hutcherson","Michael Henderson","WIPT",1,0,0,1,"9:36","V",28,"175","79","Tundra",NA,"","1201",NA,NA,NA
"1620",2021,"Teller","T2",2,"2021-05-19","Hayden Hutcherson","Michael Henderson","WIPT",1,1,0,2,"9:41","V",28,NA,"0","Tundra",NA,"","1202",NA,NA,NA
"1621",2021,"Teller","T2",2,"2021-05-19","Hayden Hutcherson","Michael Henderson","LTJA",0,0,1,1,"9:41","V",28,"60","50","Tundra",NA,"","1203",NA,NA,NA
"1622",2021,"Teller","T2",2,"2021-05-19","Hayden Hutcherson","Michael Henderson","WIPT",1,0,0,1,"9:43","V",28,"60","60","Tundra",NA,"","1204",NA,NA,NA
"1623",2021,"Teller","T2",2,"2021-05-19","Hayden Hutcherson","Michael Henderson","WIPT",1,0,0,1,"9:44","V",28,"20","72","Tundra",NA,"","1205",NA,NA,NA
"1624",2021,"Teller","T2",2,"2021-05-19","Hayden Hutcherson","Michael Henderson","LTJA",0,0,1,1,"9:44","V",28,"20","72","Tundra",NA,"","1206",NA,NA,NA
"1625",2021,"Teller","T2",2,"2021-05-19","Hayden Hutcherson","Michael Henderson","WIPT",1,0,0,1,"9:47","V",27,"200","71","Shrub",NA,"","1207",NA,NA,NA
"1626",2021,"Teller","T2",2,"2021-05-19","Hayden Hutcherson","Michael Henderson","WISN",0,0,1,1,"9:48","V",27,NA,"0","Tundra",NA,"","1208",NA,NA,NA
"1627",2021,"Teller","T2",2,"2021-05-19","Hayden Hutcherson","Michael Henderson","WIPT",1,0,0,1,"9:48","A",27,"60","50","Tundra",NA,"","1209",NA,NA,NA
"1628",2021,"Teller","T2",2,"2021-05-19","Hayden Hutcherson","Michael Henderson","WIPT",1,0,0,1,"9:50","V",27,"60","48","Tundra",NA,"","1210",NA,NA,NA
"1629",2021,"Teller","T2",2,"2021-05-19","Hayden Hutcherson","Michael Henderson","WIPT",4,0,0,4,"9:53","V",27,"230","250","Tundra",NA,"","1211",NA,NA,NA
"1630",2021,"Teller","T2",2,"2021-05-19","Hayden Hutcherson","Michael Henderson","WIPT",2,0,0,2,"9:54","V",27,"60","53","Tundra",NA,"","1212",NA,NA,NA
"1631",2021,"Teller","T2",2,"2021-05-19","Hayden Hutcherson","Michael Henderson","WISN",0,0,1,1,"9:57","A",27,"230","<100","Shrub",NA,"","1213",NA,NA,NA
"1632",2021,"Teller","T2",2,"2021-05-19","Hayden Hutcherson","Michael Henderson","LTJA",0,0,1,1,"10:03","V",26,"30","35","Tundra",NA,"","1214",NA,NA,NA
"1633",2021,"Teller","T2",2,"2021-05-19","Hayden Hutcherson","Michael Henderson","BTGO",0,0,1,1,"10:09","V",25,"170","250","Tundra",NA,"","1215",NA,NA,NA
"1634",2021,"Teller","T2",2,"2021-05-19","Hayden Hutcherson","Michael Henderson","LTJA",0,0,1,1,"10:10","V",25,"190","124","Tundra",NA,"","1216",NA,NA,NA
"1635",2021,"Teller","T2",2,"2021-05-19","Hayden Hutcherson","Michael Henderson","WIPT",1,0,0,1,"10:15","V",24,"200","10","Tundra",NA,"","1217",NA,NA,NA
"1636",2021,"Teller","T2",2,"2021-05-19","Hayden Hutcherson","Michael Henderson","WIPT",1,0,0,1,"10:17","V",24,"150","48","Tundra",NA,"","1218",NA,NA,NA
"1637",2021,"Teller","T2",2,"2021-05-19","Hayden Hutcherson","Michael Henderson","WIPT",1,0,0,1,"10:20","V",23,"180","198","Tundra",NA,"","1219",NA,NA,NA
"1638",2021,"Teller","T2",2,"2021-05-19","Hayden Hutcherson","Michael Henderson","GOPL",0,0,1,1,"10:20","V",23,"10","37","Tundra",NA,"","1220",NA,NA,NA
"1639",2021,"Teller","T2",2,"2021-05-19","Hayden Hutcherson","Michael Henderson","WIPT",1,0,0,1,"10:22","V",23,"210","250","Tundra",NA,"","1221",NA,NA,NA
"1640",2021,"Teller","T2",2,"2021-05-19","Hayden Hutcherson","Michael Henderson","LTJA",0,0,1,1,"10:24","V",22,"180","100","Tundra",NA,"","1222",NA,NA,NA
"1641",2021,"Teller","T2",2,"2021-05-19","Hayden Hutcherson","Michael Henderson","LTJA",0,0,1,1,"10:26","V",22,"180","134","Tundra",NA,"","1223",NA,NA,NA
"1642",2021,"Teller","T2",2,"2021-05-19","Hayden Hutcherson","Michael Henderson","WIPT",1,0,0,1,"10:28","V",21,NA,"0","Tundra",NA,"","1224",NA,NA,NA
"1643",2021,"Teller","T2",2,"2021-05-19","Hayden Hutcherson","Michael Henderson","GOPL",0,0,1,1,"10:28","A",21,"50","<100","Tundra",NA,"","1225",NA,NA,NA
"1644",2021,"Teller","T2",2,"2021-05-19","Hayden Hutcherson","Michael Henderson","WISN",0,0,1,1,"10:28","A",21,"50","<100","Tundra",NA,"","1226",NA,NA,NA
"1645",2021,"Teller","T2",2,"2021-05-19","Hayden Hutcherson","Michael Henderson","WIPT",1,0,0,1,"10:31","V",21,"180","5","Tundra",NA,"","1227",NA,NA,NA
"1646",2021,"Teller","T2",2,"2021-05-19","Hayden Hutcherson","Michael Henderson","WIPT",1,0,0,1,"10:34","V",21,"170","60","Shrub",NA,"","1228",NA,NA,NA
"1647",2021,"Teller","T2",2,"2021-05-19","Hayden Hutcherson","Michael Henderson","GOPL",0,0,1,1,"10:40","V",19,"180","55","Tundra",NA,"","1229",NA,NA,NA
"1648",2021,"Teller","T2",2,"2021-05-19","Hayden Hutcherson","Michael Henderson","LTJA",0,0,1,1,"10:41","V",19,"50","149","Tundra",NA,"","1230",NA,NA,NA
"1649",2021,"Teller","T2",2,"2021-05-19","Hayden Hutcherson","Michael Henderson","WISN",0,0,1,1,"10:43","A",19,"40","<100","Tundra",NA,"","1231",NA,NA,NA
"1650",2021,"Teller","T2",2,"2021-05-19","Hayden Hutcherson","Michael Henderson","GOPL",0,0,1,1,"10:44","V",19,"40","69","Tundra",NA,"","1232",NA,NA,NA
"1651",2021,"Teller","T1",2,"2021-05-19","Hayden Hutcherson","Michael Henderson","WIPT",1,0,0,1,"10:49","V",18,"200","47","Tundra",NA,"","1233",NA,NA,NA
"1652",2021,"Teller","T1",2,"2021-05-19","Hayden Hutcherson","Michael Henderson","WISN",0,0,1,1,"10:51","A",18,"20","<100","Tundra",NA,"","1234",NA,NA,NA
"1653",2021,"Teller","T1",2,"2021-05-19","Hayden Hutcherson","Michael Henderson","LTJA",0,0,1,1,"10:58","V",17,"180","300","Tundra",NA,"","1235",NA,NA,NA
"1654",2021,"Teller","T1",2,"2021-05-19","Hayden Hutcherson","Michael Henderson","WISN",0,0,1,1,"10:58","A",17,"60","<100","Tundra",NA,"","1236",NA,NA,NA
"1655",2021,"Teller","T1",2,"2021-05-19","Hayden Hutcherson","Michael Henderson","AGSQ",0,0,1,1,"11:02","V",15,"190","94","Tundra",NA,"","1237",NA,NA,NA
"1656",2021,"Teller","T1",2,"2021-05-19","Hayden Hutcherson","Michael Henderson","WISN",0,0,2,2,"11:07","V",15,NA,"0","Tundra",NA,"","1238",NA,NA,NA
"1657",2021,"Teller","T1",2,"2021-05-19","Hayden Hutcherson","Michael Henderson","WIPT",1,0,0,1,"11:08","V",15,"200","5","Tundra",NA,"","1239",NA,NA,NA
"1658",2021,"Teller","T1",2,"2021-05-19","Hayden Hutcherson","Michael Henderson","WISN",0,0,1,1,"11:11","V",13,NA,"0","Tundra",NA,"","1240",NA,NA,NA
"1659",2021,"Teller","T1",2,"2021-05-19","Hayden Hutcherson","Michael Henderson","WISN",0,0,1,1,"11:17","V",12,"180","35","Shrub",NA,"","1241",NA,NA,NA
"1660",2021,"Teller","T5",2,"2021-05-25","Hayden Hutcherson","Michael Henderson","WISN",0,0,1,1,"10:31","A",55,"100","<100","Tundra",NA,"","1310",NA,NA,NA
"1661",2021,"Teller","T5",2,"2021-05-25","Hayden Hutcherson","Michael Henderson","WIPT",1,0,0,1,"10:42","V",53,"60","25","Shrub",NA,"","1311",NA,NA,NA
"1662",2021,"Teller","T5",2,"2021-05-25","Hayden Hutcherson","Michael Henderson","WISN",0,0,1,1,"10:43","V",53,"80","60","Shrub",NA,"","1312",NA,NA,NA
"1663",2021,"Teller","T5",2,"2021-05-25","Hayden Hutcherson","Michael Henderson","LTJA",0,0,2,2,"10:49","V",52,"220","204","Tundra",NA,"","1313",NA,NA,NA
"1664",2021,"Teller","T5",2,"2021-05-25","Hayden Hutcherson","Michael Henderson","WIPT",1,0,0,1,"10:51","V",52,NA,"0","Tundra",NA,"","1314",NA,NA,NA
"1665",2021,"Teller","T5",2,"2021-05-25","Hayden Hutcherson","Michael Henderson","WIPT",1,0,0,1,"10:53","V",52,"230","17","Tundra",NA,"","1315",NA,NA,NA
"1666",2021,"Teller","T5",2,"2021-05-25","Hayden Hutcherson","Michael Henderson","WIPT",1,0,0,1,"10:59","V",51,"300","20","Tundra",NA,"","1316",NA,NA,NA
"1667",2021,"Teller","T5",2,"2021-05-25","Hayden Hutcherson","Michael Henderson","WISN",0,0,1,1,"11:00","A",51,"70","<100","Tundra",NA,"","1317",NA,NA,NA
"1668",2021,"Teller","T5",2,"2021-05-25","Hayden Hutcherson","Michael Henderson","LTJA",0,0,3,3,"11:00","V",51,"250","115","Tundra",NA,"","1318",NA,NA,NA
"1669",2021,"Teller","T5",2,"2021-05-25","Hayden Hutcherson","Michael Henderson","WIPT",1,0,0,1,"11:03","V",51,NA,"0","Tundra",NA,"","1319",NA,NA,NA
"1670",2021,"Teller","T5",2,"2021-05-25","Hayden Hutcherson","Michael Henderson","WIPT",1,0,0,1,"11:11","V",49,"250","200","Tundra",NA,"","1320",NA,NA,NA
"1671",2021,"Teller","T5",2,"2021-05-25","Hayden Hutcherson","Michael Henderson","WIPT",1,0,0,1,"11:13","V",49,"250","24","Tundra",NA,"","1321",NA,NA,NA
"1672",2021,"Teller","T5",2,"2021-05-25","Hayden Hutcherson","Michael Henderson","WIPT",1,0,0,1,"11:15","V",48,"280","43","Shrub",NA,"","1322",NA,NA,NA
"1673",2021,"Teller","T6",2,"2021-05-25","Hayden Hutcherson","Michael Henderson","WISN",0,0,1,1,"9:37","A",67,"70","70","Tundra",NA,"","1300",NA,NA,NA
"1674",2021,"Teller","T6",2,"2021-05-25","Hayden Hutcherson","Michael Henderson","WIPT",1,0,0,1,"9:42","V",66,"250","25","Shrub",NA,"","1301",NA,NA,NA
"1675",2021,"Teller","T6",2,"2021-05-25","Hayden Hutcherson","Michael Henderson","WISN",0,0,1,1,"9:46","A",65,"120","<100","Tundra",NA,"","1302",NA,NA,NA
"1676",2021,"Teller","T6",2,"2021-05-25","Hayden Hutcherson","Michael Henderson","NOHA",0,0,1,1,"9:52","V",64,"250","50","Tundra",NA,"","1303",NA,NA,NA
"1677",2021,"Teller","T6",2,"2021-05-25","Hayden Hutcherson","Michael Henderson","WIPT",1,1,0,2,"9:55","V",64,"220","26","Tundra",NA,"","1304",NA,NA,NA
"1678",2021,"Teller","T6",2,"2021-05-25","Hayden Hutcherson","Michael Henderson","WIPT",1,0,0,1,"10:00","V",62,NA,"0","Tundra",NA,"","1305",NA,NA,NA
"1679",2021,"Teller","T6",2,"2021-05-25","Hayden Hutcherson","Michael Henderson","LTJA",0,0,1,1,"10:01","V",62,"250","200","Tundra",NA,"","1306",NA,NA,NA
"1680",2021,"Teller","T6",2,"2021-05-25","Hayden Hutcherson","Michael Henderson","WIPT",1,0,0,1,"10:02","V",62,"80","38","Tundra",NA,"","1307",NA,NA,NA
"1681",2021,"Teller","T6",2,"2021-05-25","Hayden Hutcherson","Michael Henderson","WIPT",1,0,0,1,"10:05","V",61,"290","16","Tundra",NA,"","1308",NA,NA,NA
"1682",2021,"Teller","T6",2,"2021-05-25","Hayden Hutcherson","Michael Henderson","GOPL",0,0,1,1,"10:08","V",61,"90","37","Tundra",NA,"","1309",NA,NA,NA
"1683",2021,"Teller","T6",1,"2021-05-25","Michael Henderson","Hayden Hutcherson","WIPT",1,0,0,1,"8:40","V",58,NA,"0","Tundra",NA,"","1287",NA,NA,NA
"1684",2021,"Teller","T6",1,"2021-05-25","Michael Henderson","Hayden Hutcherson","WIPT",1,0,0,1,"8:47","V",61,"320","38","Tundra",NA,"","1288",NA,NA,NA
"1685",2021,"Teller","T6",1,"2021-05-25","Michael Henderson","Hayden Hutcherson","SEOW",0,0,1,1,"8:47","V",61,"40","20","Tundra",NA,"","1289",NA,NA,NA
"1686",2021,"Teller","T6",1,"2021-05-25","Michael Henderson","Hayden Hutcherson","WIPT",1,0,0,1,"8:51","V",61,"140","29","Tundra",NA,"","1290",NA,NA,NA
"1687",2021,"Teller","T6",1,"2021-05-25","Michael Henderson","Hayden Hutcherson","WIPT",1,1,0,2,"8:53","V",61,"60","28","Tundra",NA,"","1291",NA,NA,NA
"1688",2021,"Teller","T6",1,"2021-05-25","Michael Henderson","Hayden Hutcherson","WIPT",1,1,0,2,"8:54","V",62,NA,"0","Tundra",NA,"","1292",NA,NA,NA
"1689",2021,"Teller","T6",1,"2021-05-25","Michael Henderson","Hayden Hutcherson","LTJA",0,0,1,1,"8:55","V",62,"280","150","Tundra",NA,"","1293",NA,NA,NA
"1690",2021,"Teller","T6",1,"2021-05-25","Michael Henderson","Hayden Hutcherson","WIPT",1,0,0,1,"8:57","V",63,"280","5","Tundra",NA,"","1294",NA,NA,NA
"1691",2021,"Teller","T6",1,"2021-05-25","Michael Henderson","Hayden Hutcherson","LTJA",0,0,1,1,"9:02","V",64,"40","100","Tundra",NA,"","1295",NA,NA,NA
"1692",2021,"Teller","T6",1,"2021-05-25","Michael Henderson","Hayden Hutcherson","GOPL",0,0,1,1,"9:08","V",65,"260","28","Tundra",NA,"","1296",NA,NA,NA
"1693",2021,"Teller","T6",1,"2021-05-25","Michael Henderson","Hayden Hutcherson","WIPT",1,0,0,1,"9:13","V",65,"280","86","Tundra",NA,"","1297",NA,NA,NA
"1694",2021,"Teller","T6",1,"2021-05-25","Michael Henderson","Hayden Hutcherson","LTJA",0,0,1,1,"9:18","V",66,"60","91","Tundra",NA,"","1298",NA,NA,NA
"1695",2021,"Teller","T6",1,"2021-05-25","Michael Henderson","Hayden Hutcherson","GOPL",0,0,2,2,"9:20","V",67,"70","24","Tundra",NA,"","1299",NA,NA,NA
"1696",2021,"Kougarok","K1",2,"2021-05-24","Michael Henderson","Hayden Hutcherson","WISN",0,0,1,1,"11:07","V",20,"50","90","Shrub",NA,"","1282",NA,NA,NA
"1697",2021,"Kougarok","K1",2,"2021-05-24","Michael Henderson","Hayden Hutcherson","WIPT",1,0,0,1,"11:09","V",20,"0","106","Shrub",NA,"","1283",NA,NA,NA
"1698",2021,"Kougarok","K1",2,"2021-05-24","Michael Henderson","Hayden Hutcherson","WISN",0,0,1,1,"11:13","A",19,"30","<100","Shrub",NA,"","1284",NA,NA,NA
"1699",2021,"Kougarok","K1",2,"2021-05-24","Michael Henderson","Hayden Hutcherson","WISN",0,0,1,1,"11:20","A",16,"0","<100","Shrub",NA,"","1285",NA,NA,NA
"1700",2021,"Kougarok","K2",2,"2021-05-24","Michael Henderson","Hayden Hutcherson","AGSQ",0,0,1,1,"10:09","V",32,"40","30","Tundra",NA,"","1278",NA,NA,NA
"1701",2021,"Kougarok","K2",2,"2021-05-24","Michael Henderson","Hayden Hutcherson","WIPT",1,0,0,1,"10:16","V",31,"220","10","Tundra",NA,"","1279",NA,NA,NA
"1702",2021,"Kougarok","K2",2,"2021-05-24","Michael Henderson","Hayden Hutcherson","WISN",0,0,1,1,"10:18","A",31,"50","<100","Shrub",NA,"","1280",NA,NA,NA
"1703",2021,"Kougarok","K2",2,"2021-05-24","Michael Henderson","Hayden Hutcherson","WISN",0,0,1,1,"10:19","A",29,NA,"0","Shrub",NA,"","1281",NA,NA,NA
"1704",2021,"Kougarok","K3",2,"2021-05-24","Michael Henderson","Hayden Hutcherson","WIPT",1,0,0,1,"8:58","V",43,"200","135","Shrub",NA,"","1257",NA,NA,NA
"1705",2021,"Kougarok","K3",2,"2021-05-24","Michael Henderson","Hayden Hutcherson","WIPT",0,0,1,1,"8:58:00","V",43,"140","250","Shrub",NA,"Flying","1258",NA,NA,NA
"1706",2021,"Kougarok","K3",2,"2021-05-24","Michael Henderson","Hayden Hutcherson","WIPT",1,0,0,1,"9:02","V",42,NA,"0","Tundra",NA,"","1259",NA,NA,NA
"1707",2021,"Kougarok","K3",2,"2021-05-24","Michael Henderson","Hayden Hutcherson","WIPT",1,0,0,1,"9:10","V",41,"180","32","Tundra",NA,"","1260",NA,NA,NA
"1708",2021,"Kougarok","K3",2,"2021-05-24","Michael Henderson","Hayden Hutcherson","WISN",0,0,1,1,"9:13","A",40,"160","<100","Shrub",NA,"","1261",NA,NA,NA
"1709",2021,"Kougarok","K3",2,"2021-05-24","Michael Henderson","Hayden Hutcherson","WIPT",1,0,0,1,"9:14","V",40,"180","109","Shrub",NA,"","1262",NA,NA,NA
"1710",2021,"Kougarok","K3",2,"2021-05-24","Michael Henderson","Hayden Hutcherson","WIPT",1,0,0,1,"9:17","V",40,"190","110","Shrub",NA,"","1263",NA,NA,NA
"1711",2021,"Kougarok","K3",2,"2021-05-24","Michael Henderson","Hayden Hutcherson","WISN",0,0,1,1,"9:17","A",40,"180","<100","Shrub",NA,"","1264",NA,NA,NA
"1712",2021,"Kougarok","K3",2,"2021-05-24","Michael Henderson","Hayden Hutcherson","WISN",0,0,1,1,"9:21","A",39,"40","<100","Tundra",NA,"","1265",NA,NA,NA
"1713",2021,"Kougarok","K3",2,"2021-05-24","Michael Henderson","Hayden Hutcherson","WIPT",1,0,0,1,"9:24","V",39,"20","5","Tundra",NA,"","1266",NA,NA,NA
"1714",2021,"Kougarok","K3",2,"2021-05-24","Michael Henderson","Hayden Hutcherson","WISN",0,0,1,1,"9:25","V",39,"180","5","Tundra",NA,"","1267",NA,NA,NA
"1715",2021,"Kougarok","K3",2,"2021-05-24","Michael Henderson","Hayden Hutcherson","GOPL",0,0,1,1,"9:26","A",39,"180","<100","Tundra",NA,"","1268",NA,NA,NA
"1716",2021,"Kougarok","K3",2,"2021-05-24","Michael Henderson","Hayden Hutcherson","WIPT",1,0,0,1,"9:30","V",38,"50","15","Shrub",NA,"","1269",NA,NA,NA
"1717",2021,"Kougarok","K3",2,"2021-05-24","Michael Henderson","Hayden Hutcherson","SSHA",0,0,1,1,"9:36","V",37,NA,"0","Shrub",NA,"Hare","1270",NA,NA,NA
"1718",2021,"Kougarok","K3",2,"2021-05-24","Michael Henderson","Hayden Hutcherson","NOHA",1,0,0,1,"9:38","V",37,NA,"0","Shrub",NA,"Harrier","1271",NA,NA,NA
"1719",2021,"Kougarok","K3",2,"2021-05-24","Michael Henderson","Hayden Hutcherson","WIPT",1,0,0,1,"9:41","V",37,"25","5","Shrub",NA,"","1272",NA,NA,NA
"1720",2021,"Kougarok","K3",2,"2021-05-24","Michael Henderson","Hayden Hutcherson","WIPT",1,0,0,1,"9:43","V",37,"25","5","Shrub",NA,"","1273",NA,NA,NA
"1721",2021,"Kougarok","K3",2,"2021-05-24","Michael Henderson","Hayden Hutcherson","WIPT",1,0,0,1,"9:48","V",36,"40","10","Shrub",NA,"","1274",NA,NA,NA
"1722",2021,"Kougarok","K3",2,"2021-05-24","Michael Henderson","Hayden Hutcherson","WIPT",1,0,0,1,"9:51","V",35,"40","10","Shrub",NA,"","1275",NA,NA,NA
"1723",2021,"Kougarok","K3",2,"2021-05-24","Michael Henderson","Hayden Hutcherson","WIPT",1,0,0,1,"9:52","V",35,"40","15","Shrub",NA,"","1276",NA,NA,NA
"1724",2021,"Kougarok","K3",2,"2021-05-24","Michael Henderson","Hayden Hutcherson","LTJA",0,0,2,2,"9:54","V",34,"40","10","Shrub",NA,"","1277",NA,NA,NA
"1725",2021,"Kougarok","K4",2,"2021-05-24","Michael Henderson","Hayden Hutcherson","WISN",0,0,1,1,"7:55","A",53,"180","<100","Shrub",NA,"","1245",NA,NA,NA
"1726",2021,"Kougarok","K4",2,"2021-05-24","Michael Henderson","Hayden Hutcherson","GOPL",0,0,2,2,"8:05","V",50,"40","48","Tundra",NA,"","1246",NA,NA,NA
"1727",2021,"Kougarok","K4",2,"2021-05-24","Michael Henderson","Hayden Hutcherson","GOPL",0,0,2,2,"8:09","V",50,"40","29","Tundra",NA,"","1247",NA,NA,NA
"1728",2021,"Kougarok","K4",2,"2021-05-24","Michael Henderson","Hayden Hutcherson","WHIM",0,0,1,1,"8:10","V",50,"160","45","Tundra",NA,"","1248",NA,NA,NA
"1729",2021,"Kougarok","K4",2,"2021-05-24","Michael Henderson","Hayden Hutcherson","WIPT",1,0,0,1,"8:20","V",48,"30","66","Tundra",NA,"","1249",NA,NA,NA
"1730",2021,"Kougarok","K4",2,"2021-05-24","Michael Henderson","Hayden Hutcherson","WIPT",1,0,0,1,"8:23","V",48,"30","5","Shrub",NA,"","1250",NA,NA,NA
"1731",2021,"Kougarok","K4",2,"2021-05-24","Michael Henderson","Hayden Hutcherson","WIPT",1,0,0,1,"8:26","V",48,"10","193","Shrub",NA,"","1251",NA,NA,NA
"1732",2021,"Kougarok","K4",2,"2021-05-24","Michael Henderson","Hayden Hutcherson","WISN",0,0,1,1,"8:27","A",48,"180","<100","Tundra",NA,"","1252",NA,NA,NA
"1733",2021,"Kougarok","K4",2,"2021-05-24","Michael Henderson","Hayden Hutcherson","NOHA",1,0,0,1,"8:31","V",48,"10","185","Tundra",NA,"","1253",NA,NA,NA
"1734",2021,"Kougarok","K4",2,"2021-05-24","Michael Henderson","Hayden Hutcherson","WIPT",1,0,0,1,"8:46","V",45,"0","5","Tundra",NA,"","1254",NA,NA,NA
"1735",2021,"Kougarok","K4",2,"2021-05-24","Michael Henderson","Hayden Hutcherson","WIPT",1,0,0,1,"8:49","V",44,"25","5","Tundra",NA,"","1255",NA,NA,NA
"1736",2021,"Kougarok","K4",2,"2021-05-24","Michael Henderson","Hayden Hutcherson","WISN",0,0,1,1,"8:49","A",44,"170","<100","Tundra",NA,"","1256",NA,NA,NA
"1737",2021,"Kougarok","K5",2,"2021-06-02","Michael Henderson","Hayden Hutcherson","NOHA",1,0,0,1,"10:49","V",63,"180","40","Shrub",NA,"","1338",NA,NA,NA
"1738",2021,"Kougarok","K5",2,"2021-06-02","Michael Henderson","Hayden Hutcherson","SSHA",0,0,1,1,"11:01","V",60,NA,"0","Shrub",NA,"","1339",NA,NA,NA
"1739",2021,"Kougarok","K5",2,"2021-06-02","Michael Henderson","Hayden Hutcherson","SSHA",0,0,1,1,"11:03","V",60,NA,"0","Shrub",NA,"","1340",NA,NA,NA
"1740",2021,"Kougarok","K5",2,"2021-06-02","Michael Henderson","Hayden Hutcherson","jaeger",0,0,1,1,"11:18","V",56,"0","100","Tundra",NA,"Pamarine/parasitic","1341",NA,NA,NA
"1741",2021,"Kougarok","K7",2,"2021-06-02","Michael Henderson","Hayden Hutcherson","SEOW",0,0,1,1,"9:21","V",79,"150","180","Tundra",NA,"","1336",NA,NA,NA
"1742",2021,"Kougarok","K7",2,"2021-06-02","Michael Henderson","Hayden Hutcherson","WISN",0,0,1,1,"9:24","A",79,"120","17","Tundra",NA,"","1337",NA,NA,NA
"1743",2021,"Kougarok","K7",1,"2021-06-02","Hayden Hutcherson","Michael Henderson","NOHA",0,0,1,1,"8:22","V",75,"150","210","Shrub",NA,"","1334",NA,NA,NA
"1744",2021,"Kougarok","K7",1,"2021-06-02","Hayden Hutcherson","Michael Henderson","WIPT",1,0,0,1,"8:50","V",81,"280","102","Tundra",NA,"","1335",NA,NA,NA
"1745",2021,"Kougarok","K6",1,"2021-06-02","Hayden Hutcherson","Michael Henderson","SEOW",0,0,1,1,"8:04","V",72,"290","175","Tundra",NA,"","1333",NA,NA,NA
"1746",2021,"Kougarok","K5",1,"2021-06-02","Hayden Hutcherson","Michael Henderson","WISN",0,0,1,1,"6:46","A",56,"320","<100","Tundra",NA,"","1324",NA,NA,NA
"1747",2021,"Kougarok","K5",1,"2021-06-02","Hayden Hutcherson","Michael Henderson","SSHA",0,0,1,1,"6:58","V",58,NA,"0","Shrub",NA,"Hare","1325",NA,NA,NA
"1748",2021,"Kougarok","K5",1,"2021-06-02","Hayden Hutcherson","Michael Henderson","SSHA",0,0,1,1,"6:58","V",58,NA,"0","Shrub",NA,"hare","1326",NA,NA,NA
"1749",2021,"Kougarok","K5",1,"2021-06-02","Hayden Hutcherson","Michael Henderson","SSHA",0,0,2,2,"7:04","V",59,"20","5","Shrub",NA,"hare","1327",NA,NA,NA
"1750",2021,"Kougarok","K5",1,"2021-06-02","Hayden Hutcherson","Michael Henderson","SSHA",0,0,3,3,"7:07","V",60,"270","25","Shrub",NA,"hare","1328",NA,NA,NA
"1751",2021,"Kougarok","K5",1,"2021-06-02","Hayden Hutcherson","Michael Henderson","WISN",0,0,1,1,"7:07","A",60,"270","<100","Shrub",NA,"","1329",NA,NA,NA
"1752",2021,"Kougarok","K5",1,"2021-06-02","Hayden Hutcherson","Michael Henderson","SSHA",0,0,1,1,"7:10","V",60,"30","20","Shrub",NA,"","1330",NA,NA,NA
"1753",2021,"Kougarok","K5",1,"2021-06-02","Hayden Hutcherson","Michael Henderson","SSHA",0,0,1,1,"7:13","V",61,NA,"0","Shrub",NA,"","1331",NA,NA,NA
"1754",2021,"Kougarok","K5",1,"2021-06-02","Hayden Hutcherson","Michael Henderson","SSHA",0,0,1,1,"7:14","V",61,NA,"0","Shrub",NA,"","1332",NA,NA,NA
"1755",2021,"Council","C1",2,"2021-05-31","Michael Henderson","Hayden Hutcherson","WIPT",0,1,0,1,"11:04","V",38,NA,"0","Shrub",NA,"No GPS, right in front of Lee's camp",NA,NA,NA,NA
"1756",2022,"Kougarok","K1",1,"2022-05-09","Michaela Gustafson","Michael Henderson","WIPT",1,0,0,1,"6:17","A",13,"56","23","shrub",NA,NA,"22-",NA,NA,NA
"1757",2022,"Kougarok","K1",1,"2022-05-09","Michaela Gustafson","Michael Henderson","WIPT",1,0,0,1,"6:43","V",19,"340","216","shrub",NA,NA,"22-2",NA,NA,NA
"1758",2022,"Kougarok","K1",1,"2022-05-09","Michaela Gustafson","Michael Henderson","WIPT",1,0,0,1,"6:52","V",20,"96","99","shrub",NA,NA,"22-3",NA,NA,NA
"1759",2022,"Kougarok","K1",1,"2022-05-09","Michaela Gustafson","Michael Henderson","WIPT",1,0,0,1,"7:02","V",22,"300","5","shrub",NA,NA,"22-4",NA,NA,NA
"1760",2022,"Kougarok","K1",1,"2022-05-09","Michaela Gustafson","Michael Henderson","WISN",0,0,1,1,"7:03","V",22,"130","5","shrub",NA,NA,"22-5",NA,NA,NA
"1761",2022,"Kougarok","K2",1,"2022-05-09","Michaela Gustafson","Michael Henderson","WIPT",1,0,0,1,"7:26","V",26,"310","225","shrub",NA,NA,"22-6",NA,NA,NA
"1762",2022,"Kougarok","K2",1,"2022-05-09","Michaela Gustafson","Michael Henderson","WIPT",1,0,0,1,"7:31","V",26,"20","135","shrub",NA,NA,"22-7",NA,NA,NA
"1763",2022,"Kougarok","K2",1,"2022-05-09","Michaela Gustafson","Michael Henderson","WIPT",1,0,0,1,"7:48","A",30,"290","42","shrub",NA,NA,"22-8",NA,NA,NA
"1764",2022,"Kougarok","K2",1,"2022-05-09","Michaela Gustafson","Michael Henderson","WIPT",1,0,0,1,"7:55","V",31,"250","5","snow",NA,"sitting on snow berm","22-9",NA,NA,NA
"1765",2022,"Kougarok","K3",1,"2022-05-09","Michaela Gustafson","Michael Henderson","WIPT",1,1,0,2,"8:21","V",34,"20","5","shrub",NA,NA,"22-10",NA,NA,NA
"1766",2022,"Kougarok","K3",1,"2022-05-09","Michaela Gustafson","Michael Henderson","WIPT",1,0,0,1,"8:29","V",35,"180","10","shrub",NA,NA,"22-11",NA,NA,NA
"1767",2022,"Kougarok","K3",1,"2022-05-09","Michaela Gustafson","Michael Henderson","WIPT",1,0,0,1,"8:31","V",36,NA,"0","shrub",NA,NA,"22-12",NA,NA,NA
"1768",2022,"Kougarok","K3",1,"2022-05-09","Michaela Gustafson","Michael Henderson","WIPT",1,0,0,1,"8:57","V",42,"118","64","shrub",NA,NA,"22-13",NA,NA,NA
"1769",2022,"Teller","T1",1,"2022-05-10","Michaela Gustafson","Michael Henderson","WIPT",2,0,0,2,"7:40","A",13,"260","86","shrub",NA,NA,"22-14",NA,NA,NA
"1770",2022,"Teller","T1",1,"2022-05-10","Michaela Gustafson","Michael Henderson","WIPT",1,0,0,1,"7:40","A",13,"14","111","shrub",NA,NA,"22-15",NA,NA,NA
"1771",2022,"Teller","T1",1,"2022-05-10","Michaela Gustafson","Michael Henderson","ROPT",1,1,0,2,"7:51","A",14,"320","5","tundra",NA,NA,"22-16",NA,NA,NA
"1772",2022,"Teller","T1",1,"2022-05-10","Michaela Gustafson","Michael Henderson","WIPT",1,0,0,1,"7:55","V",15,NA,"0","road",NA,NA,"22-17",NA,NA,NA
"1773",2022,"Teller","T1",1,"2022-05-10","Michaela Gustafson","Michael Henderson","WIPT",1,1,0,2,"8:09","A",17,"80","26","tundra",NA,NA,"22-18",NA,NA,NA
"1774",2022,"Teller","T1",1,"2022-05-10","Michaela Gustafson","Michael Henderson","WIPT",1,0,0,1,"8:11","V",17,"300","70","tundra",NA,NA,"22-19",NA,NA,NA
"1775",2022,"Teller","T1",1,"2022-05-10","Michaela Gustafson","Michael Henderson","WIPT",1,0,0,1,"8:11","V",17,NA,"0","tundra",NA,NA,"22-20",NA,NA,NA
"1776",2022,"Teller","T2",1,"2022-05-10","Michaela Gustafson","Michael Henderson","WIPT",1,0,0,1,"8:26","A",19,"250","51","shrub",NA,NA,"22-21",NA,NA,NA
"1777",2022,"Teller","T2",1,"2022-05-10","Michaela Gustafson","Michael Henderson","WIPT",1,0,0,1,"8:27","A",19,"90","85","shrub",NA,NA,"22-22",NA,NA,NA
"1778",2022,"Teller","T2",1,"2022-05-10","Michaela Gustafson","Michael Henderson","WIPT",1,0,0,1,"8:32","V",20,"80","44","shrub",NA,NA,"22-23",NA,NA,NA
"1779",2022,"Teller","T2",1,"2022-05-10","Michaela Gustafson","Michael Henderson","WIPT",1,0,0,1,"8:44","V",22,"40","41","tundra",NA,NA,"22-24",NA,NA,NA
"1780",2022,"Teller","T2",1,"2022-05-10","Michaela Gustafson","Michael Henderson","WIPT",1,1,0,2,"8:47","A",22,"200","18","shrub",NA,NA,"22-25",NA,NA,NA
"1781",2022,"Teller","T2",1,"2022-05-10","Michaela Gustafson","Michael Henderson","WIPT",1,0,0,1,"8:48","V",22,"210","35","shrub",NA,NA,"22-26",NA,NA,NA
"1782",2022,"Teller","T2",1,"2022-05-10","Michaela Gustafson","Michael Henderson","WIPT",0,1,0,1,"8:51","V",23,NA,"0","tundra",NA,NA,"22-27",NA,NA,NA
"1783",2022,"Teller","T2",1,"2022-05-10","Michaela Gustafson","Michael Henderson","WIPT",1,0,0,1,"8:54","V",24,NA,"0","tundra",NA,NA,"22-28",NA,NA,NA
"1784",2022,"Teller","T2",1,"2022-05-10","Michaela Gustafson","Michael Henderson","WIPT",2,0,0,2,"8:56","V",24,"50","64","tundra",NA,NA,"22-29",NA,NA,NA
"1785",2022,"Teller","T2",1,"2022-05-10","Michaela Gustafson","Michael Henderson","WIPT",1,0,0,1,"9:10","A",27,"90","10","tundra",NA,NA,"22-30",NA,NA,NA
"1786",2022,"Teller","T2",1,"2022-05-10","Michaela Gustafson","Michael Henderson","WIPT",1,0,0,1,"9:14","A",27,"108","135","shrub",NA,NA,"22-31",NA,NA,NA
"1787",2022,"Teller","T2",1,"2022-05-10","Michaela Gustafson","Michael Henderson","WIPT",1,0,0,1,"9:14","A",27,"280","50","shrub",NA,NA,"22-32",NA,NA,NA
"1788",2022,"Teller","T2",1,"2022-05-10","Michaela Gustafson","Michael Henderson","WIPT",0,0,15,15,"9:15","V",27,"300","25","shrub",NA,"flocking","22-33",NA,NA,NA
"1789",2022,"Teller","T2",1,"2022-05-10","Michaela Gustafson","Michael Henderson","WIPT",1,1,0,2,"9:18","V",27,"300","132","shrub",NA,NA,"22-34",NA,NA,NA
"1790",2022,"Teller","T2",1,"2022-05-10","Michaela Gustafson","Michael Henderson","WIPT",1,0,0,1,"9:18","A",27,"100","100","shrub",NA,NA,"22-35",NA,NA,NA
"1791",2022,"Teller","T2",1,"2022-05-10","Michaela Gustafson","Michael Henderson","WIPT",2,1,0,3,"9:20","V",28,"260","51","shrub",NA,NA,"22-36",NA,NA,NA
"1792",2022,"Teller","T2",1,"2022-05-10","Michaela Gustafson","Michael Henderson","WIPT",1,0,0,1,"9:22","V",28,"120","15","tundra",NA,NA,"22-37",NA,NA,NA
"1793",2022,"Teller","T2",1,"2022-05-10","Michaela Gustafson","Michael Henderson","WIPT",1,0,0,1,"9:25","V",28,"120","50","tundra",NA,NA,"22-38",NA,NA,NA
"1794",2022,"Council","C1",1,"2022-05-17","Michaela Gustafson","Michael Henderson","WIPT",1,1,0,2,"8:27","V",35,"340","170","tundra",NA,NA,"22-39",NA,NA,NA
"1795",2022,"Council","C1",1,"2022-05-17","Michaela Gustafson","Michael Henderson","SEOW",0,0,1,1,"8:28","V",35,"320","109","tundra",NA,NA,"22-40",NA,NA,NA
"1796",2022,"Council","C1",1,"2022-05-17","Michaela Gustafson","Michael Henderson","WIPT",1,0,0,1,"8:32","V",36,"32","211","tundra",NA,NA,"22-41",NA,NA,NA
"1797",2022,"Council","C1",1,"2022-05-17","Michaela Gustafson","Michael Henderson","WIPT",1,0,0,1,"8:37","V",36,"320","74","tundra",NA,NA,"22-42",NA,NA,NA
"1798",2022,"Council","C1",1,"2022-05-17","Michaela Gustafson","Michael Henderson","SEOW",0,0,1,1,"8:55","V",39,"120","400","tundra",NA,"flying","22-43",NA,NA,NA
"1799",2022,"Council","C1",1,"2022-05-17","Michaela Gustafson","Michael Henderson","WIPT",1,0,0,1,"8:58","V",40,"90","258","shrub",NA,NA,"22-44",NA,NA,NA
"1800",2022,"Teller","T3",1,"2022-05-18","Michaela Gustafson","Michael Henderson","WIPT",1,0,0,1,"6:29","V",28,"320","54","tundra",NA,NA,"22-45",NA,NA,NA
"1801",2022,"Teller","T3",1,"2022-05-18","Michaela Gustafson","Michael Henderson","WIPT",2,0,0,2,"6:31","V",28,"330","226","tundra",NA,NA,"22-46",NA,NA,NA
"1802",2022,"Teller","T3",1,"2022-05-18","Michaela Gustafson","Michael Henderson","WIPT",3,0,0,3,"6:40","V",31,"0","186","tundra",NA,NA,"22-47",NA,NA,NA
"1803",2022,"Teller","T3",1,"2022-05-18","Michaela Gustafson","Michael Henderson","WIPT",1,0,0,1,"6:42","V",31,"60","26","tundra",NA,NA,"22-48",NA,NA,NA
"1804",2022,"Teller","T3",1,"2022-05-18","Michaela Gustafson","Michael Henderson","WIPT",1,0,0,1,"6:43","V",31,"260","156","tundra",NA,NA,"22-49",NA,NA,NA
"1805",2022,"Teller","T3",1,"2022-05-18","Michaela Gustafson","Michael Henderson","WIPT",1,0,0,1,"6:44","A",31,"280","39","tundra",NA,NA,"22-50",NA,NA,NA
"1806",2022,"Teller","T3",1,"2022-05-18","Michaela Gustafson","Michael Henderson","WIPT",0,1,0,1,"6:51","V",32,NA,"0","tundra",NA,NA,"22-51",NA,NA,NA
"1807",2022,"Teller","T3",1,"2022-05-18","Michaela Gustafson","Michael Henderson","BTGO",0,0,1,1,"6:53","V",33,"260","53","tundra",NA,NA,"NO POINT TAKEN",NA,NA,NA
"1808",2022,"Teller","T3",1,"2022-05-18","Michaela Gustafson","Michael Henderson","WIPT",1,0,0,1,"6:57","V",33,"310","63","tundra",NA,NA,"22-52",NA,NA,NA
"1809",2022,"Teller","T3",1,"2022-05-18","Michaela Gustafson","Michael Henderson","WIPT",1,0,0,1,"6:59","V",33,"280","192","tundra",NA,NA,"22-53",NA,NA,NA
"1810",2022,"Teller","T3",1,"2022-05-18","Michaela Gustafson","Michael Henderson","WIPT",1,0,0,1,"6:59","V",33,"280","111","tundra",NA,NA,"22-55",NA,NA,NA
"1811",2022,"Teller","T3",1,"2022-05-18","Michaela Gustafson","Michael Henderson","WIPT",1,1,0,2,"6:59","V",33,"280","269","tundra",NA,NA,"22-54",NA,NA,NA
"1812",2022,"Teller","T3",1,"2022-05-18","Michaela Gustafson","Michael Henderson","WIPT",1,0,0,1,"7:03","V",33,"260","84","tundra",NA,NA,"22-56",NA,NA,NA
"1813",2022,"Teller","T3",1,"2022-05-18","Michaela Gustafson","Michael Henderson","WIPT",1,0,0,1,"7:05","V",34,"280","49","tundra",NA,NA,"22-57",NA,NA,NA
"1814",2022,"Teller","T3",1,"2022-05-18","Michaela Gustafson","Michael Henderson","WIPT",1,0,0,1,"7:07","V",34,"270","114","tundra",NA,NA,"22-58",NA,NA,NA
"1815",2022,"Teller","T3",1,"2022-05-18","Michaela Gustafson","Michael Henderson","WIPT",1,0,0,1,"7:07","V",34,"90","15","tundra",NA,NA,"22-59",NA,NA,NA
"1816",2022,"Teller","T3",1,"2022-05-18","Michaela Gustafson","Michael Henderson","WIPT",1,1,0,2,"7:09","V",34,"280","44","tundra",NA,NA,"22-60",NA,NA,NA
"1817",2022,"Teller","T3",1,"2022-05-18","Michaela Gustafson","Michael Henderson","WISN",1,0,0,1,"7:09","V",34,"280","60","tundra",NA,NA,"22-61",NA,NA,NA
"1818",2022,"Teller","T3",1,"2022-05-18","Michaela Gustafson","Michael Henderson","WIPT",1,0,0,1,"7:14","V",34,"250","66","tundra",NA,NA,"22-62",NA,NA,NA
"1819",2022,"Teller","T3",1,"2022-05-18","Michaela Gustafson","Michael Henderson","WIPT",1,0,0,1,"7:16","V",35,"240","117","tundra",NA,NA,"22-63",NA,NA,NA
"1820",2022,"Teller","T3",1,"2022-05-18","Michaela Gustafson","Michael Henderson","WIPT",1,0,0,1,"7:19","V",35,"40","173","tundra",NA,NA,"22-64",NA,NA,NA
"1821",2022,"Teller","T3",1,"2022-05-18","Michaela Gustafson","Michael Henderson","WIPT",1,0,0,1,"7:20","V",35,"260","110","tundra",NA,NA,"22-65",NA,NA,NA
"1822",2022,"Teller","T3",1,"2022-05-18","Michaela Gustafson","Michael Henderson","WIPT",1,0,0,1,"7:20","V",35,"390","345","tundra",NA,NA,"22-66",NA,NA,NA
"1823",2022,"Teller","T3",1,"2022-05-18","Michaela Gustafson","Michael Henderson","WIPT",1,0,0,1,"7:25","V",35,"50","57","tundra",NA,NA,"22-67",NA,NA,NA
"1824",2022,"Teller","T3",1,"2022-05-18","Michaela Gustafson","Michael Henderson","WIPT",1,0,0,1,"7:25","V",35,"50","137","tundra",NA,NA,"22-68",NA,NA,NA
"1825",2022,"Teller","T3",1,"2022-05-18","Michaela Gustafson","Michael Henderson","WIPT",1,0,0,1,"7:27","V",36,"60","145","tundra",NA,NA,"22-69",NA,NA,NA
"1826",2022,"Teller","T3",1,"2022-05-18","Michaela Gustafson","Michael Henderson","WIPT",1,0,0,1,"7:29","V",36,"260","119","tundra",NA,NA,"22-70",NA,NA,NA
"1827",2022,"Teller","T3",1,"2022-05-18","Michaela Gustafson","Michael Henderson","WIPT",1,1,0,2,"7:36","V",37,"280","347","tundra",NA,NA,"22-71",NA,NA,NA
"1828",2022,"Teller","T3",1,"2022-05-18","Michaela Gustafson","Michael Henderson","WIPT",1,0,0,1,"7:39","V",37,"280","85","tundra",NA,NA,"22-72",NA,NA,NA
"1829",2022,"Teller","T3",1,"2022-05-18","Michaela Gustafson","Michael Henderson","WIPT",1,0,0,1,"7:40","V",37,"280","200","tundra",NA,NA,"22-73",NA,NA,NA
"1830",2022,"Teller","T3",1,"2022-05-18","Michaela Gustafson","Michael Henderson","WIPT",1,0,0,1,"7:40","V",37,"280","200","tundra",NA,NA,"22-74",NA,NA,NA
"1831",2022,"Teller","T3",1,"2022-05-18","Michaela Gustafson","Michael Henderson","WIPT",1,0,0,1,"7:40","V",37,"270","694","tundra",NA,NA,"22-75",NA,NA,NA
"1832",2022,"Teller","T3",1,"2022-05-18","Michaela Gustafson","Michael Henderson","WIPT",1,0,0,1,"7:40","V",37,"290","240","tundra",NA,NA,"22-76",NA,NA,NA
"1833",2022,"Teller","T3",1,"2022-05-18","Michaela Gustafson","Michael Henderson","WIPT",1,0,0,1,"7:44","V",37,NA,"0","tundra","on road",NA,"22-77",NA,NA,NA
"1834",2022,"Teller","T4",1,"2022-05-19","Michaela Gustafson","Michael Henderson","WIPT",1,1,0,2,"6:58","V",39,NA,"0","tundra",NA,NA,"22-79",NA,NA,NA
"1835",2022,"Teller","T4",1,"2022-05-19","Michaela Gustafson","Michael Henderson","WIPT",1,0,0,1,"7:01","V",39,"70","194","tundra",NA,NA,"22-80",NA,NA,NA
"1836",2022,"Teller","T4",1,"2022-05-19","Michaela Gustafson","Michael Henderson","ROPT",1,1,0,2,"7:11","V",41,"80","90","tundra",NA,NA,"22-81",NA,NA,NA
"1837",2022,"Teller","T4",1,"2022-05-19","Michaela Gustafson","Michael Henderson","WIPT",1,0,0,1,"7:12","V",41,"290","201","tundra",NA,NA,"22-82",NA,NA,NA
"1838",2022,"Teller","T4",1,"2022-05-19","Michaela Gustafson","Michael Henderson","WISN",0,0,1,1,"7:22","A",43,"100","100","tundra",NA,NA,"22-83",NA,NA,NA
"1839",2022,"Teller","T4",1,"2022-05-19","Michaela Gustafson","Michael Henderson","WIPT",1,0,0,1,"7:23","V",44,NA,"0","tundra",NA,NA,"22-84",NA,NA,NA
"1840",2022,"Teller","T4",1,"2022-05-19","Michaela Gustafson","Michael Henderson","WIPT",1,1,0,2,"7:25","V",44,"120","18","tundra",NA,NA,"22-85",NA,NA,NA
"1841",2022,"Teller","T4",1,"2022-05-19","Michaela Gustafson","Michael Henderson","ROPT",1,0,0,1,"7:30","V",45,NA,"0","tundra",NA,NA,"22-86",NA,NA,NA
"1842",2022,"Teller","T4",1,"2022-05-19","Michaela Gustafson","Michael Henderson","WIPT",1,0,0,1,"7:31","V",45,"80","47","tundra",NA,NA,"22-87",NA,NA,NA
"1843",2022,"Teller","T4",1,"2022-05-19","Michaela Gustafson","Michael Henderson","ROPT",1,0,0,1,"7:39","V",46,"270","86","tundra",NA,NA,"22-88",NA,NA,NA
"1844",2022,"Teller","T4",1,"2022-05-19","Michaela Gustafson","Michael Henderson","ROPT",1,0,0,1,"7:40","V",46,"270","83","tundra",NA,NA,"22-89",NA,NA,NA
"1845",2022,"Teller","T4",1,"2022-05-19","Michaela Gustafson","Michael Henderson","ROPT",1,0,0,1,"7:43","V",46,"90","5","tundra",NA,NA,"22-90",NA,NA,NA
"1846",2022,"Teller","T4",1,"2022-05-19","Michaela Gustafson","Michael Henderson","WIPT",2,0,0,2,"7:47","V",47,"270","50","tundra",NA,NA,"22-91",NA,NA,NA
"1847",2022,"Teller","T4",1,"2022-05-19","Michaela Gustafson","Michael Henderson","WIPT",1,0,0,1,"7:49","V",47,"260","237","tundra",NA,NA,"22-92",NA,NA,NA
"1848",2022,"Teller","T4",1,"2022-05-19","Michaela Gustafson","Michael Henderson","WIPT",1,0,0,1,"7:49","V",47,"280","35","tundra",NA,NA,"22-93",NA,NA,NA
"1849",2022,"Teller","T4",1,"2022-05-19","Michaela Gustafson","Michael Henderson","ROPT",1,0,0,1,"7:57","V",48,"280","325","tundra",NA,NA,"22-94",NA,NA,NA
"1850",2022,"Teller","T5",1,"2022-05-19","Michaela Gustafson","Michael Henderson","WIPT",1,0,0,1,"8:06","V",48,"310","265","shrub",NA,NA,"22-95",NA,NA,NA
"1851",2022,"Teller","T5",1,"2022-05-19","Michaela Gustafson","Michael Henderson","WIPT",1,1,0,2,"8:19","V",51,NA,"0","tundra",NA,NA,"22-96",NA,NA,NA
"1852",2022,"Teller","T5",1,"2022-05-19","Michaela Gustafson","Michael Henderson","WISN",0,0,1,1,"8:20","A",51,"100","50","tundra",NA,NA,"22-97",NA,NA,NA
"1853",2022,"Teller","T5",1,"2022-05-19","Michaela Gustafson","Michael Henderson","WIPT",1,0,0,1,"8:27","A",52,NA,"0","tundra",NA,NA,"22-98",NA,NA,NA
"1854",2022,"Teller","T5",1,"2022-05-19","Michaela Gustafson","Michael Henderson","WIPT",1,0,0,1,"8:30","V",52,"280","199","tundra",NA,NA,"22-99",NA,NA,NA
"1855",2022,"Teller","T5",1,"2022-05-19","Michaela Gustafson","Michael Henderson","LTJA",0,0,1,1,"8:30","V",52,"280","207","tundra",NA,NA,"22-100",NA,NA,NA
"1856",2022,"Teller","T5",1,"2022-05-19","Michaela Gustafson","Michael Henderson","WISN",0,0,1,1,"8:31","A",52,"280","100","tundra",NA,NA,"22-101",NA,NA,NA
"1857",2022,"Teller","T5",1,"2022-05-19","Michaela Gustafson","Michael Henderson","WIPT",1,0,0,1,"8:34","V",52,"290","191","tundra",NA,NA,"22-102",NA,NA,NA
"1858",2022,"Teller","T5",1,"2022-05-19","Michaela Gustafson","Michael Henderson","WISN",0,0,1,1,"8:39","V",53,"240","21","tundra",NA,NA,"22-103",NA,NA,NA
"1859",2022,"Teller","T5",1,"2022-05-19","Michaela Gustafson","Michael Henderson","WISN",0,0,1,1,"8:46","V",53,"240","26","tundra",NA,NA,"22-104",NA,NA,NA
"1860",2022,"Teller","T5",1,"2022-05-19","Michaela Gustafson","Michael Henderson","WIPT",1,0,0,1,"8:50","A",54,"30","175","tundra",NA,NA,"22-105",NA,NA,NA
"1861",2022,"Teller","T5",1,"2022-05-19","Michaela Gustafson","Michael Henderson","WISN",0,0,1,1,"8:50","A",54,"80","50","tundra",NA,NA,"22-106",NA,NA,NA
"1862",2022,"Teller","T5",1,"2022-05-19","Michaela Gustafson","Michael Henderson","WISN",0,0,1,1,"8:53","A",54,"40","40","tundra",NA,"displaying","22-107",NA,NA,NA
"1863",2022,"Teller","T5",1,"2022-05-19","Michaela Gustafson","Michael Henderson","SEOW",1,1,0,2,"8:53","V",54,"260","80","tundra",NA,NA,"22-108",NA,NA,NA
"1864",2022,"Teller","T5",1,"2022-05-19","Michaela Gustafson","Michael Henderson","WISN",0,0,1,1,"8:57","A",55,"90","60","tundra",NA,NA,"22-109",NA,NA,NA
"1865",2022,"Teller","T5",1,"2022-05-19","Michaela Gustafson","Michael Henderson","WIPT",1,1,0,2,"8:59","V",55,"120","15","tundra",NA,NA,"22-110",NA,NA,NA
"1866",2022,"Teller","T5",1,"2022-05-19","Michaela Gustafson","Michael Henderson","WIPT",1,1,0,2,"9:00","V",55,NA,"0","tundra",NA,NA,"22-111",NA,NA,NA
"1867",2022,"Teller","T5",1,"2022-05-19","Michaela Gustafson","Michael Henderson","WIPT",1,0,0,1,"9:03","V",55,"290","112","tundra",NA,NA,"22-112",NA,NA,NA
"1868",2022,"Teller","T5",1,"2022-05-19","Michaela Gustafson","Michael Henderson","WIPT",1,0,0,1,"9:03","A",55,"100","200","tundra",NA,NA,"22-113",NA,NA,NA
"1869",2022,"Teller","T6",1,"2022-05-19","Michaela Gustafson","Michael Henderson","WIPT",1,0,0,1,"9:34","V",59,"60","65","tundra",NA,NA,"22-114",NA,NA,NA
"1870",2022,"Teller","T6",1,"2022-05-19","Michaela Gustafson","Michael Henderson","WIPT",1,0,0,1,"9:38","V",59,"280","41","tundra",NA,NA,"22-115",NA,NA,NA
"1871",2022,"Teller","T6",1,"2022-05-19","Michaela Gustafson","Michael Henderson","LTJA",0,0,1,1,"9:38","V",59,"70","100","tundra",NA,NA,"22-116",NA,NA,NA
"1872",2022,"Teller","T6",1,"2022-05-19","Michaela Gustafson","Michael Henderson","WIPT",1,0,0,1,"9:53","V",63,NA,"0","tundra",NA,NA,"22-117",NA,NA,NA
"1873",2022,"Teller","T6",1,"2022-05-19","Michaela Gustafson","Michael Henderson","WIPT",1,0,0,1,"10:09","V",65,"80","19","snow",NA,NA,"22-118",NA,NA,NA
"1874",2022,"Teller","T6",1,"2022-05-19","Michaela Gustafson","Michael Henderson","WIPT",2,0,0,2,"10:15","V",67,NA,"0","tundra",NA,NA,"22-119",NA,NA,NA
"1875",2022,"Teller","T6",2,"2022-05-20","Michael Henderson","Michaela Gustafson","SEOW",0,0,1,1,"6:22","V",68,"300","38","tundra",NA,NA,"22-120",NA,NA,NA
"1876",2022,"Teller","T6",2,"2022-05-20","Michael Henderson","Michaela Gustafson","GOPL",1,1,0,2,"6:26","V",67,"300","68","tundra",NA,NA,"22-121",NA,NA,NA
"1877",2022,"Teller","T6",2,"2022-05-20","Michael Henderson","Michaela Gustafson","WIPT",1,0,0,1,"6:28","V",67,"100","28","tundra",NA,NA,"22-122",NA,NA,NA
"1878",2022,"Teller","T6",2,"2022-05-20","Michael Henderson","Michaela Gustafson","LTJA",0,0,2,2,"6:33","V",66,"90","30","tundra",NA,"Flying","22-123",NA,NA,NA
"1879",2022,"Teller","T6",2,"2022-05-20","Michael Henderson","Michaela Gustafson","WIPT",1,0,0,1,"6:36","V",65,"270","33","tundra",NA,NA,"22-124",NA,NA,NA
"1880",2022,"Teller","T6",2,"2022-05-20","Michael Henderson","Michaela Gustafson","WIPT",1,0,0,1,"6:45","V",64,"70","50","tundra",NA,NA,"22-125",NA,NA,NA
"1881",2022,"Teller","T6",2,"2022-05-20","Michael Henderson","Michaela Gustafson","WIPT",1,0,0,1,"6:49","V",64,NA,"0","tundra",NA,NA,"22-126",NA,NA,NA
"1882",2022,"Teller","T6",2,"2022-05-20","Michael Henderson","Michaela Gustafson","WIPT",1,0,0,1,"6:51","V",63,"260","12","tundra",NA,NA,"22-127",NA,NA,NA
"1883",2022,"Teller","T6",2,"2022-05-20","Michael Henderson","Michaela Gustafson","WIPT",1,0,0,1,"7:00","V",62,"90","106","tundra",NA,NA,"22-128",NA,NA,NA
"1884",2022,"Teller","T6",2,"2022-05-20","Michael Henderson","Michaela Gustafson","SEOW",0,0,1,1,"7:02","V",62,"210","30","tundra",NA,"Flying across road","22-129",NA,NA,NA
"1885",2022,"Teller","T6",2,"2022-05-20","Michael Henderson","Michaela Gustafson","jaeger",0,0,1,1,"7:04","V",62,"230","156","tundra",NA,NA,"22-130",NA,NA,NA
"1886",2022,"Teller","T6",2,"2022-05-20","Michael Henderson","Michaela Gustafson","WISN",0,0,1,1,"7:09","A",60,"80","47","tundra",NA,NA,"22-131",NA,NA,NA
"1887",2022,"Teller","T6",2,"2022-05-20","Michael Henderson","Michaela Gustafson","WIPT",1,0,0,1,"7:09","V",60,"80","72","tundra",NA,NA,"22-132",NA,NA,NA
"1888",2022,"Teller","T5",2,"2022-05-20","Michael Henderson","Michaela Gustafson","WISN",0,0,1,1,"7:20","A",57,"70","50","low shrub",NA,NA,"22-133",NA,NA,NA
"1889",2022,"Teller","T5",2,"2022-05-20","Michael Henderson","Michaela Gustafson","WISN",0,0,1,1,"7:25","A",56,NA,"<100","tundra/shrub","Was marked as T/S",NA,"22-134",NA,NA,NA
"1890",2022,"Teller","T5",2,"2022-05-20","Michael Henderson","Michaela Gustafson","WIPT",1,0,0,1,"7:28","V",55,NA,"0","tundra",NA,NA,"22-135",NA,NA,NA
"1891",2022,"Teller","T5",2,"2022-05-20","Michael Henderson","Michaela Gustafson","WIPT",1,0,0,1,"7:33","V",54,"250","68","tundra",NA,NA,"22-136",NA,NA,NA
"1892",2022,"Teller","T5",2,"2022-05-20","Michael Henderson","Michaela Gustafson","WIPT",1,0,0,1,"7:43","A",53,"250","203","tundra",NA,NA,"22-137",NA,NA,NA
"1893",2022,"Teller","T5",2,"2022-05-20","Michael Henderson","Michaela Gustafson","WISN",0,0,1,1,"7:46","A",52,"80","61","tundra",NA,NA,"22-138",NA,NA,NA
"1894",2022,"Teller","T5",2,"2022-05-20","Michael Henderson","Michaela Gustafson","WISN",0,0,1,1,"7:51","A",52,"250","<100","tundra",NA,NA,"22-139",NA,NA,NA
"1895",2022,"Teller","T5",2,"2022-05-20","Michael Henderson","Michaela Gustafson","WIPT",1,0,0,1,"7:52","V",52,"60","31","tundra",NA,NA,"22-140",NA,NA,NA
"1896",2022,"Teller","T5",2,"2022-05-20","Michael Henderson","Michaela Gustafson","WIPT",1,1,0,2,"7:52","V",52,NA,"0","tundra",NA,NA,"22-141",NA,NA,NA
"1897",2022,"Teller","T5",2,"2022-05-20","Michael Henderson","Michaela Gustafson","WISN",0,0,1,1,"7:55","A",51,"230","<100","tundra",NA,NA,"22-142",NA,NA,NA
"1898",2022,"Teller","T5",2,"2022-05-20","Michael Henderson","Michaela Gustafson","WIPT",1,0,0,1,"8:04","V",49,"110","55","tundra",NA,NA,"22-143",NA,NA,NA
"1899",2022,"Teller","T5",2,"2022-05-20","Michael Henderson","Michaela Gustafson","WIPT",1,0,0,1,"8:08","V",49,NA,"0","tundra",NA,NA,"22-144",NA,NA,NA
"1900",2022,"Teller","T5",2,"2022-05-20","Michael Henderson","Michaela Gustafson","WIPT",1,0,0,1,"8:10","V",48,"290","21","tundra",NA,NA,"22-145",NA,NA,NA
"1901",2022,"Teller","T5",2,"2022-05-20","Michael Henderson","Michaela Gustafson","WIPT",1,0,0,1,"8:12","V",48,"280","160","tundra",NA,NA,"22-146",NA,NA,NA
"1902",2022,"Teller","T5",2,"2022-05-20","Michael Henderson","Michaela Gustafson","SEOW",0,0,1,1,"8:15","V",48,"240","60","tundra",NA,NA,"22-147",NA,NA,NA
"1903",2022,"Teller","T5",2,"2022-05-20","Michael Henderson","Michaela Gustafson","WISN",0,0,1,1,"8:16","A",48,"110","450","tundra",NA,NA,"22-148",NA,NA,NA
"1904",2022,"Teller","T4",2,"2022-05-20","Michael Henderson","Michaela Gustafson","WIPT",1,0,0,1,"8:22","V",48,"120","211","tundra",NA,NA,"22-149",NA,NA,NA
"1905",2022,"Teller","T4",2,"2022-05-20","Michael Henderson","Michaela Gustafson","WIPT",1,0,0,1,"8:25","V",48,"290","39","shrub",NA,NA,"22-150",NA,NA,NA
"1906",2022,"Teller","T4",2,"2022-05-20","Michael Henderson","Michaela Gustafson","jaeger",0,0,1,1,"8:28","V",47,"240","254","tundra",NA,"Not LTJA","22-151",NA,NA,NA
"1907",2022,"Teller","T4",2,"2022-05-20","Michael Henderson","Michaela Gustafson","WIPT",1,0,0,1,"8:32","V",47,"230","277","tundra",NA,NA,"22-152",NA,NA,NA
"1908",2022,"Teller","T4",2,"2022-05-20","Michael Henderson","Michaela Gustafson","WIPT",1,0,0,1,"8:34","V",47,"240","150","tundra",NA,NA,"22-153",NA,NA,NA
"1909",2022,"Teller","T4",2,"2022-05-20","Michael Henderson","Michaela Gustafson","WIPT",1,0,0,1,"8:34","V",47,"260","86","tundra",NA,NA,"22-154",NA,NA,NA
"1910",2022,"Teller","T4",2,"2022-05-20","Michael Henderson","Michaela Gustafson","ROPT",1,2,0,3,"8:38","V",46,"270","16","tundra",NA,NA,"22-155",NA,NA,NA
"1911",2022,"Teller","T4",2,"2022-05-20","Michael Henderson","Michaela Gustafson","ROPT",1,0,0,1,"8:42","V",46,"270","132","tundra",NA,NA,"22-156",NA,NA,NA
"1912",2022,"Teller","T4",2,"2022-05-20","Michael Henderson","Michaela Gustafson","GOPL",0,0,1,1,"8:43","A",46,"270","90","tundra",NA,NA,"22-157",NA,NA,NA
"1913",2022,"Teller","T4",2,"2022-05-20","Michael Henderson","Michaela Gustafson","WIPT",1,0,0,1,"8:46","V",45,NA,"0","tundra",NA,NA,"22-158",NA,NA,NA
"1914",2022,"Teller","T4",2,"2022-05-20","Michael Henderson","Michaela Gustafson","GOPL",0,0,1,1,"8:51","V",44,"270","76","tundra",NA,NA,"22-159",NA,NA,NA
"1915",2022,"Teller","T4",2,"2022-05-20","Michael Henderson","Michaela Gustafson","WIPT",1,0,0,1,"8:55","V",44,NA,"0","tundra",NA,NA,"22-160",NA,NA,NA
"1916",2022,"Teller","T4",2,"2022-05-20","Michael Henderson","Michaela Gustafson","WIPT",1,0,0,1,"8:56","V",44,"240","222","tundra",NA,NA,"22-161",NA,NA,NA
"1917",2022,"Teller","T3",2,"2022-05-20","Michael Henderson","Michaela Gustafson","jaeger",0,0,1,1,"9:38","V",37,"250","108","tundra",NA,NA,"22-162",NA,NA,NA
"1918",2022,"Teller","T3",2,"2022-05-20","Michael Henderson","Michaela Gustafson","GOPL",0,0,2,2,"9:39","V",36,NA,"0","tundra",NA,NA,"22-163",NA,NA,NA
"1919",2022,"Teller","T3",2,"2022-05-20","Michael Henderson","Michaela Gustafson","WIPT",1,0,0,1,"9:40","V",36,"250","39","tundra",NA,NA,"22-164",NA,NA,NA
"1920",2022,"Teller","T3",2,"2022-05-20","Michael Henderson","Michaela Gustafson","WIPT",1,0,0,1,"9:46","V",35,"230","195","tundra",NA,NA,"22-165",NA,NA,NA
"1921",2022,"Teller","T3",2,"2022-05-20","Michael Henderson","Michaela Gustafson","WISN",NA,0,1,1,"9:52","V",34,NA,"0","tundra",NA,NA,"22-166",NA,NA,NA
"1922",2022,"Teller","T3",2,"2022-05-20","Michael Henderson","Michaela Gustafson","WIPT",1,0,0,1,"9:55","V",34,"240","189","tundra",NA,NA,"22-167",NA,NA,NA
"1923",2022,"Teller","T3",2,"2022-05-20","Michael Henderson","Michaela Gustafson","WIPT",1,0,0,1,"9:56","V",34,"120","54","tundra",NA,NA,"22-168",NA,NA,NA
"1924",2022,"Teller","T3",2,"2022-05-20","Michael Henderson","Michaela Gustafson","WISN",0,0,1,1,"9:57","A",34,"240","45","tundra",NA,NA,"22-169",NA,NA,NA
"1925",2022,"Teller","T3",2,"2022-05-20","Michael Henderson","Michaela Gustafson","WIPT",1,1,0,2,"9:58","V",34,"100","18","tundra",NA,NA,"22-170",NA,NA,NA
"1926",2022,"Teller","T3",2,"2022-05-20","Michael Henderson","Michaela Gustafson","WIPT",1,0,0,1,"10:03","A",33,"60","281","tundra",NA,NA,"22-171",NA,NA,NA
"1927",2022,"Teller","T3",2,"2022-05-20","Michael Henderson","Michaela Gustafson","SEOW",0,0,1,1,"10:03","V",33,"140","96","tundra",NA,NA,"22-172",NA,NA,NA
"1928",2022,"Teller","T3",2,"2022-05-20","Michael Henderson","Michaela Gustafson","GOPL",0,0,1,1,"10:04","A",33,"230","<100","tundra",NA,NA,"22-173",NA,NA,NA
"1929",2022,"Teller","T3",2,"2022-05-20","Michael Henderson","Michaela Gustafson","SEOW",0,0,1,1,"10:08","V",33,"90","153","tundra",NA,NA,"22-174",NA,NA,NA
"1930",2022,"Teller","T3",2,"2022-05-20","Michael Henderson","Michaela Gustafson","GOPL",0,0,1,1,"10:09","A",33,"230","100","tundra",NA,NA,"22-175",NA,NA,NA
"1931",2022,"Teller","T3",2,"2022-05-20","Michael Henderson","Michaela Gustafson","jaeger",0,0,1,1,"10:10","V",33,"220","179","tundra",NA,NA,"22-176",NA,NA,NA
"1932",2022,"Teller","T3",2,"2022-05-20","Michael Henderson","Michaela Gustafson","WIPT",1,0,0,1,"10:16","V",32,"250","81","tundra",NA,NA,"22-177",NA,NA,NA
"1933",2022,"Teller","T3",2,"2022-05-20","Michael Henderson","Michaela Gustafson","WIPT",1,0,0,1,"10:24","V",31,"230","170","tundra",NA,NA,"22-178",NA,NA,NA
"1934",2022,"Teller","T3",2,"2022-05-20","Michael Henderson","Michaela Gustafson","WISN",0,0,1,1,"10:25","A",31,"230","<100","tundra",NA,NA,"22-179",NA,NA,NA
"1935",2022,"Teller","T3",2,"2022-05-20","Michael Henderson","Michaela Gustafson","jaeger",0,0,3,3,"10:25","V",31,"100","111","tundra",NA,NA,"22-180",NA,NA,NA
"1936",2022,"Teller","T3",2,"2022-05-20","Michael Henderson","Michaela Gustafson","WIPT",1,0,0,1,"10:25","V",31,"90","95","tundra",NA,NA,"22-181",NA,NA,NA
"1937",2022,"Teller","T3",2,"2022-05-20","Michael Henderson","Michaela Gustafson","GOPL",1,0,0,1,"10:28","V",31,"90","34","tundra",NA,NA,"22-182",NA,NA,NA
"1938",2022,"Teller","T3",2,"2022-05-20","Michael Henderson","Michaela Gustafson","WISN",0,0,1,1,"10:30","A",31,"100","200","tundra",NA,NA,"22-183",NA,NA,NA
"1939",2022,"Teller","T3",2,"2022-05-20","Michael Henderson","Michaela Gustafson","GOPL",0,0,1,1,"10:30","V",31,"100","93","tundra",NA,NA,"22-184",NA,NA,NA
"1940",2022,"Teller","T3",2,"2022-05-20","Michael Henderson","Michaela Gustafson","WIPT",1,0,0,1,"10:36","V",30,"70","50","tundra",NA,NA,"22-185",NA,NA,NA
"1941",2022,"Teller","T3",2,"2022-05-20","Michael Henderson","Michaela Gustafson","LTJA",0,0,2,2,"10:41","V",29,"220","94","tundra",NA,NA,"22-186",NA,NA,NA
"1942",2022,"Teller","T3",2,"2022-05-20","Michael Henderson","Michaela Gustafson","WIPT",1,0,0,1,"10:42","V",29,"270","51","tundra",NA,NA,"22-187",NA,NA,NA
"1943",2022,"Teller","T3",2,"2022-05-20","Michael Henderson","Michaela Gustafson","WISN",0,0,1,1,"10:43","A",29,"80","62","tundra",NA,NA,"22-188",NA,NA,NA
"1944",2022,"Teller","T3",2,"2022-05-20","Michael Henderson","Michaela Gustafson","WIPT",1,0,0,1,"10:44","V",29,"230","229","tundra",NA,NA,"22-189",NA,NA,NA
"1945",2022,"Kougarok","K4",1,"2022-05-21","Michaela Gustafson","Michael Henderson","WIPT",1,1,0,2,"7:24","V",43,"120","10","shrub",NA,NA,"22-191",NA,NA,NA
"1946",2022,"Kougarok","K4",1,"2022-05-21","Michaela Gustafson","Michael Henderson","WIPT",0,1,0,1,"7:30","V",44,"150","12","shrub",NA,NA,"22-192",NA,NA,NA
"1947",2022,"Kougarok","K4",1,"2022-05-21","Michaela Gustafson","Michael Henderson","WIPT",1,0,0,1,"7:33","V",44,"140","5","shrub",NA,NA,"22-193",NA,NA,NA
"1948",2022,"Kougarok","K4",1,"2022-05-21","Michaela Gustafson","Michael Henderson","SEOW",0,0,1,1,"7:33","V",44,"0","250","shrub",NA,NA,"22-194",NA,NA,NA
"1949",2022,"Kougarok","K4",1,"2022-05-21","Michaela Gustafson","Michael Henderson","SSHA",0,0,1,1,"7:39","V",44,"110","5","shrub",NA,NA,"22-195",NA,NA,NA
"1950",2022,"Kougarok","K4",1,"2022-05-21","Michaela Gustafson","Michael Henderson","SSHA",0,0,1,1,"7:41","V",44,NA,"0","shrub",NA,NA,"22-196",NA,NA,NA
"1951",2022,"Kougarok","K4",1,"2022-05-21","Michaela Gustafson","Michael Henderson","SSHA",0,0,2,2,"7:41","V",44,NA,"0","shrub",NA,NA,"22-197",NA,NA,NA
"1952",2022,"Kougarok","K4",1,"2022-05-21","Michaela Gustafson","Michael Henderson","SSHA",0,0,1,1,"7:42","V",44,NA,"0","shrub",NA,NA,"22-198",NA,NA,NA
"1953",2022,"Kougarok","K4",1,"2022-05-21","Michaela Gustafson","Michael Henderson","MERL",0,0,1,1,"7:44","V",45,NA,"0","shrub",NA,NA,"22-199",NA,NA,NA
"1954",2022,"Kougarok","K4",1,"2022-05-21","Michaela Gustafson","Michael Henderson","SSHA",0,0,1,1,"7:47","V",45,NA,"0","shrub",NA,NA,"22-200",NA,NA,NA
"1955",2022,"Kougarok","K4",1,"2022-05-21","Michaela Gustafson","Michael Henderson","WISN",0,0,1,1,"7:47","A",46,"290",">100","shrub",NA,NA,"22-201",NA,NA,NA
"1956",2022,"Kougarok","K4",1,"2022-05-21","Michaela Gustafson","Michael Henderson","WISN",0,0,1,1,"7:49","A",46,"90",">100","shrub",NA,NA,"22-202",NA,NA,NA
"1957",2022,"Kougarok","K4",1,"2022-05-21","Michaela Gustafson","Michael Henderson","WIPT",1,0,0,1,"7:50","V",46,"320","20","shrub",NA,NA,"22-203",NA,NA,NA
"1958",2022,"Kougarok","K4",1,"2022-05-21","Michaela Gustafson","Michael Henderson","WISN",1,0,0,1,"7:53","A",47,"110","28","shrub",NA,NA,"22-204",NA,NA,NA
"1959",2022,"Kougarok","K4",1,"2022-05-21","Michaela Gustafson","Michael Henderson","WIPT",1,0,0,1,"7:54","V",47,"310","188","shrub",NA,NA,"22-205",NA,NA,NA
"1960",2022,"Kougarok","K4",1,"2022-05-21","Michaela Gustafson","Michael Henderson","WIPT",1,0,0,1,"8:00","V",48,"120","11","shrub",NA,NA,"22-206",NA,NA,NA
"1961",2022,"Kougarok","K4",1,"2022-05-21","Michaela Gustafson","Michael Henderson","WIPT",1,0,0,1,"8:01","A",48,"100","258","shrub",NA,NA,"22-207",NA,NA,NA
"1962",2022,"Kougarok","K4",1,"2022-05-21","Michaela Gustafson","Michael Henderson","WIPT",1,0,0,1,"8:03","V",48,"310","30","shrub",NA,NA,"22-208",NA,NA,NA
"1963",2022,"Kougarok","K4",1,"2022-05-21","Michaela Gustafson","Michael Henderson","WIPT",1,0,0,1,"8:05","V",48,"310","300","shrub",NA,NA,"22-209",NA,NA,NA
"1964",2022,"Kougarok","K4",1,"2022-05-21","Michaela Gustafson","Michael Henderson","WIPT",1,0,0,1,"8:06","V",48,"125","29","shrub",NA,NA,"22-210",NA,NA,NA
"1965",2022,"Kougarok","K4",1,"2022-05-21","Michaela Gustafson","Michael Henderson","WIPT",1,0,0,1,"8:08","V",48,"300","150","shrub",NA,NA,"22-211",NA,NA,NA
"1966",2022,"Kougarok","K4",1,"2022-05-21","Michaela Gustafson","Michael Henderson","WIPT",1,0,0,1,"8:11","V",48,"340","91","shrub",NA,NA,"22-212",NA,NA,NA
"1967",2022,"Kougarok","K4",1,"2022-05-21","Michaela Gustafson","Michael Henderson","WHIM",0,0,1,1,"8:11","A",48,"110","<100","shrub",NA,NA,"22-213",NA,NA,NA
"1968",2022,"Kougarok","K4",1,"2022-05-21","Michaela Gustafson","Michael Henderson","WHIM",0,0,1,1,"8:13","V",48,NA,"0","shrub",NA,NA,"22-214",NA,NA,NA
"1969",2022,"Kougarok","K4",1,"2022-05-21","Michaela Gustafson","Michael Henderson","WHIM",0,0,1,1,"8:18","V",49,"100","74","tundra",NA,NA,"22-215",NA,NA,NA
"1970",2022,"Kougarok","K4",1,"2022-05-21","Michaela Gustafson","Michael Henderson","WIPT",1,0,0,1,"8:20","V",49,"110","149","tundra",NA,NA,"22-216",NA,NA,NA
"1971",2022,"Kougarok","K4",1,"2022-05-21","Michaela Gustafson","Michael Henderson","ROPT",1,0,0,1,"8:23","V",49,"320","73","tundra",NA,NA,"22-217",NA,NA,NA
"1972",2022,"Kougarok","K4",1,"2022-05-21","Michaela Gustafson","Michael Henderson","ROPT",1,0,0,1,"8:23","V",49,"320","50","tundra",NA,NA,"22-218",NA,NA,NA
"1973",2022,"Kougarok","K4",1,"2022-05-21","Michaela Gustafson","Michael Henderson","AGSQ",0,0,1,1,"8:27","V",50,"320","44","tundra",NA,NA,"22-219",NA,NA,NA
"1974",2022,"Kougarok","K4",1,"2022-05-21","Michaela Gustafson","Michael Henderson","GOPL",1,0,0,1,"8:27","A",50,"110","51","tundra",NA,NA,"22-220",NA,NA,NA
"1975",2022,"Kougarok","K4",1,"2022-05-21","Michaela Gustafson","Michael Henderson","AGSQ",0,0,1,1,"8:30","V",50,"110","28","tundra",NA,NA,"22-221",NA,NA,NA
"1976",2022,"Kougarok","K4",1,"2022-05-21","Michaela Gustafson","Michael Henderson","WIPT",1,0,0,1,"8:31","V",50,"300","5","tundra",NA,NA,"22-222",NA,NA,NA
"1977",2022,"Kougarok","K4",1,"2022-05-21","Michaela Gustafson","Michael Henderson","AMRO",1,0,0,1,"8:33","V",50,"100","67","tundra",NA,NA,"22-223",NA,NA,NA
"1978",2022,"Kougarok","K4",1,"2022-05-21","Michaela Gustafson","Michael Henderson","SEOW",0,0,1,1,"8:34","V",50,"110","10","tundra",NA,NA,"22-224",NA,NA,NA
"1979",2022,"Kougarok","K4",1,"2022-05-21","Michaela Gustafson","Michael Henderson","SEOW",0,0,1,1,"8:39","V",51,"80","20","tundra",NA,"flying","22-225",NA,NA,NA
"1980",2022,"Kougarok","K4",1,"2022-05-21","Michaela Gustafson","Michael Henderson","SEOW",0,0,1,1,"8:39","V",51,"80","10","tundra",NA,NA,"22-226",NA,NA,NA
"1981",2022,"Kougarok","K4",1,"2022-05-21","Michaela Gustafson","Michael Henderson","ROPT",1,0,0,1,"8:41","V",51,"330","129","tundra",NA,NA,"22-227",NA,NA,NA
"1982",2022,"Kougarok","K4",1,"2022-05-21","Michaela Gustafson","Michael Henderson","ROPT",1,0,0,1,"8:41","V",51,"290","91","tundra",NA,NA,"22-228",NA,NA,NA
"1983",2022,"Kougarok","K4",1,"2022-05-21","Michaela Gustafson","Michael Henderson","WISN",0,0,1,1,"8:48","V",52,NA,"0","shrub",NA,NA,"22-229",NA,NA,NA
"1984",2022,"Kougarok","K4",1,"2022-05-21","Michaela Gustafson","Michael Henderson","WISN",0,0,1,1,"8:49","A",52,"300","5","tundra",NA,NA,"22-230",NA,NA,NA
"1985",2022,"Kougarok","K4",1,"2022-05-21","Michaela Gustafson","Michael Henderson","WIPT",1,0,0,1,"8:50","A",52,"80","30","shrub",NA,NA,"22-231",NA,NA,NA
"1986",2022,"Kougarok","K5",1,"2022-05-21","Michaela Gustafson","Michael Henderson","SSHA",0,0,4,4,"8:56","V",53,NA,"0","shrub",NA,NA,"22-232",NA,NA,NA
"1987",2022,"Kougarok","K5",1,"2022-05-21","Michaela Gustafson","Michael Henderson","WISN",0,0,1,1,"9:25","A",58,"260","<100","shrub",NA,NA,"22-233",NA,NA,NA
"1988",2022,"Kougarok","K5",1,"2022-05-21","Michaela Gustafson","Michael Henderson","SSHA",0,0,1,1,"9:28","V",58,NA,"0","shrub",NA,NA,"22-234",NA,NA,NA
"1989",2022,"Kougarok","K5",1,"2022-05-21","Michaela Gustafson","Michael Henderson","SSHA",0,0,1,1,"9:29","V",58,NA,"0","shrub",NA,NA,"22-235",NA,NA,NA
"1990",2022,"Kougarok","K5",1,"2022-05-21","Michaela Gustafson","Michael Henderson","SSHA",0,0,1,1,"9:30","V",58,NA,"0","shrub",NA,NA,"22-236",NA,NA,NA
"1991",2022,"Kougarok","K5",1,"2022-05-21","Michaela Gustafson","Michael Henderson","SSHA",0,0,3,3,"9:30","V",58,NA,"0","shrub",NA,NA,"22-237",NA,NA,NA
"1992",2022,"Kougarok","K5",1,"2022-05-21","Michaela Gustafson","Michael Henderson","SSHA",0,0,1,1,"9:32","V",58,NA,"0","shrub",NA,NA,"22-238",NA,NA,NA
"1993",2022,"Kougarok","K5",1,"2022-05-21","Michaela Gustafson","Michael Henderson","SSHA",0,0,2,2,"9:32","V",58,NA,"0","shrub",NA,NA,"22-239",NA,NA,NA
"1994",2022,"Kougarok","K5",1,"2022-05-21","Michaela Gustafson","Michael Henderson","SSHA",0,0,3,3,"9:32","V",59,NA,"0","shrub",NA,NA,"22-240",NA,NA,NA
"1995",2022,"Kougarok","K5",1,"2022-05-21","Michaela Gustafson","Michael Henderson","SSHA",0,0,3,3,"9:37","V",60,NA,"0","shrub",NA,NA,"22-241",NA,NA,NA
"1996",2022,"Kougarok","K5",1,"2022-05-21","Michaela Gustafson","Michael Henderson","SSHA",0,0,3,3,"9:39","V",60,NA,"0","shrub",NA,NA,"22-242",NA,NA,NA
"1997",2022,"Kougarok","K5",1,"2022-05-21","Michaela Gustafson","Michael Henderson","SSHA",0,0,2,2,"9:41","V",60,NA,"0","shrub",NA,NA,"22-243",NA,NA,NA
"1998",2022,"Kougarok","K5",1,"2022-05-21","Michaela Gustafson","Michael Henderson","WISN",0,0,1,1,"9:41","A",60,"260","<100","shrub",NA,NA,"22-244",NA,NA,NA
"1999",2022,"Kougarok","K5",1,"2022-05-21","Michaela Gustafson","Michael Henderson","SSHA",0,0,2,2,"9:42","V",60,NA,"0","shrub",NA,NA,"22-245",NA,NA,NA
"2000",2022,"Kougarok","K5",1,"2022-05-21","Michaela Gustafson","Michael Henderson","SSHA",0,0,1,1,"9:43","V",60,NA,"0","shrub",NA,NA,"22-246",NA,NA,NA
"2001",2022,"Kougarok","K5",1,"2022-05-21","Michaela Gustafson","Michael Henderson","SSHA",0,0,1,1,"9:47","V",61,NA,"0","shrub",NA,NA,"22-247",NA,NA,NA
"2002",2022,"Kougarok","K5",1,"2022-05-21","Michaela Gustafson","Michael Henderson","SSHA",0,0,1,1,"9:52","V",62,NA,"0","shrub",NA,NA,"22-248",NA,NA,NA
"2003",2022,"Kougarok","K5",1,"2022-05-21","Michaela Gustafson","Michael Henderson","SSHA",0,0,1,1,"9:54","V",62,NA,"0","shrub",NA,NA,"22-249",NA,NA,NA
"2004",2022,"Teller","T2",2,"2022-05-24","Michael Henderson","Michaela Gustafson","WIPT",1,0,0,1,"7:15","V",28,"180","36","tundra",NA,NA,"22-250",NA,NA,NA
"2005",2022,"Teller","T2",2,"2022-05-24","Michael Henderson","Michaela Gustafson","WISN",0,0,1,1,"7:15","A",28,"60",">100","tundra",NA,NA,"22-251",NA,NA,NA
"2006",2022,"Teller","T2",2,"2022-05-24","Michael Henderson","Michaela Gustafson","WISN",0,0,1,1,"7:17","A",28,"220","<100","tundra",NA,NA,"22-252",NA,NA,NA
"2007",2022,"Teller","T2",2,"2022-05-24","Michael Henderson","Michaela Gustafson","WIPT",1,0,0,1,"7:21","V",28,"110","100","tundra",NA,NA,"22-253",NA,NA,NA
"2008",2022,"Teller","T2",2,"2022-05-24","Michael Henderson","Michaela Gustafson","jaeger",0,0,1,1,"7:22","V",28,"250","80","tundra",NA,NA,"22-254",NA,NA,NA
"2009",2022,"Teller","T2",2,"2022-05-24","Michael Henderson","Michaela Gustafson","WIPT",1,0,0,1,"7:24","A",28,"230","280","tundra",NA,NA,"22-255",NA,NA,NA
"2010",2022,"Teller","T2",2,"2022-05-24","Michael Henderson","Michaela Gustafson","WISN",0,0,1,1,"7:24","V",28,"90","50","tundra",NA,NA,"22-256",NA,NA,NA
"2011",2022,"Teller","T2",2,"2022-05-24","Michael Henderson","Michaela Gustafson","WIPT",1,0,0,1,"7:25","A",28,"120","111","tundra",NA,NA,"22-257",NA,NA,NA
"2012",2022,"Teller","T2",2,"2022-05-24","Michael Henderson","Michaela Gustafson","WIPT",1,1,0,2,"7:27","V",28,NA,"0","tundra",NA,NA,"22-258",NA,NA,NA
"2013",2022,"Teller","T2",2,"2022-05-24","Michael Henderson","Michaela Gustafson","WIPT",1,1,0,2,"7:29","V",28,NA,"0","tundra",NA,"fly across road","22-259",NA,NA,NA
"2014",2022,"Teller","T2",2,"2022-05-24","Michael Henderson","Michaela Gustafson","WIPT",1,0,0,1,"7:30","V",28,"150","234","tundra",NA,NA,"22-260",NA,NA,NA
"2015",2022,"Teller","T2",2,"2022-05-24","Michael Henderson","Michaela Gustafson","WISN",0,0,1,1,"7:31","A",28,"170","<100","tundra",NA,NA,"22-261",NA,NA,NA
"2016",2022,"Teller","T2",2,"2022-05-24","Michael Henderson","Michaela Gustafson","WIPT",1,0,0,1,"7:32","V",28,"270","136","tundra",NA,NA,"22-262",NA,NA,NA
"2017",2022,"Teller","T2",2,"2022-05-24","Michael Henderson","Michaela Gustafson","WISN",0,0,1,1,"7:32","V",28,NA,"0","tundra",NA,NA,"22-263",NA,NA,NA
"2018",2022,"Teller","T2",2,"2022-05-24","Michael Henderson","Michaela Gustafson","WISN",0,0,1,1,"7:34","V",28,"110","100","tundra",NA,NA,"22-264",NA,NA,NA
"2019",2022,"Teller","T2",2,"2022-05-24","Michael Henderson","Michaela Gustafson","WISN",0,0,2,2,"7:35","V",28,"180","75","tundra",NA,"flying","22-265",NA,NA,NA
"2020",2022,"Teller","T2",2,"2022-05-24","Michael Henderson","Michaela Gustafson","WIPT",1,0,0,1,"7:35","V",28,"90","350","tundra",NA,NA,"22-266",NA,NA,NA
"2021",2022,"Teller","T2",2,"2022-05-24","Michael Henderson","Michaela Gustafson","WIPT",2,0,0,2,"7:38","V",28,"70","36","tundra",NA,NA,"22-267",NA,NA,NA
"2022",2022,"Teller","T2",2,"2022-05-24","Michael Henderson","Michaela Gustafson","WISN",0,0,1,1,"7:38","A",28,"210","40","tundra",NA,NA,"22-268",NA,NA,NA
"2023",2022,"Teller","T2",2,"2022-05-24","Michael Henderson","Michaela Gustafson","WIPT",1,0,0,1,"7:41","V",27,"80","183","tundra",NA,NA,"22-269",NA,NA,NA
"2024",2022,"Teller","T2",2,"2022-05-24","Michael Henderson","Michaela Gustafson","WIPT",1,0,0,1,"7:43","V",27,NA,"0","tundra",NA,NA,"22-270",NA,NA,NA
"2025",2022,"Teller","T2",2,"2022-05-24","Michael Henderson","Michaela Gustafson","WIPT",1,0,0,1,"7:44","A",27,"220","80","tundra",NA,NA,"22-271",NA,NA,NA
"2026",2022,"Teller","T2",2,"2022-05-24","Michael Henderson","Michaela Gustafson","LTJA",0,0,1,1,"7:46","V",27,"90","209","tundra",NA,NA,"22-272",NA,NA,NA
"2027",2022,"Teller","T2",2,"2022-05-24","Michael Henderson","Michaela Gustafson","WIPT",1,0,0,1,"7:47","V",27,NA,"0","tundra",NA,NA,"22-273",NA,NA,NA
"2028",2022,"Teller","T2",2,"2022-05-24","Michael Henderson","Michaela Gustafson","WISN",0,0,1,1,"7:47","A",27,"200",">100","tundra",NA,NA,"22-274",NA,NA,NA
"2029",2022,"Teller","T2",2,"2022-05-24","Michael Henderson","Michaela Gustafson","WIPT",1,0,0,1,"7:48","V",27,"180","307","tundra",NA,NA,"22-275",NA,NA,NA
"2030",2022,"Teller","T2",2,"2022-05-24","Michael Henderson","Michaela Gustafson","WISN",0,0,1,1,"7:48","A",27,"100","180","tundra",NA,NA,"22-276",NA,NA,NA
"2031",2022,"Teller","T2",2,"2022-05-24","Michael Henderson","Michaela Gustafson","WIPT",2,0,0,2,"7:50","V",27,"200","296","tundra",NA,NA,"22-277",NA,NA,NA
"2032",2022,"Teller","T2",2,"2022-05-24","Michael Henderson","Michaela Gustafson","WIPT",1,0,0,1,"7:54","V",26,"160","385","tundra",NA,NA,"22-278",NA,NA,NA
"2033",2022,"Teller","T2",2,"2022-05-24","Michael Henderson","Michaela Gustafson","WISN",0,0,1,1,"7:54","A",26,"120","80","tundra",NA,NA,"22-279",NA,NA,NA
"2034",2022,"Teller","T2",2,"2022-05-24","Michael Henderson","Michaela Gustafson","WISN",0,0,1,1,"7:58","A",26,NA,"0","tundra",NA,NA,"22-280",NA,NA,NA
"2035",2022,"Teller","T2",2,"2022-05-24","Michael Henderson","Michaela Gustafson","WIPT",1,0,0,1,"7:58","V",26,"170","105","shrub",NA,NA,"22-281",NA,NA,NA
"2036",2022,"Teller","T2",2,"2022-05-24","Michael Henderson","Michaela Gustafson","WIPT",1,0,0,1,"8:03","V",25,NA,"0","tundra",NA,NA,"22-282",NA,NA,NA
"2037",2022,"Teller","T2",2,"2022-05-24","Michael Henderson","Michaela Gustafson","LTJA",0,0,1,1,"8:03","V",24,"170","108","tundra",NA,NA,"22-283",NA,NA,NA
"2038",2022,"Teller","T2",2,"2022-05-24","Michael Henderson","Michaela Gustafson","WIPT",1,0,0,1,"8:04","A",24,"70","77","tundra",NA,NA,"22-284",NA,NA,NA
"2039",2022,"Teller","T2",2,"2022-05-24","Michael Henderson","Michaela Gustafson","WIPT",1,0,0,1,"8:09","V",24,NA,"0","tundra",NA,NA,"22-285",NA,NA,NA
"2040",2022,"Teller","T2",2,"2022-05-24","Michael Henderson","Michaela Gustafson","WIPT",1,0,0,1,"8:10","V",24,"30","180","tundra",NA,NA,"22-286",NA,NA,NA
"2041",2022,"Teller","T2",2,"2022-05-24","Michael Henderson","Michaela Gustafson","WISN",0,0,1,1,"8:10","A",24,"40","40","tundra",NA,NA,"22-287",NA,NA,NA
"2042",2022,"Teller","T2",2,"2022-05-24","Michael Henderson","Michaela Gustafson","WIPT",1,0,0,1,"8:12","V",23,"160","31","tundra",NA,NA,"22-288",NA,NA,NA
"2043",2022,"Teller","T2",2,"2022-05-24","Michael Henderson","Michaela Gustafson","WIPT",1,0,0,1,"8:17","V",23,"180","103","tundra",NA,NA,"22-289",NA,NA,NA
"2044",2022,"Teller","T2",2,"2022-05-24","Michael Henderson","Michaela Gustafson","LTJA",0,0,2,2,"8:21","V",22,"190","24","tundra",NA,NA,"22-290",NA,NA,NA
"2045",2022,"Teller","T2",2,"2022-05-24","Michael Henderson","Michaela Gustafson","WISN",0,0,1,1,"8:22","A",22,"30","128","tundra",NA,NA,"22-291",NA,NA,NA
"2046",2022,"Teller","T2",2,"2022-05-24","Michael Henderson","Michaela Gustafson","GOPL",0,0,1,1,"8:23","V",22,"40","74","tundra",NA,NA,"22-292",NA,NA,NA
"2047",2022,"Teller","T2",2,"2022-05-24","Michael Henderson","Michaela Gustafson","WIPT",1,1,0,2,"8:24","V",22,"180","41","tundra",NA,NA,"22-293",NA,NA,NA
"2048",2022,"Teller","T2",2,"2022-05-24","Michael Henderson","Michaela Gustafson","GOPL",1,0,0,1,"8:27","V",21,"30","119","tundra",NA,NA,"22-294",NA,NA,NA
"2049",2022,"Teller","T2",2,"2022-05-24","Michael Henderson","Michaela Gustafson","WISN",0,0,1,1,"8:30","A",21,"180","50","shrub",NA,NA,"22-295",NA,NA,NA
"2050",2022,"Teller","T2",2,"2022-05-24","Michael Henderson","Michaela Gustafson","WISN",0,0,1,1,"8:32","A",21,"140","50","shrub",NA,NA,"22-296",NA,NA,NA
"2051",2022,"Teller","T2",2,"2022-05-24","Michael Henderson","Michaela Gustafson","WIPT",2,0,0,2,"8:35","V",20,NA,"0","shrub",NA,NA,"22-297",NA,NA,NA
"2052",2022,"Teller","T2",2,"2022-05-24","Michael Henderson","Michaela Gustafson","ROPT",2,0,0,2,"8:38","V",19,"90","50","shrub",NA,NA,"22-298",NA,NA,NA
"2053",2022,"Teller","T2",2,"2022-05-24","Michael Henderson","Michaela Gustafson","WISN",0,0,1,1,"8:38","A",19,"210",">100","shrub",NA,NA,"22-299",NA,NA,NA
"2054",2022,"Teller","T2",2,"2022-05-24","Michael Henderson","Michaela Gustafson","WISN",0,0,1,1,"8:42","A",19,"70","100","shrub",NA,NA,"22-300",NA,NA,NA
"2055",2022,"Teller","T2",2,"2022-05-24","Michael Henderson","Michaela Gustafson","LTJA",0,0,2,2,"8:44","V",19,"70","85","tundra",NA,NA,"22-301",NA,NA,NA
"2056",2022,"Teller","T1",2,"2022-05-24","Michael Henderson","Michaela Gustafson","WIPT",1,0,0,1,"8:55","A",18,"170","535","tundra",NA,NA,"22-302",NA,NA,NA
"2057",2022,"Teller","T1",2,"2022-05-24","Michael Henderson","Michaela Gustafson","jaeger",0,0,1,1,"8:55","V",18,"170","234","tundra",NA,NA,"22-303",NA,NA,NA
"2058",2022,"Teller","T1",2,"2022-05-24","Michael Henderson","Michaela Gustafson","jaeger",0,0,1,1,"8:58","V",18,"70","103","tundra",NA,NA,"22-304",NA,NA,NA
"2059",2022,"Teller","T1",2,"2022-05-24","Michael Henderson","Michaela Gustafson","WISN",0,0,1,1,"8:59","V",18,"200","143","tundra",NA,NA,"22-305",NA,NA,NA
"2060",2022,"Teller","T1",2,"2022-05-24","Michael Henderson","Michaela Gustafson","WIPT",1,0,0,1,"9:03","V",18,"70","117","shrub",NA,NA,"22-306",NA,NA,NA
"2061",2022,"Teller","T1",2,"2022-05-24","Michael Henderson","Michaela Gustafson","WISN",0,0,1,1,"9:04","A",18,"40","108","shrub",NA,NA,"22-307",NA,NA,NA
"2062",2022,"Teller","T1",2,"2022-05-24","Michael Henderson","Michaela Gustafson","WIPT",1,0,0,1,"9:07","V",17,"40","15","shrub",NA,NA,"22-308",NA,NA,NA
"2063",2022,"Teller","T1",2,"2022-05-24","Michael Henderson","Michaela Gustafson","WIPT",1,0,0,1,"9:10","V",17,NA,"0","tundra",NA,NA,"22-309",NA,NA,NA
"2064",2022,"Teller","T1",2,"2022-05-24","Michael Henderson","Michaela Gustafson","WIPT",1,0,0,1,"9:11","V",16,"30","10","shrub",NA,NA,"22-310",NA,NA,NA
"2065",2022,"Teller","T1",2,"2022-05-24","Michael Henderson","Michaela Gustafson","WIPT",1,0,0,1,"9:18","V",15,NA,"0","shrub",NA,NA,"22-311",NA,NA,NA
"2066",2022,"Teller","T1",2,"2022-05-24","Michael Henderson","Michaela Gustafson","WISN",0,0,1,1,"9:22","A",14,"0","50","shrub",NA,NA,"22-312",NA,NA,NA
"2067",2022,"Council","C2",2,"2022-05-25","Michael Henderson","Michaela Gustafson","jaeger",0,0,2,2,"7:48","V",54,"130","100","tundra",NA,NA,"22-313",NA,NA,NA
"2068",2022,"Council","C2",2,"2022-05-25","Michael Henderson","Michaela Gustafson","WIPT",1,0,0,1,"8:05","A",50,"260","250","shrub",NA,"skipped 314=not a data point","22-315",NA,NA,NA
"2069",2022,"Council","C2",2,"2022-05-25","Michael Henderson","Michaela Gustafson","ROPT",1,0,0,1,"8:13","V",49,"290","13","shrub",NA,NA,"22-316",NA,NA,NA
"2070",2022,"Council","C2",2,"2022-05-25","Michael Henderson","Michaela Gustafson","SEOW",0,0,2,2,"8:21","V",48,"280","15","tundra",NA,"likely pair w/ nest; no point taken","NO POINT TAKEN",NA,NA,NA
"2071",2022,"Council","C2",2,"2022-05-25","Michael Henderson","Michaela Gustafson","WISN",0,0,1,1,"8:26","A",47,"80","50","shrub",NA,NA,"22-318",NA,NA,NA
"2072",2022,"Council","C2",2,"2022-05-25","Michael Henderson","Michaela Gustafson","WISN",0,0,1,1,"8:38","V",45,NA,"0","shrub",NA,NA,"22-319",NA,NA,NA
"2073",2022,"Council","C2",2,"2022-05-25","Michael Henderson","Michaela Gustafson","NOHA",0,0,1,1,"8:40","V",45,"50","150","shrub",NA,"bad lighting for sex","22-320",NA,NA,NA
"2074",2022,"Council","C1",2,"2022-05-25","Michael Henderson","Michaela Gustafson","WISN",0,0,1,1,"8:54","A",42,"260","50","tundra",NA,NA,"22-321",NA,NA,NA
"2075",2022,"Council","C1",2,"2022-05-25","Michael Henderson","Michaela Gustafson","WISN",0,0,1,1,"9:09","A",40,"250","50","shrub",NA,NA,"22-322",NA,NA,NA
"2076",2022,"Council","C1",2,"2022-05-25","Michael Henderson","Michaela Gustafson","SEOW",0,0,1,1,"9:10","V",40,"260","216","shrub",NA,NA,"22-323",NA,NA,NA
"2077",2022,"Council","C2",2,"2022-05-25","Michael Henderson","Michaela Gustafson","LTJA",0,0,1,1,"9:26","V",37,"220","75","tundra",NA,NA,"22-324",NA,NA,NA
"2078",2022,"Council","C1",2,"2022-05-25","Michael Henderson","Michaela Gustafson","WIPT",1,0,0,1,"9:35","V",34,"100","90","tundra",NA,NA,"22-325",NA,NA,NA
"2079",2022,"Kougarok","K6",1,"2022-05-27","Michaela Gustafson","Michael Henderson","SSHA",0,0,1,1,"7:45","V",67,NA,"0","shrub",NA,NA,"22-326",NA,NA,NA
"2080",2022,"Kougarok","K6",1,"2022-05-27","Michaela Gustafson","Michael Henderson","WISN",0,0,1,1,"7:49","V",68,NA,"0","tundra",NA,NA,"22-327",NA,NA,NA
"2081",2022,"Kougarok","K6",1,"2022-05-27","Michaela Gustafson","Michael Henderson","WISN",0,0,1,1,"7:57","A",70,"300","100","shrub",NA,NA,"22-328",NA,NA,NA
"2082",2022,"Kougarok","K6",1,"2022-05-27","Michaela Gustafson","Michael Henderson","WIPT",1,1,0,2,"8:09","V",72,NA,"0","shrub",NA,NA,"22-329",NA,NA,NA
"2083",2022,"Kougarok","K6",1,"2022-05-27","Michaela Gustafson","Michael Henderson","WIPT",1,1,0,2,"8:11","V",72,NA,"0","tundra",NA,NA,"22-330",NA,NA,NA
"2084",2022,"Kougarok","K7",1,"2022-05-27","Michaela Gustafson","Michael Henderson","WIPT",1,1,0,2,"8:30","V",76,NA,"0","shrub",NA,NA,"22-331",NA,NA,NA
"2085",2022,"Kougarok","K7",1,"2022-05-27","Michaela Gustafson","Michael Henderson","WIPT",1,0,0,1,"8:35","V",77,"100","5","tundra",NA,NA,"22-332",NA,NA,NA
"2086",2022,"Kougarok","K7",1,"2022-05-27","Michaela Gustafson","Michael Henderson","WISN",0,0,1,1,"8:37","V",77,"320","5","tundra",NA,NA,"22-333",NA,NA,NA
"2087",2022,"Kougarok","K7",1,"2022-05-27","Michaela Gustafson","Michael Henderson","WIPT",1,0,0,1,"8:55","V",81,"300","10","tundra",NA,NA,"22-334",NA,NA,NA
"2088",2022,"Kougarok","K7",1,"2022-05-27","Michaela Gustafson","Michael Henderson","WHIM",0,0,2,2,"8:58","V",81,NA,"0","tundra",NA,NA,"22-335",NA,NA,NA
"2089",2022,"Kougarok","K7",2,"2022-05-28","Michael Henderson","Michaela Gustafson","WIPT",1,1,0,2,"5:25","V",82,"270","5","tundra",NA,NA,"22-336",NA,NA,NA
"2090",2022,"Kougarok","K7",2,"2022-05-28","Michael Henderson","Michaela Gustafson","WIPT",1,1,0,2,"5:35","V",80,"270","5","tundra",NA,NA,"22-337",NA,NA,NA
"2091",2022,"Kougarok","K7",2,"2022-05-28","Michael Henderson","Michaela Gustafson","WIPT",1,1,0,2,"5:49","V",78,"290","5","tundra",NA,NA,"22-338",NA,NA,NA
"2092",2022,"Kougarok","K7",2,"2022-05-28","Michael Henderson","Michaela Gustafson","SEOW",0,0,1,1,"5:41","V",78,"290","5","tundra",NA,NA,"22-339",NA,NA,NA
"2093",2022,"Kougarok","K7",2,"2022-05-28","Michael Henderson","Michaela Gustafson","WIPT",1,1,0,2,"5:54","V",77,"100","5","tundra",NA,NA,"22-340",NA,NA,NA
"2094",2022,"Kougarok","K7",2,"2022-05-28","Michael Henderson","Michaela Gustafson","WIPT",1,0,0,1,"5:55","V",77,NA,"0","tundra",NA,NA,"22-341",NA,NA,NA
"2095",2022,"Kougarok","K7",2,"2022-05-28","Michael Henderson","Michaela Gustafson","WIPT",1,1,0,2,"5:57","V",77,NA,"0","tundra",NA,NA,"22-342",NA,NA,NA
"2096",2022,"Kougarok","K7",2,"2022-05-28","Michael Henderson","Michaela Gustafson","WIPT",1,1,0,2,"6:00","V",76,NA,"0","tundra",NA,NA,"22-343",NA,NA,NA
"2097",2022,"Kougarok","K7",2,"2022-05-28","Michael Henderson","Michaela Gustafson","WIPT",1,1,0,2,"6:09","V",74,NA,"0","tundra",NA,NA,"22-344",NA,NA,NA
"2098",2022,"Kougarok","K6",2,"2022-05-28","Michael Henderson","Michaela Gustafson","WIPT",1,1,0,2,"6:23","V",72,NA,"0","tundra",NA,NA,"22-345",NA,NA,NA
"2099",2022,"Kougarok","K6",2,"2022-05-28","Michael Henderson","Michaela Gustafson","SSHA",0,0,1,1,"6:42","V",67,"230","30","shrub",NA,NA,"22-346",NA,NA,NA
"2100",2022,"Kougarok","K5",2,"2022-05-28","Michael Henderson","Michaela Gustafson","SSHA",0,0,1,1,"7:09","V",63,NA,"0","shrub",NA,NA,"22-347",NA,NA,NA
"2101",2022,"Kougarok","K5",2,"2022-05-28","Michael Henderson","Michaela Gustafson","SSHA",0,0,1,1,"7:10","V",63,NA,"0","shrub",NA,NA,"22-348",NA,NA,NA
"2102",2022,"Kougarok","K5",2,"2022-05-28","Michael Henderson","Michaela Gustafson","SSHA",0,0,1,1,"7:11","V",63,NA,"0","shrub",NA,NA,"22-349",NA,NA,NA
"2103",2022,"Kougarok","K5",2,"2022-05-28","Michael Henderson","Michaela Gustafson","SSHA",0,0,1,1,"7:13","V",62,NA,"0","shrub",NA,NA,"22-350",NA,NA,NA
"2104",2022,"Kougarok","K5",2,"2022-05-28","Michael Henderson","Michaela Gustafson","SSHA",0,0,1,1,"7:19","V",61,NA,"0","shrub",NA,NA,"22-351",NA,NA,NA
"2105",2022,"Kougarok","K5",2,"2022-05-28","Michael Henderson","Michaela Gustafson","SSHA",0,0,1,1,"7:20","V",61,NA,"0","shrub",NA,NA,"22-352",NA,NA,NA
"2106",2022,"Kougarok","K5",2,"2022-05-28","Michael Henderson","Michaela Gustafson","SSHA",0,0,1,1,"7:23","V",60,NA,"0","shrub",NA,NA,"22-353",NA,NA,NA
"2107",2022,"Kougarok","K5",2,"2022-05-28","Michael Henderson","Michaela Gustafson","SSHA",0,0,2,2,"7:24","V",60,NA,"0","shrub",NA,NA,"22-353",NA,NA,NA
"2108",2022,"Kougarok","K5",2,"2022-05-28","Michael Henderson","Michaela Gustafson","WISN",0,0,1,1,"7:24","A",60,"270","50","shrub",NA,NA,"22-354",NA,NA,NA
"2109",2022,"Kougarok","K5",2,"2022-05-28","Michael Henderson","Michaela Gustafson","SSHA",0,0,1,1,"7:25","V",60,"290","10","shrub",NA,NA,"22-355",NA,NA,NA
"2110",2022,"Kougarok","K5",2,"2022-05-28","Michael Henderson","Michaela Gustafson","SSHA",0,0,1,1,"7:27","V",60,"70","10","shrub",NA,NA,"22-356",NA,NA,NA
"2111",2022,"Kougarok","K5",2,"2022-05-28","Michael Henderson","Michaela Gustafson","SSHA",0,0,1,1,"7:28","V",60,NA,"0","shrub",NA,NA,"22-357",NA,NA,NA
"2112",2022,"Kougarok","K5",2,"2022-05-28","Michael Henderson","Michaela Gustafson","SSHA",0,0,1,1,"7:28","V",60,NA,"0","shrub",NA,NA,"22-358",NA,NA,NA
"2113",2022,"Kougarok","K5",2,"2022-05-28","Michael Henderson","Michaela Gustafson","SSHA",0,0,1,1,"7:29","V",60,"80","3","shrub",NA,NA,"22-359",NA,NA,NA
"2114",2022,"Kougarok","K5",2,"2022-05-28","Michael Henderson","Michaela Gustafson","SSHA",0,0,1,1,"7:30","V",60,NA,"0","shrub",NA,NA,"22-360",NA,NA,NA
"2115",2022,"Kougarok","K5",2,"2022-05-28","Michael Henderson","Michaela Gustafson","SSHA",0,0,1,1,"7:31","V",60,NA,"0","shrub",NA,NA,"22-361",NA,NA,NA
"2116",2022,"Kougarok","K5",2,"2022-05-28","Michael Henderson","Michaela Gustafson","SSHA",0,0,1,1,"7:31","V",60,"250","30","shrub",NA,NA,"22-362",NA,NA,NA
"2117",2022,"Kougarok","K5",2,"2022-05-28","Michael Henderson","Michaela Gustafson","SSHA",0,0,1,1,"7:33","V",59,NA,"0","shrub",NA,NA,"22-363",NA,NA,NA
"2118",2022,"Kougarok","K5",2,"2022-05-28","Michael Henderson","Michaela Gustafson","SSHA",0,0,3,3,"7:34","V",59,NA,"0","shrub",NA,NA,"22-364",NA,NA,NA
"2119",2022,"Kougarok","K5",2,"2022-05-28","Michael Henderson","Michaela Gustafson","SSHA",0,0,1,1,"7:35","V",59,NA,"0","shrub",NA,NA,"22-365",NA,NA,NA
"2120",2022,"Kougarok","K5",2,"2022-05-28","Michael Henderson","Michaela Gustafson","SSHA",0,0,1,1,"7:36","V",59,NA,"0","shrub",NA,NA,"22-366",NA,NA,NA
"2121",2022,"Kougarok","K5",2,"2022-05-28","Michael Henderson","Michaela Gustafson","SSHA",0,0,1,1,"7:37","V",59,NA,"0","shrub",NA,NA,"22-367",NA,NA,NA
"2122",2022,"Kougarok","K5",2,"2022-05-28","Michael Henderson","Michaela Gustafson","SSHA",0,0,1,1,"7:38","V",59,NA,"0","shrub",NA,NA,"22-368",NA,NA,NA
"2123",2022,"Kougarok","K5",2,"2022-05-28","Michael Henderson","Michaela Gustafson","SSHA",0,0,1,1,"7:44","V",59,NA,"0","shrub",NA,NA,"22-369",NA,NA,NA
"2124",2022,"Kougarok","K4",2,"2022-05-28","Michael Henderson","Michaela Gustafson","WIPT",1,0,0,1,"7:59","V",53,"300","19","shrub",NA,NA,"22-370",NA,NA,NA
"2125",2022,"Kougarok","K4",2,"2022-05-28","Michael Henderson","Michaela Gustafson","SSHA",0,0,1,1,"8:04","V",53,NA,"0","shrub",NA,"ALASKA HARE","22-371",NA,NA,NA
"2126",2022,"Kougarok","K4",2,"2022-05-28","Michael Henderson","Michaela Gustafson","WISN",0,0,1,1,"8:05","V",53,NA,"0","shrub",NA,NA,"22-372",NA,NA,NA
"2127",2022,"Kougarok","K4",2,"2022-05-28","Michael Henderson","Michaela Gustafson","WISN",0,0,1,1,"8:06","V",53,NA,"0","shrub",NA,NA,"22-373",NA,NA,NA
"2128",2022,"Kougarok","K4",2,"2022-05-28","Michael Henderson","Michaela Gustafson","GOPL",0,0,1,1,"8:22","V",50,"120","30","tundra",NA,NA,"22-374",NA,NA,NA
"2129",2022,"Kougarok","K4",2,"2022-05-28","Michael Henderson","Michaela Gustafson","AGSQ",0,0,1,1,"8:27","V",50,NA,"0","tundra",NA,NA,"22-375",NA,NA,NA
"2130",2022,"Kougarok","K4",2,"2022-05-28","Michael Henderson","Michaela Gustafson","WIPT",2,0,0,2,"8:34","A",49,"110","30","shrub",NA,NA,"22-376",NA,NA,NA
"2131",2022,"Kougarok","K4",2,"2022-05-28","Michael Henderson","Michaela Gustafson","WIPT",1,1,0,2,"8:36","V",48,NA,"0","shrub",NA,NA,"22-377",NA,NA,NA
"2132",2022,"Kougarok","K4",2,"2022-05-28","Michael Henderson","Michaela Gustafson","SSHA",0,0,1,1,"8:44","V",47,NA,"0","shrub",NA,NA,"22-378",NA,NA,NA
"2133",2022,"Kougarok","K4",2,"2022-05-28","Michael Henderson","Michaela Gustafson","SSHA",0,0,1,1,"8:45","V",47,NA,"0","shrub",NA,NA,"22-379",NA,NA,NA
"2134",2022,"Kougarok","K4",2,"2022-05-28","Michael Henderson","Michaela Gustafson","SSHA",0,0,1,1,"8:48","V",46,NA,"0","shrub",NA,NA,"22-380",NA,NA,NA
"2135",2022,"Kougarok","K4",2,"2022-05-28","Michael Henderson","Michaela Gustafson","SSHA",0,0,1,1,"8:49","V",46,NA,"0","shrub",NA,NA,"22-381",NA,NA,NA
"2136",2022,"Kougarok","K4",2,"2022-05-28","Michael Henderson","Michaela Gustafson","SSHA",0,0,1,1,"8:50","V",46,NA,"0","shrub",NA,NA,"22-382",NA,NA,NA
"2137",2022,"Kougarok","K4",2,"2022-05-28","Michael Henderson","Michaela Gustafson","SSHA",0,0,1,1,"8:52","V",46,NA,"0","shrub",NA,NA,"22-383",NA,NA,NA
"2138",2022,"Kougarok","K4",2,"2022-05-28","Michael Henderson","Michaela Gustafson","SSHA",0,0,1,1,"8:53","V",45,NA,"0","shrub",NA,NA,"22-384",NA,NA,NA
"2139",2022,"Kougarok","K4",2,"2022-05-28","Michael Henderson","Michaela Gustafson","WIPT",1,0,0,1,"8:56","V",45,"270","197","shrub",NA,NA,"22-385",NA,NA,NA
"2140",2022,"Kougarok","K4",2,"2022-05-28","Michael Henderson","Michaela Gustafson","WIPT",1,1,0,2,"8:59","V",44,NA,"0","shrub",NA,NA,"22-386",NA,NA,NA
"2141",2022,"Kougarok","K4",2,"2022-05-28","Michael Henderson","Michaela Gustafson","WIPT",1,0,0,1,"9:03","V",43,"100","200","shrub",NA,NA,"22-387",NA,NA,NA
"2142",2022,"Kougarok","K4",2,"2022-05-28","Michael Henderson","Michaela Gustafson","WIPT",2,0,0,2,"9:06","V",43,"300","15","shrub",NA,NA,"22-388",NA,NA,NA
"2143",2022,"Kougarok","K3",2,"2022-05-28","Michael Henderson","Michaela Gustafson","WISN",0,0,1,1,"9:15","A",42,"260","50","shrub",NA,NA,"22-389",NA,NA,NA
"2144",2022,"Kougarok","K3",2,"2022-05-28","Michael Henderson","Michaela Gustafson","WISN",0,0,1,1,"9:19","A",42,"160","30","tundra",NA,NA,"22-390",NA,NA,NA
"2145",2022,"Kougarok","K3",2,"2022-05-28","Michael Henderson","Michaela Gustafson","WIPT",1,0,0,1,"9:19","V",42,"140","28","tundra",NA,NA,"22-391",NA,NA,NA
"2146",2022,"Kougarok","K3",2,"2022-05-28","Michael Henderson","Michaela Gustafson","WIPT",1,0,0,1,"9:21","V",42,"310","128","shrub",NA,NA,"22-392",NA,NA,NA
"2147",2022,"Kougarok","K3",2,"2022-05-28","Michael Henderson","Michaela Gustafson","WIPT",1,0,0,1,"9:25","V",41,"310","38","shrub",NA,NA,"22-393",NA,NA,NA
"2148",2022,"Kougarok","K3",2,"2022-05-28","Michael Henderson","Michaela Gustafson","WIPT",1,0,0,1,"9:28","V",41,"120","142","shrub",NA,NA,"22-394",NA,NA,NA
"2149",2022,"Kougarok","K3",2,"2022-05-28","Michael Henderson","Michaela Gustafson","WISN",0,0,1,1,"9:29","A",41,"280","96","tundra",NA,NA,"22-395",NA,NA,NA
"2150",2022,"Kougarok","K3",2,"2022-05-28","Michael Henderson","Michaela Gustafson","WISN",0,0,1,1,"9:34","A",40,"280","150","shrub",NA,NA,"22-396",NA,NA,NA
"2151",2022,"Kougarok","K3",2,"2022-05-28","Michael Henderson","Michaela Gustafson","GOPL",0,0,1,1,"9:39","A",39,"280","50","tundra",NA,NA,"22-397",NA,NA,NA
"2152",2022,"Kougarok","K3",2,"2022-05-28","Michael Henderson","Michaela Gustafson","WISN",0,0,1,1,"9:39","A",39,"160","50","shrub",NA,NA,"22-398",NA,NA,NA
"2153",2022,"Kougarok","K3",2,"2022-05-28","Michael Henderson","Michaela Gustafson","jaeger",0,0,1,1,"9:40","V",39,"230","40","tundra",NA,NA,"22-399",NA,NA,NA
"2154",2022,"Kougarok","K3",2,"2022-05-28","Michael Henderson","Michaela Gustafson","WIPT",1,0,0,1,"9:42","V",39,"110","26","tundra",NA,NA,"22-400",NA,NA,NA
"2155",2022,"Kougarok","K3",2,"2022-05-28","Michael Henderson","Michaela Gustafson","WIPT",1,0,0,1,"9:44","V",39,NA,"0","shrub",NA,NA,"22-401",NA,NA,NA
"2156",2022,"Kougarok","K3",2,"2022-05-28","Michael Henderson","Michaela Gustafson","WIPT",1,0,0,1,"9:46","V",39,"150","62","shrub",NA,NA,"22-402",NA,NA,NA
"2157",2022,"Kougarok","K3",2,"2022-05-28","Michael Henderson","Michaela Gustafson","WISN",0,0,1,1,"9:47","A",39,"120","100","shrub",NA,NA,"22-403",NA,NA,NA
"2158",2022,"Kougarok","K3",2,"2022-05-28","Michael Henderson","Michaela Gustafson","WISN",0,0,2,2,"9:51","V",38,NA,"0","shrub",NA,NA,"22-404",NA,NA,NA
"2159",2022,"Kougarok","K3",2,"2022-05-28","Michael Henderson","Michaela Gustafson","WIPT",0,1,0,1,"9:57","V",37,NA,"0","shrub",NA,NA,"22-405",NA,NA,NA
"2160",2022,"Kougarok","K3",2,"2022-05-28","Michael Henderson","Michaela Gustafson","WISN",0,0,1,1,"9:58","V",37,NA,"0","shrub",NA,NA,"22-406",NA,NA,NA
"2161",2022,"Kougarok","K3",2,"2022-05-28","Michael Henderson","Michaela Gustafson","WIPT",1,0,0,1,"9:59","V",37,"300","180","shrub",NA,NA,"22-407",NA,NA,NA
"2162",2022,"Kougarok","K3",2,"2022-05-28","Michael Henderson","Michaela Gustafson","WIPT",1,0,0,1,"10:03","V",37,"140","12","shrub",NA,NA,"22-408",NA,NA,NA
"2163",2022,"Kougarok","K3",2,"2022-05-28","Michael Henderson","Michaela Gustafson","WIPT",1,0,0,1,"10:05","V",36,"300","13","shrub",NA,NA,"22-409",NA,NA,NA
"2164",2022,"Kougarok","K3",2,"2022-05-28","Michael Henderson","Michaela Gustafson","WIPT",2,0,0,2,"10:07","V",35,"300","30","shrub",NA,NA,"22-410",NA,NA,NA
"2165",2022,"Kougarok","K3",2,"2022-05-28","Michael Henderson","Michaela Gustafson","ROPT",1,0,0,1,"10:12","V",34,"130","5","tundra",NA,NA,"22-411",NA,NA,NA
"2166",2022,"Kougarok","K2",2,"2022-05-29","Michael Henderson","Michaela Gustafson","WIPT",1,0,0,1,"6:42","V",33,"20","20","tundra",NA,NA,"22-412",NA,NA,NA
"2167",2022,"Kougarok","K2",2,"2022-05-29","Michael Henderson","Michaela Gustafson","WIPT",1,0,0,1,"6:44","V",33,NA,"0","shrub",NA,NA,"22-413",NA,NA,NA
"2168",2022,"Kougarok","K2",2,"2022-05-29","Michael Henderson","Michaela Gustafson","WIPT",1,0,0,1,"6:47","V",33,"150","61","tundra",NA,NA,"22-414",NA,NA,NA
"2169",2022,"Kougarok","K2",2,"2022-05-29","Michael Henderson","Michaela Gustafson","WISN",0,0,1,1,"6:51","A",32,"290","40","shrub",NA,NA,"22-415",NA,NA,NA
"2170",2022,"Kougarok","K2",2,"2022-05-29","Michael Henderson","Michaela Gustafson","WISN",0,0,1,1,"6:55","A",32,"160","180","tundra",NA,NA,"22-416",NA,NA,NA
"2171",2022,"Kougarok","K2",2,"2022-05-29","Michael Henderson","Michaela Gustafson","GOPL",0,0,1,1,"6:55","A",32,"280","100","shrub",NA,NA,"22-417",NA,NA,NA
"2172",2022,"Kougarok","K2",2,"2022-05-29","Michael Henderson","Michaela Gustafson","LTJA",0,0,1,1,"6:57","V",32,"180","180","tundra",NA,NA,"22-418",NA,NA,NA
"2173",2022,"Kougarok","K2",2,"2022-05-29","Michael Henderson","Michaela Gustafson","WISN",0,0,2,2,"6:58","V",32,NA,"0","shrub",NA,NA,"22-419",NA,NA,NA
"2174",2022,"Kougarok","K2",2,"2022-05-29","Michael Henderson","Michaela Gustafson","WIPT",1,0,0,1,"6:59","V",32,"30","52","shrub",NA,NA,"22-420",NA,NA,NA
"2175",2022,"Kougarok","K2",2,"2022-05-29","Michael Henderson","Michaela Gustafson","WISN",0,0,1,1,"7:02","A",32,"140","54","shrub",NA,NA,"22-421",NA,NA,NA
"2176",2022,"Kougarok","K2",2,"2022-05-29","Michael Henderson","Michaela Gustafson","WIPT",1,0,0,1,"7:03","V",31,"170","80","shrub",NA,NA,"22-422",NA,NA,NA
"2177",2022,"Kougarok","K2",2,"2022-05-29","Michael Henderson","Michaela Gustafson","WIPT",1,0,0,1,"7:04","V",31,"320","17","shrub",NA,NA,"22-423",NA,NA,NA
"2178",2022,"Kougarok","K2",2,"2022-05-29","Michael Henderson","Michaela Gustafson","WIPT",1,0,0,1,"7:06","V",31,"100","50","shrub",NA,NA,"22-424",NA,NA,NA
"2179",2022,"Kougarok","K2",2,"2022-05-29","Michael Henderson","Michaela Gustafson","WIPT",1,0,0,1,"7:08","V",30,"260","114","shrub",NA,NA,"22-425",NA,NA,NA
"2180",2022,"Kougarok","K2",2,"2022-05-29","Michael Henderson","Michaela Gustafson","WIPT",1,0,0,1,"7:09","A",30,"100","100","tundra",NA,NA,"22-426",NA,NA,NA
"2181",2022,"Kougarok","K2",2,"2022-05-29","Michael Henderson","Michaela Gustafson","WIPT",1,0,0,1,"7:10","V",30,"100","150","tundra",NA,NA,"22-427",NA,NA,NA
"2182",2022,"Kougarok","K2",2,"2022-05-29","Michael Henderson","Michaela Gustafson","WISN",0,0,1,1,"7:15","A",29,"120","100","shrub",NA,NA,"22-428",NA,NA,NA
"2183",2022,"Kougarok","K2",2,"2022-05-29","Michael Henderson","Michaela Gustafson","WIPT",1,0,0,1,"7:17","V",29,"100","14","shrub",NA,NA,"22-429",NA,NA,NA
"2184",2022,"Kougarok","K2",2,"2022-05-29","Michael Henderson","Michaela Gustafson","WISN",0,0,1,1,"7:18","A",29,"260","100","shrub",NA,NA,"22-430",NA,NA,NA
"2185",2022,"Kougarok","K2",2,"2022-05-29","Michael Henderson","Michaela Gustafson","WISN",0,0,1,1,"7:18","A",29,"120","100","shrub",NA,NA,"22-431",NA,NA,NA
"2186",2022,"Kougarok","K2",2,"2022-05-29","Michael Henderson","Michaela Gustafson","WISN",0,0,1,1,"7:25","A",27,"60","<100","shrub",NA,NA,"22-432",NA,NA,NA
"2187",2022,"Kougarok","K2",2,"2022-05-29","Michael Henderson","Michaela Gustafson","WIPT",1,0,0,1,"7:28","V",27,"50","58","shrub",NA,NA,"22-433",NA,NA,NA
"2188",2022,"Kougarok","K2",2,"2022-05-29","Michael Henderson","Michaela Gustafson","WIPT",1,1,0,2,"7:32","V",26,NA,"0","shrub",NA,NA,"22-434",NA,NA,NA
"2189",2022,"Kougarok","K2",2,"2022-05-29","Michael Henderson","Michaela Gustafson","WISN",0,0,1,1,"7:35","V",25,NA,"0","shrub",NA,NA,"22-435",NA,NA,NA
"2190",2022,"Kougarok","K2",2,"2022-05-29","Michael Henderson","Michaela Gustafson","NOHA",1,0,0,1,"7:36","V",25,"270","150","shrub",NA,NA,"22-436",NA,NA,NA
"2191",2022,"Kougarok","K2",2,"2022-05-29","Michael Henderson","Michaela Gustafson","WISN",0,0,1,1,"7:45","A",23,"110","<100","shrub",NA,NA,"22-437",NA,NA,NA
"2192",2022,"Kougarok","K1",2,"2022-05-29","Michael Henderson","Michaela Gustafson","WISN",0,0,1,1,"7:54","A",23,"280",">100","shrub",NA,NA,"22-438",NA,NA,NA
"2193",2022,"Kougarok","K1",2,"2022-05-29","Michael Henderson","Michaela Gustafson","WIPT",1,0,0,1,"7:56","V",23,NA,"0","shrub",NA,NA,"22-439",NA,NA,NA
"2194",2022,"Kougarok","K1",2,"2022-05-29","Michael Henderson","Michaela Gustafson","WISN",0,0,1,1,"7:58","A",22,"90","150","shrub",NA,NA,"22-440",NA,NA,NA
"2195",2022,"Kougarok","K1",2,"2022-05-29","Michael Henderson","Michaela Gustafson","WISN",0,0,1,1,"7:59","A",22,"100","100","shrub",NA,NA,"22-441",NA,NA,NA
"2196",2022,"Kougarok","K1",2,"2022-05-29","Michael Henderson","Michaela Gustafson","WIPT",1,0,0,1,"8:13","V",20,"160","121","shrub",NA,NA,"22-442",NA,NA,NA
"2197",2022,"Kougarok","K1",2,"2022-05-29","Michael Henderson","Michaela Gustafson","WISN",0,0,1,1,"8:14","A",20,"150","150","shrub",NA,NA,"22-443",NA,NA,NA
"2198",2022,"Kougarok","K1",2,"2022-05-29","Michael Henderson","Michaela Gustafson","WISN",0,0,1,1,"8:16","A",20,"150","200","shrub",NA,NA,"22-444",NA,NA,NA
"2199",2022,"Kougarok","K1",2,"2022-05-29","Michael Henderson","Michaela Gustafson","WISN",0,0,1,1,"8:20","A",19,"130","<100","shrub",NA,NA,"22-445",NA,NA,NA
"2200",2022,"Kougarok","K1",2,"2022-05-29","Michael Henderson","Michaela Gustafson","WISN",0,0,1,1,"8:21","A",19,"150","16","shrub",NA,NA,"22-446",NA,NA,NA
"2201",2022,"Kougarok","K1",2,"2022-05-29","Michael Henderson","Michaela Gustafson","WIPT",1,0,0,1,"8:24","V",19,"250","200","shrub",NA,NA,"22-447",NA,NA,NA
"2202",2022,"Kougarok","K1",2,"2022-05-29","Michael Henderson","Michaela Gustafson","WISN",0,0,1,1,"8:25","A",19,"270","100","shrub",NA,NA,"22-448",NA,NA,NA
"2203",2022,"Kougarok","K1",2,"2022-05-29","Michael Henderson","Michaela Gustafson","WISN",0,0,1,1,"8:27","A",18,"90","50","shrub",NA,NA,"22-449",NA,NA,NA
"2204",2022,"Kougarok","K1",2,"2022-05-29","Michael Henderson","Michaela Gustafson","WIPT",1,0,0,1,"8:29","V",18,"150","41","tundra",NA,NA,"22-450",NA,NA,NA
"2205",2022,"Kougarok","K1",2,"2022-05-29","Michael Henderson","Michaela Gustafson","LTJA",0,0,1,1,"8:30","V",18,"180","100","tundra",NA,NA,"22-451",NA,NA,NA
"2206",2022,"Kougarok","K1",2,"2022-05-29","Michael Henderson","Michaela Gustafson","WISN",0,0,1,1,"8:33","A",17,"100","50","shrub",NA,NA,"22-452",NA,NA,NA
"2207",2022,"Kougarok","K1",2,"2022-05-29","Michael Henderson","Michaela Gustafson","WISN",0,0,1,1,"8:36","V",17,"240","10","shrub",NA,NA,"22-453",NA,NA,NA
"2208",2022,"Kougarok","K1",2,"2022-05-29","Michael Henderson","Michaela Gustafson","WISN",0,0,1,1,"8:42","A",16,"260","<100","shrub",NA,NA,"22-454",NA,NA,NA
"2209",2022,"Kougarok","K1",2,"2022-05-29","Michael Henderson","Michaela Gustafson","SEOW",0,0,1,1,"8:44","V",15,"180","158","tundra",NA,NA,"22-455",NA,NA,NA
"2210",2022,"Kougarok","K1",2,"2022-05-29","Michael Henderson","Michaela Gustafson","WISN",0,0,2,2,"8:44","A",15,"170","150","shrub",NA,NA,"22-456",NA,NA,NA
"2211",2022,"Kougarok","K1",2,"2022-05-29","Michael Henderson","Michaela Gustafson","WIPT",1,0,0,1,"8:47","V",15,"250","132","shrub",NA,NA,"22-457",NA,NA,NA
"2212",2022,"Kougarok","K1",2,"2022-05-29","Michael Henderson","Michaela Gustafson","WIPT",1,0,0,1,"8:49","V",15,NA,"0","shrub",NA,NA,"22-458",NA,NA,NA
"2213",2022,"Kougarok","K1",2,"2022-05-29","Michael Henderson","Michaela Gustafson","WISN",0,0,1,1,"8:49","A",15,"250","100","shrub",NA,NA,"22-459",NA,NA,NA
"2214",2022,"Kougarok","K1",2,"2022-05-29","Michael Henderson","Michaela Gustafson","WIPT",1,0,0,1,"8:51","V",14,"250","80","shrub",NA,NA,"22-460",NA,NA,NA
"2215",2022,"Kougarok","K1",2,"2022-05-29","Michael Henderson","Michaela Gustafson","WISN",0,0,1,1,"8:52","A",14,"260","100","shrub",NA,NA,"22-461",NA,NA,NA
"2216",2022,"Kougarok","K1",2,"2022-05-29","Michael Henderson","Michaela Gustafson","WIPT",1,0,0,1,"8:53","V",14,"280","40","shrub",NA,NA,"22-462",NA,NA,NA
"2217",2022,"Kougarok","K1",2,"2022-05-29","Michael Henderson","Michaela Gustafson","WISN",0,0,1,1,"8:54","A",14,"270","<100","shrub",NA,NA,"22-463",NA,NA,NA
"2218",2022,"Kougarok","K1",2,"2022-05-29","Michael Henderson","Michaela Gustafson","WIPT",1,0,0,1,"8:56","A",14,"140","100","shrub",NA,NA,"22-464",NA,NA,NA
"2219",2022,"Kougarok","K1",2,"2022-05-29","Michael Henderson","Michaela Gustafson","WIPT",1,0,0,1,"8:59","A",13,NA,"0","shrub",NA,NA,"22-465",NA,NA,NA
"2220",2022,"Kougarok","K1",2,"2022-05-29","Michael Henderson","Michaela Gustafson","SEOW",0,0,1,1,"9:01","V",13,"90","656","shrub",NA,NA,"22-466",NA,NA,NA
"2221",2022,"Kougarok","K1",2,"2022-05-29","Michael Henderson","Michaela Gustafson","WIPT",1,0,0,1,"9:03","A",13,"240","50","shrub",NA,NA,"22-467",NA,NA,NA
"2222",2023,"Council","C1",1,"2023-05-25","Morgan Calahan","Michael Henderson","WIPT",1,1,0,2,"845","V",34,"","0","Tundra","","","1778",NA,NA,NA
"2223",2023,"Council","C1",1,"2023-05-25","Morgan Calahan","Michael Henderson","WIPT",1,0,0,1,"846","V",34,"270","86","Tundra","","","1779",NA,NA,NA
"2224",2023,"Council","C1",1,"2023-05-25","Morgan Calahan","Michael Henderson","WIPT",2,0,0,2,"846","V",34,"300","15","Tundra","","","1780",NA,NA,NA
"2225",2023,"Council","C1",1,"2023-05-25","Morgan Calahan","Michael Henderson","WIPT",1,0,0,1,"849","V",34,"320","53","Tundra","","","1781",NA,NA,NA
"2226",2023,"Council","C1",1,"2023-05-25","Morgan Calahan","Michael Henderson","WIPT",1,0,0,1,"53","V",34,"270","182","Tundra","","","1782",NA,NA,NA
"2227",2023,"Council","C1",1,"2023-05-25","Morgan Calahan","Michael Henderson","WIPT",1,0,0,1,"854","V",36,"90","250","Tundra","","","1783",NA,NA,NA
"2228",2023,"Council","C1",1,"2023-05-25","Morgan Calahan","Michael Henderson","WIPT",1,0,0,1,"857","V",36,"330","81","Tundra","","","1784",NA,NA,NA
"2229",2023,"Council","C1",1,"2023-05-25","Morgan Calahan","Michael Henderson","WIPT",1,0,0,1,"902","V",37,"","0","Tundra","","","1785",NA,NA,NA
"2230",2023,"Council","C1",2,"2023-05-25","Morgan Calahan","Michael Henderson","WIPT",2,0,0,2,"1114","V",44,"320","15","Shrub","","","1786",NA,NA,NA
"2231",2023,"Council","C1",2,"2023-05-25","Morgan Calahan","Michael Henderson","WIPT",2,0,0,2,"1121","V",41,"","0","Tundra","","","1787",NA,NA,NA
"2232",2023,"Council","C1",2,"2023-05-25","Morgan Calahan","Michael Henderson","WIPT",1,0,0,1,"1143","V",37,"","0","Tundra","","","1788",NA,NA,NA
"2233",2023,"Council","C1",2,"2023-05-25","Morgan Calahan","Michael Henderson","WIPT",1,0,0,1,"1148","V",36,"270","58","Tundra","","","1789",NA,NA,NA
"2234",2023,"Council","C1",2,"2023-05-25","Morgan Calahan","Michael Henderson","LTJA",0,0,1,1,"1153","V",35,"260","50","Tundra","","","1790",NA,NA,NA
"2235",2023,"Kougarok","K1",1,"2023-05-18","Morgan Calahan","Michael Henderson","WISN",0,0,1,1,"719","A",13,"300","400","Shrub","","","23-01",NA,NA,NA
"2236",2023,"Kougarok","K1",1,"2023-05-18","Morgan Calahan","Michael Henderson","WIPT",1,1,0,2,"725","V",13,"100","22","Shrub","","","23-02",NA,NA,NA
"2237",2023,"Kougarok","K1",1,"2023-05-18","Morgan Calahan","Michael Henderson","WISN",0,0,1,1,"731","A",14,"270",">100","Shrub","","","23-03",NA,NA,NA
"2238",2023,"Kougarok","K1",1,"2023-05-18","Morgan Calahan","Michael Henderson","WISN",0,0,1,1,"735","A",14,"270",">100","Shrub","","","1343",NA,NA,NA
"2239",2023,"Kougarok","K1",1,"2023-05-18","Morgan Calahan","Michael Henderson","WIPT",1,0,0,1,"735","A",14,"270","<100","Shrub","","","1344",NA,NA,NA
"2240",2023,"Kougarok","K1",1,"2023-05-18","Morgan Calahan","Michael Henderson","WIPT",1,0,0,1,"741","V",14,"270","164","Shrub","","","1345",NA,NA,NA
"2241",2023,"Kougarok","K1",1,"2023-05-18","Morgan Calahan","Michael Henderson","WIPT",1,0,0,1,"744","V",14,"270","364","Shrub","","","1346",NA,NA,NA
"2242",2023,"Kougarok","K1",1,"2023-05-18","Morgan Calahan","Michael Henderson","WISN",0,0,1,1,"744","A",14,"130",">100","Shrub","","","1347",NA,NA,NA
"2243",2023,"Kougarok","K1",1,"2023-05-18","Morgan Calahan","Michael Henderson","WISN",0,0,1,1,"752","A",15,"0",">100","Shrub","","","1348",NA,NA,NA
"2244",2023,"Kougarok","K1",1,"2023-05-18","Morgan Calahan","Michael Henderson","WISN",0,0,1,1,"752","A",15,"120",">100","Shrub","","","1349",NA,NA,NA
"2245",2023,"Kougarok","K1",1,"2023-05-18","Morgan Calahan","Michael Henderson","WIPT",1,1,0,2,"756","V",15,"280","156","Shrub","","","1350",NA,NA,NA
"2246",2023,"Kougarok","K1",1,"2023-05-18","Morgan Calahan","Michael Henderson","WISN",0,0,1,1,"800","A",16,"160",">100","Shrub","","","1351",NA,NA,NA
"2247",2023,"Kougarok","K1",1,"2023-05-18","Morgan Calahan","Michael Henderson","ROPT",1,0,0,1,"803","V",16,"80","93","Shrub","","","1352",NA,NA,NA
"2248",2023,"Kougarok","K1",1,"2023-05-18","Morgan Calahan","Michael Henderson","WISN",0,0,1,1,"805","V",16,"80","46","Shrub","mm 16-17 tall snow","","1353",NA,NA,NA
"2249",2023,"Kougarok","K1",1,"2023-05-18","Morgan Calahan","Michael Henderson","WISN",0,0,2,2,"816","A",17,"280","40","Shrub","birms- limits visibility","","1354",NA,NA,NA
"2250",2023,"Kougarok","K1",1,"2023-05-18","Morgan Calahan","Michael Henderson","WIPT",2,0,0,2,"818","A",18,"60","74","Shrub","1356- delete point on gps","","1355",NA,NA,NA
"2251",2023,"Kougarok","K1",1,"2023-05-18","Morgan Calahan","Michael Henderson","WISN",0,0,1,1,"822","A",18,"90","70","Shrub","","","1357",NA,NA,NA
"2252",2023,"Kougarok","K1",1,"2023-05-18","Morgan Calahan","Michael Henderson","ROPT",1,0,0,1,"827","V",18,"270","20","Shrub","","","1358",NA,NA,NA
"2253",2023,"Kougarok","K1",1,"2023-05-18","Morgan Calahan","Michael Henderson","WIPT",1,0,0,1,"827","V",18,"270","212","Shrub","","","1359",NA,NA,NA
"2254",2023,"Kougarok","K1",1,"2023-05-18","Morgan Calahan","Michael Henderson","WISN",0,0,1,1,"831","V",18,"0","10","Shrub","","","1360",NA,NA,NA
"2255",2023,"Kougarok","K1",1,"2023-05-18","Morgan Calahan","Michael Henderson","WISN",0,0,1,1,"831","A",18,"0",">100","Shrub","","","1361",NA,NA,NA
"2256",2023,"Kougarok","K1",1,"2023-05-18","Morgan Calahan","Michael Henderson","WIPT",1,0,0,1,"837","V",18,"300","5","Shrub","","","1362",NA,NA,NA
"2257",2023,"Kougarok","K1",1,"2023-05-18","Morgan Calahan","Michael Henderson","WISN",0,0,1,1,"844","V",19,"","0","Shrub","","","1363",NA,NA,NA
"2258",2023,"Kougarok","K1",1,"2023-05-18","Morgan Calahan","Michael Henderson","WIPT",1,0,0,1,"846","V",19,"","0","Shrub","","","1364",NA,NA,NA
"2259",2023,"Kougarok","K1",2,"2023-05-21","Morgan Calahan","Michael Henderson","WISN",0,0,1,1,"1024","V",22,"90","<100","Shrub","","","1571",NA,NA,NA
"2260",2023,"Kougarok","K1",2,"2023-05-21","Morgan Calahan","Michael Henderson","WIPT",0,1,0,1,"1027","V",22,"0","15","Shrub","","","1572",NA,NA,NA
"2261",2023,"Kougarok","K1",2,"2023-05-21","Morgan Calahan","Michael Henderson","WISN",0,0,1,1,"1031","V",22,"120","<100","Shrub","","","1573",NA,NA,NA
"2262",2023,"Kougarok","K1",2,"2023-05-21","Morgan Calahan","Michael Henderson","WIPT",1,0,0,1,"1035","V",21,"270","50","Shrub","","","1574",NA,NA,NA
"2263",2023,"Kougarok","K1",2,"2023-05-21","Morgan Calahan","Michael Henderson","WIPT",1,1,0,2,"1046","V",19,"140","5","Shrub","","","1575",NA,NA,NA
"2264",2023,"Kougarok","K1",2,"2023-05-21","Morgan Calahan","Michael Henderson","WIPT",1,0,0,1,"1051","V",18,"","0","Shrub","","","1576",NA,NA,NA
"2265",2023,"Kougarok","K1",2,"2023-05-21","Morgan Calahan","Michael Henderson","WIPT",1,0,0,1,"1051","V",18,"280","67","Shrub","","","1577",NA,NA,NA
"2266",2023,"Kougarok","K1",2,"2023-05-21","Morgan Calahan","Michael Henderson","WISN",0,0,1,1,"1051","A",18,"160","40","Shrub","","","1578",NA,NA,NA
"2267",2023,"Kougarok","K1",2,"2023-05-21","Morgan Calahan","Michael Henderson","WISN",0,0,1,1,"1102","A",17,"90","<100","Shrub","","","1579",NA,NA,NA
"2268",2023,"Kougarok","K1",2,"2023-05-21","Morgan Calahan","Michael Henderson","ROPT",0,0,1,1,"1105","V",17,"270","60","Shrub","","","1580",NA,NA,NA
"2269",2023,"Kougarok","K1",2,"2023-05-21","Morgan Calahan","Michael Henderson","GOPL",0,0,1,1,"1107","V",17,"230","83","Shrub","","","1581",NA,NA,NA
"2270",2023,"Kougarok","K1",2,"2023-05-21","Morgan Calahan","Michael Henderson","WISN",0,0,1,1,"1107","A",17,"120","<100","Shrub","","","1582",NA,NA,NA
"2271",2023,"Kougarok","K1",2,"2023-05-21","Morgan Calahan","Michael Henderson","WISN",0,0,1,1,"1109","A",17,"230","<100","Shrub","","","1583",NA,NA,NA
"2272",2023,"Kougarok","K1",2,"2023-05-21","Morgan Calahan","Michael Henderson","WIPT",0,0,1,1,"1110","A",17,"270","<100","Shrub","","","1584",NA,NA,NA
"2273",2023,"Kougarok","K1",2,"2023-05-21","Morgan Calahan","Michael Henderson","WISN",0,0,1,1,"1116","A",15,"270",">100","Shrub","","","1585",NA,NA,NA
"2274",2023,"Kougarok","K1",2,"2023-05-21","Morgan Calahan","Michael Henderson","WISN",0,0,1,1,"1116","A",15,"90","50","Shrub","","","1586",NA,NA,NA
"2275",2023,"Kougarok","K2",1,"2023-05-18","Morgan Calahan","Michael Henderson","WISN",0,0,1,1,"859","A",23,"40",">100","Shrub","","","1365",NA,NA,NA
"2276",2023,"Kougarok","K2",1,"2023-05-18","Morgan Calahan","Michael Henderson","WIPT",3,0,0,3,"900","V",23,"260","140","Shrub","","","1366",NA,NA,NA
"2277",2023,"Kougarok","K2",1,"2023-05-18","Morgan Calahan","Michael Henderson","WISN",0,0,1,1,"909","A",24,"60","50","Shrub","","","1367",NA,NA,NA
"2278",2023,"Kougarok","K2",1,"2023-05-18","Morgan Calahan","Michael Henderson","WISN",0,0,2,2,"910","A",24,"60","70","Shrub","","","1368",NA,NA,NA
"2279",2023,"Kougarok","K2",1,"2023-05-18","Morgan Calahan","Michael Henderson","WIPT",1,1,0,2,"914","V",24,"30","10","Shrub","","","1369",NA,NA,NA
"2280",2023,"Kougarok","K2",1,"2023-05-18","Morgan Calahan","Michael Henderson","WIPT",1,0,0,1,"919","V",25,"260","5","Shrub","","","1370",NA,NA,NA
"2281",2023,"Kougarok","K2",1,"2023-05-18","Morgan Calahan","Michael Henderson","WISN",0,0,1,1,"932","V",27,"","0","Shrub","","","1371",NA,NA,NA
"2282",2023,"Kougarok","K2",1,"2023-05-18","Morgan Calahan","Michael Henderson","WIPT",2,0,0,2,"934","V",27,"","0","Shrub","","","1372",NA,NA,NA
"2283",2023,"Kougarok","K2",1,"2023-05-18","Morgan Calahan","Michael Henderson","WIPT",0,1,0,1,"935","V",27,"260","92","Shrub","","","1373",NA,NA,NA
"2284",2023,"Kougarok","K2",1,"2023-05-18","Morgan Calahan","Michael Henderson","AGSQ",0,0,1,1,"937","V",27,"20","66","Tundra","","","1374",NA,NA,NA
"2285",2023,"Kougarok","K2",1,"2023-05-18","Morgan Calahan","Michael Henderson","WISN",0,0,1,1,"945","V",28,"","0","Shrub","","","1375",NA,NA,NA
"2286",2023,"Kougarok","K2",1,"2023-05-18","Morgan Calahan","Michael Henderson","WIPT",1,0,0,1,"949","V",28,"270","5","Shrub","","","1376",NA,NA,NA
"2287",2023,"Kougarok","K2",1,"2023-05-18","Morgan Calahan","Michael Henderson","WIPT",1,0,0,1,"950","A",28,"300","77","Shrub","","","1377",NA,NA,NA
"2288",2023,"Kougarok","K2",1,"2023-05-18","Morgan Calahan","Michael Henderson","WIPT",1,0,0,1,"950","V",28,"270","21","Shrub","","","1378",NA,NA,NA
"2289",2023,"Kougarok","K2",1,"2023-05-18","Morgan Calahan","Michael Henderson","WIPT",2,1,0,3,"958","A",30,"0","170","Shrub","","","1379",NA,NA,NA
"2290",2023,"Kougarok","K2",1,"2023-05-18","Morgan Calahan","Michael Henderson","AGSQ",0,0,1,1,"1000","V",30,"130","70","Tundra","tall snow birms","","1380",NA,NA,NA
"2291",2023,"Kougarok","K2",2,"2023-05-21","Morgan Calahan","Michael Henderson","AGSQ",0,0,1,1,"903","V",33,"0","47","Tundra","","","1541",NA,NA,NA
"2292",2023,"Kougarok","K2",2,"2023-05-21","Morgan Calahan","Michael Henderson","WISN",0,0,1,1,"904","A",33,"0","<100","Tundra","","","1542",NA,NA,NA
"2293",2023,"Kougarok","K2",2,"2023-05-21","Morgan Calahan","Michael Henderson","WIPT",1,0,0,1,"908","V",33,"0","10","Tundra","","","1543",NA,NA,NA
"2294",2023,"Kougarok","K2",2,"2023-05-21","Morgan Calahan","Michael Henderson","WIPT",1,0,0,1,"910","V",33,"0","15","Tundra","","","1544",NA,NA,NA
"2295",2023,"Kougarok","K2",2,"2023-05-21","Morgan Calahan","Michael Henderson","AGSQ",0,0,1,1,"916","V",33,"320","149","Tundra","","","1545",NA,NA,NA
"2296",2023,"Kougarok","K2",2,"2023-05-21","Morgan Calahan","Michael Henderson","WIPT",1,0,0,1,"918","V",33,"160","10","Tundra","","","1546",NA,NA,NA
"2297",2023,"Kougarok","K2",2,"2023-05-21","Morgan Calahan","Michael Henderson","WISN",0,0,2,2,"921","V",33,"140","123","Tundra","","","1547",NA,NA,NA
"2298",2023,"Kougarok","K2",2,"2023-05-21","Morgan Calahan","Michael Henderson","WISN",0,0,2,2,"926","V",30,"100","30","Tundra","","","1548",NA,NA,NA
"2299",2023,"Kougarok","K2",2,"2023-05-21","Morgan Calahan","Michael Henderson","WISN",0,0,1,1,"927","V",30,"","0","Tundra","","","1549",NA,NA,NA
"2300",2023,"Kougarok","K2",2,"2023-05-21","Morgan Calahan","Michael Henderson","WIPT",1,0,0,1,"932","V",29,"260","15","Tundra","","","1550",NA,NA,NA
"2301",2023,"Kougarok","K2",2,"2023-05-21","Morgan Calahan","Michael Henderson","WIPT",1,0,0,1,"933","V",29,"90","10","Tundra","","","1551",NA,NA,NA
"2302",2023,"Kougarok","K2",2,"2023-05-21","Morgan Calahan","Michael Henderson","WIPT",1,0,0,1,"935","V",29,"250","45","Tundra","","","1552",NA,NA,NA
"2303",2023,"Kougarok","K2",2,"2023-05-21","Morgan Calahan","Michael Henderson","WISN",0,0,1,1,"936","V",29,"250","41","Tundra","","","1553",NA,NA,NA
"2304",2023,"Kougarok","K2",2,"2023-05-21","Morgan Calahan","Michael Henderson","WIPT",1,0,0,1,"938","A",29,"200","21","Tundra","","","1554",NA,NA,NA
"2305",2023,"Kougarok","K2",2,"2023-05-21","Morgan Calahan","Michael Henderson","WISN",0,0,1,1,"940","A",28,"60",">100","Tundra","","","1555",NA,NA,NA
"2306",2023,"Kougarok","K2",2,"2023-05-21","Morgan Calahan","Michael Henderson","AGSQ",0,0,1,1,"940","V",28,"200","109","Tundra","","","1556",NA,NA,NA
"2307",2023,"Kougarok","K2",2,"2023-05-21","Morgan Calahan","Michael Henderson","WIPT",1,0,0,1,"943","V",27,"40","150","Tundra","","","1557",NA,NA,NA
"2308",2023,"Kougarok","K2",2,"2023-05-21","Morgan Calahan","Michael Henderson","WISN",0,0,1,1,"943","A",27,"100","<100","Tundra","","","1558",NA,NA,NA
"2309",2023,"Kougarok","K2",2,"2023-05-21","Morgan Calahan","Michael Henderson","WIPT",1,1,0,2,"945","V",27,"80","10","Tundra","","","1559",NA,NA,NA
"2310",2023,"Kougarok","K2",2,"2023-05-21","Morgan Calahan","Michael Henderson","WISN",0,0,2,2,"946","V",27,"","0","Tundra","","","1560",NA,NA,NA
"2311",2023,"Kougarok","K2",2,"2023-05-21","Morgan Calahan","Michael Henderson","WISN",0,0,2,2,"951","V",27,"50","40","Tundra","","","1561",NA,NA,NA
"2312",2023,"Kougarok","K2",2,"2023-05-21","Morgan Calahan","Michael Henderson","WIPT",1,0,0,1,"953","V",27,"200","62","Tundra","","","1562",NA,NA,NA
"2313",2023,"Kougarok","K2",2,"2023-05-21","Morgan Calahan","Michael Henderson","AGSQ",0,0,1,1,"954","V",27,"80","116","Tundra","","","1563",NA,NA,NA
"2314",2023,"Kougarok","K2",2,"2023-05-21","Morgan Calahan","Michael Henderson","AGSQ",0,0,1,1,"959","V",27,"120","80","Tundra","","","1564",NA,NA,NA
"2315",2023,"Kougarok","K2",2,"2023-05-21","Morgan Calahan","Michael Henderson","WISN",0,0,1,1,"959","V",27,"120","60","Tundra","","","1565",NA,NA,NA
"2316",2023,"Kougarok","K2",2,"2023-05-21","Morgan Calahan","Michael Henderson","WIPT",1,1,0,2,"1002","V",26,"100","31","Shrub","","","1566",NA,NA,NA
"2317",2023,"Kougarok","K2",2,"2023-05-21","Morgan Calahan","Michael Henderson","WIPT",1,0,0,1,"1004","V",26,"190","10","Shrub","","","1567",NA,NA,NA
"2318",2023,"Kougarok","K2",2,"2023-05-21","Morgan Calahan","Michael Henderson","WISN",0,0,1,1,"1005","V",26,"50","150","Shrub","","","1568",NA,NA,NA
"2319",2023,"Kougarok","K2",2,"2023-05-21","Morgan Calahan","Michael Henderson","WISN",0,0,1,1,"1013","V",25,"260","5","Shrub","","","1569",NA,NA,NA
"2320",2023,"Kougarok","K2",2,"2023-05-21","Morgan Calahan","Michael Henderson","WISN",0,0,1,1,"1014","V",25,"100","<100","Shrub","","","1570",NA,NA,NA
"2321",2023,"Kougarok","K3",1,"2023-05-21","Morgan Calahan","Michael Henderson","WISN",0,0,1,1,"705","V",33,"","0","Tundra","","","1508",NA,NA,NA
"2322",2023,"Kougarok","K3",1,"2023-05-21","Morgan Calahan","Michael Henderson","WIPT",1,0,0,1,"709","V",33,"180","10","Tundra","","","1509",NA,NA,NA
"2323",2023,"Kougarok","K3",1,"2023-05-21","Morgan Calahan","Michael Henderson","WIPT",1,0,0,1,"710","V",33,"40","161","Tundra","","","1510",NA,NA,NA
"2324",2023,"Kougarok","K3",1,"2023-05-21","Morgan Calahan","Michael Henderson","WISN",0,0,1,1,"714","A",33,"0","<100","Tundra","","","1511",NA,NA,NA
"2325",2023,"Kougarok","K3",1,"2023-05-21","Morgan Calahan","Michael Henderson","WISN",0,0,1,1,"715","A",33,"180","<100","Tundra","","","1512",NA,NA,NA
"2326",2023,"Kougarok","K3",1,"2023-05-21","Morgan Calahan","Michael Henderson","WIPT",0,0,1,1,"715","A",33,"180","<100","Tundra","","","1513",NA,NA,NA
"2327",2023,"Kougarok","K3",1,"2023-05-21","Morgan Calahan","Michael Henderson","WIPT",2,1,0,3,"720","V",34,"0","30","Tundra","","","1514",NA,NA,NA
"2328",2023,"Kougarok","K3",1,"2023-05-21","Morgan Calahan","Michael Henderson","WIPT",2,0,0,2,"720","V",34,"160","222","Tundra","","","1515",NA,NA,NA
"2329",2023,"Kougarok","K3",1,"2023-05-21","Morgan Calahan","Michael Henderson","WIPT",2,0,0,2,"722","A",34,"0","66","Tundra","","","1516",NA,NA,NA
"2330",2023,"Kougarok","K3",1,"2023-05-21","Morgan Calahan","Michael Henderson","WIPT",1,0,0,1,"732","V",35,"30","35","Tundra","","","1517",NA,NA,NA
"2331",2023,"Kougarok","K3",1,"2023-05-21","Morgan Calahan","Michael Henderson","WISN",0,0,1,1,"733","A",35,"0","<100","Tundra","","","1518",NA,NA,NA
"2332",2023,"Kougarok","K3",1,"2023-05-21","Morgan Calahan","Michael Henderson","WISN",0,0,1,1,"733","A",35,"180","<100","Tundra","","","1519",NA,NA,NA
"2333",2023,"Kougarok","K3",1,"2023-05-21","Morgan Calahan","Michael Henderson","WISN",0,0,1,1,"736","V",35,"180","10","Tundra","","","1520",NA,NA,NA
"2334",2023,"Kougarok","K3",1,"2023-05-21","Morgan Calahan","Michael Henderson","WISN",0,0,1,1,"737","V",35,"","0","Tundra","","","1521",NA,NA,NA
"2335",2023,"Kougarok","K3",1,"2023-05-21","Morgan Calahan","Michael Henderson","WISN",0,0,1,1,"743","A",35,"180",">100","Tundra","","","1522",NA,NA,NA
"2336",2023,"Kougarok","K3",1,"2023-05-21","Morgan Calahan","Michael Henderson","WIPT",1,0,0,1,"745","V",36,"20","12","Tundra","","","1523",NA,NA,NA
"2337",2023,"Kougarok","K3",1,"2023-05-21","Morgan Calahan","Michael Henderson","WIPT",1,0,0,1,"751","V",38,"120","10","Tundra","","","1524",NA,NA,NA
"2338",2023,"Kougarok","K3",1,"2023-05-21","Morgan Calahan","Michael Henderson","WIPT",0,1,0,1,"752","V",38,"340","20","Tundra","","","1525",NA,NA,NA
"2339",2023,"Kougarok","K3",1,"2023-05-21","Morgan Calahan","Michael Henderson","WISN",0,0,2,2,"757","V",38,"120","<100","Tundra","","","1526",NA,NA,NA
"2340",2023,"Kougarok","K3",1,"2023-05-21","Morgan Calahan","Michael Henderson","WISN",0,0,2,2,"757","V",38,"340","<100","Tundra","","","1527",NA,NA,NA
"2341",2023,"Kougarok","K3",1,"2023-05-21","Morgan Calahan","Michael Henderson","WIPT",1,1,0,2,"759","V",38,"320","40","Tundra","","","1528",NA,NA,NA
"2342",2023,"Kougarok","K3",1,"2023-05-21","Morgan Calahan","Michael Henderson","WIPT",1,0,0,1,"802","V",38,"","0","Tundra","","","1529",NA,NA,NA
"2343",2023,"Kougarok","K3",1,"2023-05-21","Morgan Calahan","Michael Henderson","WIPT",1,1,0,2,"804","V",39,"","0","Tundra","","","1530",NA,NA,NA
"2344",2023,"Kougarok","K3",1,"2023-05-21","Morgan Calahan","Michael Henderson","WISN",0,0,1,1,"805","A",39,"320","<100","Tundra","","","1531",NA,NA,NA
"2345",2023,"Kougarok","K3",1,"2023-05-21","Morgan Calahan","Michael Henderson","WIPT",1,0,0,1,"805","A",39,"320","<100","Tundra","","","1532",NA,NA,NA
"2346",2023,"Kougarok","K3",1,"2023-05-21","Morgan Calahan","Michael Henderson","WISN",0,0,2,2,"807","A",39,"90","75","Tundra","","","1533",NA,NA,NA
"2347",2023,"Kougarok","K3",1,"2023-05-21","Morgan Calahan","Michael Henderson","WISN",0,0,1,1,"809","A",39,"340",">100","Tundra","","","1534",NA,NA,NA
"2348",2023,"Kougarok","K3",1,"2023-05-21","Morgan Calahan","Michael Henderson","WIPT",1,0,0,1,"810","A",39,"320","32","Tundra","","","1535",NA,NA,NA
"2349",2023,"Kougarok","K3",1,"2023-05-21","Morgan Calahan","Michael Henderson","WIPT",0,1,0,1,"812","V",40,"140","27","Tundra","","","1536",NA,NA,NA
"2350",2023,"Kougarok","K3",1,"2023-05-21","Morgan Calahan","Michael Henderson","WIPT",1,0,0,1,"816","V",40,"120","15","Tundra","","","1537",NA,NA,NA
"2351",2023,"Kougarok","K3",1,"2023-05-21","Morgan Calahan","Michael Henderson","WIPT",1,1,0,2,"817","V",40,"300","10","Tundra","","","1538",NA,NA,NA
"2352",2023,"Kougarok","K3",1,"2023-05-21","Morgan Calahan","Michael Henderson","WIPT",1,1,0,2,"820","V",40,"110","38","Tundra","","","1539",NA,NA,NA
"2353",2023,"Kougarok","K3",1,"2023-05-21","Morgan Calahan","Michael Henderson","WIPT",1,0,0,1,"823","V",40,"340","150","Tundra","","","1540",NA,NA,NA
"2354",2023,"Kougarok","K3",1,"2023-05-28","Morgan Calahan","Michael Henderson","WIPT",1,0,0,1,"604","V",42,"170","20","Tundra","","","1917",NA,NA,NA
"2355",2023,"Kougarok","K3",1,"2023-05-28","Morgan Calahan","Michael Henderson","WIPT",1,1,0,2,"605","V",42,"180","0","Tundra","","","1918",NA,NA,NA
"2356",2023,"Kougarok","K3",1,"2023-05-28","Morgan Calahan","Michael Henderson","WIPT",1,0,0,1,"605","V",42,"150","30","Tundra","","","1919",NA,NA,NA
"2357",2023,"Kougarok","K3",1,"2023-05-28","Morgan Calahan","Michael Henderson","WIPT",1,1,0,2,"608","V",42,"180","10","Tundra","","","1920",NA,NA,NA
"2358",2023,"Kougarok","K3",2,"2023-05-28","Morgan Calahan","Michael Henderson","WISN",0,0,1,1,"1141","A",42,"310",">100","Tundra","","","38",NA,NA,NA
"2359",2023,"Kougarok","K3",2,"2023-05-28","Morgan Calahan","Michael Henderson","WIPT",1,0,0,1,"1143","A",42,"290","39","Shrub","","","39",NA,NA,NA
"2360",2023,"Kougarok","K3",2,"2023-05-28","Morgan Calahan","Michael Henderson","WIPT",2,0,0,2,"1145","V",42,"280","149","Shrub","","","40",NA,NA,NA
"2361",2023,"Kougarok","K3",2,"2023-05-28","Morgan Calahan","Michael Henderson","WIPT",1,0,0,1,"1147","V",41,"140","15","Shrub","","","41",NA,NA,NA
"2362",2023,"Kougarok","K3",2,"2023-05-28","Morgan Calahan","Michael Henderson","WIPT",1,0,0,1,"1148","V",41,"140","10","Shrub","","","42",NA,NA,NA
"2363",2023,"Kougarok","K3",2,"2023-05-28","Morgan Calahan","Michael Henderson","WISN",0,0,1,1,"1150","A",41,"170",">100","Shrub","","","43",NA,NA,NA
"2364",2023,"Kougarok","K3",2,"2023-05-28","Morgan Calahan","Michael Henderson","WIPT",1,0,0,1,"1152","A",41,"120","<100","Shrub","","","44",NA,NA,NA
"2365",2023,"Kougarok","K3",2,"2023-05-28","Morgan Calahan","Michael Henderson","WIPT",2,0,0,2,"1158","V",41,"0","","Tundra","","","45",NA,NA,NA
"2366",2023,"Kougarok","K3",2,"2023-05-28","Morgan Calahan","Michael Henderson","WIPT",1,0,0,1,"1158","V",41,"310","92","Tundra","","","46",NA,NA,NA
"2367",2023,"Kougarok","K3",2,"2023-05-28","Morgan Calahan","Michael Henderson","WISN",0,0,1,1,"1159","V",41,"310","20","Tundra","","","47",NA,NA,NA
"2368",2023,"Kougarok","K3",2,"2023-05-28","Morgan Calahan","Michael Henderson","WIPT",1,0,0,1,"1210","V",40,"320","50","Tundra","","","48",NA,NA,NA
"2369",2023,"Kougarok","K3",2,"2023-05-28","Morgan Calahan","Michael Henderson","WIPT",1,0,0,1,"1215","V",40,"","0","Tundra","","","49",NA,NA,NA
"2370",2023,"Kougarok","K3",2,"2023-05-28","Morgan Calahan","Michael Henderson","WIPT",1,0,0,1,"1217","V",39,"","0","Tundra","","","50",NA,NA,NA
"2371",2023,"Kougarok","K3",2,"2023-05-28","Morgan Calahan","Michael Henderson","WIPT",1,0,0,1,"1219","V",39,"290","49","Tundra","","","51",NA,NA,NA
"2372",2023,"Kougarok","K3",2,"2023-05-28","Morgan Calahan","Michael Henderson","WISN",0,0,1,1,"1221","V",39,"","0","Tundra","","","52",NA,NA,NA
"2373",2023,"Kougarok","K3",2,"2023-05-28","Morgan Calahan","Michael Henderson","WIPT",1,0,0,1,"1223","V",38,"140","56","Tundra","","","53",NA,NA,NA
"2374",2023,"Kougarok","K3",2,"2023-05-28","Morgan Calahan","Michael Henderson","WIPT",1,0,0,1,"1228","V",38,"140","10","Tundra","","","54",NA,NA,NA
"2375",2023,"Kougarok","K3",2,"2023-05-28","Morgan Calahan","Michael Henderson","WISN",0,0,1,1,"1228","A",38,"140","<100","Tundra","","","55",NA,NA,NA
"2376",2023,"Kougarok","K3",2,"2023-05-28","Morgan Calahan","Michael Henderson","WISN",0,0,1,1,"1230","V",38,"","0","Tundra","","","56",NA,NA,NA
"2377",2023,"Kougarok","K3",2,"2023-05-28","Morgan Calahan","Michael Henderson","WISN",0,0,1,1,"1233","V",37,"","0","Tundra","","","57",NA,NA,NA
"2378",2023,"Kougarok","K3",2,"2023-05-28","Morgan Calahan","Michael Henderson","WISN",0,0,1,1,"1235","A",37,"150","<100","Tundra","","","58",NA,NA,NA
"2379",2023,"Kougarok","K3",2,"2023-05-28","Morgan Calahan","Michael Henderson","WISN",0,0,1,1,"1236","V",37,"","0","Tundra","","","59",NA,NA,NA
"2380",2023,"Kougarok","K3",2,"2023-05-28","Morgan Calahan","Michael Henderson","WISN",0,0,1,1,"1241","V",37,"","0","Tundra","","","60",NA,NA,NA
"2381",2023,"Kougarok","K3",2,"2023-05-28","Morgan Calahan","Michael Henderson","WISN",0,0,2,2,"1247","V",36,"","0","Tundra","","","61",NA,NA,NA
"2382",2023,"Kougarok","K3",2,"2023-05-28","Morgan Calahan","Michael Henderson","WIPT",1,1,0,2,"1253","V",33,"300","28","Tundra","","","62",NA,NA,NA
"2383",2023,"Kougarok","K3",2,"2023-05-28","Morgan Calahan","Michael Henderson","WISN",0,0,1,1,"1253","V",33,"150","15","Tundra","","","63",NA,NA,NA
"2384",2023,"Kougarok","K4",1,"2023-05-28","Morgan Calahan","Michael Henderson","WISN",0,0,1,1,"617","V",44,"","0","Tundra","","","1921",NA,NA,NA
"2385",2023,"Kougarok","K4",1,"2023-05-28","Morgan Calahan","Michael Henderson","WISN",0,0,1,1,"619","V",45,"","0","Tundra","","","1922",NA,NA,NA
"2386",2023,"Kougarok","K4",1,"2023-05-28","Morgan Calahan","Michael Henderson","WIPT",1,0,0,1,"620","V",45,"120","10","Shrub","","","1923",NA,NA,NA
"2387",2023,"Kougarok","K4",1,"2023-05-28","Morgan Calahan","Michael Henderson","WIPT",1,0,0,1,"622","V",45,"320","253","Shrub","","","1924",NA,NA,NA
"2388",2023,"Kougarok","K4",1,"2023-05-28","Morgan Calahan","Michael Henderson","WISN",0,0,1,1,"622","A",45,"320","70","Shrub","","","1925",NA,NA,NA
"2389",2023,"Kougarok","K4",1,"2023-05-28","Morgan Calahan","Michael Henderson","WIPT",1,0,0,1,"624","V",45,"","0","Shrub","","","1926",NA,NA,NA
"2390",2023,"Kougarok","K4",1,"2023-05-28","Morgan Calahan","Michael Henderson","WIPT",1,0,0,1,"625","V",45,"320","111","Shrub","","","1927",NA,NA,NA
"2391",2023,"Kougarok","K4",1,"2023-05-28","Morgan Calahan","Michael Henderson","WIPT",2,0,0,2,"626","A",45,"140","77","Shrub","","","1930",NA,NA,NA
"2392",2023,"Kougarok","K4",1,"2023-05-28","Morgan Calahan","Michael Henderson","SSHA",0,0,1,1,"632","V",46,"120","39","Tundra","1931 extra point","","1932",NA,NA,NA
"2393",2023,"Kougarok","K4",1,"2023-05-28","Morgan Calahan","Michael Henderson","WISN",0,0,1,1,"632","A",46,"320","<100","Shrub","","","1933",NA,NA,NA
"2394",2023,"Kougarok","K4",1,"2023-05-28","Morgan Calahan","Michael Henderson","SSHA",0,0,1,1,"634","V",46,"130","40","Shrub","","","1934",NA,NA,NA
"2395",2023,"Kougarok","K4",1,"2023-05-28","Morgan Calahan","Michael Henderson","SSHA",0,0,2,2,"635","V",46,"120","129","Shrub","","","1935",NA,NA,NA
"2396",2023,"Kougarok","K4",1,"2023-05-28","Morgan Calahan","Michael Henderson","WISN",0,0,1,1,"637","A",46,"120",">100","Tundra","","","1936",NA,NA,NA
"2397",2023,"Kougarok","K4",1,"2023-05-28","Morgan Calahan","Michael Henderson","SSHA",0,0,1,1,"638","V",46,"130","35","Tundra","","","1937",NA,NA,NA
"2398",2023,"Kougarok","K4",1,"2023-05-28","Morgan Calahan","Michael Henderson","SSHA",0,0,1,1,"639","V",46,"320","5","Tundra","","","1938",NA,NA,NA
"2399",2023,"Kougarok","K4",1,"2023-05-28","Morgan Calahan","Michael Henderson","SSHA",0,0,1,1,"640","V",46,"120","25","Tundra","","","1940",NA,NA,NA
"2400",2023,"Kougarok","K4",1,"2023-05-28","Morgan Calahan","Michael Henderson","WISN",0,0,1,1,"640","V",46,"340","<100","Tundra","","","1941",NA,NA,NA
"2401",2023,"Kougarok","K4",1,"2023-05-28","Morgan Calahan","Michael Henderson","WIPT",1,0,0,1,"643","V",46,"120","250","Tundra","","","1942",NA,NA,NA
"2402",2023,"Kougarok","K4",1,"2023-05-28","Morgan Calahan","Michael Henderson","WIPT",1,0,0,1,"653","V",47,"330","98","Tundra","","","1943",NA,NA,NA
"2403",2023,"Kougarok","K4",1,"2023-05-28","Morgan Calahan","Michael Henderson","WIPT",1,1,0,2,"654","V",47,"330","176","Tundra","","","1944",NA,NA,NA
"2404",2023,"Kougarok","K4",1,"2023-05-28","Morgan Calahan","Michael Henderson","SSHA",0,0,2,2,"655","V",47,"","0","Tundra","","","1945",NA,NA,NA
"2405",2023,"Kougarok","K4",1,"2023-05-28","Morgan Calahan","Michael Henderson","WIPT",1,0,0,1,"657","V",48,"340","173","Tundra","","","1946",NA,NA,NA
"2406",2023,"Kougarok","K4",1,"2023-05-28","Morgan Calahan","Michael Henderson","ROPT",1,0,0,1,"658","V",48,"110","223","Tundra","","","1947",NA,NA,NA
"2407",2023,"Kougarok","K4",1,"2023-05-28","Morgan Calahan","Michael Henderson","WIPT",1,0,0,1,"659","V",48,"320","93","Tundra","","","1948",NA,NA,NA
"2408",2023,"Kougarok","K4",1,"2023-05-28","Morgan Calahan","Michael Henderson","WIPT",1,0,0,1,"701","V",48,"130","42","Tundra","","","1949",NA,NA,NA
"2409",2023,"Kougarok","K4",1,"2023-05-28","Morgan Calahan","Michael Henderson","ROPT",1,0,0,1,"701","V",48,"330","141","Tundra","","","1950",NA,NA,NA
"2410",2023,"Kougarok","K4",1,"2023-05-28","Morgan Calahan","Michael Henderson","WHIM",0,0,1,1,"702","A",48,"130","<100","Tundra","","","1951",NA,NA,NA
"2411",2023,"Kougarok","K4",1,"2023-05-28","Morgan Calahan","Michael Henderson","ROPT",1,0,0,1,"703","V",48,"320","244","Tundra","","","1952",NA,NA,NA
"2412",2023,"Kougarok","K4",1,"2023-05-28","Morgan Calahan","Michael Henderson","ROPT",1,0,0,1,"705","V",48,"340","256","Tundra","","","1953",NA,NA,NA
"2413",2023,"Kougarok","K4",1,"2023-05-28","Morgan Calahan","Michael Henderson","ROPT",1,0,0,1,"707","V",48,"110","204","Tundra","","","1954",NA,NA,NA
"2414",2023,"Kougarok","K4",1,"2023-05-28","Morgan Calahan","Michael Henderson","ROPT",2,0,0,2,"709","V",49,"340","250","Tundra","","","1955",NA,NA,NA
"2415",2023,"Kougarok","K4",1,"2023-05-28","Morgan Calahan","Michael Henderson","WIPT",2,0,0,2,"710","V",49,"320","34","Tundra","","","1956",NA,NA,NA
"2416",2023,"Kougarok","K4",1,"2023-05-28","Morgan Calahan","Michael Henderson","ROPT",1,0,0,1,"710","V",49,"310","27","Tundra","","","1957",NA,NA,NA
"2417",2023,"Kougarok","K4",1,"2023-05-28","Morgan Calahan","Michael Henderson","ROPT",1,0,0,1,"712","V",49,"300","35","Tundra","","","1958",NA,NA,NA
"2418",2023,"Kougarok","K4",1,"2023-05-28","Morgan Calahan","Michael Henderson","ROPT",1,0,0,1,"717","V",49,"120","127","Tundra","","","1959",NA,NA,NA
"2419",2023,"Kougarok","K4",1,"2023-05-28","Morgan Calahan","Michael Henderson","WIPT",1,0,0,1,"724","V",51,"90","77","Tundra","","","1960",NA,NA,NA
"2420",2023,"Kougarok","K4",1,"2023-05-28","Morgan Calahan","Michael Henderson","WIPT",1,0,0,1,"726","V",51,"70","125","Tundra","","","1961",NA,NA,NA
"2421",2023,"Kougarok","K4",1,"2023-05-28","Morgan Calahan","Michael Henderson","WIPT",1,1,0,2,"728","V",52,"","0","Tundra","","","1962",NA,NA,NA
"2422",2023,"Kougarok","K4",1,"2023-05-28","Morgan Calahan","Michael Henderson","WISN",0,0,1,1,"731","V",52,"","0","Tundra","","","1963",NA,NA,NA
"2423",2023,"Kougarok","K4",2,"2023-05-28","Morgan Calahan","Michael Henderson","WIPT",1,0,0,1,"1015","V",52,"150","15","Shrub","","","10",NA,NA,NA
"2424",2023,"Kougarok","K4",2,"2023-05-28","Morgan Calahan","Michael Henderson","WIPT",0,0,2,2,"1015","V",52,"","0","Tundra","","","11",NA,NA,NA
"2425",2023,"Kougarok","K4",2,"2023-05-28","Morgan Calahan","Michael Henderson","WISN",0,0,1,1,"1018","V",52,"110","25","Tundra","","","12",NA,NA,NA
"2426",2023,"Kougarok","K4",2,"2023-05-28","Morgan Calahan","Michael Henderson","WIPT",1,0,0,1,"1022","V",51,"90","61","Tundra","","","13",NA,NA,NA
"2427",2023,"Kougarok","K4",2,"2023-05-28","Morgan Calahan","Michael Henderson","WIPT",0,1,0,1,"1025","V",51,"260","2","Tundra","","","14",NA,NA,NA
"2428",2023,"Kougarok","K4",2,"2023-05-28","Morgan Calahan","Michael Henderson","WIPT",1,0,0,1,"1026","V",51,"240","5","Tundra","","","15",NA,NA,NA
"2429",2023,"Kougarok","K4",2,"2023-05-28","Morgan Calahan","Michael Henderson","ROPT",1,0,0,1,"1027","V",51,"","0","Tundra","","","16",NA,NA,NA
"2430",2023,"Kougarok","K4",2,"2023-05-28","Morgan Calahan","Michael Henderson","WISN",0,0,1,1,"1028","A",51,"260",">100","Tundra","","","17",NA,NA,NA
"2431",2023,"Kougarok","K4",2,"2023-05-28","Morgan Calahan","Michael Henderson","WISN",0,0,2,2,"1030","V",50,"","0","Tundra","","","18",NA,NA,NA
"2432",2023,"Kougarok","K4",2,"2023-05-28","Morgan Calahan","Michael Henderson","GOPL",0,0,2,2,"1034","V",49,"210","30","Tundra","","","19",NA,NA,NA
"2433",2023,"Kougarok","K4",2,"2023-05-28","Morgan Calahan","Michael Henderson","ROPT",1,1,0,2,"1035","A",49,"20","10","Tundra","","","20",NA,NA,NA
"2434",2023,"Kougarok","K4",2,"2023-05-28","Morgan Calahan","Michael Henderson","ROPT",1,0,0,1,"1038","V",49,"210","66","Bare","","","21",NA,NA,NA
"2435",2023,"Kougarok","K4",2,"2023-05-28","Morgan Calahan","Michael Henderson","AGSQ",0,0,1,1,"1038","V",49,"210","66","Bare","","","22",NA,NA,NA
"2436",2023,"Kougarok","K4",2,"2023-05-28","Morgan Calahan","Michael Henderson","AGSQ",0,0,1,1,"1042","V",49,"190","63","Bare","","","23",NA,NA,NA
"2437",2023,"Kougarok","K4",2,"2023-05-28","Morgan Calahan","Michael Henderson","ROPT",1,0,0,1,"1043","V",49,"70","265","Tundra","","","24",NA,NA,NA
"2438",2023,"Kougarok","K4",2,"2023-05-28","Morgan Calahan","Michael Henderson","ROPT",1,0,0,1,"1044","V",48,"20","10","Bare","","","25",NA,NA,NA
"2439",2023,"Kougarok","K4",2,"2023-05-28","Morgan Calahan","Michael Henderson","WIPT",1,0,0,1,"1044","V",48,"190","181","Tundra","","","26",NA,NA,NA
"2440",2023,"Kougarok","K4",2,"2023-05-28","Morgan Calahan","Michael Henderson","ROPT",1,0,0,1,"1047","V",48,"340","8","Tundra","","","27",NA,NA,NA
"2441",2023,"Kougarok","K4",2,"2023-05-28","Morgan Calahan","Michael Henderson","AGSQ",0,0,1,1,"1049","V",48,"30","353","Bare","","","28",NA,NA,NA
"2442",2023,"Kougarok","K4",2,"2023-05-28","Morgan Calahan","Michael Henderson","SSHA",0,0,1,1,"1056","V",47,"","0","Tundra","","","29",NA,NA,NA
"2443",2023,"Kougarok","K4",2,"2023-05-28","Morgan Calahan","Michael Henderson","WISN",0,0,2,2,"1056","A",47,"320",">100","Tundra","","","30",NA,NA,NA
"2444",2023,"Kougarok","K4",2,"2023-05-28","Morgan Calahan","Michael Henderson","WIPT",1,0,0,1,"1058","V",47,"310","29","Tundra","","","31",NA,NA,NA
"2445",2023,"Kougarok","K4",2,"2023-05-28","Morgan Calahan","Michael Henderson","SSHA",0,0,1,1,"1118","V",46,"0","","Tundra","","","32",NA,NA,NA
"2446",2023,"Kougarok","K4",2,"2023-05-28","Morgan Calahan","Michael Henderson","WISN",0,0,1,1,"1119","A",46,"130","<100","Tundra","","","33",NA,NA,NA
"2447",2023,"Kougarok","K4",2,"2023-05-28","Morgan Calahan","Michael Henderson","WIPT",0,1,0,1,"1122","V",45,"","0","Tundra","","","34",NA,NA,NA
"2448",2023,"Kougarok","K4",2,"2023-05-28","Morgan Calahan","Michael Henderson","WISN",0,0,1,1,"1112","A",44,"290","<100","Tundra","","","35",NA,NA,NA
"2449",2023,"Kougarok","K4",2,"2023-05-28","Morgan Calahan","Michael Henderson","WIPT",1,0,0,1,"1123","V",44,"120","15","Tundra","","","36",NA,NA,NA
"2450",2023,"Kougarok","K4",2,"2023-05-28","Morgan Calahan","Michael Henderson","WIPT",1,0,0,1,"1132","V",44,"120","20","Tundra","","","37",NA,NA,NA
"2451",2023,"Kougarok","K5",1,"2023-05-28","Morgan Calahan","Michael Henderson","WIPT",1,0,0,1,"736","V",52,"270","5","Tundra","","","1964",NA,NA,NA
"2452",2023,"Kougarok","K5",1,"2023-05-28","Morgan Calahan","Michael Henderson","WIPT",1,1,0,2,"746","V",54,"120","10","Tundra","","","1965",NA,NA,NA
"2453",2023,"Kougarok","K5",1,"2023-05-28","Morgan Calahan","Michael Henderson","WIPT",1,0,0,1,"750","V",54,"100","200","Tundra","","","1966",NA,NA,NA
"2454",2023,"Kougarok","K5",1,"2023-05-28","Morgan Calahan","Michael Henderson","WISN",0,0,1,1,"753","A",54,"300","30","Tundra","","","1967",NA,NA,NA
"2455",2023,"Kougarok","K5",1,"2023-05-28","Morgan Calahan","Michael Henderson","WIPT",1,1,0,2,"759","V",55,"","0","Tundra","","","1968",NA,NA,NA
"2456",2023,"Kougarok","K5",1,"2023-05-28","Morgan Calahan","Michael Henderson","WIPT",1,0,0,1,"800","V",55,"280","32","Tundra","","","1969",NA,NA,NA
"2457",2023,"Kougarok","K5",1,"2023-05-28","Morgan Calahan","Michael Henderson","SSHA",0,0,1,1,"803","V",55,"280","20","Tundra","","","1970",NA,NA,NA
"2458",2023,"Kougarok","K5",1,"2023-05-28","Morgan Calahan","Michael Henderson","WIPT",1,0,0,1,"805","V",55,"290","166","Tundra","","","1971",NA,NA,NA
"2459",2023,"Kougarok","K5",1,"2023-05-28","Morgan Calahan","Michael Henderson","WISN",0,0,2,2,"810","A",58,"260","<100","Tundra","","","1972",NA,NA,NA
"2460",2023,"Kougarok","K5",1,"2023-05-28","Morgan Calahan","Michael Henderson","SSHA",0,0,5,5,"814","V",58,"","0","Shrub","","","1973",NA,NA,NA
"2461",2023,"Kougarok","K5",1,"2023-05-28","Morgan Calahan","Michael Henderson","SSHA",0,0,7,7,"815","V",58,"","0","Shrub","","","1974",NA,NA,NA
"2462",2023,"Kougarok","K5",1,"2023-05-28","Morgan Calahan","Michael Henderson","SSHA",0,0,1,1,"818","V",58,"","0","Shrub","","","1975",NA,NA,NA
"2463",2023,"Kougarok","K5",1,"2023-05-28","Morgan Calahan","Michael Henderson","SSHA",0,0,5,5,"818","V",58,"","0","Shrub","","","1976",NA,NA,NA
"2464",2023,"Kougarok","K5",1,"2023-05-28","Morgan Calahan","Michael Henderson","SSHA",0,0,2,2,"820","V",58,"","0","Shrub","","","1977",NA,NA,NA
"2465",2023,"Kougarok","K5",1,"2023-05-28","Morgan Calahan","Michael Henderson","SSHA",0,0,1,1,"822","V",59,"","0","Shrub","","","1978",NA,NA,NA
"2466",2023,"Kougarok","K5",1,"2023-05-28","Morgan Calahan","Michael Henderson","SSHA",0,0,2,2,"824","V",59,"240","15","Shrub","","","1979",NA,NA,NA
"2467",2023,"Kougarok","K5",1,"2023-05-28","Morgan Calahan","Michael Henderson","WISN",0,0,3,3,"825","A",59,"60","110","Shrub","","","1980",NA,NA,NA
"2468",2023,"Kougarok","K5",1,"2023-05-28","Morgan Calahan","Michael Henderson","WISN",0,0,1,1,"827","V",59,"20","5","Shrub","","","1981",NA,NA,NA
"2469",2023,"Kougarok","K5",1,"2023-05-28","Morgan Calahan","Michael Henderson","WISN",0,0,2,2,"829","A",59,"220","<100","Shrub","","","1982",NA,NA,NA
"2470",2023,"Kougarok","K5",1,"2023-05-28","Morgan Calahan","Michael Henderson","SSHA",0,0,1,1,"841","V",60,"45","15","Shrub","","","1983",NA,NA,NA
"2471",2023,"Kougarok","K5",1,"2023-05-28","Morgan Calahan","Michael Henderson","SSHA",0,0,1,1,"845","V",62,"30","30","Shrub","","","1984",NA,NA,NA
"2472",2023,"Kougarok","K5",1,"2023-05-28","Morgan Calahan","Michael Henderson","WISN",0,0,1,1,"850","V",63,"","0","Shrub","","","1985",NA,NA,NA
"2473",2023,"Kougarok","K5",2,"2023-05-28","Morgan Calahan","Michael Henderson","SSHA",0,0,1,1,"916","V",61,"230","61","Shrub","","","1986",NA,NA,NA
"2474",2023,"Kougarok","K5",2,"2023-05-28","Morgan Calahan","Michael Henderson","SSHA",0,0,1,1,"918","V",60,"","0","Shrub","","","1987",NA,NA,NA
"2475",2023,"Kougarok","K5",2,"2023-05-28","Morgan Calahan","Michael Henderson","WISN",0,0,1,1,"918","A",60,"240","<100","Shrub","","","1988",NA,NA,NA
"2476",2023,"Kougarok","K5",2,"2023-05-28","Morgan Calahan","Michael Henderson","SSHA",0,0,1,1,"921","V",60,"250","10","Shrub","","","1989",NA,NA,NA
"2477",2023,"Kougarok","K5",2,"2023-05-28","Morgan Calahan","Michael Henderson","SSHA",0,0,1,1,"923","V",60,"","0","Shrub","","","1990",NA,NA,NA
"2478",2023,"Kougarok","K5",2,"2023-05-28","Morgan Calahan","Michael Henderson","SSHA",0,0,1,1,"924","V",60,"230","20","Bare","","","1991",NA,NA,NA
"2479",2023,"Kougarok","K5",2,"2023-05-28","Morgan Calahan","Michael Henderson","SSHA",0,0,6,6,"925","V",59,"","0","Shrub","","","1992",NA,NA,NA
"2480",2023,"Kougarok","K5",2,"2023-05-28","Morgan Calahan","Michael Henderson","SSHA",0,0,2,2,"927","V",59,"60","20","Shrub","","","1993",NA,NA,NA
"2481",2023,"Kougarok","K5",2,"2023-05-28","Morgan Calahan","Michael Henderson","SSHA",0,0,3,3,"927","V",59,"","0","Shrub","","","1994",NA,NA,NA
"2482",2023,"Kougarok","K5",2,"2023-05-28","Morgan Calahan","Michael Henderson","SSHA",0,0,3,3,"930","V",59,"","0","Shrub","","","1995",NA,NA,NA
"2483",2023,"Kougarok","K5",2,"2023-05-28","Morgan Calahan","Michael Henderson","SSHA",0,0,1,1,"930","V",59,"","0","Shrub","","","1996",NA,NA,NA
"2484",2023,"Kougarok","K5",2,"2023-05-28","Morgan Calahan","Michael Henderson","SSHA",0,0,2,2,"931","V",59,"","0","Shrub","","","1997",NA,NA,NA
"2485",2023,"Kougarok","K5",2,"2023-05-28","Morgan Calahan","Michael Henderson","SSHA",0,0,2,2,"939","V",58,"","0","Shrub","","","1998",NA,NA,NA
"2486",2023,"Kougarok","K5",2,"2023-05-28","Morgan Calahan","Michael Henderson","SSHA",0,0,1,1,"939","V",58,"","0","Shrub","","","1999",NA,NA,NA
"2487",2023,"Kougarok","K5",2,"2023-05-28","Morgan Calahan","Michael Henderson","SSHA",0,0,2,2,"941","V",58,"280","28","Bare","","","2000",NA,NA,NA
"2488",2023,"Kougarok","K5",2,"2023-05-28","Morgan Calahan","Michael Henderson","WIPT",1,0,0,1,"944","V",58,"250","91","Tundra","","","2001",NA,NA,NA
"2489",2023,"Kougarok","K5",2,"2023-05-28","Morgan Calahan","Michael Henderson","WIPT",1,0,0,1,"945","V",58,"280","7","Tundra","","","2002",NA,NA,NA
"2490",2023,"Kougarok","K5",2,"2023-05-28","Morgan Calahan","Michael Henderson","WIPT",1,0,0,1,"946","V",58,"260","99","Tundra","","","2003",NA,NA,NA
"2491",2023,"Kougarok","K5",2,"2023-05-28","Morgan Calahan","Michael Henderson","WIPT",1,1,0,2,"952","V",58,"0","10","Tundra","","","2004",NA,NA,NA
"2492",2023,"Kougarok","K5",2,"2023-05-28","Morgan Calahan","Michael Henderson","WIPT",1,0,0,1,"953","V",58,"","0","Tundra","","","2005",NA,NA,NA
"2493",2023,"Kougarok","K5",2,"2023-05-28","Morgan Calahan","Michael Henderson","WIPT",1,0,0,1,"957","V",58,"120","20","Tundra","","","2006",NA,NA,NA
"2494",2023,"Kougarok","K5",2,"2023-05-28","Morgan Calahan","Michael Henderson","WIPT",1,0,0,1,"1000","V",54,"160","15","Tundra","","","2007",NA,NA,NA
"2495",2023,"Kougarok","K5",2,"2023-05-28","Morgan Calahan","Michael Henderson","WIPT",1,1,0,2,"1003","V",54,"160","15","Tundra","","","2008",NA,NA,NA
"2496",2023,"Kougarok","K5",2,"2023-05-28","Morgan Calahan","Michael Henderson","SSHA",0,0,1,1,"1009","V",54,"","0","Tundra","","","2009",NA,NA,NA
"2497",2023,"Teller","T1",1,"2023-05-19","Morgan Calahan","Michael Henderson","WISN",0,0,1,1,"702","A",8,"200",">100","Tundra","","","1381",NA,NA,NA
"2498",2023,"Teller","T1",1,"2023-05-19","Morgan Calahan","Michael Henderson","WISN",0,0,2,2,"706","A",8,"0","34","Shrub","","","1382",NA,NA,NA
"2499",2023,"Teller","T1",1,"2023-05-19","Morgan Calahan","Michael Henderson","WIPT",1,1,0,2,"720","V",12,"","0","Shrub","","","1383",NA,NA,NA
"2500",2023,"Teller","T1",1,"2023-05-19","Morgan Calahan","Michael Henderson","WIPT",1,0,0,1,"723","V",12,"250","53","Shrub","","","1384",NA,NA,NA
"2501",2023,"Teller","T1",1,"2023-05-19","Morgan Calahan","Michael Henderson","WISN",0,0,2,2,"729","V",12,"","0","Shrub","","","1385",NA,NA,NA
"2502",2023,"Teller","T1",1,"2023-05-19","Morgan Calahan","Michael Henderson","WIPT",1,0,0,1,"732","V",12,"230","212","Tundra","","","1386",NA,NA,NA
"2503",2023,"Teller","T1",1,"2023-05-19","Morgan Calahan","Michael Henderson","WISN",0,0,1,1,"734","A",13,"240","70","Shrub","","","1387",NA,NA,NA
"2504",2023,"Teller","T1",1,"2023-05-19","Morgan Calahan","Michael Henderson","WIPT",1,0,0,1,"734","A",14,"180","<100","Shrub","","","1388",NA,NA,NA
"2505",2023,"Teller","T1",1,"2023-05-19","Morgan Calahan","Michael Henderson","WIPT",1,0,0,1,"738","V",14,"","0","Tundra","","","1389",NA,NA,NA
"2506",2023,"Teller","T1",1,"2023-05-19","Morgan Calahan","Michael Henderson","WIPT",1,1,0,2,"749","V",16,"","0","Tundra","","","1390",NA,NA,NA
"2507",2023,"Teller","T1",1,"2023-05-19","Morgan Calahan","Michael Henderson","WIPT",1,0,0,1,"751","V",16,"280","35","Shrub","","","1391",NA,NA,NA
"2508",2023,"Teller","T1",1,"2023-05-19","Morgan Calahan","Michael Henderson","WISN",0,0,1,1,"752","A",16,"40","<100","Tundra","","","1392",NA,NA,NA
"2509",2023,"Teller","T1",1,"2023-05-19","Morgan Calahan","Michael Henderson","WIPT",2,0,0,2,"752","A",16,"40","152","Tundra","","","1393",NA,NA,NA
"2510",2023,"Teller","T1",1,"2023-05-19","Morgan Calahan","Michael Henderson","WIPT",1,1,0,2,"755","V",16,"220","97","Tundra","","","1394",NA,NA,NA
"2511",2023,"Teller","T1",1,"2023-05-19","Morgan Calahan","Michael Henderson","WIPT",1,1,0,2,"800","V",17,"70","166","Shrub","","","1395",NA,NA,NA
"2512",2023,"Teller","T1",1,"2023-05-19","Morgan Calahan","Michael Henderson","WIPT",0,0,1,1,"801","V",17,"60","92","Tundra","","","1396",NA,NA,NA
"2513",2023,"Teller","T1",1,"2023-05-19","Morgan Calahan","Michael Henderson","WISN",0,0,1,1,"801","V",17,"60","186","Tundra","","","1397",NA,NA,NA
"2514",2023,"Teller","T1",1,"2023-05-19","Morgan Calahan","Michael Henderson","WIPT",1,1,0,2,"804","V",17,"280","47","Tundra","","","1398",NA,NA,NA
"2515",2023,"Teller","T1",1,"2023-05-19","Morgan Calahan","Michael Henderson","WISN",0,0,1,1,"807","A",17,"90","<100","Tundra","","","1399",NA,NA,NA
"2516",2023,"Teller","T1",1,"2023-05-19","Morgan Calahan","Michael Henderson","WIPT",1,1,0,2,"807","A",17,"300","116","Tundra","","","1400",NA,NA,NA
"2517",2023,"Teller","T1",1,"2023-05-19","Morgan Calahan","Michael Henderson","WIPT",1,1,0,2,"809","V",17,"70","32","Shrub","","","1401",NA,NA,NA
"2518",2023,"Teller","T1",1,"2023-05-19","Morgan Calahan","Michael Henderson","WISN",0,0,4,4,"809","V",17,"70","<100","Shrub","","","1402",NA,NA,NA
"2519",2023,"Teller","T1",1,"2023-05-19","Morgan Calahan","Michael Henderson","WISN",0,0,1,1,"813","V",17,"70","106","Shrub","","","1404",NA,NA,NA
"2520",2023,"Teller","T1",1,"2023-05-19","Morgan Calahan","Michael Henderson","WIPT",2,0,0,2,"813","V",17,"290","78","Shrub","","","1403",NA,NA,NA
"2521",2023,"Teller","T1",1,"2023-05-19","Morgan Calahan","Michael Henderson","GOPL",0,0,2,2,"815","V",17,"290","71","Tundra","","","1405",NA,NA,NA
"2522",2023,"Teller","T1",1,"2023-05-19","Morgan Calahan","Michael Henderson","WIPT",0,1,0,1,"817","V",17,"300","94","Tundra","","","1406",NA,NA,NA
"2523",2023,"Teller","T1",2,"2023-05-22","Morgan Calahan","Michael Henderson","WIPT",1,0,0,1,"1103","V",18,"270","63","Tundra","","","1755",NA,NA,NA
"2524",2023,"Teller","T1",2,"2023-05-22","Morgan Calahan","Michael Henderson","WISN",0,0,1,1,"1103","A",17,"270",">100","Tundra","","","1756",NA,NA,NA
"2525",2023,"Teller","T1",2,"2023-05-22","Morgan Calahan","Michael Henderson","WISN",0,0,1,1,"1105","A",17,"90","<100","Tundra","","","1757",NA,NA,NA
"2526",2023,"Teller","T1",2,"2023-05-22","Morgan Calahan","Michael Henderson","LTJA",0,0,1,1,"1105","V",17,"140","100","Tundra","","","1758",NA,NA,NA
"2527",2023,"Teller","T1",2,"2023-05-22","Morgan Calahan","Michael Henderson","LTJA",0,0,1,1,"1108","V",17,"270","106","Tundra","","","1759",NA,NA,NA
"2528",2023,"Teller","T1",2,"2023-05-22","Morgan Calahan","Michael Henderson","WISN",0,0,1,1,"1109","A",17,"270","<100","Tundra","","","1760",NA,NA,NA
"2529",2023,"Teller","T1",2,"2023-05-22","Morgan Calahan","Michael Henderson","WIPT",0,1,0,1,"1110","V",17,"100","52","Tundra","","","1761",NA,NA,NA
"2530",2023,"Teller","T1",2,"2023-05-22","Morgan Calahan","Michael Henderson","WIPT",1,0,0,1,"1111","V",17,"","0","Tundra","","","1762",NA,NA,NA
"2531",2023,"Teller","T1",2,"2023-05-22","Morgan Calahan","Michael Henderson","WIPT",1,1,0,2,"1112","V",17,"","0","Tundra","","","1763",NA,NA,NA
"2532",2023,"Teller","T1",2,"2023-05-22","Morgan Calahan","Michael Henderson","WISN",0,0,1,1,"1114","V",16,"","0","Tundra","","","1764",NA,NA,NA
"2533",2023,"Teller","T1",2,"2023-05-22","Morgan Calahan","Michael Henderson","WISN",0,0,1,1,"1116","A",16,"200","<100","Tundra","","","1765",NA,NA,NA
"2534",2023,"Teller","T1",2,"2023-05-22","Morgan Calahan","Michael Henderson","WISN",0,0,2,2,"1124","V",14,"100","84","Tundra","","","1766",NA,NA,NA
"2535",2023,"Teller","T1",2,"2023-05-22","Morgan Calahan","Michael Henderson","WISN",0,0,4,4,"1126","V",14,"240","300","Tundra","","","1767",NA,NA,NA
"2536",2023,"Teller","T1",2,"2023-05-22","Morgan Calahan","Michael Henderson","WISN",0,0,1,1,"1128","A",13,"210","<100","Tundra","","","1768",NA,NA,NA
"2537",2023,"Teller","T1",2,"2023-05-22","Morgan Calahan","Michael Henderson","WIPT",1,0,0,1,"1129","A",13,"50","375","Shrub","","","1769",NA,NA,NA
"2538",2023,"Teller","T1",2,"2023-05-22","Morgan Calahan","Michael Henderson","LTJA",0,0,3,3,"1133","V",13,"40","40","Tundra","","","1770",NA,NA,NA
"2539",2023,"Teller","T1",2,"2023-05-22","Morgan Calahan","Michael Henderson","WISN",0,0,1,1,"1134","A",13,"90","10","Shrub","","","1771",NA,NA,NA
"2540",2023,"Teller","T1",2,"2023-05-22","Morgan Calahan","Michael Henderson","WIPT",1,0,0,1,"1140","V",11,"210","5","Shrub","","","1772",NA,NA,NA
"2541",2023,"Teller","T1",2,"2023-05-22","Morgan Calahan","Michael Henderson","ROPT",1,0,0,1,"1147","V",10,"20","170","Bare","","","1773",NA,NA,NA
"2542",2023,"Teller","T1",2,"2023-05-22","Morgan Calahan","Michael Henderson","WISN",0,0,1,1,"1150","V",10,"340","30","Shrub","","","1774",NA,NA,NA
"2543",2023,"Teller","T1",2,"2023-05-22","Morgan Calahan","Michael Henderson","WISN",0,0,1,1,"1156","A",9,"180","<100","Shrub","","","1775",NA,NA,NA
"2544",2023,"Teller","T1",2,"2023-05-22","Morgan Calahan","Michael Henderson","WISN",0,0,1,1,"1157","V",9,"","0","Shrub","","","1776",NA,NA,NA
"2545",2023,"Teller","T1",2,"2023-05-22","Morgan Calahan","Michael Henderson","WISN",0,0,2,2,"1157","V",9,"40","25","Shrub","","","1777",NA,NA,NA
"2546",2023,"Teller","T2",1,"2023-05-19","Morgan Calahan","Michael Henderson","WIPT",1,0,0,1,"820","V",18,"300","84","Tundra","","","1407",NA,NA,NA
"2547",2023,"Teller","T2",1,"2023-05-19","Morgan Calahan","Michael Henderson","WIPT",1,0,0,1,"825","V",18,"280","147","Tundra","","","1408",NA,NA,NA
"2548",2023,"Teller","T2",1,"2023-05-19","Morgan Calahan","Michael Henderson","WISN",0,0,2,2,"828","V",18,"80","40","Tundra","","","1409",NA,NA,NA
"2549",2023,"Teller","T2",1,"2023-05-19","Morgan Calahan","Michael Henderson","WISN",0,0,1,1,"828","A",18,"310","<100","Tundra","","","1410",NA,NA,NA
"2550",2023,"Teller","T2",1,"2023-05-19","Morgan Calahan","Michael Henderson","WIPT",1,0,0,1,"830","V",18,"290","10","Tundra","","","1411",NA,NA,NA
"2551",2023,"Teller","T2",1,"2023-05-19","Morgan Calahan","Michael Henderson","WIPT",1,0,0,1,"831","V",18,"90","78","Tundra","","","1412",NA,NA,NA
"2552",2023,"Teller","T2",1,"2023-05-19","Morgan Calahan","Michael Henderson","WIPT",1,1,0,2,"834","V",18,"80","111","Tundra","","","1413",NA,NA,NA
"2553",2023,"Teller","T2",1,"2023-05-19","Morgan Calahan","Michael Henderson","WISN",0,0,1,1,"835","V",18,"80","50","Tundra","","","1414",NA,NA,NA
"2554",2023,"Teller","T2",1,"2023-05-19","Morgan Calahan","Michael Henderson","WIPT",0,1,0,1,"835","V",18,"280","10","Tundra","","","1415",NA,NA,NA
"2555",2023,"Teller","T2",1,"2023-05-19","Morgan Calahan","Michael Henderson","WIPT",2,0,0,2,"838","V",18,"70","101","Tundra","","","1416",NA,NA,NA
"2556",2023,"Teller","T2",1,"2023-05-19","Morgan Calahan","Michael Henderson","WIPT",1,0,0,1,"840","V",19,"80","27","Tundra","","","1417",NA,NA,NA
"2557",2023,"Teller","T2",1,"2023-05-19","Morgan Calahan","Michael Henderson","WISN",0,0,1,1,"841","A",19,"230","<1200","Tundra","","","1418",NA,NA,NA
"2558",2023,"Teller","T2",1,"2023-05-19","Morgan Calahan","Michael Henderson","WIPT",1,1,0,2,"842","V",19,"20","70","Tundra","","","1419",NA,NA,NA
"2559",2023,"Teller","T2",1,"2023-05-19","Morgan Calahan","Michael Henderson","WIPT",1,1,0,2,"846","V",19,"0","133","Tundra","","","1420",NA,NA,NA
"2560",2023,"Teller","T2",1,"2023-05-19","Morgan Calahan","Michael Henderson","SEOW",0,0,1,1,"849","V",19,"10","128","Tundra","","","1421",NA,NA,NA
"2561",2023,"Teller","T2",1,"2023-05-19","Morgan Calahan","Michael Henderson","WISN",0,0,1,1,"850","A",19,"260",">100","Tundra","","","1422",NA,NA,NA
"2562",2023,"Teller","T2",1,"2023-05-19","Morgan Calahan","Michael Henderson","WIPT",1,0,0,1,"850","A",19,"20","114","Tundra","","","1423",NA,NA,NA
"2563",2023,"Teller","T2",1,"2023-05-19","Morgan Calahan","Michael Henderson","WIPT",0,1,0,1,"852","V",19,"0","33","Tundra","","","1424",NA,NA,NA
"2564",2023,"Teller","T2",1,"2023-05-19","Morgan Calahan","Michael Henderson","WIPT",1,1,0,2,"855","V",19,"40","44","Tundra","","","1425",NA,NA,NA
"2565",2023,"Teller","T2",1,"2023-05-19","Morgan Calahan","Michael Henderson","WIPT",1,0,0,1,"858","V",19,"320","37","Tundra","","","1426",NA,NA,NA
"2566",2023,"Teller","T2",1,"2023-05-19","Morgan Calahan","Michael Henderson","WIPT",1,0,0,1,"859","V",20,"120","24","Tundra","","","1427",NA,NA,NA
"2567",2023,"Teller","T2",1,"2023-05-19","Morgan Calahan","Michael Henderson","WIPT",1,0,0,1,"905","V",20,"220","63","Tundra","tall snow birms; lower visibility","","1428",NA,NA,NA
"2568",2023,"Teller","T2",1,"2023-05-19","Morgan Calahan","Michael Henderson","WIPT",1,1,0,2,"905","V",20,"210","161","Tundra","","","1429",NA,NA,NA
"2569",2023,"Teller","T2",1,"2023-05-19","Morgan Calahan","Michael Henderson","WIPT",1,0,0,1,"905","V",21,"230","81","Tundra","","","",NA,NA,NA
"2570",2023,"Teller","T2",1,"2023-05-19","Morgan Calahan","Michael Henderson","WIPT",1,0,0,1,"910","V",21,"250","78","Tundra","","","1430",NA,NA,NA
"2571",2023,"Teller","T2",1,"2023-05-19","Morgan Calahan","Michael Henderson","LTJA",0,0,3,3,"913","V",21,"","0","Tundra","","","1431",NA,NA,NA
"2572",2023,"Teller","T2",1,"2023-05-19","Morgan Calahan","Michael Henderson","WISN",0,0,1,1,"915","A",21,"50","75","Tundra","","","1432",NA,NA,NA
"2573",2023,"Teller","T2",1,"2023-05-19","Morgan Calahan","Michael Henderson","GOPL",0,0,1,1,"915","V",21,"350","104","Tundra","","","1433",NA,NA,NA
"2574",2023,"Teller","T2",1,"2023-05-19","Morgan Calahan","Michael Henderson","WIPT",1,1,0,2,"922","V",22,"10","239","Tundra","","","1434",NA,NA,NA
"2575",2023,"Teller","T2",1,"2023-05-19","Morgan Calahan","Michael Henderson","WISN",0,0,1,1,"926","V",22,"20","77","Tundra","","","1435",NA,NA,NA
"2576",2023,"Teller","T2",1,"2023-05-19","Morgan Calahan","Michael Henderson","WIPT",2,0,0,2,"926","V",22,"240","75","Tundra","","","1436",NA,NA,NA
"2577",2023,"Teller","T2",1,"2023-05-19","Morgan Calahan","Michael Henderson","WIPT",1,1,0,2,"926","V",22,"10","61","Tundra","","","1437",NA,NA,NA
"2578",2023,"Teller","T2",1,"2023-05-19","Morgan Calahan","Michael Henderson","GOPL",0,0,1,1,"929","V",22,"10","40","Tundra","","","1438",NA,NA,NA
"2579",2023,"Teller","T2",1,"2023-05-19","Morgan Calahan","Michael Henderson","WISN",0,0,2,2,"932","V",22,"170","53","Tundra","","","1439",NA,NA,NA
"2580",2023,"Teller","T2",1,"2023-05-19","Morgan Calahan","Michael Henderson","WIPT",1,0,0,1,"933","V",22,"320","10","Tundra","","","1440",NA,NA,NA
"2581",2023,"Teller","T2",1,"2023-05-19","Morgan Calahan","Michael Henderson","WIPT",1,1,0,2,"935","V",22,"0","25","Tundra","","","1441",NA,NA,NA
"2582",2023,"Teller","T2",1,"2023-05-19","Morgan Calahan","Michael Henderson","WIPT",1,1,0,2,"936","V",22,"180","41","Tundra","","","1442",NA,NA,NA
"2583",2023,"Teller","T2",1,"2023-05-19","Morgan Calahan","Michael Henderson","WIPT",1,0,0,1,"936","V",22,"0","41","Tundra","","","1443",NA,NA,NA
"2584",2023,"Teller","T2",1,"2023-05-19","Morgan Calahan","Michael Henderson","GOPL",0,0,1,1,"937","V",22,"0","51","Tundra","","","1444",NA,NA,NA
"2585",2023,"Teller","T2",1,"2023-05-19","Morgan Calahan","Michael Henderson","WIPT",1,0,0,1,"936","V",23,"","0","Tundra","","","1445",NA,NA,NA
"2586",2023,"Teller","T2",1,"2023-05-19","Morgan Calahan","Michael Henderson","WIPT",1,1,0,2,"939","V",23,"180","349","Tundra","","","1446",NA,NA,NA
"2587",2023,"Teller","T2",1,"2023-05-19","Morgan Calahan","Michael Henderson","WISN",0,0,1,1,"940","A",23,"160",">100","Tundra","","","1447",NA,NA,NA
"2588",2023,"Teller","T2",1,"2023-05-19","Morgan Calahan","Michael Henderson","WIPT",1,0,0,1,"941","V",23,"340","111","Tundra","","","1448",NA,NA,NA
"2589",2023,"Teller","T2",1,"2023-05-19","Morgan Calahan","Michael Henderson","WHIM",0,0,2,2,"942","V",23,"0","127","Tundra","","","1449",NA,NA,NA
"2590",2023,"Teller","T2",1,"2023-05-19","Morgan Calahan","Michael Henderson","WIPT",1,0,0,1,"943","V",23,"300","149","Tundra","","","1450",NA,NA,NA
"2591",2023,"Teller","T2",1,"2023-05-19","Morgan Calahan","Michael Henderson","WIPT",2,0,0,2,"945","V",23,"180","81","Tundra","","","1451",NA,NA,NA
"2592",2023,"Teller","T2",1,"2023-05-19","Morgan Calahan","Michael Henderson","WIPT",1,0,0,1,"947","V",23,"180","64","Tundra","","","1452",NA,NA,NA
"2593",2023,"Teller","T2",1,"2023-05-19","Morgan Calahan","Michael Henderson","WISN",0,0,2,2,"948","V",23,"180","255","Tundra","","","1453",NA,NA,NA
"2594",2023,"Teller","T2",1,"2023-05-19","Morgan Calahan","Michael Henderson","WIPT",1,0,0,1,"950","V",23,"180","10","Tundra","","","1454",NA,NA,NA
"2595",2023,"Teller","T2",1,"2023-05-19","Morgan Calahan","Michael Henderson","WIPT",1,1,0,2,"950","V",23,"180","10","Tundra","","","1455",NA,NA,NA
"2596",2023,"Teller","T2",1,"2023-05-19","Morgan Calahan","Michael Henderson","WIPT",1,0,0,1,"953","V",23,"210","42","Tundra","","","1456",NA,NA,NA
"2597",2023,"Teller","T2",1,"2023-05-19","Morgan Calahan","Michael Henderson","LTJA",0,0,1,1,"955","V",23,"200","61","Tundra","","","1457",NA,NA,NA
"2598",2023,"Teller","T2",1,"2023-05-19","Morgan Calahan","Michael Henderson","WIPT",1,0,0,1,"956","V",23,"0","74","Tundra","","","1458",NA,NA,NA
"2599",2023,"Teller","T2",1,"2023-05-19","Morgan Calahan","Michael Henderson","WIPT",1,1,0,2,"956","V",23,"350","97","Tundra","","","1459",NA,NA,NA
"2600",2023,"Teller","T2",1,"2023-05-19","Morgan Calahan","Michael Henderson","WIPT",1,1,0,2,"1000","V",24,"0","91","Tundra","","","1460",NA,NA,NA
"2601",2023,"Teller","T2",1,"2023-05-19","Morgan Calahan","Michael Henderson","WIPT",1,1,0,2,"1000","V",24,"0","330","Tundra","","","1461",NA,NA,NA
"2602",2023,"Teller","T2",1,"2023-05-19","Morgan Calahan","Michael Henderson","WIPT",1,1,0,2,"1004","V",24,"0","83","Tundra","","","1462",NA,NA,NA
"2603",2023,"Teller","T2",1,"2023-05-19","Morgan Calahan","Michael Henderson","WIPT",1,0,0,1,"1006","V",24,"0","79","Tundra","","","1463",NA,NA,NA
"2604",2023,"Teller","T2",1,"2023-05-19","Morgan Calahan","Michael Henderson","WIPT",0,1,0,1,"1008","V",24,"0","5","Tundra","","","1464",NA,NA,NA
"2605",2023,"Teller","T2",1,"2023-05-19","Morgan Calahan","Michael Henderson","WIPT",1,0,0,1,"1009","V",24,"0","11","Tundra","","","1465",NA,NA,NA
"2606",2023,"Teller","T2",1,"2023-05-19","Morgan Calahan","Michael Henderson","WIPT",1,0,0,1,"1010","V",24,"330","45","Tundra","","","1466",NA,NA,NA
"2607",2023,"Teller","T2",1,"2023-05-19","Morgan Calahan","Michael Henderson","GOPL",0,0,1,1,"1010","V",24,"330","37","Tundra","","","1467",NA,NA,NA
"2608",2023,"Teller","T2",1,"2023-05-19","Morgan Calahan","Michael Henderson","WIPT",1,0,0,1,"1028","V",26,"70","73","Tundra","","","1468",NA,NA,NA
"2609",2023,"Teller","T2",1,"2023-05-19","Morgan Calahan","Michael Henderson","WIPT",1,0,0,1,"1029","V",26,"280","46","Tundra","","","1469",NA,NA,NA
"2610",2023,"Teller","T2",1,"2023-05-19","Morgan Calahan","Michael Henderson","WIPT",1,1,0,2,"1031","V",26,"70","101","Tundra","","","1470",NA,NA,NA
"2611",2023,"Teller","T2",1,"2023-05-19","Morgan Calahan","Michael Henderson","WIPT",1,1,0,2,"1033","V",26,"90","127","Tundra","","","1471",NA,NA,NA
"2612",2023,"Teller","T2",1,"2023-05-19","Morgan Calahan","Michael Henderson","WIPT",1,1,0,2,"1033","V",26,"90","44","Tundra","","","1472",NA,NA,NA
"2613",2023,"Teller","T2",1,"2023-05-19","Morgan Calahan","Michael Henderson","WIPT",1,0,0,1,"1033","V",26,"280","110","Tundra","","","1473",NA,NA,NA
"2614",2023,"Teller","T2",1,"2023-05-19","Morgan Calahan","Michael Henderson","WIPT",1,1,0,2,"1034","V",26,"280","69","Tundra","","","1474",NA,NA,NA
"2615",2023,"Teller","T2",1,"2023-05-19","Morgan Calahan","Michael Henderson","WIPT",1,1,0,2,"1037","V",26,"300","152","Tundra","","","1475",NA,NA,NA
"2616",2023,"Teller","T2",1,"2023-05-19","Morgan Calahan","Michael Henderson","WIPT",1,0,0,1,"1040","V",26,"280","70","Tundra","","","1476",NA,NA,NA
"2617",2023,"Teller","T2",1,"2023-05-19","Morgan Calahan","Michael Henderson","WIPT",1,0,0,1,"1043","V",26,"280","60","Tundra","","","1477",NA,NA,NA
"2618",2023,"Teller","T2",1,"2023-05-19","Morgan Calahan","Michael Henderson","WISN",0,0,1,1,"1043","A",26,"280","<100","Tundra","","","1478",NA,NA,NA
"2619",2023,"Teller","T2",1,"2023-05-19","Morgan Calahan","Michael Henderson","WISN",0,0,1,1,"1043","A",26,"280","<100","Tundra","","","1479",NA,NA,NA
"2620",2023,"Teller","T2",1,"2023-05-19","Morgan Calahan","Michael Henderson","WISN",0,0,1,1,"1046","V",27,"","0","Shrub","","","1480",NA,NA,NA
"2621",2023,"Teller","T2",1,"2023-05-19","Morgan Calahan","Michael Henderson","WISN",0,0,1,1,"1046","V",27,"","0","Shrub","","","1481",NA,NA,NA
"2622",2023,"Teller","T2",1,"2023-05-19","Morgan Calahan","Michael Henderson","WIPT",1,0,0,1,"1046","V",27,"310","248","Shrub","","","1482",NA,NA,NA
"2623",2023,"Teller","T2",1,"2023-05-19","Morgan Calahan","Michael Henderson","WIPT",1,1,0,2,"1048","V",27,"","0","Shrub","","","1483",NA,NA,NA
"2624",2023,"Teller","T2",1,"2023-05-19","Morgan Calahan","Michael Henderson","WIPT",0,0,1,1,"1050","A",27,"100",">100","Shrub","","","1484",NA,NA,NA
"2625",2023,"Teller","T2",1,"2023-05-19","Morgan Calahan","Michael Henderson","WIPT",1,0,0,1,"1050","V",27,"80","100","Shrub","","","1485",NA,NA,NA
"2626",2023,"Teller","T2",1,"2023-05-19","Morgan Calahan","Michael Henderson","WIPT",1,1,0,2,"1051","V",27,"290","91","Shrub","","","1486",NA,NA,NA
"2627",2023,"Teller","T2",1,"2023-05-19","Morgan Calahan","Michael Henderson","WIPT",1,0,0,1,"1051","V",27,"290","74","Shrub","","","1487",NA,NA,NA
"2628",2023,"Teller","T2",1,"2023-05-19","Morgan Calahan","Michael Henderson","WIPT",1,0,0,1,"1053","V",27,"320","252","Shrub","","","1488",NA,NA,NA
"2629",2023,"Teller","T2",1,"2023-05-19","Morgan Calahan","Michael Henderson","WIPT",1,1,0,2,"1053","V",27,"70","172","Tundra","","","1489",NA,NA,NA
"2630",2023,"Teller","T2",1,"2023-05-19","Morgan Calahan","Michael Henderson","WIPT",1,1,0,2,"1055","V",27,"280","58","Tundra","","","1490",NA,NA,NA
"2631",2023,"Teller","T2",1,"2023-05-19","Morgan Calahan","Michael Henderson","WIPT",0,0,1,1,"1057","A",27,"100",">100","Tundra","","","1491",NA,NA,NA
"2632",2023,"Teller","T2",1,"2023-05-19","Morgan Calahan","Michael Henderson","WIPT",1,1,0,2,"1058","V",28,"10","300","Tundra","","","1492",NA,NA,NA
"2633",2023,"Teller","T2",1,"2023-05-19","Morgan Calahan","Michael Henderson","WIPT",1,0,0,1,"1058","V",28,"290","112","Tundra","","","1493",NA,NA,NA
"2634",2023,"Teller","T2",1,"2023-05-19","Morgan Calahan","Michael Henderson","WIPT",1,1,0,2,"1058","V",28,"290","236","Tundra","","","1494",NA,NA,NA
"2635",2023,"Teller","T2",1,"2023-05-19","Morgan Calahan","Michael Henderson","WISN",0,0,2,2,"1059","A",28,"100",">100","Tundra","","","1495",NA,NA,NA
"2636",2023,"Teller","T2",1,"2023-05-19","Morgan Calahan","Michael Henderson","WIPT",1,1,0,2,"1059","V",28,"300","214","Tundra","","","1496",NA,NA,NA
"2637",2023,"Teller","T2",1,"2023-05-19","Morgan Calahan","Michael Henderson","WIPT",1,0,0,1,"1100","V",28,"310","300","Tundra","","","1497",NA,NA,NA
"2638",2023,"Teller","T2",1,"2023-05-19","Morgan Calahan","Michael Henderson","WHIM",0,0,2,2,"1101","V",28,"280","252","Tundra","","","1498",NA,NA,NA
"2639",2023,"Teller","T2",1,"2023-05-19","Morgan Calahan","Michael Henderson","WIPT",1,0,0,1,"1102","V",28,"80","64","Tundra","","","1499",NA,NA,NA
"2640",2023,"Teller","T2",1,"2023-05-19","Morgan Calahan","Michael Henderson","WIPT",1,1,0,2,"1103","V",28,"80","111","Tundra","","","1500",NA,NA,NA
"2641",2023,"Teller","T2",1,"2023-05-19","Morgan Calahan","Michael Henderson","WIPT",2,0,0,2,"1107","V",28,"90","42","Tundra","","","1501",NA,NA,NA
"2642",2023,"Teller","T2",1,"2023-05-19","Morgan Calahan","Michael Henderson","WIPT",2,0,0,2,"1108","V",28,"40","126","Tundra","","","1502",NA,NA,NA
"2643",2023,"Teller","T2",1,"2023-05-19","Morgan Calahan","Michael Henderson","WISN",0,0,1,1,"1108","A",28,"300","<100","Tundra","","","1503",NA,NA,NA
"2644",2023,"Teller","T2",1,"2023-05-19","Morgan Calahan","Michael Henderson","WIPT",1,0,0,1,"1109","V",28,"320","398","Tundra","","","1504",NA,NA,NA
"2645",2023,"Teller","T2",1,"2023-05-19","Morgan Calahan","Michael Henderson","WIPT",1,0,0,1,"1112","V",28,"80","127","Tundra","","","1505",NA,NA,NA
"2646",2023,"Teller","T2",1,"2023-05-19","Morgan Calahan","Michael Henderson","WISN",0,0,1,1,"1113","A",28,"280",">100","Tundra","","","1506",NA,NA,NA
"2647",2023,"Teller","T2",1,"2023-05-19","Morgan Calahan","Michael Henderson","WIPT",1,0,0,1,"1116","V",28,"280","148","Tundra","","","1507",NA,NA,NA
"2648",2023,"Teller","T2",2,"2023-05-22","Morgan Calahan","Michael Henderson","WIPT",1,1,0,2,"909","V",28,"90","40","Tundra","","","1674",NA,NA,NA
"2649",2023,"Teller","T2",2,"2023-05-22","Morgan Calahan","Michael Henderson","WIPT",1,0,0,1,"911","V",27,"90","35","Tundra","","","1675",NA,NA,NA
"2650",2023,"Teller","T2",2,"2023-05-22","Morgan Calahan","Michael Henderson","WIPT",1,0,0,1,"911","V",27,"90","275","Tundra","","","1676",NA,NA,NA
"2651",2023,"Teller","T2",2,"2023-05-22","Morgan Calahan","Michael Henderson","WISN",0,0,1,1,"912","A",27,"270","42","Tundra","","","1677",NA,NA,NA
"2652",2023,"Teller","T2",2,"2023-05-22","Morgan Calahan","Michael Henderson","WIPT",1,0,0,1,"913","V",27,"270","73","Tundra","","","1678",NA,NA,NA
"2653",2023,"Teller","T2",2,"2023-05-22","Morgan Calahan","Michael Henderson","WIPT",1,1,0,2,"913","V",27,"100","125","Tundra","","","1679",NA,NA,NA
"2654",2023,"Teller","T2",2,"2023-05-22","Morgan Calahan","Michael Henderson","WIPT",1,1,0,2,"914","V",27,"120","131","Tundra","","","1680",NA,NA,NA
"2655",2023,"Teller","T2",2,"2023-05-22","Morgan Calahan","Michael Henderson","LTJA",0,0,2,2,"915","A",27,"240","144","Tundra","","","1681",NA,NA,NA
"2656",2023,"Teller","T2",2,"2023-05-22","Morgan Calahan","Michael Henderson","WIPT",1,0,0,1,"917","V",27,"","0","Tundra","","","1682",NA,NA,NA
"2657",2023,"Teller","T2",2,"2023-05-22","Morgan Calahan","Michael Henderson","WIPT",1,1,0,2,"917","V",27,"240","171","Tundra","","","1683",NA,NA,NA
"2658",2023,"Teller","T2",2,"2023-05-22","Morgan Calahan","Michael Henderson","WIPT",1,0,0,1,"918","V",27,"230","109","Tundra","","","1684",NA,NA,NA
"2659",2023,"Teller","T2",2,"2023-05-22","Morgan Calahan","Michael Henderson","WHIM",0,0,1,1,"918","A",27,"100","<100","Tundra","","","1685",NA,NA,NA
"2660",2023,"Teller","T2",2,"2023-05-22","Morgan Calahan","Michael Henderson","WISN",0,0,1,1,"918","V",27,"100","76","Tundra","","","1686",NA,NA,NA
"2661",2023,"Teller","T2",2,"2023-05-22","Morgan Calahan","Michael Henderson","WIPT",1,1,0,2,"920","V",27,"230","146","Tundra","","","1687",NA,NA,NA
"2662",2023,"Teller","T2",2,"2023-05-22","Morgan Calahan","Michael Henderson","WIPT",2,0,0,2,"920","V",27,"90","64","Tundra","","","1688",NA,NA,NA
"2663",2023,"Teller","T2",2,"2023-05-22","Morgan Calahan","Michael Henderson","WIPT",1,1,0,2,"920","V",27,"240","278","Tundra","","","1689",NA,NA,NA
"2664",2023,"Teller","T2",2,"2023-05-22","Morgan Calahan","Michael Henderson","WIPT",1,0,0,1,"922","V",27,"70","67","Tundra","","","1690",NA,NA,NA
"2665",2023,"Teller","T2",2,"2023-05-22","Morgan Calahan","Michael Henderson","WIPT",0,0,1,1,"924","A",27,"100","<100","Tundra","","","1691",NA,NA,NA
"2666",2023,"Teller","T2",2,"2023-05-22","Morgan Calahan","Michael Henderson","WIPT",1,0,0,1,"925","V",27,"240","135","Tundra","","","1692",NA,NA,NA
"2667",2023,"Teller","T2",2,"2023-05-22","Morgan Calahan","Michael Henderson","GOPL",0,0,1,1,"926","A",27,"100","<100","Tundra","","","1693",NA,NA,NA
"2668",2023,"Teller","T2",2,"2023-05-22","Morgan Calahan","Michael Henderson","LTJA",0,0,1,1,"926","A",27,"","0","Tundra","","","1694",NA,NA,NA
"2669",2023,"Teller","T2",2,"2023-05-22","Morgan Calahan","Michael Henderson","WIPT",1,1,0,2,"928","V",27,"250","85","Tundra","","","1695",NA,NA,NA
"2670",2023,"Teller","T2",2,"2023-05-22","Morgan Calahan","Michael Henderson","WIPT",0,1,0,1,"929","V",27,"80","42","Tundra","","","1696",NA,NA,NA
"2671",2023,"Teller","T2",2,"2023-05-22","Morgan Calahan","Michael Henderson","WIPT",1,1,0,2,"930","V",27,"82","90","Tundra","","","1697",NA,NA,NA
"2672",2023,"Teller","T2",2,"2023-05-22","Morgan Calahan","Michael Henderson","WIPT",1,1,0,2,"930","V",27,"260","165","Tundra","","","1698",NA,NA,NA
"2673",2023,"Teller","T2",2,"2023-05-22","Morgan Calahan","Michael Henderson","WIPT",1,0,0,1,"932","V",27,"270","35","Tundra","","","1699",NA,NA,NA
"2674",2023,"Teller","T2",2,"2023-05-22","Morgan Calahan","Michael Henderson","WIPT",1,0,0,1,"933","V",27,"100","69","Tundra","","","1700",NA,NA,NA
"2675",2023,"Teller","T2",2,"2023-05-22","Morgan Calahan","Michael Henderson","WHIM",0,0,2,2,"933","V",27,"110","53","Tundra","","","1701",NA,NA,NA
"2676",2023,"Teller","T2",2,"2023-05-22","Morgan Calahan","Michael Henderson","WIPT",1,0,0,1,"935","V",27,"260","269","Tundra","","","1702",NA,NA,NA
"2677",2023,"Teller","T2",2,"2023-05-22","Morgan Calahan","Michael Henderson","WISN",0,0,1,1,"936","V",27,"","0","Tundra","","","1703",NA,NA,NA
"2678",2023,"Teller","T2",2,"2023-05-22","Morgan Calahan","Michael Henderson","WISN",0,0,2,2,"938","V",27,"90","20","Tundra","","","1704",NA,NA,NA
"2679",2023,"Teller","T2",2,"2023-05-22","Morgan Calahan","Michael Henderson","WIPT",1,0,0,1,"939","V",26,"80","35","Tundra","","","1705",NA,NA,NA
"2680",2023,"Teller","T2",2,"2023-05-22","Morgan Calahan","Michael Henderson","WISN",0,0,1,1,"939","A",26,"120","46","Tundra","","","1706",NA,NA,NA
"2681",2023,"Teller","T2",2,"2023-05-22","Morgan Calahan","Michael Henderson","WIPT",1,0,0,1,"941","V",26,"260","69","Tundra","","","1707",NA,NA,NA
"2682",2023,"Teller","T2",2,"2023-05-22","Morgan Calahan","Michael Henderson","WIPT",1,0,0,1,"941","V",26,"260","100","Tundra","","","1708",NA,NA,NA
"2683",2023,"Teller","T2",2,"2023-05-22","Morgan Calahan","Michael Henderson","WIPT",1,1,0,2,"941","V",26,"120","125","Tundra","","","1709",NA,NA,NA
"2684",2023,"Teller","T2",2,"2023-05-22","Morgan Calahan","Michael Henderson","LTJA",0,0,2,2,"943","V",26,"70","37","Tundra","","","1710",NA,NA,NA
"2685",2023,"Teller","T2",2,"2023-05-22","Morgan Calahan","Michael Henderson","WIPT",1,1,0,2,"944","V",26,"90","84","Tundra","","","1711",NA,NA,NA
"2686",2023,"Teller","T2",2,"2023-05-22","Morgan Calahan","Michael Henderson","WIPT",1,0,0,1,"945","V",26,"270","84","Tundra","","","1712",NA,NA,NA
"2687",2023,"Teller","T2",2,"2023-05-22","Morgan Calahan","Michael Henderson","WIPT",2,0,0,2,"947","V",26,"40","40","Tundra","","","1713",NA,NA,NA
"2688",2023,"Teller","T2",2,"2023-05-22","Morgan Calahan","Michael Henderson","WISN",0,0,1,1,"949","A",26,"220","40","Tundra","","","1714",NA,NA,NA
"2689",2023,"Teller","T2",2,"2023-05-22","Morgan Calahan","Michael Henderson","BTGO",0,0,2,2,"950","V",26,"190","69","Tundra","","","1715",NA,NA,NA
"2690",2023,"Teller","T2",2,"2023-05-22","Morgan Calahan","Michael Henderson","WIPT",1,1,0,2,"950","V",26,"80","143","Tundra","","","1716",NA,NA,NA
"2691",2023,"Teller","T2",2,"2023-05-22","Morgan Calahan","Michael Henderson","WIPT",1,0,0,1,"953","V",26,"210","38","Tundra","","","1717",NA,NA,NA
"2692",2023,"Teller","T2",2,"2023-05-22","Morgan Calahan","Michael Henderson","WIPT",1,0,0,1,"957","V",26,"180","20","Tundra","","","1718",NA,NA,NA
"2693",2023,"Teller","T2",2,"2023-05-22","Morgan Calahan","Michael Henderson","WIPT",1,1,0,2,"1002","V",25,"170","15","Tundra","","","1719",NA,NA,NA
"2694",2023,"Teller","T2",2,"2023-05-22","Morgan Calahan","Michael Henderson","WIPT",1,0,0,1,"1003","V",25,"0","75","Tundra","","","1720",NA,NA,NA
"2695",2023,"Teller","T2",2,"2023-05-22","Morgan Calahan","Michael Henderson","WISN",0,0,1,1,"1003","A",25,"180",">100","Tundra","","","1721",NA,NA,NA
"2696",2023,"Teller","T2",2,"2023-05-22","Morgan Calahan","Michael Henderson","WIPT",1,0,0,1,"1004","V",25,"20","152","Tundra","","","1722",NA,NA,NA
"2697",2023,"Teller","T2",2,"2023-05-22","Morgan Calahan","Michael Henderson","WIPT",1,0,0,1,"1006","V",25,"0","21","Tundra","","","1723",NA,NA,NA
"2698",2023,"Teller","T2",2,"2023-05-22","Morgan Calahan","Michael Henderson","GOPL",0,0,1,1,"1006","V",25,"10","24","Tundra","","","1724",NA,NA,NA
"2699",2023,"Teller","T2",2,"2023-05-22","Morgan Calahan","Michael Henderson","WIPT",1,0,0,1,"1007","V",25,"180","1","Tundra","","","1725",NA,NA,NA
"2700",2023,"Teller","T2",2,"2023-05-22","Morgan Calahan","Michael Henderson","WIPT",1,0,0,1,"1007","V",25,"","10","Tundra","","","1726",NA,NA,NA
"2701",2023,"Teller","T2",2,"2023-05-22","Morgan Calahan","Michael Henderson","WIPT",1,1,0,2,"1010","V",25,"0","73","Tundra","","","1727",NA,NA,NA
"2702",2023,"Teller","T2",2,"2023-05-22","Morgan Calahan","Michael Henderson","WIPT",1,1,0,2,"1012","V",25,"","0","Tundra","","","1728",NA,NA,NA
"2703",2023,"Teller","T2",2,"2023-05-22","Morgan Calahan","Michael Henderson","WIPT",1,0,0,1,"1012","V",25,"180","37","Tundra","","","1729",NA,NA,NA
"2704",2023,"Teller","T2",2,"2023-05-22","Morgan Calahan","Michael Henderson","WIPT",1,0,0,1,"1014","V",24,"210","30","Tundra","","","1730",NA,NA,NA
"2705",2023,"Teller","T2",2,"2023-05-22","Morgan Calahan","Michael Henderson","GOPL",0,0,1,1,"1015","V",23,"0","60","Tundra","","","1731",NA,NA,NA
"2706",2023,"Teller","T2",2,"2023-05-22","Morgan Calahan","Michael Henderson","WISN",0,0,4,4,"1016","V",23,"170","<100","Tundra","","","1732",NA,NA,NA
"2707",2023,"Teller","T2",2,"2023-05-22","Morgan Calahan","Michael Henderson","WISN",0,0,1,1,"1017","V",23,"0","39","Tundra","","","1733",NA,NA,NA
"2708",2023,"Teller","T2",2,"2023-05-22","Morgan Calahan","Michael Henderson","WIPT",0,0,1,1,"1019","V",23,"0","39","Tundra","","","1734",NA,NA,NA
"2709",2023,"Teller","T2",2,"2023-05-22","Morgan Calahan","Michael Henderson","WIPT",1,0,0,1,"1020","V",23,"0","63","Tundra","","","1735",NA,NA,NA
"2710",2023,"Teller","T2",2,"2023-05-22","Morgan Calahan","Michael Henderson","WIPT",1,0,0,1,"1021","V",23,"170","44","Tundra","","","1736",NA,NA,NA
"2711",2023,"Teller","T2",2,"2023-05-22","Morgan Calahan","Michael Henderson","WIPT",1,0,0,1,"1022","V",23,"","0","Tundra","","","1737",NA,NA,NA
"2712",2023,"Teller","T2",2,"2023-05-22","Morgan Calahan","Michael Henderson","WISN",1,0,0,1,"1022","V",23,"40","<100","Tundra","","","1738",NA,NA,NA
"2713",2023,"Teller","T2",2,"2023-05-22","Morgan Calahan","Michael Henderson","LTJA",0,0,1,1,"1027","V",23,"220","75","Tundra","","","1739",NA,NA,NA
"2714",2023,"Teller","T2",2,"2023-05-22","Morgan Calahan","Michael Henderson","WISN",0,0,2,2,"1030","A",21,"","0","Tundra","","","1740",NA,NA,NA
"2715",2023,"Teller","T2",2,"2023-05-22","Morgan Calahan","Michael Henderson","WIPT",2,0,0,2,"1031","V",21,"220","83","Tundra","","","1741",NA,NA,NA
"2716",2023,"Teller","T2",2,"2023-05-22","Morgan Calahan","Michael Henderson","WIPT",2,0,0,2,"1033","V",21,"","0","Tundra","","","1742",NA,NA,NA
"2717",2023,"Teller","T2",2,"2023-05-22","Morgan Calahan","Michael Henderson","AGSQ",0,0,4,4,"1034","V",21,"50","194","Tundra","","","1743",NA,NA,NA
"2718",2023,"Teller","T2",2,"2023-05-22","Morgan Calahan","Michael Henderson","WIPT",1,0,0,1,"1035","V",21,"210","10","Tundra","","","1744",NA,NA,NA
"2719",2023,"Teller","T2",2,"2023-05-22","Morgan Calahan","Michael Henderson","WISN",0,0,1,1,"1037","A",21,"50","<100","Tundra","","","1745",NA,NA,NA
"2720",2023,"Teller","T2",2,"2023-05-22","Morgan Calahan","Michael Henderson","WIPT",0,0,1,1,"1040","A",21,"50","<100","Tundra","","","1746",NA,NA,NA
"2721",2023,"Teller","T2",2,"2023-05-22","Morgan Calahan","Michael Henderson","WISN",0,0,1,1,"1040","A",21,"50","<100","Tundra","","","1747",NA,NA,NA
"2722",2023,"Teller","T2",2,"2023-05-22","Morgan Calahan","Michael Henderson","WHIM",0,0,1,1,"1041","A",20,"50","<100","Shrub","","","1748",NA,NA,NA
"2723",2023,"Teller","T2",2,"2023-05-22","Morgan Calahan","Michael Henderson","WIPT",1,1,0,2,"1047","V",20,"200","76","Shrub","","","1749",NA,NA,NA
"2724",2023,"Teller","T2",2,"2023-05-22","Morgan Calahan","Michael Henderson","GOPL",0,0,1,1,"1049","A",19,"90",">100","Tundra","","","1750",NA,NA,NA
"2725",2023,"Teller","T2",2,"2023-05-22","Morgan Calahan","Michael Henderson","WISN",0,0,1,1,"1049","A",19,"90",">100","Tundra","","","1751",NA,NA,NA
"2726",2023,"Teller","T2",2,"2023-05-22","Morgan Calahan","Michael Henderson","PAJA",0,0,1,1,"1050","V",18,"250","150","Tundra","","","1752",NA,NA,NA
"2727",2023,"Teller","T2",2,"2023-05-22","Morgan Calahan","Michael Henderson","WIPT",1,0,0,1,"1053","V",18,"230","164","Tundra","","","1753",NA,NA,NA
"2728",2023,"Teller","T2",2,"2023-05-22","Morgan Calahan","Michael Henderson","WIPT",1,0,0,1,"1055","A",18,"90","32","Tundra","","","1754",NA,NA,NA
"2729",2023,"Teller","T3",1,"2023-05-22","Morgan Calahan","Michael Henderson","WIPT",1,0,0,1,"658","V",28,"300","25","Tundra","","","1587",NA,NA,NA
"2730",2023,"Teller","T3",1,"2023-05-22","Morgan Calahan","Michael Henderson","WISN",0,0,1,1,"658","V",28,"60","47","Tundra","","","1589",NA,NA,NA
"2731",2023,"Teller","T3",1,"2023-05-22","Morgan Calahan","Michael Henderson","WIPT",1,0,0,1,"659","V",28,"280","132","Shrub","","","1588",NA,NA,NA
"2732",2023,"Teller","T3",1,"2023-05-22","Morgan Calahan","Michael Henderson","WIPT",1,0,0,1,"659","V",28,"60","47","Shrub","","","1590",NA,NA,NA
"2733",2023,"Teller","T3",1,"2023-05-22","Morgan Calahan","Michael Henderson","WIPT",1,0,0,1,"701","V",28,"280","62","Shrub","","","1591",NA,NA,NA
"2734",2023,"Teller","T3",1,"2023-05-22","Morgan Calahan","Michael Henderson","WIPT",2,0,0,2,"702","V",28,"280","62","Shrub","","","1592",NA,NA,NA
"2735",2023,"Teller","T3",1,"2023-05-22","Morgan Calahan","Michael Henderson","WIPT",1,0,0,1,"702","V",28,"80","91","Shrub","","","1593",NA,NA,NA
"2736",2023,"Teller","T3",1,"2023-05-22","Morgan Calahan","Michael Henderson","WIPT",1,0,0,1,"703","V",28,"280","103","Shrub","","","1594",NA,NA,NA
"2737",2023,"Teller","T3",1,"2023-05-22","Morgan Calahan","Michael Henderson","WIPT",1,1,0,2,"703","V",28,"40","62","Shrub","","","1595",NA,NA,NA
"2738",2023,"Teller","T3",1,"2023-05-22","Morgan Calahan","Michael Henderson","WIPT",1,0,0,1,"703","V",28,"280","150","Shrub","","","1596",NA,NA,NA
"2739",2023,"Teller","T3",1,"2023-05-22","Morgan Calahan","Michael Henderson","WISN",0,0,1,1,"705","A",28,"280","62","Shrub","","","1597",NA,NA,NA
"2740",2023,"Teller","T3",1,"2023-05-22","Morgan Calahan","Michael Henderson","WIPT",1,1,0,2,"706","V",28,"60","104","Tundra","","","1598",NA,NA,NA
"2741",2023,"Teller","T3",1,"2023-05-22","Morgan Calahan","Michael Henderson","WIPT",1,1,0,2,"706","V",28,"60","291","Tundra","","","1599",NA,NA,NA
"2742",2023,"Teller","T3",1,"2023-05-22","Morgan Calahan","Michael Henderson","WIPT",1,0,0,1,"708","V",28,"290","167","Tundra","","","1600",NA,NA,NA
"2743",2023,"Teller","T3",1,"2023-05-22","Morgan Calahan","Michael Henderson","WIPT",1,1,0,2,"714","V",28,"0","60","Shrub","","","1601",NA,NA,NA
"2744",2023,"Teller","T3",1,"2023-05-22","Morgan Calahan","Michael Henderson","WIPT",2,1,0,3,"715","V",28,"","0","Shrub","","","1602",NA,NA,NA
"2745",2023,"Teller","T3",1,"2023-05-22","Morgan Calahan","Michael Henderson","WIPT",0,2,0,2,"716","V",28,"0","30","Tundra","","","1603",NA,NA,NA
"2746",2023,"Teller","T3",1,"2023-05-22","Morgan Calahan","Michael Henderson","WIPT",0,1,0,1,"718","V",28,"","0","Tundra","","","1604",NA,NA,NA
"2747",2023,"Teller","T3",1,"2023-05-22","Morgan Calahan","Michael Henderson","WIPT",1,0,0,1,"719","V",28,"","0","Tundra","","","1605",NA,NA,NA
"2748",2023,"Teller","T3",1,"2023-05-22","Morgan Calahan","Michael Henderson","WIPT",0,1,0,1,"720","V",28,"0","20","Tundra","tall snow birms; lower visibility","","1606",NA,NA,NA
"2749",2023,"Teller","T3",1,"2023-05-22","Morgan Calahan","Michael Henderson","WIPT",1,0,0,1,"721","V",28,"20","92","Tundra","","","1607",NA,NA,NA
"2750",2023,"Teller","T3",1,"2023-05-22","Morgan Calahan","Michael Henderson","WIPT",1,1,0,2,"722","V",30,"","0","Tundra","","","1608",NA,NA,NA
"2751",2023,"Teller","T3",1,"2023-05-22","Morgan Calahan","Michael Henderson","WIPT",2,0,0,2,"725","V",30,"240","10","Tundra","","","1609",NA,NA,NA
"2752",2023,"Teller","T3",1,"2023-05-22","Morgan Calahan","Michael Henderson","WIPT",0,1,0,1,"730","V",30,"40","5","Tundra","","","1610",NA,NA,NA
"2753",2023,"Teller","T3",1,"2023-05-22","Morgan Calahan","Michael Henderson","WIPT",1,0,0,1,"731","V",30,"220","24","Tundra","","","1611",NA,NA,NA
"2754",2023,"Teller","T3",1,"2023-05-22","Morgan Calahan","Michael Henderson","WIPT",2,0,0,2,"733","V",30,"20","381","Tundra","","","1612",NA,NA,NA
"2755",2023,"Teller","T3",1,"2023-05-22","Morgan Calahan","Michael Henderson","GOPL",0,0,1,1,"733","V",30,"230","50","Tundra","","","1613",NA,NA,NA
"2756",2023,"Teller","T3",1,"2023-05-22","Morgan Calahan","Michael Henderson","LTJA",0,0,2,2,"733","V",30,"20","381","Tundra","","","1614",NA,NA,NA
"2757",2023,"Teller","T3",1,"2023-05-22","Morgan Calahan","Michael Henderson","WIPT",1,0,0,1,"735","V",30,"200","22","Tundra","","","1615",NA,NA,NA
"2758",2023,"Teller","T3",1,"2023-05-22","Morgan Calahan","Michael Henderson","GOPL",0,0,1,1,"736","V",30,"220","331","Tundra","","","1616",NA,NA,NA
"2759",2023,"Teller","T3",1,"2023-05-22","Morgan Calahan","Michael Henderson","WIPT",1,0,1,2,"738","V",30,"","0","Tundra","","","1617",NA,NA,NA
"2760",2023,"Teller","T3",1,"2023-05-22","Morgan Calahan","Michael Henderson","WIPT",1,0,0,1,"738","V",30,"40","85","Tundra","","","1618",NA,NA,NA
"2761",2023,"Teller","T3",1,"2023-05-22","Morgan Calahan","Michael Henderson","LTJA",0,0,2,2,"740","V",30,"260","508","Tundra","","","1619",NA,NA,NA
"2762",2023,"Teller","T3",1,"2023-05-22","Morgan Calahan","Michael Henderson","WIPT",1,1,0,2,"741","V",30,"300","30","Tundra","","","1620",NA,NA,NA
"2763",2023,"Teller","T3",1,"2023-05-22","Morgan Calahan","Michael Henderson","WIPT",1,1,0,2,"742","V",30,"","0","Tundra","","","1621",NA,NA,NA
"2764",2023,"Teller","T3",1,"2023-05-22","Morgan Calahan","Michael Henderson","WIPT",1,0,0,1,"744","V",31,"290","56","Tundra","","","1622",NA,NA,NA
"2765",2023,"Teller","T3",1,"2023-05-22","Morgan Calahan","Michael Henderson","LTJA",0,0,1,1,"744","V",31,"290","177","Tundra","","","1623",NA,NA,NA
"2766",2023,"Teller","T3",1,"2023-05-22","Morgan Calahan","Michael Henderson","WIPT",1,0,0,1,"744","V",31,"60","251","Tundra","","","1624",NA,NA,NA
"2767",2023,"Teller","T3",1,"2023-05-22","Morgan Calahan","Michael Henderson","WIPT",1,1,0,2,"747","V",31,"80","73","Tundra","","","1625",NA,NA,NA
"2768",2023,"Teller","T3",1,"2023-05-22","Morgan Calahan","Michael Henderson","WISN",0,0,2,2,"747","V",31,"","0","Tundra","","","1626",NA,NA,NA
"2769",2023,"Teller","T3",1,"2023-05-22","Morgan Calahan","Michael Henderson","WIPT",1,0,0,1,"748","V",31,"260","423","Tundra","","","1627",NA,NA,NA
"2770",2023,"Teller","T3",1,"2023-05-22","Morgan Calahan","Michael Henderson","WIPT",1,0,0,1,"748","V",31,"260","348","Tundra","","","1628",NA,NA,NA
"2771",2023,"Teller","T3",1,"2023-05-22","Morgan Calahan","Michael Henderson","WISN",0,0,2,2,"751","V",31,"40","115","Tundra","","","1629",NA,NA,NA
"2772",2023,"Teller","T3",1,"2023-05-22","Morgan Calahan","Michael Henderson","WIPT",0,0,1,1,"751","V",31,"40","276","Tundra","","","1630",NA,NA,NA
"2773",2023,"Teller","T3",1,"2023-05-22","Morgan Calahan","Michael Henderson","WIPT",0,0,1,1,"751","V",31,"40","276","Tundra","","","1631",NA,NA,NA
"2774",2023,"Teller","T3",1,"2023-05-22","Morgan Calahan","Michael Henderson","LTJA",0,0,1,1,"751","V",31,"40","276","Tundra","","","1632",NA,NA,NA
"2775",2023,"Teller","T3",1,"2023-05-22","Morgan Calahan","Michael Henderson","WIPT",1,0,0,1,"753","V",31,"280","75","Tundra","","","1633",NA,NA,NA
"2776",2023,"Teller","T3",1,"2023-05-22","Morgan Calahan","Michael Henderson","WIPT",1,1,0,2,"755","V",31,"280","5","Tundra","","","1634",NA,NA,NA
"2777",2023,"Teller","T3",1,"2023-05-22","Morgan Calahan","Michael Henderson","GOPL",0,0,1,1,"756","V",31,"60","150","Tundra","","","1635",NA,NA,NA
"2778",2023,"Teller","T3",1,"2023-05-22","Morgan Calahan","Michael Henderson","LTJA",0,0,2,2,"757","V",31,"60","100","Tundra","","","1636",NA,NA,NA
"2779",2023,"Teller","T3",1,"2023-05-22","Morgan Calahan","Michael Henderson","WIPT",1,1,0,2,"759","V",31,"100","100","Tundra","","","1637",NA,NA,NA
"2780",2023,"Teller","T3",1,"2023-05-22","Morgan Calahan","Michael Henderson","GOPL",0,0,1,1,"759","V",31,"80","78","Tundra","","","1638",NA,NA,NA
"2781",2023,"Teller","T3",1,"2023-05-22","Morgan Calahan","Michael Henderson","LTJA",0,0,2,2,"803","V",31,"280","74","Tundra","","","1639",NA,NA,NA
"2782",2023,"Teller","T3",1,"2023-05-22","Morgan Calahan","Michael Henderson","WIPT",1,0,0,1,"803","V",31,"280","341","Tundra","","","1640",NA,NA,NA
"2783",2023,"Teller","T3",1,"2023-05-22","Morgan Calahan","Michael Henderson","GOPL",0,0,2,2,"805","V",31,"280","47","Tundra","","","1641",NA,NA,NA
"2784",2023,"Teller","T3",1,"2023-05-22","Morgan Calahan","Michael Henderson","LTJA",0,0,1,1,"808","V",31,"300","149","Tundra","","","1642",NA,NA,NA
"2785",2023,"Teller","T3",1,"2023-05-22","Morgan Calahan","Michael Henderson","GOPL",0,0,1,1,"810","V",32,"80","78","Tundra","","","1643",NA,NA,NA
"2786",2023,"Teller","T3",1,"2023-05-22","Morgan Calahan","Michael Henderson","WIPT",0,1,0,1,"810","V",32,"80","140","Tundra","","","1644",NA,NA,NA
"2787",2023,"Teller","T3",1,"2023-05-22","Morgan Calahan","Michael Henderson","GOPL",0,0,1,1,"812","V",32,"70","218","Tundra","","","1645",NA,NA,NA
"2788",2023,"Teller","T3",1,"2023-05-22","Morgan Calahan","Michael Henderson","LTJA",0,0,1,1,"812","V",32,"70","218","Tundra","","","1646",NA,NA,NA
"2789",2023,"Teller","T3",1,"2023-05-22","Morgan Calahan","Michael Henderson","WIPT",1,0,0,1,"814","V",32,"50","381","Tundra","","","1647",NA,NA,NA
"2790",2023,"Teller","T3",1,"2023-05-22","Morgan Calahan","Michael Henderson","WIPT",1,0,0,1,"816","V",32,"40","362","Tundra","","","1648",NA,NA,NA
"2791",2023,"Teller","T3",1,"2023-05-22","Morgan Calahan","Michael Henderson","WIPT",0,0,2,2,"816","V",32,"40","447","Tundra","","","1649",NA,NA,NA
"2792",2023,"Teller","T3",1,"2023-05-22","Morgan Calahan","Michael Henderson","WIPT",1,0,0,1,"819","V",32,"70","56","Tundra","","","1650",NA,NA,NA
"2793",2023,"Teller","T3",1,"2023-05-22","Morgan Calahan","Michael Henderson","BTGO",0,0,1,1,"819","V",32,"70","56","Tundra","","","1651",NA,NA,NA
"2794",2023,"Teller","T3",1,"2023-05-22","Morgan Calahan","Michael Henderson","WIPT",1,0,0,1,"821","V",32,"280","123","Tundra","","","1652",NA,NA,NA
"2795",2023,"Teller","T3",1,"2023-05-22","Morgan Calahan","Michael Henderson","GOPL",0,0,2,2,"824","V",32,"300","94","Tundra","","","1653",NA,NA,NA
"2796",2023,"Teller","T3",1,"2023-05-22","Morgan Calahan","Michael Henderson","WIPT",1,0,0,1,"826","V",32,"280","20","Tundra","","","1654",NA,NA,NA
"2797",2023,"Teller","T3",1,"2023-05-22","Morgan Calahan","Michael Henderson","BTGO",0,0,1,1,"827","V",32,"60","226","Tundra","","","1655",NA,NA,NA
"2798",2023,"Teller","T3",1,"2023-05-22","Morgan Calahan","Michael Henderson","WIPT",0,0,1,1,"827","V",32,"60","470","Tundra","","","1656",NA,NA,NA
"2799",2023,"Teller","T3",1,"2023-05-22","Morgan Calahan","Michael Henderson","WIPT",0,0,1,1,"827","V",32,"60","237","Tundra","","","1657",NA,NA,NA
"2800",2023,"Teller","T3",1,"2023-05-22","Morgan Calahan","Michael Henderson","WIPT",1,0,0,1,"830","V",32,"50","77","Tundra","","","1658",NA,NA,NA
"2801",2023,"Teller","T3",1,"2023-05-22","Morgan Calahan","Michael Henderson","WIPT",1,1,0,2,"830","V",32,"","0","Tundra","","","1659",NA,NA,NA
"2802",2023,"Teller","T3",1,"2023-05-22","Morgan Calahan","Michael Henderson","WIPT",0,0,1,1,"830","V",32,"80","704","Tundra","","","1660",NA,NA,NA
"2803",2023,"Teller","T3",1,"2023-05-22","Morgan Calahan","Michael Henderson","WIPT",1,0,0,1,"834","V",33,"70","15","Tundra","","","1661",NA,NA,NA
"2804",2023,"Teller","T3",1,"2023-05-22","Morgan Calahan","Michael Henderson","WIPT",3,0,0,3,"834","V",33,"","0","Tundra","","","1662",NA,NA,NA
"2805",2023,"Teller","T3",1,"2023-05-22","Morgan Calahan","Michael Henderson","WIPT",1,1,0,2,"836","V",33,"280","106","Tundra","","","1663",NA,NA,NA
"2806",2023,"Teller","T3",1,"2023-05-22","Morgan Calahan","Michael Henderson","WIPT",1,0,0,1,"839","V",33,"70","172","Tundra","","","1664",NA,NA,NA
"2807",2023,"Teller","T3",1,"2023-05-22","Morgan Calahan","Michael Henderson","WIPT",2,0,0,2,"840","V",33,"300","196","Tundra","","","1665",NA,NA,NA
"2808",2023,"Teller","T3",1,"2023-05-22","Morgan Calahan","Michael Henderson","WIPT",1,0,0,1,"840","V",33,"300","339","Tundra","","","1666",NA,NA,NA
"2809",2023,"Teller","T3",1,"2023-05-22","Morgan Calahan","Michael Henderson","WIPT",1,0,0,1,"843","V",33,"300","186","Tundra","","","1667",NA,NA,NA
"2810",2023,"Teller","T3",1,"2023-05-22","Morgan Calahan","Michael Henderson","WIPT",1,0,0,1,"843","V",33,"80","123","Tundra","","","1668",NA,NA,NA
"2811",2023,"Teller","T3",1,"2023-05-22","Morgan Calahan","Michael Henderson","WISN",0,0,1,1,"843","A",33,"80",">100","Tundra","","","1669",NA,NA,NA
"2812",2023,"Teller","T3",1,"2023-05-22","Morgan Calahan","Michael Henderson","WIPT",1,1,0,2,"843","V",33,"310","8","Tundra","","","1670",NA,NA,NA
"2813",2023,"Teller","T3",1,"2023-05-22","Morgan Calahan","Michael Henderson","GOPL",0,0,3,3,"844","V",33,"310","80","Tundra","","","1671",NA,NA,NA
"2814",2023,"Teller","T3",1,"2023-05-22","Morgan Calahan","Michael Henderson","WHIM",0,0,1,1,"844","V",33,"260","<100","Tundra","","","1672",NA,NA,NA
"2815",2023,"Teller","T3",1,"2023-05-22","Morgan Calahan","Michael Henderson","WIPT",1,0,0,1,"847","V",33,"280","100","Tundra","","","1673",NA,NA,NA
"2816",2023,"Teller","T3",1,"2023-05-24","Morgan Calahan","Michael Henderson","WIPT",1,0,0,1,"917","V",33,"90","65","Tundra","","","23-001",NA,NA,NA
"2817",2023,"Teller","T3",1,"2023-05-24","Morgan Calahan","Michael Henderson","GOPL",0,0,2,2,"918","V",33,"320","90","Tundra","","","23-002",NA,NA,NA
"2818",2023,"Teller","T3",1,"2023-05-24","Morgan Calahan","Michael Henderson","WIPT",0,0,2,2,"923","V",33,"280","110","Tundra","","","23-003",NA,NA,NA
"2819",2023,"Teller","T3",1,"2023-05-24","Morgan Calahan","Michael Henderson","WISN",0,0,2,2,"923","V",33,"90","50","Tundra","","","23-004",NA,NA,NA
"2820",2023,"Teller","T3",1,"2023-05-24","Morgan Calahan","Michael Henderson","GOPL",0,0,1,1,"925","V",33,"260","47","Tundra","","","23-005",NA,NA,NA
"2821",2023,"Teller","T3",1,"2023-05-24","Morgan Calahan","Michael Henderson","WIPT",1,0,0,1,"925","V",33,"20","20","Tundra","","","23-006",NA,NA,NA
"2822",2023,"Teller","T3",1,"2023-05-24","Morgan Calahan","Michael Henderson","WIPT",1,0,0,1,"925","V",33,"310","86","Tundra","","","23-007",NA,NA,NA
"2823",2023,"Teller","T3",1,"2023-05-24","Morgan Calahan","Michael Henderson","WIPT",1,0,0,1,"927","V",33,"60","225","Tundra","","","23-008",NA,NA,NA
"2824",2023,"Teller","T3",1,"2023-05-24","Morgan Calahan","Michael Henderson","LTJA",0,0,2,2,"927","V",33,"90","219","Tundra","","","23-009",NA,NA,NA
"2825",2023,"Teller","T3",1,"2023-05-24","Morgan Calahan","Michael Henderson","WIPT",1,1,0,2,"928","V",33,"290","64","Tundra","","","23-010",NA,NA,NA
"2826",2023,"Teller","T3",1,"2023-05-24","Morgan Calahan","Michael Henderson","WIPT",1,0,0,1,"929","V",34,"","0","Tundra","","","23-011",NA,NA,NA
"2827",2023,"Teller","T3",1,"2023-05-24","Morgan Calahan","Michael Henderson","WIPT",1,0,0,1,"930","V",34,"260","244","Tundra","","","23-012",NA,NA,NA
"2828",2023,"Teller","T3",1,"2023-05-24","Morgan Calahan","Michael Henderson","WIPT",1,1,0,2,"930","V",34,"270","354","Tundra","","","23-013",NA,NA,NA
"2829",2023,"Teller","T3",1,"2023-05-24","Morgan Calahan","Michael Henderson","WIPT",1,0,0,1,"931","V",34,"270","354","Tundra","","","23-014",NA,NA,NA
"2830",2023,"Teller","T3",1,"2023-05-24","Morgan Calahan","Michael Henderson","WIPT",1,1,0,2,"931","V",34,"280","196","Tundra","","","23-015",NA,NA,NA
"2831",2023,"Teller","T3",1,"2023-05-24","Morgan Calahan","Michael Henderson","WIPT",1,0,0,1,"932","V",34,"90","449","Tundra","","","23-016",NA,NA,NA
"2832",2023,"Teller","T3",1,"2023-05-24","Morgan Calahan","Michael Henderson","WIPT",1,0,0,1,"935","V",34,"280","77","Tundra","","","23-017",NA,NA,NA
"2833",2023,"Teller","T3",1,"2023-05-24","Morgan Calahan","Michael Henderson","WIPT",1,1,0,2,"936","V",34,"30","163","Tundra","","","23-018",NA,NA,NA
"2834",2023,"Teller","T3",1,"2023-05-24","Morgan Calahan","Michael Henderson","WIPT",1,0,0,1,"938","V",34,"260","118","Tundra","","","23-019",NA,NA,NA
"2835",2023,"Teller","T3",1,"2023-05-24","Morgan Calahan","Michael Henderson","WISN",0,0,1,1,"939","A",34,"270","<100","Tundra","","","23-020",NA,NA,NA
"2836",2023,"Teller","T3",1,"2023-05-24","Morgan Calahan","Michael Henderson","WHIM",0,0,1,1,"939","A",34,"270","<100","Tundra","","","23-021",NA,NA,NA
"2837",2023,"Teller","T3",1,"2023-05-24","Morgan Calahan","Michael Henderson","WIPT",1,0,0,1,"941","V",34,"90","21","Tundra","","","23-022",NA,NA,NA
"2838",2023,"Teller","T3",1,"2023-05-24","Morgan Calahan","Michael Henderson","WIPT",1,0,0,1,"941","V",34,"20","92","Tundra","","","23-023",NA,NA,NA
"2839",2023,"Teller","T3",1,"2023-05-24","Morgan Calahan","Michael Henderson","LTJA",0,0,1,1,"943","V",34,"80","50","Tundra","","","23-024",NA,NA,NA
"2840",2023,"Teller","T3",1,"2023-05-24","Morgan Calahan","Michael Henderson","WIPT",1,0,0,1,"945","V",34,"70","37","Tundra","","","23-025",NA,NA,NA
"2841",2023,"Teller","T3",1,"2023-05-24","Morgan Calahan","Michael Henderson","WIPT",1,1,0,2,"946","V",34,"280","57","Tundra","","","23-026",NA,NA,NA
"2842",2023,"Teller","T3",1,"2023-05-24","Morgan Calahan","Michael Henderson","WIPT",1,1,0,2,"947","V",34,"","0","Tundra","","","23-027",NA,NA,NA
"2843",2023,"Teller","T3",1,"2023-05-24","Morgan Calahan","Michael Henderson","WIPT",1,0,0,1,"948","A",34,"240",">100","Tundra","","","23-028",NA,NA,NA
"2844",2023,"Teller","T3",1,"2023-05-24","Morgan Calahan","Michael Henderson","WIPT",1,0,0,1,"948","A",34,"300",">100","Tundra","","","23-029",NA,NA,NA
"2845",2023,"Teller","T3",1,"2023-05-24","Morgan Calahan","Michael Henderson","WIPT",1,1,0,2,"951","V",34,"60","42","Tundra","","","23-030",NA,NA,NA
"2846",2023,"Teller","T3",1,"2023-05-24","Morgan Calahan","Michael Henderson","WIPT",1,0,0,1,"951","V",34,"260","81","Tundra","","","23-031",NA,NA,NA
"2847",2023,"Teller","T3",1,"2023-05-24","Morgan Calahan","Michael Henderson","WIPT",1,0,0,1,"951","V",34,"280","189","Tundra","","","23-032",NA,NA,NA
"2848",2023,"Teller","T3",1,"2023-05-24","Morgan Calahan","Michael Henderson","WIPT",1,1,0,2,"953","V",35,"","0","Tundra","","","23-033",NA,NA,NA
"2849",2023,"Teller","T3",1,"2023-05-24","Morgan Calahan","Michael Henderson","WIPT",1,0,0,1,"956","V",35,"20","64","Tundra","","","23-034",NA,NA,NA
"2850",2023,"Teller","T3",1,"2023-05-24","Morgan Calahan","Michael Henderson","WIPT",1,0,0,1,"959","V",36,"","0","Tundra","","","23-035",NA,NA,NA
"2851",2023,"Teller","T3",1,"2023-05-24","Morgan Calahan","Michael Henderson","WIPT",1,0,0,1,"1000","V",36,"90","162","Tundra","","","23-036",NA,NA,NA
"2852",2023,"Teller","T3",1,"2023-05-24","Morgan Calahan","Michael Henderson","AGSQ",0,0,2,2,"1005","V",36,"80","44","Tundra","","","23-037",NA,NA,NA
"2853",2023,"Teller","T3",1,"2023-05-24","Morgan Calahan","Michael Henderson","ROPT",1,0,0,1,"1010","V",36,"70","258","Tundra","","","23-038",NA,NA,NA
"2854",2023,"Teller","T3",1,"2023-05-24","Morgan Calahan","Michael Henderson","AGSQ",0,0,2,2,"1012","V",36,"80","88","Tundra","","","23-039",NA,NA,NA
"2855",2023,"Teller","T3",2,"2023-05-24","Morgan Calahan","Michael Henderson","AGSQ",0,0,2,2,"1120","V",38,"70","89","Tundra","","","23-064",NA,NA,NA
"2856",2023,"Teller","T3",2,"2023-05-24","Morgan Calahan","Michael Henderson","GOPL",0,0,1,1,"1122","A",37,"70","<100","Tundra","","","23-065",NA,NA,NA
"2857",2023,"Teller","T3",2,"2023-05-24","Morgan Calahan","Michael Henderson","WIPT",1,0,0,1,"1124","V",37,"220","73","Tundra","","","23-066",NA,NA,NA
"2858",2023,"Teller","T3",2,"2023-05-24","Morgan Calahan","Michael Henderson","GOPL",0,0,1,1,"1125","A",37,"220","<100","Tundra","","","23-067",NA,NA,NA
"2859",2023,"Teller","T3",2,"2023-05-24","Morgan Calahan","Michael Henderson","WIPT",1,0,0,1,"1127","V",37,"120","50","Tundra","","","23-068",NA,NA,NA
"2860",2023,"Teller","T3",2,"2023-05-24","Morgan Calahan","Michael Henderson","WIPT",1,0,0,1,"1128","V",37,"120","163","Tundra","","","23-069",NA,NA,NA
"2861",2023,"Teller","T3",2,"2023-05-24","Morgan Calahan","Michael Henderson","AGSQ",0,0,2,2,"1128","V",37,"250","136","Tundra","","","23-070",NA,NA,NA
"2862",2023,"Teller","T3",2,"2023-05-24","Morgan Calahan","Michael Henderson","WIPT",1,0,0,1,"1131","V",37,"250","175","Tundra","","","23-071",NA,NA,NA
"2863",2023,"Teller","T3",2,"2023-05-24","Morgan Calahan","Michael Henderson","WIPT",1,0,0,1,"1131","V",37,"110","110","Tundra","","","23-072",NA,NA,NA
"2864",2023,"Teller","T3",2,"2023-05-24","Morgan Calahan","Michael Henderson","AGSQ",0,0,1,1,"1132","V",36,"","0","Tundra","","","23-073",NA,NA,NA
"2865",2023,"Teller","T3",2,"2023-05-24","Morgan Calahan","Michael Henderson","WIPT",1,0,0,1,"1136","V",35,"240","11","Tundra","","","23-074",NA,NA,NA
"2866",2023,"Teller","T3",2,"2023-05-24","Morgan Calahan","Michael Henderson","AGSQ",0,0,1,1,"1137","V",35,"30","13","Tundra","","","23-075",NA,NA,NA
"2867",2023,"Teller","T3",2,"2023-05-24","Morgan Calahan","Michael Henderson","AGSQ",0,0,1,1,"1138","V",35,"30","443","Tundra","","","23-076",NA,NA,NA
"2868",2023,"Teller","T3",2,"2023-05-24","Morgan Calahan","Michael Henderson","WIPT",1,1,0,2,"1144","V",35,"60","42","Tundra","","","23-077",NA,NA,NA
"2869",2023,"Teller","T3",2,"2023-05-24","Morgan Calahan","Michael Henderson","WIPT",2,1,0,3,"1144","V",35,"220","145","Tundra","","","23-078",NA,NA,NA
"2870",2023,"Teller","T3",2,"2023-05-24","Morgan Calahan","Michael Henderson","WHIM",0,0,1,1,"1144","V",35,"180","40","Tundra","","","23-079",NA,NA,NA
"2871",2023,"Teller","T3",2,"2023-05-24","Morgan Calahan","Michael Henderson","WIPT",0,1,0,1,"1144","V",35,"60","117","Tundra","","","23-080",NA,NA,NA
"2872",2023,"Teller","T3",2,"2023-05-24","Morgan Calahan","Michael Henderson","WIPT",0,1,0,1,"1146","V",35,"230","43","Tundra","","","23-081",NA,NA,NA
"2873",2023,"Teller","T3",2,"2023-05-24","Morgan Calahan","Michael Henderson","WIPT",1,1,0,2,"1147","V",35,"220","41","Tundra","","","23-082",NA,NA,NA
"2874",2023,"Teller","T3",2,"2023-05-24","Morgan Calahan","Michael Henderson","WIPT",1,1,0,2,"1150","V",35,"220","62","Tundra","","","23-083",NA,NA,NA
"2875",2023,"Teller","T3",2,"2023-05-24","Morgan Calahan","Michael Henderson","WIPT",1,0,0,1,"1150","V",35,"","0","Tundra","","","23-084",NA,NA,NA
"2876",2023,"Teller","T3",2,"2023-05-24","Morgan Calahan","Michael Henderson","WIPT",1,0,0,1,"1152","V",35,"220","77","Tundra","","","23-085",NA,NA,NA
"2877",2023,"Teller","T3",2,"2023-05-24","Morgan Calahan","Michael Henderson","WIPT",1,0,0,1,"1156","V",34,"220","41","Tundra","","","23-086",NA,NA,NA
"2878",2023,"Teller","T3",2,"2023-05-24","Morgan Calahan","Michael Henderson","WIPT",1,1,0,2,"1157","V",33,"100","56","Tundra","","","23-087",NA,NA,NA
"2879",2023,"Teller","T3",2,"2023-05-24","Morgan Calahan","Michael Henderson","WIPT",1,0,0,1,"1159","V",33,"270","85","Tundra","","","23-088",NA,NA,NA
"2880",2023,"Teller","T3",2,"2023-05-24","Morgan Calahan","Michael Henderson","WISN",0,0,1,1,"1159","V",33,"100","164","Tundra","","","23-089",NA,NA,NA
"2881",2023,"Teller","T3",2,"2023-05-24","Morgan Calahan","Michael Henderson","WIPT",1,0,0,1,"1201","V",33,"140","94","Tundra","","","23-090",NA,NA,NA
"2882",2023,"Teller","T3",2,"2023-05-24","Morgan Calahan","Michael Henderson","WIPT",1,0,0,1,"1203","V",33,"260","63","Tundra","","","23-091",NA,NA,NA
"2883",2023,"Teller","T3",2,"2023-05-24","Morgan Calahan","Michael Henderson","WIPT",1,0,0,1,"1203","V",33,"260","90","Tundra","","","23-092",NA,NA,NA
"2884",2023,"Teller","T3",2,"2023-05-24","Morgan Calahan","Michael Henderson","GOPL",0,0,1,1,"1204","A",33,"260","<100","Tundra","","","23-093",NA,NA,NA
"2885",2023,"Teller","T3",2,"2023-05-24","Morgan Calahan","Michael Henderson","WIPT",2,0,0,2,"1205","V",33,"120","40","Tundra","","","23-094",NA,NA,NA
"2886",2023,"Teller","T3",2,"2023-05-24","Morgan Calahan","Michael Henderson","WIPT",1,0,0,1,"1205","V",33,"110","67","Tundra","","","23-095",NA,NA,NA
"2887",2023,"Teller","T3",2,"2023-05-24","Morgan Calahan","Michael Henderson","LTJA",0,0,2,2,"1209","V",32,"","0","Tundra","","","23-096",NA,NA,NA
"2888",2023,"Teller","T3",2,"2023-05-24","Morgan Calahan","Michael Henderson","WIPT",1,0,0,1,"1210","V",32,"250","10","Tundra","","","23-097",NA,NA,NA
"2889",2023,"Teller","T3",2,"2023-05-24","Morgan Calahan","Michael Henderson","WIPT",1,0,0,1,"1212","V",32,"100","62","Tundra","","","23-098",NA,NA,NA
"2890",2023,"Teller","T3",2,"2023-05-24","Morgan Calahan","Michael Henderson","LTJA",0,0,1,1,"1213","V",32,"270","42","Tundra","","","23-099",NA,NA,NA
"2891",2023,"Teller","T3",2,"2023-05-24","Morgan Calahan","Michael Henderson","LTJA",0,0,1,1,"1214","V",32,"250","50","Tundra","","","23-100",NA,NA,NA
"2892",2023,"Teller","T3",2,"2023-05-24","Morgan Calahan","Michael Henderson","WIPT",1,0,0,1,"1215","V",32,"90","252","Tundra","","","23-101",NA,NA,NA
"2893",2023,"Teller","T3",2,"2023-05-24","Morgan Calahan","Michael Henderson","LTJA",0,0,1,1,"1216","V",32,"140","331","Tundra","","","23-102",NA,NA,NA
"2894",2023,"Teller","T3",2,"2023-05-24","Morgan Calahan","Michael Henderson","WIPT",1,1,0,2,"1217","V",32,"120","119","Tundra","","","23-103",NA,NA,NA
"2895",2023,"Teller","T3",2,"2023-05-24","Morgan Calahan","Michael Henderson","LTJA",0,0,2,2,"1219","V",32,"12","149","Tundra","","","23-104",NA,NA,NA
"2896",2023,"Teller","T3",2,"2023-05-24","Morgan Calahan","Michael Henderson","WIPT",1,1,0,2,"1221","V",32,"","0","Tundra","","","23-105",NA,NA,NA
"2897",2023,"Teller","T3",2,"2023-05-24","Morgan Calahan","Michael Henderson","BTGO",0,0,2,2,"1222","V",32,"260","59","Tundra","","","23-106",NA,NA,NA
"2898",2023,"Teller","T3",2,"2023-05-24","Morgan Calahan","Michael Henderson","WISN",0,0,1,1,"1222","V",32,"260","59","Tundra","","","23-107",NA,NA,NA
"2899",2023,"Teller","T3",2,"2023-05-24","Morgan Calahan","Michael Henderson","GOPL",0,0,1,1,"1222","V",32,"260","59","Tundra","","","23-108",NA,NA,NA
"2900",2023,"Teller","T3",2,"2023-05-24","Morgan Calahan","Michael Henderson","WIPT",1,1,0,2,"1223","V",32,"260","53","Tundra","","","23-109",NA,NA,NA
"2901",2023,"Teller","T3",2,"2023-05-24","Morgan Calahan","Michael Henderson","WISN",0,0,1,1,"1223","V",32,"260","53","Tundra","","","23-110",NA,NA,NA
"2902",2023,"Teller","T3",2,"2023-05-24","Morgan Calahan","Michael Henderson","LTJA",0,0,1,1,"1225","V",32,"110","98","Tundra","","","23-111",NA,NA,NA
"2903",2023,"Teller","T3",2,"2023-05-24","Morgan Calahan","Michael Henderson","WISN",0,0,1,1,"1226","A",32,"110","<100","Tundra","","","23-112",NA,NA,NA
"2904",2023,"Teller","T3",2,"2023-05-24","Morgan Calahan","Michael Henderson","WIPT",1,0,0,1,"1227","V",32,"100","57","Tundra","","","23-113",NA,NA,NA
"2905",2023,"Teller","T3",2,"2023-05-24","Morgan Calahan","Michael Henderson","WIPT",1,0,0,1,"1227","V",32,"270","74","Tundra","","","23-114",NA,NA,NA
"2906",2023,"Teller","T3",2,"2023-05-24","Morgan Calahan","Michael Henderson","LTJA",0,0,2,2,"1228","V",32,"230","179","Tundra","","","23-115",NA,NA,NA
"2907",2023,"Teller","T3",2,"2023-05-24","Morgan Calahan","Michael Henderson","WIPT",1,0,0,1,"1229","V",32,"120","256","Tundra","","","23-116",NA,NA,NA
"2908",2023,"Teller","T3",2,"2023-05-24","Morgan Calahan","Michael Henderson","WIPT",1,0,0,1,"1231","V",31,"270","68","Tundra","","","23-117",NA,NA,NA
"2909",2023,"Teller","T3",2,"2023-05-24","Morgan Calahan","Michael Henderson","WIPT",1,1,0,2,"1232","V",31,"50","88","Tundra","","","23-118",NA,NA,NA
"2910",2023,"Teller","T3",2,"2023-05-24","Morgan Calahan","Michael Henderson","WIPT",1,0,0,1,"1233","V",31,"200","140","Tundra","","","23-119",NA,NA,NA
"2911",2023,"Teller","T3",2,"2023-05-24","Morgan Calahan","Michael Henderson","WIPT",1,1,0,2,"1234","V",30,"210","37","Tundra","","","23-120",NA,NA,NA
"2912",2023,"Teller","T3",2,"2023-05-24","Morgan Calahan","Michael Henderson","GOPL",0,0,1,1,"1235","A",30,"60","<100","Tundra","","","23-121",NA,NA,NA
"2913",2023,"Teller","T3",2,"2023-05-24","Morgan Calahan","Michael Henderson","WIPT",1,0,0,1,"1237","V",30,"60","87","Tundra","","","23-122",NA,NA,NA
"2914",2023,"Teller","T3",2,"2023-05-24","Morgan Calahan","Michael Henderson","WIPT",1,1,0,2,"1237","V",30,"180","30","Tundra","","","23-123",NA,NA,NA
"2915",2023,"Teller","T3",2,"2023-05-24","Morgan Calahan","Michael Henderson","WIPT",1,0,0,1,"1239","V",30,"0","15","Tundra","","","23-124",NA,NA,NA
"2916",2023,"Teller","T3",2,"2023-05-24","Morgan Calahan","Michael Henderson","WIPT",1,0,0,1,"1241","V",30,"0","10","Tundra","","","23-125",NA,NA,NA
"2917",2023,"Teller","T3",2,"2023-05-24","Morgan Calahan","Michael Henderson","WIPT",1,0,0,1,"1242","V",29,"0","10","Tundra","","","23-126",NA,NA,NA
"2918",2023,"Teller","T3",2,"2023-05-24","Morgan Calahan","Michael Henderson","WIPT",1,0,0,1,"1246","V",29,"0","85","Tundra","","","23-127",NA,NA,NA
"2919",2023,"Teller","T3",2,"2023-05-24","Morgan Calahan","Michael Henderson","LTJA",0,0,1,1,"1247","V",29,"90","199","Tundra","","","23-128",NA,NA,NA
"2920",2023,"Teller","T3",2,"2023-05-24","Morgan Calahan","Michael Henderson","WISN",0,0,1,1,"1249","V",29,"90","<100","Tundra","","","23-129",NA,NA,NA
"2921",2023,"Teller","T3",2,"2023-05-24","Morgan Calahan","Michael Henderson","WIPT",1,0,0,1,"1249","V",29,"220","90","Tundra","","","23-130",NA,NA,NA
"2922",2023,"Teller","T3",2,"2023-05-24","Morgan Calahan","Michael Henderson","WIPT",1,0,0,1,"1251","V",29,"80","46","Tundra","","","23-131",NA,NA,NA
"2923",2023,"Teller","T3",2,"2023-05-24","Morgan Calahan","Michael Henderson","WIPT",2,0,0,2,"1252","V",28,"260","123","Tundra","","","23-132",NA,NA,NA
"2924",2023,"Teller","T3",2,"2023-05-24","Morgan Calahan","Michael Henderson","WIPT",1,1,0,2,"1253","V",28,"140","55","Tundra","","","23-133",NA,NA,NA
"2925",2023,"Teller","T3",2,"2023-05-24","Morgan Calahan","Michael Henderson","WIPT",2,0,0,2,"1254","V",28,"280","84","Tundra","","","23-134",NA,NA,NA
"2926",2023,"Teller","T4",1,"2023-05-24","Morgan Calahan","Michael Henderson","AGSQ",0,0,1,1,"1015","A",38,"260","400","Tundra","","","23-040",NA,NA,NA
"2927",2023,"Teller","T4",1,"2023-05-24","Morgan Calahan","Michael Henderson","WIPT",1,0,0,1,"1018","A",38,"110","40","Tundra","","","23-041",NA,NA,NA
"2928",2023,"Teller","T4",1,"2023-05-24","Morgan Calahan","Michael Henderson","GOPL",0,0,2,2,"1020","V",38,"40","30","Tundra","","","23-042",NA,NA,NA
"2929",2023,"Teller","T4",1,"2023-05-24","Morgan Calahan","Michael Henderson","WIPT",1,0,0,1,"1021","V",38,"","0","Tundra","","","23-043",NA,NA,NA
"2930",2023,"Teller","T4",1,"2023-05-24","Morgan Calahan","Michael Henderson","ROPT",1,0,0,1,"1022","V",38,"50","154","Tundra","","","23-044",NA,NA,NA
"2931",2023,"Teller","T4",1,"2023-05-24","Morgan Calahan","Michael Henderson","WIPT",1,0,0,1,"1024","V",38,"280","61","Tundra","","","23-045",NA,NA,NA
"2932",2023,"Teller","T4",1,"2023-05-24","Morgan Calahan","Michael Henderson","ROPT",1,0,0,1,"1027","V",39,"30","267","Tundra","","","23-046",NA,NA,NA
"2933",2023,"Teller","T4",1,"2023-05-24","Morgan Calahan","Michael Henderson","WISN",0,0,1,1,"1029","V",39,"80","<100","Tundra","","","23-047",NA,NA,NA
"2934",2023,"Teller","T4",1,"2023-05-24","Morgan Calahan","Michael Henderson","WIPT",1,0,0,1,"1029","V",39,"70","248","Tundra","","","23-048",NA,NA,NA
"2935",2023,"Teller","T4",1,"2023-05-24","Morgan Calahan","Michael Henderson","WIPT",1,0,0,1,"1031","V",39,"60","81","Tundra","","","23-049",NA,NA,NA
"2936",2023,"Teller","T4",1,"2023-05-24","Morgan Calahan","Michael Henderson","WIPT",1,0,0,1,"1032","V",39,"60","123","Tundra","","","23-050",NA,NA,NA
"2937",2023,"Teller","T4",1,"2023-05-24","Morgan Calahan","Michael Henderson","WIPT",1,0,0,1,"1033","V",39,"280","74","Tundra","","","23-051",NA,NA,NA
"2938",2023,"Teller","T4",1,"2023-05-24","Morgan Calahan","Michael Henderson","AGSQ",0,0,1,1,"1034","V",39,"90","48","Tundra","","","23-052",NA,NA,NA
"2939",2023,"Teller","T4",1,"2023-05-24","Morgan Calahan","Michael Henderson","WIPT",1,0,0,1,"1035","V",39,"60","71","Tundra","","","23-053",NA,NA,NA
"2940",2023,"Teller","T4",1,"2023-05-24","Morgan Calahan","Michael Henderson","AGSQ",0,0,2,2,"1037","V",39,"220","61","Tundra","","","23-054",NA,NA,NA
"2941",2023,"Teller","T4",1,"2023-05-24","Morgan Calahan","Michael Henderson","ROPT",1,0,0,1,"1039","V",39,"40","25","Tundra","","","23-055",NA,NA,NA
"2942",2023,"Teller","T4",1,"2023-05-24","Morgan Calahan","Michael Henderson","ROPT",1,0,0,1,"1041","V",39,"250","250","Tundra","","","23-056",NA,NA,NA
"2943",2023,"Teller","T4",1,"2023-05-24","Morgan Calahan","Michael Henderson","WIPT",2,0,0,2,"1047","V",40,"220","250","Tundra","","","23-057",NA,NA,NA
"2944",2023,"Teller","T4",1,"2023-05-24","Morgan Calahan","Michael Henderson","WIPT",1,1,0,2,"1049","V",41,"200","44","Tundra","","","23-058",NA,NA,NA
"2945",2023,"Teller","T4",1,"2023-05-24","Morgan Calahan","Michael Henderson","LTJA",0,0,1,1,"1049","V",41,"190","150","Tundra","","","23-059",NA,NA,NA
"2946",2023,"Teller","T4",1,"2023-05-24","Morgan Calahan","Michael Henderson","WIPT",1,0,0,1,"1050","V",41,"40","32","Tundra","","","23-060",NA,NA,NA
"2947",2023,"Teller","T4",1,"2023-05-24","Morgan Calahan","Michael Henderson","WIPT",1,0,0,1,"1054","V",42,"220","74","Tundra","","","23-061",NA,NA,NA
"2948",2023,"Teller","T4",1,"2023-05-24","Morgan Calahan","Michael Henderson","ROPT",1,1,0,2,"1055","V",42,"50","113","Tundra","","","23-062",NA,NA,NA
"2949",2023,"Teller","T4",1,"2023-05-24","Morgan Calahan","Michael Henderson","WIPT",1,1,0,2,"1100","V",42,"","0","Tundra","first part finished on mm 43","","23-063",NA,NA,NA
"2950",2023,"Teller","T4",1,"2023-05-26","Morgan Calahan","Michael Henderson","WIPT",1,0,0,1,"803","V",43,"90","100","Tundra","points on gps 001","","1791",NA,NA,NA
"2951",2023,"Teller","T4",1,"2023-05-26","Morgan Calahan","Michael Henderson","WIPT",2,0,0,2,"804","V",43,"280","220","Tundra","","","1792",NA,NA,NA
"2952",2023,"Teller","T4",1,"2023-05-26","Morgan Calahan","Michael Henderson","WIPT",2,0,0,2,"807","V",43,"260","184","Tundra","","","1793",NA,NA,NA
"2953",2023,"Teller","T4",1,"2023-05-26","Morgan Calahan","Michael Henderson","ROPT",1,0,0,1,"808","V",44,"80","97","Tundra","","","1794",NA,NA,NA
"2954",2023,"Teller","T4",1,"2023-05-26","Morgan Calahan","Michael Henderson","ROPT",1,0,0,1,"809","V",44,"280","72","Tundra","","","1795",NA,NA,NA
"2955",2023,"Teller","T4",1,"2023-05-26","Morgan Calahan","Michael Henderson","WIPT",1,0,0,1,"816","V",45,"280","95","Tundra","","","1796",NA,NA,NA
"2956",2023,"Teller","T4",1,"2023-05-26","Morgan Calahan","Michael Henderson","WIPT",1,0,0,1,"822","V",46,"90","177","Tundra","","","1797",NA,NA,NA
"2957",2023,"Teller","T4",1,"2023-05-26","Morgan Calahan","Michael Henderson","WIPT",1,0,0,1,"825","V",46,"260","267","Tundra","","","1798",NA,NA,NA
"2958",2023,"Teller","T4",1,"2023-05-26","Morgan Calahan","Michael Henderson","WIPT",1,0,0,1,"828","V",46,"90","45","Tundra","","","1799",NA,NA,NA
"2959",2023,"Teller","T4",1,"2023-05-26","Morgan Calahan","Michael Henderson","WIPT",1,1,0,2,"832","V",46,"90","133","Tundra","","","1800",NA,NA,NA
"2960",2023,"Teller","T4",1,"2023-05-26","Morgan Calahan","Michael Henderson","ROPT",1,0,0,1,"833","V",46,"280","116","Tundra","","","1801",NA,NA,NA
"2961",2023,"Teller","T4",1,"2023-05-26","Morgan Calahan","Michael Henderson","WIPT",1,0,0,1,"835","V",46,"80","50","Tundra","","","1802",NA,NA,NA
"2962",2023,"Teller","T4",1,"2023-05-26","Morgan Calahan","Michael Henderson","WIPT",1,0,0,1,"839","V",47,"290","277","Tundra","","","1803",NA,NA,NA
"2963",2023,"Teller","T4",2,"2023-05-27","Morgan Calahan","Michael Henderson","ROPT",1,0,0,1,"1017","V",48,"250","81","Tundra","","","1884",NA,NA,NA
"2964",2023,"Teller","T4",2,"2023-05-27","Morgan Calahan","Michael Henderson","WIPT",1,0,0,1,"1021","V",47,"100","30","Tundra","","","1885",NA,NA,NA
"2965",2023,"Teller","T4",2,"2023-05-27","Morgan Calahan","Michael Henderson","WIPT",1,0,0,1,"1022","V",47,"290","29","Tundra","","","1886",NA,NA,NA
"2966",2023,"Teller","T4",2,"2023-05-27","Morgan Calahan","Michael Henderson","WIPT",1,0,0,1,"1024","V",47,"80","43","Tundra","","","1887",NA,NA,NA
"2967",2023,"Teller","T4",2,"2023-05-27","Morgan Calahan","Michael Henderson","AGSQ",0,0,1,1,"1027","V",46,"260","58","Tundra","","","1888",NA,NA,NA
"2968",2023,"Teller","T4",2,"2023-05-27","Morgan Calahan","Michael Henderson","AGSQ",0,0,1,1,"1028","V",46,"260","32","Tundra","","","1889",NA,NA,NA
"2969",2023,"Teller","T4",2,"2023-05-27","Morgan Calahan","Michael Henderson","ROPT",1,0,0,1,"1030","V",46,"290","142","Tundra","","","1890",NA,NA,NA
"2970",2023,"Teller","T4",2,"2023-05-27","Morgan Calahan","Michael Henderson","GOPL",0,0,1,1,"1032","V",46,"290","35","Tundra","","","1891",NA,NA,NA
"2971",2023,"Teller","T4",2,"2023-05-27","Morgan Calahan","Michael Henderson","ROPT",1,0,0,1,"1038","V",45,"250","92","Bare","","","1892",NA,NA,NA
"2972",2023,"Teller","T4",2,"2023-05-27","Morgan Calahan","Michael Henderson","ROPT",1,0,0,1,"1040","V",45,"260","64","bare","","","1893",NA,NA,NA
"2973",2023,"Teller","T4",2,"2023-05-27","Morgan Calahan","Michael Henderson","ROPT",1,0,0,1,"1042","V",45,"270","56","bare","","","1894",NA,NA,NA
"2974",2023,"Teller","T4",2,"2023-05-27","Morgan Calahan","Michael Henderson","ROPT",1,0,0,1,"1043","V",44,"270","97","bare","","","1895",NA,NA,NA
"2975",2023,"Teller","T4",2,"2023-05-27","Morgan Calahan","Michael Henderson","WIPT",1,0,0,1,"1046","V",43,"","0","Tundra","","","1896",NA,NA,NA
"2976",2023,"Teller","T4",2,"2023-05-27","Morgan Calahan","Michael Henderson","WIPT",1,0,0,1,"1047","V",43,"","0","shrubs","","","1897",NA,NA,NA
"2977",2023,"Teller","T4",2,"2023-05-27","Morgan Calahan","Michael Henderson","WIPT",1,0,0,1,"1051","V",43,"200","23","Tundra","","","1898",NA,NA,NA
"2978",2023,"Teller","T4",2,"2023-05-27","Morgan Calahan","Michael Henderson","ROPT",1,0,0,1,"1053","V",43,"100","224","Tundra","","","1899",NA,NA,NA
"2979",2023,"Teller","T4",2,"2023-05-27","Morgan Calahan","Michael Henderson","WIPT",2,0,0,2,"1056","V",43,"220","50","Tundra","","","1900",NA,NA,NA
"2980",2023,"Teller","T4",2,"2023-05-27","Morgan Calahan","Michael Henderson","WIPT",1,0,0,1,"1059","V",43,"210","111","Tundra","","","1901",NA,NA,NA
"2981",2023,"Teller","T4",2,"2023-05-27","Morgan Calahan","Michael Henderson","GOPL",0,0,2,2,"1100","V",43,"220","32","Tundra","","","1902",NA,NA,NA
"2982",2023,"Teller","T4",2,"2023-05-27","Morgan Calahan","Michael Henderson","WIPT",1,0,0,1,"1101","V",41,"210","42","Tundra","","","1903",NA,NA,NA
"2983",2023,"Teller","T4",2,"2023-05-27","Morgan Calahan","Michael Henderson","WISN",0,0,1,1,"1101","A",41,"50","40","Tundra","","","1904",NA,NA,NA
"2984",2023,"Teller","T4",2,"2023-05-27","Morgan Calahan","Michael Henderson","ROPT",1,0,0,1,"1104","V",41,"","0","Tundra","","","1905",NA,NA,NA
"2985",2023,"Teller","T4",2,"2023-05-27","Morgan Calahan","Michael Henderson","ROPT",1,0,0,1,"1106","V",41,"50","17","bare","","","1906",NA,NA,NA
"2986",2023,"Teller","T4",2,"2023-05-27","Morgan Calahan","Michael Henderson","ROPT",1,1,0,2,"1108","V",41,"190","33","Tundra","","","1907",NA,NA,NA
"2987",2023,"Teller","T4",2,"2023-05-27","Morgan Calahan","Michael Henderson","WIPT",1,0,0,1,"1108","V",41,"20","51","Tundra","","","1908",NA,NA,NA
"2988",2023,"Teller","T4",2,"2023-05-27","Morgan Calahan","Michael Henderson","WIPT",1,0,0,1,"1115","V",40,"220","130","Tundra","","","1909",NA,NA,NA
"2989",2023,"Teller","T4",2,"2023-05-27","Morgan Calahan","Michael Henderson","WIPT",1,0,0,1,"1117","V",40,"50","103","Tundra","","","1910",NA,NA,NA
"2990",2023,"Teller","T4",2,"2023-05-27","Morgan Calahan","Michael Henderson","ROPT",1,0,0,1,"1118","V",40,"190","258","Tundra","","","1911",NA,NA,NA
"2991",2023,"Teller","T4",2,"2023-05-27","Morgan Calahan","Michael Henderson","WIPT",1,0,0,1,"1119","V",40,"210","46","Tundra","","","1912",NA,NA,NA
"2992",2023,"Teller","T4",2,"2023-05-27","Morgan Calahan","Michael Henderson","GOPL",1,0,0,1,"1120","V",40,"210","58","Tundra","","","1913",NA,NA,NA
"2993",2023,"Teller","T4",2,"2023-05-27","Morgan Calahan","Michael Henderson","ROPT",1,0,0,1,"1123","V",40,"210","36","Bare","","","1914",NA,NA,NA
"2994",2023,"Teller","T4",2,"2023-05-27","Morgan Calahan","Michael Henderson","ROPT",1,0,0,1,"1124","V",40,"","0","Bare","","","1915",NA,NA,NA
"2995",2023,"Teller","T4",2,"2023-05-27","Morgan Calahan","Michael Henderson","ROPT",1,0,0,1,"1125","V",40,"220","128","Bare","","","1916",NA,NA,NA
"2996",2023,"Teller","T5",1,"2023-05-26","Morgan Calahan","Michael Henderson","WIPT",1,0,0,1,"844","V",48,"340","204","Tundra","","","1804",NA,NA,NA
"2997",2023,"Teller","T5",1,"2023-05-26","Morgan Calahan","Michael Henderson","WIPT",1,0,0,1,"846","V",48,"330","501","Tundra","","","1805",NA,NA,NA
"2998",2023,"Teller","T5",1,"2023-05-26","Morgan Calahan","Michael Henderson","WIPT",1,0,0,1,"847","V",48,"0","282","Tundra","","","1806",NA,NA,NA
"2999",2023,"Teller","T5",1,"2023-05-26","Morgan Calahan","Michael Henderson","WISN",0,0,1,1,"848","A",48,"320",">100","Tundra","","","1807",NA,NA,NA
"3000",2023,"Teller","T5",1,"2023-05-26","Morgan Calahan","Michael Henderson","WIPT",1,0,0,1,"850","V",48,"130","117","Tundra","","","1808",NA,NA,NA
"3001",2023,"Teller","T5",1,"2023-05-26","Morgan Calahan","Michael Henderson","WIPT",1,0,0,1,"850","V",48,"0","186","Tundra","","","1809",NA,NA,NA
"3002",2023,"Teller","T5",1,"2023-05-26","Morgan Calahan","Michael Henderson","WIPT",1,0,0,1,"852","V",48,"","0","Tundra","","","1810",NA,NA,NA
"3003",2023,"Teller","T5",1,"2023-05-26","Morgan Calahan","Michael Henderson","WISN",0,0,1,1,"853","V",48,"280",">100","Tundra","","","1811",NA,NA,NA
"3004",2023,"Teller","T5",1,"2023-05-26","Morgan Calahan","Michael Henderson","WIPT",1,0,0,1,"855","V",48,"90","285","Tundra","","","1812",NA,NA,NA
"3005",2023,"Teller","T5",1,"2023-05-26","Morgan Calahan","Michael Henderson","WIPT",1,0,0,1,"856","V",49,"270","151","Tundra","","","1813",NA,NA,NA
"3006",2023,"Teller","T5",1,"2023-05-26","Morgan Calahan","Michael Henderson","WISN",0,0,1,1,"857","A",49,"270","<100","Tundra","","","1814",NA,NA,NA
"3007",2023,"Teller","T5",1,"2023-05-26","Morgan Calahan","Michael Henderson","WIPT",1,1,0,2,"858","V",49,"320","55","Tundra","","","1815",NA,NA,NA
"3008",2023,"Teller","T5",1,"2023-05-26","Morgan Calahan","Michael Henderson","WIPT",1,0,0,1,"859","V",49,"130","124","Tundra","","","1816",NA,NA,NA
"3009",2023,"Teller","T5",1,"2023-05-26","Morgan Calahan","Michael Henderson","WIPT",1,0,0,1,"902","V",49,"","0","Tundra","","","1817",NA,NA,NA
"3010",2023,"Teller","T5",1,"2023-05-26","Morgan Calahan","Michael Henderson","WIPT",1,0,0,1,"902","V",49,"310","143","Tundra","","","1818",NA,NA,NA
"3011",2023,"Teller","T5",1,"2023-05-26","Morgan Calahan","Michael Henderson","WISN",0,0,2,2,"904","V",50,"","0","Tundra","","","1819",NA,NA,NA
"3012",2023,"Teller","T5",1,"2023-05-26","Morgan Calahan","Michael Henderson","WIPT",1,0,0,1,"906","V",50,"","0","Tundra","","","1820",NA,NA,NA
"3013",2023,"Teller","T5",1,"2023-05-26","Morgan Calahan","Michael Henderson","WIPT",1,0,0,1,"906","V",50,"","0","Tundra","","","1821",NA,NA,NA
"3014",2023,"Teller","T5",1,"2023-05-26","Morgan Calahan","Michael Henderson","WIPT",2,0,0,2,"907","V",50,"","0","Tundra","","","1822",NA,NA,NA
"3015",2023,"Teller","T5",1,"2023-05-26","Morgan Calahan","Michael Henderson","WIPT",1,0,0,1,"910","V",50,"140","60","Tundra","","","1823",NA,NA,NA
"3016",2023,"Teller","T5",1,"2023-05-26","Morgan Calahan","Michael Henderson","WIPT",1,0,0,1,"912","V",51,"320","52","Tundra","","","1824",NA,NA,NA
"3017",2023,"Teller","T5",1,"2023-05-26","Morgan Calahan","Michael Henderson","WIPT",1,0,0,1,"912","V",51,"","0","Tundra","","","1825",NA,NA,NA
"3018",2023,"Teller","T5",1,"2023-05-26","Morgan Calahan","Michael Henderson","WIPT",1,0,0,1,"915","V",51,"","0","Tundra","","","1826",NA,NA,NA
"3019",2023,"Teller","T5",1,"2023-05-26","Morgan Calahan","Michael Henderson","WIPT",2,0,0,2,"915","V",51,"260","150","Tundra","","","1827",NA,NA,NA
"3020",2023,"Teller","T5",1,"2023-05-26","Morgan Calahan","Michael Henderson","WIPT",1,0,0,1,"917","V",52,"","0","Tundra","","","1828",NA,NA,NA
"3021",2023,"Teller","T5",1,"2023-05-26","Morgan Calahan","Michael Henderson","LTJA",0,0,2,2,"919","V",52,"50","74","Tundra","","","1829",NA,NA,NA
"3022",2023,"Teller","T5",1,"2023-05-26","Morgan Calahan","Michael Henderson","WIPT",1,1,0,2,"922","V",52,"40","20","Tundra","","","1830",NA,NA,NA
"3023",2023,"Teller","T5",1,"2023-05-26","Morgan Calahan","Michael Henderson","WISN",0,0,1,1,"924","A",52,"40",">100","Tundra","","","1831",NA,NA,NA
"3024",2023,"Teller","T5",1,"2023-05-26","Morgan Calahan","Michael Henderson","WIPT",1,0,0,1,"926","V",52,"240","205","Tundra","","","1832",NA,NA,NA
"3025",2023,"Teller","T5",1,"2023-05-26","Morgan Calahan","Michael Henderson","WISN",0,0,1,1,"927","A",53,"40","<100","Tundra","","","1833",NA,NA,NA
"3026",2023,"Teller","T5",1,"2023-05-26","Morgan Calahan","Michael Henderson","WIPT",1,0,0,1,"930","V",53,"240","159","Tundra","","","1834",NA,NA,NA
"3027",2023,"Teller","T5",1,"2023-05-26","Morgan Calahan","Michael Henderson","WIPT",1,0,0,1,"931","V",53,"240","78","shrubs","","","1835",NA,NA,NA
"3028",2023,"Teller","T5",1,"2023-05-26","Morgan Calahan","Michael Henderson","WISN",0,0,1,1,"946","V",55,"300","<100","Tundra","","","1836",NA,NA,NA
"3029",2023,"Teller","T5",2,"2023-05-27","Morgan Calahan","Michael Henderson","WISN",0,0,1,1,"905","A",56,"280",">100","Tundra","","","1851",NA,NA,NA
"3030",2023,"Teller","T5",2,"2023-05-27","Morgan Calahan","Michael Henderson","WIPT",1,1,0,2,"907","V",56,"250","198","Tundra","","","1852",NA,NA,NA
"3031",2023,"Teller","T5",2,"2023-05-27","Morgan Calahan","Michael Henderson","LTJA",0,0,1,1,"909","V",56,"230","85","Tundra","","","1853",NA,NA,NA
"3032",2023,"Teller","T5",2,"2023-05-27","Morgan Calahan","Michael Henderson","WIPT",1,0,0,1,"912","V",55,"210","116","Tundra","","","1854",NA,NA,NA
"3033",2023,"Teller","T5",2,"2023-05-27","Morgan Calahan","Michael Henderson","WIPT",1,0,0,1,"915","V",55,"","0","Tundra","","","1855",NA,NA,NA
"3034",2023,"Teller","T5",2,"2023-05-27","Morgan Calahan","Michael Henderson","WISN",0,0,1,1,"918","V",55,"240","30","Tundra","","","1856",NA,NA,NA
"3035",2023,"Teller","T5",2,"2023-05-27","Morgan Calahan","Michael Henderson","WIPT",1,0,0,1,"925","V",53,"230","5","Tundra","","","1857",NA,NA,NA
"3036",2023,"Teller","T5",2,"2023-05-27","Morgan Calahan","Michael Henderson","WIPT",2,0,0,2,"926","V",53,"190","30","Tundra","","","1858",NA,NA,NA
"3037",2023,"Teller","T5",2,"2023-05-27","Morgan Calahan","Michael Henderson","WISN",0,0,1,1,"928","V",53,"230","40","Tundra","","","1859",NA,NA,NA
"3038",2023,"Teller","T5",2,"2023-05-27","Morgan Calahan","Michael Henderson","PAJA",0,0,2,2,"928","V",52,"50","83","Tundra","","","1860",NA,NA,NA
"3039",2023,"Teller","T5",2,"2023-05-27","Morgan Calahan","Michael Henderson","WIPT",1,0,0,1,"931","V",52,"260","161","Tundra","","","1861",NA,NA,NA
"3040",2023,"Teller","T5",2,"2023-05-27","Morgan Calahan","Michael Henderson","WISN",0,0,1,1,"931","V",52,"","0","Tundra","","","1862",NA,NA,NA
"3041",2023,"Teller","T5",2,"2023-05-27","Morgan Calahan","Michael Henderson","WIPT",1,0,0,1,"933","V",52,"280","22","Tundra","","","1863",NA,NA,NA
"3042",2023,"Teller","T5",2,"2023-05-27","Morgan Calahan","Michael Henderson","WIPT",1,0,1,2,"934","V",52,"120","191","Tundra","","","1864",NA,NA,NA
"3043",2023,"Teller","T5",2,"2023-05-27","Morgan Calahan","Michael Henderson","WIPT",1,0,0,1,"938","V",52,"260","42","Tundra","","","1865",NA,NA,NA
"3044",2023,"Teller","T5",2,"2023-05-27","Morgan Calahan","Michael Henderson","WIPT",1,0,0,1,"940","V",51,"","0","Tundra","","","1866",NA,NA,NA
"3045",2023,"Teller","T5",2,"2023-05-27","Morgan Calahan","Michael Henderson","WIPT",1,0,0,1,"941","V",51,"130","127","Tundra","","","1867",NA,NA,NA
"3046",2023,"Teller","T5",2,"2023-05-27","Morgan Calahan","Michael Henderson","WIPT",1,0,0,1,"943","V",51,"160","89","Tundra","","","1868",NA,NA,NA
"3047",2023,"Teller","T5",2,"2023-05-27","Morgan Calahan","Michael Henderson","WIPT",1,0,0,1,"944","V",51,"180","63","Tundra","","","1869",NA,NA,NA
"3048",2023,"Teller","T5",2,"2023-05-27","Morgan Calahan","Michael Henderson","WIPT",1,0,0,1,"946","V",51,"280","325","Tundra","","","1870",NA,NA,NA
"3049",2023,"Teller","T5",2,"2023-05-27","Morgan Calahan","Michael Henderson","WISN",1,0,0,1,"948","V",51,"300","231","Tundra","","","1871",NA,NA,NA
"3050",2023,"Teller","T5",2,"2023-05-27","Morgan Calahan","Michael Henderson","WIPT",0,0,1,1,"948","A",50,"150",">100","Tundra","","","1872",NA,NA,NA
"3051",2023,"Teller","T5",2,"2023-05-27","Morgan Calahan","Michael Henderson","WIPT",1,0,0,1,"950","V",50,"300","203","Tundra","","","1873",NA,NA,NA
"3052",2023,"Teller","T5",2,"2023-05-27","Morgan Calahan","Michael Henderson","WISN",1,0,0,1,"951","V",50,"310","78","Tundra","","","1874",NA,NA,NA
"3053",2023,"Teller","T5",2,"2023-05-27","Morgan Calahan","Michael Henderson","WISN",0,0,1,1,"952","A",50,"180","20","Tundra","","","1875",NA,NA,NA
"3054",2023,"Teller","T5",2,"2023-05-27","Morgan Calahan","Michael Henderson","WIPT",1,1,0,2,"953","V",50,"","0","Tundra","","","1876",NA,NA,NA
"3055",2023,"Teller","T5",2,"2023-05-27","Morgan Calahan","Michael Henderson","WIPT",1,0,0,1,"958","V",50,"300","85","Tundra","","","1877",NA,NA,NA
"3056",2023,"Teller","T5",2,"2023-05-27","Morgan Calahan","Michael Henderson","WIPT",1,0,0,1,"959","V",50,"","0","Tundra","","","1878",NA,NA,NA
"3057",2023,"Teller","T5",2,"2023-05-27","Morgan Calahan","Michael Henderson","WIPT",1,0,0,1,"1000","V",50,"300","35","Tundra","","","1879",NA,NA,NA
"3058",2023,"Teller","T5",2,"2023-05-27","Morgan Calahan","Michael Henderson","WISN",0,0,1,1,"1000","A",50,"310","<100","Tundra","","","1880",NA,NA,NA
"3059",2023,"Teller","T5",2,"2023-05-27","Morgan Calahan","Michael Henderson","WIPT",1,0,0,1,"1004","V",50,"","0","Tundra","","","1881",NA,NA,NA
"3060",2023,"Teller","T5",2,"2023-05-27","Morgan Calahan","Michael Henderson","WIPT",1,0,0,1,"1005","V",50,"330","261","Tundra","","","1882",NA,NA,NA
"3061",2023,"Teller","T5",2,"2023-05-27","Morgan Calahan","Michael Henderson","PAJA",0,0,2,2,"1006","V",49,"160","150","Tundra","","","1883",NA,NA,NA
"3062",2023,"Teller","T6",1,"2023-05-26","Morgan Calahan","Michael Henderson","WIPT",2,0,0,2,"1003","V",58,"200","42","Tundra","","","1837",NA,NA,NA
"3063",2023,"Teller","T6",1,"2023-05-26","Morgan Calahan","Michael Henderson","WIPT",1,0,0,1,"1007","V",58,"","0","Tundra","","","1838",NA,NA,NA
"3064",2023,"Teller","T6",1,"2023-05-26","Morgan Calahan","Michael Henderson","WIPT",2,0,0,2,"1010","V",60,"","0","shrubs","","","1839",NA,NA,NA
"3065",2023,"Teller","T6",1,"2023-05-26","Morgan Calahan","Michael Henderson","WIPT",1,1,0,2,"1013","V",60,"90","70","Tundra","","","1840",NA,NA,NA
"3066",2023,"Teller","T6",1,"2023-05-26","Morgan Calahan","Michael Henderson","WIPT",1,0,0,1,"1031","V",63,"220","50","Tundra","","","1841",NA,NA,NA
"3067",2023,"Teller","T6",1,"2023-05-26","Morgan Calahan","Michael Henderson","WISN",0,0,1,1,"1040","V",65,"80","29","Tundra","","","1842",NA,NA,NA
"3068",2023,"Teller","T6",1,"2023-05-26","Morgan Calahan","Michael Henderson","WISN",0,0,1,1,"1042","V",65,"","0","Tundra","","","1843",NA,NA,NA
"3069",2023,"Teller","T6",1,"2023-05-26","Morgan Calahan","Michael Henderson","LTJA",0,0,1,1,"1045","V",65,"","0","Tundra","","","1844",NA,NA,NA
"3070",2023,"Teller","T6",2,"2023-05-26","Morgan Calahan","Michael Henderson","WIPT",1,0,0,1,"1117","V",67,"270","106","Tundra","","","1846",NA,NA,NA
"3071",2023,"Teller","T6",2,"2023-05-26","Morgan Calahan","Michael Henderson","WISN",0,0,1,1,"1123","A",65,"140",">100","Tundra","","","1847",NA,NA,NA
"3072",2023,"Teller","T6",2,"2023-05-26","Morgan Calahan","Michael Henderson","WIPT",1,0,0,1,"1128","V",63,"20","80","Tundra","","","1848",NA,NA,NA
"3073",2023,"Teller","T6",2,"2023-05-26","Morgan Calahan","Michael Henderson","GOPL",0,0,1,1,"1130","A",63,"90","<100","Tundra","","","1849",NA,NA,NA
"3074",2023,"Teller","T6",2,"2023-05-26","Morgan Calahan","Michael Henderson","WIPT",1,0,0,1,"1140","V",61,"270","47","Tundra","","","1850",NA,NA,NA
"3075",2024,"Kougarok","K1",1,"2024-05-14","Kara_Beer","Michael_Henderson","WIPT",2,0,0,2,"6:06","V",13,NA,"0",NA,NA,"","78","GPS-003",1,"017b959c-3a4b-4397-9305-4752e2c0b93f"
"3076",2024,"Kougarok","K1",1,"2024-05-14","Kara_Beer","Michael_Henderson","WIPT",0,0,1,0,"6:29","A",13,"50","72",NA,NA,"","79","GPS-003",2,"017b959c-3a4b-4397-9305-4752e2c0b93f"
"3077",2024,"Kougarok","K1",1,"2024-05-14","Kara_Beer","Michael_Henderson","WIPT",1,0,0,1,"6:34","A",18,"80","296",NA,NA,"","80","GPS-003",3,"017b959c-3a4b-4397-9305-4752e2c0b93f"
"3078",2024,"Kougarok","K1",1,"2024-05-14","Kara_Beer","Michael_Henderson","WIPT",1,0,0,1,"7:05","A",18,"98","141",NA,NA,"","81","GPS-003",4,"017b959c-3a4b-4397-9305-4752e2c0b93f"
"3079",2024,"Kougarok","K1",1,"2024-05-14","Kara_Beer","Michael_Henderson","WIPT",1,0,0,1,"7:06","V",18,"260","216",NA,NA,"","82","GPS-003",5,"017b959c-3a4b-4397-9305-4752e2c0b93f"
"3080",2024,"Kougarok","K1",1,"2024-05-14","Kara_Beer","Michael_Henderson","WIPT",1,0,1,1,"7:11","V",19,"190","110",NA,NA,"","83","GPS-003",6,"017b959c-3a4b-4397-9305-4752e2c0b93f"
"3081",2024,"Kougarok","K1",1,"2024-05-14","Kara_Beer","Michael_Henderson","WIPT",1,0,0,1,"7:16","V",19,"111","92",NA,NA,"","84","GPS-003",7,"017b959c-3a4b-4397-9305-4752e2c0b93f"
"3082",2024,"Kougarok","K2",1,"2024-05-14","Stephanie_Galla","Kara_Beer","WIPT",1,0,0,1,"7:46","A",24,"118","50",NA,NA,"","85","GPS-003",8,"55bf443c-56cf-4a65-a77b-0beb7a94bbdf"
"3083",2024,"Kougarok","K2",1,"2024-05-14","Stephanie_Galla","Kara_Beer","WIPT",1,0,0,1,"8:07","V",26,"119","59",NA,NA,"","86","GPS-003",9,"55bf443c-56cf-4a65-a77b-0beb7a94bbdf"
"3084",2024,"Kougarok","K2",1,"2024-05-14","Stephanie_Galla","Kara_Beer","WIPT",3,1,0,5,"8:16","V",27,NA,"0",NA,NA,"","87","GPS-003",10,"55bf443c-56cf-4a65-a77b-0beb7a94bbdf"
"3085",2024,"Kougarok","K2",1,"2024-05-14","Stephanie_Galla","Kara_Beer","WIPT",1,1,0,3,"8:20","V",27,"47","39",NA,NA,"","88","GPS-003",11,"55bf443c-56cf-4a65-a77b-0beb7a94bbdf"
"3086",2024,"Kougarok","K2",1,"2024-05-14","Stephanie_Galla","Kara_Beer","WIPT",1,0,0,1,"8:22","V",27,"142","36",NA,NA,"","89","GPS-003",12,"55bf443c-56cf-4a65-a77b-0beb7a94bbdf"
"3087",2024,"Kougarok","K2",1,"2024-05-14","Stephanie_Galla","Kara_Beer","WIPT",1,0,0,1,"8:25","V",27,"151","57",NA,NA,"","90","GPS-003",13,"55bf443c-56cf-4a65-a77b-0beb7a94bbdf"
"3088",2024,"Kougarok","K2",1,"2024-05-14","Stephanie_Galla","Kara_Beer","WIPT",1,0,0,1,"8:27","A",27,"47","140",NA,NA,"","91","GPS-003",14,"55bf443c-56cf-4a65-a77b-0beb7a94bbdf"
"3089",2024,"Kougarok","K2",1,"2024-05-14","Stephanie_Galla","Kara_Beer","WIPT",1,0,0,1,"8:30","V",28,"125","7",NA,NA,"","92","GPS-003",15,"55bf443c-56cf-4a65-a77b-0beb7a94bbdf"
"3090",2024,"Kougarok","K2",1,"2024-05-14","Stephanie_Galla","Kara_Beer","WIPT",1,1,0,3,"8:33","V",28,"67","27",NA,NA,"","93","GPS-003",16,"55bf443c-56cf-4a65-a77b-0beb7a94bbdf"
"3091",2024,"Kougarok","K2",1,"2024-05-14","Stephanie_Galla","Kara_Beer","WIPT",1,1,0,3,"8:35","V",28,"141","26",NA,NA,"","94","GPS-003",17,"55bf443c-56cf-4a65-a77b-0beb7a94bbdf"
"3092",2024,"Kougarok","K2",1,"2024-05-14","Stephanie_Galla","Kara_Beer","WIPT",1,1,0,3,"8:39","V",28,"69","31",NA,NA,"","95","GPS-003",18,"55bf443c-56cf-4a65-a77b-0beb7a94bbdf"
"3093",2024,"Kougarok","K2",1,"2024-05-14","Stephanie_Galla","Kara_Beer","WIPT",1,0,0,1,"8:44","V",29,"70","21",NA,NA,"","96","GPS-003",19,"55bf443c-56cf-4a65-a77b-0beb7a94bbdf"
"3094",2024,"Kougarok","K2",1,"2024-05-14","Stephanie_Galla","Kara_Beer","WIPT",1,0,0,1,"8:47","V",29,"65","32",NA,NA,"","97","GPS-003",20,"55bf443c-56cf-4a65-a77b-0beb7a94bbdf"
"3095",2024,"Kougarok","K2",1,"2024-05-14","Stephanie_Galla","Kara_Beer","WIPT",1,0,0,1,"8:51","V",30,"81","51",NA,NA,"","98","GPS-003",21,"55bf443c-56cf-4a65-a77b-0beb7a94bbdf"
"3096",2024,"Kougarok","K2",1,"2024-05-14","Stephanie_Galla","Kara_Beer","WIPT",1,0,0,1,"8:53","V",30,"111","5",NA,NA,"","99","GPS-003",22,"55bf443c-56cf-4a65-a77b-0beb7a94bbdf"
"3097",2024,"Kougarok","K2",1,"2024-05-14","Stephanie_Galla","Kara_Beer","WIPT",1,0,0,1,"8:55","V",30,"113","102",NA,NA,"","100","GPS-003",23,"55bf443c-56cf-4a65-a77b-0beb7a94bbdf"
"3098",2024,"Kougarok","K2",1,"2024-05-14","Stephanie_Galla","Kara_Beer","WIPT",1,0,0,1,"8:58","V",30,"62","80",NA,NA,"","101","GPS-003",24,"55bf443c-56cf-4a65-a77b-0beb7a94bbdf"
"3099",2024,"Kougarok","K2",1,"2024-05-14","Stephanie_Galla","Kara_Beer","WIPT",1,0,0,1,"9:09","V",32,"61","8",NA,NA,"","102","GPS-003",25,"55bf443c-56cf-4a65-a77b-0beb7a94bbdf"
"3100",2024,"Kougarok","K2",1,"2024-05-14","Stephanie_Galla","Kara_Beer","WIPT",1,1,0,3,"9:16","V",33,"192","10",NA,NA,"","103","GPS-003",26,"55bf443c-56cf-4a65-a77b-0beb7a94bbdf"
"3101",2024,"Teller","T1",1,"2024-05-16","Stephanie_Galla","Kara_Beer","WIPT",1,0,0,1,"7:15","A",11,"113","83",NA,NA,"104","104","GPS-003",27,"e65d9b26-2d35-4ab4-90f1-3203756b766e"
"3102",2024,"Teller","T1",1,"2024-05-16","Stephanie_Galla","Kara_Beer","WIPT",1,0,0,1,"7:28","V",13,"119","56",NA,NA,"","105","GPS-003",28,"e65d9b26-2d35-4ab4-90f1-3203756b766e"
"3103",2024,"Teller","T1",1,"2024-05-16","Stephanie_Galla","Kara_Beer","WIPT",0,0,1,0,"7:33","A",14,"161","105",NA,NA,"","106","GPS-003",29,"e65d9b26-2d35-4ab4-90f1-3203756b766e"
"3104",2024,"Teller","T1",1,"2024-05-16","Stephanie_Galla","Kara_Beer","WIPT",1,0,0,1,"7:37","V",14,"133","81",NA,NA,"Went 6.7 miles before hitting impassable snow drift","107","GPS-003",30,"e65d9b26-2d35-4ab4-90f1-3203756b766e"
"3105",2024,"Kougarok","K1",2,"2024-05-17","Stephanie_Galla","Kara_Beer","WISN",0,0,1,0,"8:58","V",22,NA,"0",NA,NA,"","A1","inreach1",31,"7f4bad90-58f9-4217-8cbc-1bcb81e8ac3c"
"3106",2024,"Kougarok","K1",2,"2024-05-17","Stephanie_Galla","Kara_Beer","WISN",0,0,1,0,"9:09","V",21,NA,"0",NA,NA,"","A2","inreach1",32,"7f4bad90-58f9-4217-8cbc-1bcb81e8ac3c"
"3107",2024,"Kougarok","K1",2,"2024-05-17","Stephanie_Galla","Kara_Beer","WIPT",1,1,0,3,"9:13","V",21,"275","18",NA,NA,"","A3","inreach1",33,"7f4bad90-58f9-4217-8cbc-1bcb81e8ac3c"
"3108",2024,"Kougarok","K1",2,"2024-05-17","Stephanie_Galla","Kara_Beer","WISN",0,0,1,0,"9:17","V",21,NA,"0",NA,NA,"","A4","inreach1",34,"7f4bad90-58f9-4217-8cbc-1bcb81e8ac3c"
"3109",2024,"Kougarok","K1",2,"2024-05-17","Stephanie_Galla","Kara_Beer","WIPT",1,1,0,3,"9:19","V",21,"260","36",NA,NA,"","A5","inreach1",35,"7f4bad90-58f9-4217-8cbc-1bcb81e8ac3c"
"3110",2024,"Kougarok","K1",2,"2024-05-17","Stephanie_Galla","Kara_Beer","WISN",0,0,1,0,"9:23","V",21,NA,"0",NA,NA,"","A6","inreach1",36,"7f4bad90-58f9-4217-8cbc-1bcb81e8ac3c"
"3111",2024,"Kougarok","K1",2,"2024-05-17","Stephanie_Galla","Kara_Beer","WIPT",1,1,0,3,"9:26","V",20,"109","51",NA,NA,"","A7","inreach1",37,"7f4bad90-58f9-4217-8cbc-1bcb81e8ac3c"
"3112",2024,"Kougarok","K1",2,"2024-05-17","Stephanie_Galla","Kara_Beer","WIPT",1,1,0,3,"9:37","V",18,"118","55",NA,NA,"","A8","inreach1",38,"7f4bad90-58f9-4217-8cbc-1bcb81e8ac3c"
"3113",2024,"Kougarok","K1",2,"2024-05-17","Stephanie_Galla","Kara_Beer","WIPT",0,0,1,0,"10:03","A",14,"255","55",NA,NA,"","A9","inreach1",39,"7f4bad90-58f9-4217-8cbc-1bcb81e8ac3c"
"3114",2024,"Kougarok","K2",2,"2024-05-19","Stephanie_Galla","Kara_Beer","AGSQ",0,0,2,0,"10:15","V",32,"120","60",NA,NA,"","108","GPS-003",40,"0c36a307-e605-447a-bebb-b0d3735b2017"
"3115",2024,"Kougarok","K2",2,"2024-05-19","Stephanie_Galla","Kara_Beer","WIPT",1,0,0,1,"10:19","V",31,"103","107",NA,NA,"","109","GPS-003",41,"0c36a307-e605-447a-bebb-b0d3735b2017"
"3116",2024,"Kougarok","K2",2,"2024-05-19","Stephanie_Galla","Kara_Beer","WIPT",1,0,0,1,"10:22","V",31,"273","122",NA,NA,"","110","GPS-003",42,"0c36a307-e605-447a-bebb-b0d3735b2017"
"3117",2024,"Kougarok","K2",2,"2024-05-19","Stephanie_Galla","Kara_Beer","WISN",0,0,1,0,"10:23","A",31,NA,"0",NA,NA,"","111","GPS-003",43,"0c36a307-e605-447a-bebb-b0d3735b2017"
"3118",2024,"Kougarok","K2",2,"2024-05-19","Stephanie_Galla","Kara_Beer","AGSQ",0,0,1,0,"10:26","V",30,"103","60",NA,NA,"","112","GPS-003",44,"0c36a307-e605-447a-bebb-b0d3735b2017"
"3119",2024,"Kougarok","K2",2,"2024-05-19","Stephanie_Galla","Kara_Beer","WISN",0,0,2,0,"10:29","V",30,"92","56",NA,NA,"","113","GPS-003",45,"0c36a307-e605-447a-bebb-b0d3735b2017"
"3120",2024,"Kougarok","K2",2,"2024-05-19","Stephanie_Galla","Kara_Beer","WIPT",1,0,0,1,"10:32","V",30,"264","8",NA,NA,"","114","GPS-003",46,"0c36a307-e605-447a-bebb-b0d3735b2017"
"3121",2024,"Kougarok","K2",2,"2024-05-19","Stephanie_Galla","Kara_Beer","WISN",0,0,1,0,"10:33","A",30,"88","92",NA,NA,"","115","GPS-003",47,"0c36a307-e605-447a-bebb-b0d3735b2017"
"3122",2024,"Kougarok","K2",2,"2024-05-19","Stephanie_Galla","Kara_Beer","WIPT",0,0,1,0,"10:35","A",30,"299","10",NA,NA,"","116","GPS-003",48,"0c36a307-e605-447a-bebb-b0d3735b2017"
"3123",2024,"Kougarok","K2",2,"2024-05-19","Stephanie_Galla","Kara_Beer","AGSQ",0,0,1,0,"10:37","V",30,"90","39",NA,NA,"","117","GPS-003",49,"0c36a307-e605-447a-bebb-b0d3735b2017"
"3124",2024,"Kougarok","K2",2,"2024-05-19","Stephanie_Galla","Kara_Beer","WIPT",1,1,0,3,"10:41","V",29,"102","119",NA,NA,"","118","GPS-003",50,"0c36a307-e605-447a-bebb-b0d3735b2017"
"3125",2024,"Kougarok","K2",2,"2024-05-19","Stephanie_Galla","Kara_Beer","WIPT",1,0,0,1,"10:42","A",29,"100","25",NA,NA,"","119","GPS-003",51,"0c36a307-e605-447a-bebb-b0d3735b2017"
"3126",2024,"Kougarok","K2",2,"2024-05-19","Stephanie_Galla","Kara_Beer","WIPT",1,0,0,1,"10:43","A",29,"288","108",NA,NA,"","120","GPS-003",52,"0c36a307-e605-447a-bebb-b0d3735b2017"
"3127",2024,"Kougarok","K2",2,"2024-05-19","Stephanie_Galla","Kara_Beer","WISN",0,0,2,0,"10:45","A",29,"95","120",NA,NA,"","121","GPS-003",53,"0c36a307-e605-447a-bebb-b0d3735b2017"
"3128",2024,"Kougarok","K2",2,"2024-05-19","Stephanie_Galla","Kara_Beer","WISN",0,0,1,0,"10:46","A",29,"268","182",NA,NA,"","122","GPS-003",54,"0c36a307-e605-447a-bebb-b0d3735b2017"
"3129",2024,"Kougarok","K2",2,"2024-05-19","Stephanie_Galla","Kara_Beer","WIPT",1,1,0,3,"10:51","V",29,"90","0",NA,NA,"","123","GPS-003",55,"0c36a307-e605-447a-bebb-b0d3735b2017"
"3130",2024,"Kougarok","K2",2,"2024-05-19","Stephanie_Galla","Kara_Beer","WISN",0,0,1,0,"10:53","A",29,"92","43",NA,NA,"","124","GPS-003",56,"0c36a307-e605-447a-bebb-b0d3735b2017"
"3131",2024,"Kougarok","K2",2,"2024-05-19","Stephanie_Galla","Kara_Beer","WIPT",1,1,0,3,"10:56","V",29,NA,"0",NA,NA,"","125","GPS-003",57,"0c36a307-e605-447a-bebb-b0d3735b2017"
"3132",2024,"Kougarok","K2",2,"2024-05-19","Stephanie_Galla","Kara_Beer","WIPT",1,0,0,1,"10:57","V",29,"92","28",NA,NA,"","126","GPS-003",58,"0c36a307-e605-447a-bebb-b0d3735b2017"
"3133",2024,"Kougarok","K2",2,"2024-05-19","Stephanie_Galla","Kara_Beer","WISN",0,0,1,0,"11:00","A",29,"256","90",NA,NA,"","127","GPS-003",59,"0c36a307-e605-447a-bebb-b0d3735b2017"
"3134",2024,"Kougarok","K2",2,"2024-05-19","Stephanie_Galla","Kara_Beer","WIPT",1,0,0,1,"11:02","V",28,"252","71",NA,NA,"","128","GPS-003",60,"0c36a307-e605-447a-bebb-b0d3735b2017"
"3135",2024,"Kougarok","K2",2,"2024-05-19","Stephanie_Galla","Kara_Beer","WIPT",1,0,0,1,"11:05","V",28,"236","97",NA,NA,"","129","GPS-003",61,"0c36a307-e605-447a-bebb-b0d3735b2017"
"3136",2024,"Kougarok","K2",2,"2024-05-19","Stephanie_Galla","Kara_Beer","WIPT",1,1,0,3,"11:07","V",28,"220","55",NA,NA,"","130","GPS-003",62,"0c36a307-e605-447a-bebb-b0d3735b2017"
"3137",2024,"Kougarok","K2",2,"2024-05-19","Stephanie_Galla","Kara_Beer","WIPT",1,0,0,1,"11:09","V",28,"218","43",NA,NA,"","131","GPS-003",63,"0c36a307-e605-447a-bebb-b0d3735b2017"
"3138",2024,"Kougarok","K2",2,"2024-05-19","Stephanie_Galla","Kara_Beer","AGSQ",0,0,2,0,"11:10","V",28,NA,"0",NA,NA,"","132","GPS-003",64,"0c36a307-e605-447a-bebb-b0d3735b2017"
"3139",2024,"Kougarok","K2",2,"2024-05-19","Stephanie_Galla","Kara_Beer","AGSQ",0,0,1,0,"11:12","V",28,"81","72",NA,NA,"","133","GPS-003",65,"0c36a307-e605-447a-bebb-b0d3735b2017"
"3140",2024,"Kougarok","K2",2,"2024-05-19","Stephanie_Galla","Kara_Beer","WIPT",1,0,0,1,"11:18","V",27,"89","80",NA,NA,"","134","GPS-003",66,"0c36a307-e605-447a-bebb-b0d3735b2017"
"3141",2024,"Kougarok","K2",2,"2024-05-19","Stephanie_Galla","Kara_Beer","NOHA",1,1,0,3,"11:19","V",27,"100","90",NA,NA,"Soaring pair","135","GPS-003",67,"0c36a307-e605-447a-bebb-b0d3735b2017"
"3142",2024,"Kougarok","K2",2,"2024-05-19","Stephanie_Galla","Kara_Beer","GOPL",0,0,1,0,"11:21","V",27,"220","19",NA,NA,"","136","GPS-003",68,"0c36a307-e605-447a-bebb-b0d3735b2017"
"3143",2024,"Kougarok","K2",2,"2024-05-19","Stephanie_Galla","Kara_Beer","WISN",0,0,1,0,"11:22","A",27,"230","157",NA,NA,"","137","GPS-003",69,"0c36a307-e605-447a-bebb-b0d3735b2017"
"3144",2024,"Kougarok","K2",2,"2024-05-19","Stephanie_Galla","Kara_Beer","NOHA",0,0,1,0,"11:36","V",24,"94","300",NA,NA,"","138","GPS-003",70,"0c36a307-e605-447a-bebb-b0d3735b2017"
"3145",2024,"Kougarok","K2",2,"2024-05-19","Stephanie_Galla","Kara_Beer","WISN",0,0,1,0,"11:38","A",24,"89","86",NA,NA,"","139","GPS-003",71,"0c36a307-e605-447a-bebb-b0d3735b2017"
"3146",2024,"Teller","T2",2,"2024-05-20","Stephanie_Galla","Kara_Beer","WIPT",1,1,0,3,"7:36","V",28,"272","92",NA,NA,"","140","GPS-003",72,"0ef96860-e334-4e9b-856c-b11e36e9026b"
"3147",2024,"Teller","T2",2,"2024-05-20","Stephanie_Galla","Kara_Beer","LTJA",0,0,1,0,"7:42","V",28,"102","82",NA,NA,"","141","GPS-003",73,"0ef96860-e334-4e9b-856c-b11e36e9026b"
"3148",2024,"Teller","T2",2,"2024-05-20","Stephanie_Galla","Kara_Beer","WIPT",1,1,0,3,"7:43","V",28,"82","97",NA,NA,"","142","GPS-003",74,"0ef96860-e334-4e9b-856c-b11e36e9026b"
"3149",2024,"Teller","T2",2,"2024-05-20","Stephanie_Galla","Kara_Beer","LTJA",0,0,2,0,"7:45","V",28,NA,"0",NA,NA,"","143","GPS-003",75,"0ef96860-e334-4e9b-856c-b11e36e9026b"
"3150",2024,"Teller","T2",2,"2024-05-20","Stephanie_Galla","Kara_Beer","SEOW",0,0,0,0,"7:47","V",28,"164","105",NA,NA,"","144","GPS-003",76,"0ef96860-e334-4e9b-856c-b11e36e9026b"
"3151",2024,"Teller","T2",2,"2024-05-20","Stephanie_Galla","Kara_Beer","WIPT",1,0,0,1,"7:50","V",28,"262","61",NA,NA,"","145","GPS-003",77,"0ef96860-e334-4e9b-856c-b11e36e9026b"
"3152",2024,"Teller","T2",2,"2024-05-20","Stephanie_Galla","Kara_Beer","WIPT",1,0,0,1,"7:50","A",28,"90","26",NA,NA,"","146","GPS-003",78,"0ef96860-e334-4e9b-856c-b11e36e9026b"
"3153",2024,"Teller","T2",2,"2024-05-20","Stephanie_Galla","Kara_Beer","WIPT",1,0,0,1,"7:53","V",28,"272","113",NA,NA,"","147","GPS-003",79,"0ef96860-e334-4e9b-856c-b11e36e9026b"
"3154",2024,"Teller","T2",2,"2024-05-20","Stephanie_Galla","Kara_Beer","WIPT",1,1,0,3,"7:55","V",28,"265","23",NA,NA,"","148","GPS-003",80,"0ef96860-e334-4e9b-856c-b11e36e9026b"
"3155",2024,"Teller","T2",2,"2024-05-20","Stephanie_Galla","Kara_Beer","WIPT",1,0,0,1,"7:56","V",28,"99","72",NA,NA,"","149","GPS-003",81,"0ef96860-e334-4e9b-856c-b11e36e9026b"
"3156",2024,"Teller","T2",2,"2024-05-20","Stephanie_Galla","Kara_Beer","WIPT",1,0,0,1,"7:57","V",27,"94","115",NA,NA,"","150","GPS-003",82,"0ef96860-e334-4e9b-856c-b11e36e9026b"
"3157",2024,"Teller","T2",2,"2024-05-20","Stephanie_Galla","Kara_Beer","LTJA",0,0,1,0,"7:59","V",27,"255","95",NA,NA,"","151","GPS-003",83,"0ef96860-e334-4e9b-856c-b11e36e9026b"
"3158",2024,"Teller","T2",2,"2024-05-20","Stephanie_Galla","Kara_Beer","WIPT",1,0,0,1,"8:00","V",27,"250","196",NA,NA,"","152","GPS-003",84,"0ef96860-e334-4e9b-856c-b11e36e9026b"
"3159",2024,"Teller","T2",2,"2024-05-20","Stephanie_Galla","Kara_Beer","WIPT",1,1,0,3,"8:01","V",27,"264","87",NA,NA,"","153","GPS-003",85,"0ef96860-e334-4e9b-856c-b11e36e9026b"
"3160",2024,"Teller","T2",2,"2024-05-20","Stephanie_Galla","Kara_Beer","WIPT",1,0,0,1,"8:02","V",27,"72","120",NA,NA,"","154","GPS-003",86,"0ef96860-e334-4e9b-856c-b11e36e9026b"
"3161",2024,"Teller","T2",2,"2024-05-20","Stephanie_Galla","Kara_Beer","WIPT",1,0,0,1,"8:03","V",27,"101","50",NA,NA,"","155","GPS-003",87,"0ef96860-e334-4e9b-856c-b11e36e9026b"
"3162",2024,"Teller","T2",2,"2024-05-20","Stephanie_Galla","Kara_Beer","WISN",0,0,1,0,"8:04","A",27,"91","98",NA,NA,"","156","GPS-003",88,"0ef96860-e334-4e9b-856c-b11e36e9026b"
"3163",2024,"Teller","T2",2,"2024-05-20","Stephanie_Galla","Kara_Beer","WIPT",1,1,0,3,"8:05","V",27,"270","82",NA,NA,"","157","GPS-003",89,"0ef96860-e334-4e9b-856c-b11e36e9026b"
"3164",2024,"Teller","T2",2,"2024-05-20","Stephanie_Galla","Kara_Beer","WIPT",1,1,0,3,"8:07","V",27,"102","131",NA,NA,"","158","GPS-003",90,"0ef96860-e334-4e9b-856c-b11e36e9026b"
"3165",2024,"Teller","T2",2,"2024-05-20","Stephanie_Galla","Kara_Beer","WIPT",1,0,0,1,"8:09","A",27,"258","113",NA,NA,"","159","GPS-003",91,"0ef96860-e334-4e9b-856c-b11e36e9026b"
"3166",2024,"Teller","T2",2,"2024-05-20","Stephanie_Galla","Kara_Beer","WISN",0,0,2,0,"8:11","A",27,NA,"0",NA,NA,"","160","GPS-003",92,"0ef96860-e334-4e9b-856c-b11e36e9026b"
"3167",2024,"Teller","T2",2,"2024-05-20","Stephanie_Galla","Kara_Beer","WIPT",0,0,1,0,"8:11","A",27,"262","92",NA,NA,"","161","GPS-003",93,"0ef96860-e334-4e9b-856c-b11e36e9026b"
"3168",2024,"Teller","T2",2,"2024-05-20","Stephanie_Galla","Kara_Beer","WIPT",1,0,0,1,"8:13","V",27,"94","96",NA,NA,"","162","GPS-003",94,"0ef96860-e334-4e9b-856c-b11e36e9026b"
"3169",2024,"Teller","T2",2,"2024-05-20","Stephanie_Galla","Kara_Beer","WISN",0,0,1,0,"8:14","V",27,"80","102",NA,NA,"","163","GPS-003",95,"0ef96860-e334-4e9b-856c-b11e36e9026b"
"3170",2024,"Teller","T2",2,"2024-05-20","Stephanie_Galla","Kara_Beer","WIPT",0,1,0,2,"8:16","V",27,"90","90",NA,NA,"","164","GPS-003",96,"0ef96860-e334-4e9b-856c-b11e36e9026b"
"3171",2024,"Teller","T2",2,"2024-05-20","Stephanie_Galla","Kara_Beer","WIPT",1,0,0,1,"8:17","V",27,"119","63",NA,NA,"","165","GPS-003",97,"0ef96860-e334-4e9b-856c-b11e36e9026b"
"3172",2024,"Teller","T2",2,"2024-05-20","Stephanie_Galla","Kara_Beer","WISN",0,0,1,0,"8:18","A",27,"275","33",NA,NA,"","166","GPS-003",98,"0ef96860-e334-4e9b-856c-b11e36e9026b"
"3173",2024,"Teller","T2",2,"2024-05-20","Stephanie_Galla","Kara_Beer","WIPT",0,0,1,0,"8:21","A",27,"238","191",NA,NA,"","167","GPS-003",99,"0ef96860-e334-4e9b-856c-b11e36e9026b"
"3174",2024,"Teller","T2",2,"2024-05-20","Stephanie_Galla","Kara_Beer","WIPT",1,1,0,3,"8:23","V",26,"265","74",NA,NA,"","168","GPS-003",100,"0ef96860-e334-4e9b-856c-b11e36e9026b"
"3175",2024,"Teller","T2",2,"2024-05-20","Stephanie_Galla","Kara_Beer","WIPT",1,1,0,3,"8:25","V",26,"99","13",NA,NA,"","169","GPS-003",101,"0ef96860-e334-4e9b-856c-b11e36e9026b"
"3176",2024,"Teller","T2",2,"2024-05-20","Stephanie_Galla","Kara_Beer","WIPT",1,0,0,1,"8:26","V",26,"264","44",NA,NA,"","170","GPS-003",102,"0ef96860-e334-4e9b-856c-b11e36e9026b"
"3177",2024,"Teller","T2",2,"2024-05-20","Stephanie_Galla","Kara_Beer","LTJA",0,0,1,0,"8:28","V",26,"91","143",NA,NA,"","171","GPS-003",103,"0ef96860-e334-4e9b-856c-b11e36e9026b"
"3178",2024,"Teller","T2",2,"2024-05-20","Stephanie_Galla","Kara_Beer","WIPT",1,0,0,1,"8:30","V",26,"68","91",NA,NA,"","172","GPS-003",104,"0ef96860-e334-4e9b-856c-b11e36e9026b"
"3179",2024,"Teller","T2",2,"2024-05-20","Stephanie_Galla","Kara_Beer","WIPT",1,0,0,1,"8:32","V",26,"70","63",NA,NA,"","173","GPS-003",105,"0ef96860-e334-4e9b-856c-b11e36e9026b"
"3180",2024,"Teller","T2",2,"2024-05-20","Stephanie_Galla","Kara_Beer","WISN",0,0,1,0,"8:33","A",26,"178","61",NA,NA,"","174","GPS-003",106,"0ef96860-e334-4e9b-856c-b11e36e9026b"
"3181",2024,"Teller","T2",2,"2024-05-20","Stephanie_Galla","Kara_Beer","WIPT",1,1,0,3,"8:35","V",26,NA,"0",NA,NA,"","175","GPS-003",107,"0ef96860-e334-4e9b-856c-b11e36e9026b"
"3182",2024,"Teller","T2",2,"2024-05-20","Stephanie_Galla","Kara_Beer","WIPT",1,0,0,1,"8:35","V",26,"65","65",NA,NA,"","176","GPS-003",108,"0ef96860-e334-4e9b-856c-b11e36e9026b"
"3183",2024,"Teller","T2",2,"2024-05-20","Stephanie_Galla","Kara_Beer","WIPT",1,0,0,1,"8:37","V",26,"198","14",NA,NA,"","177","GPS-003",109,"0ef96860-e334-4e9b-856c-b11e36e9026b"
"3184",2024,"Teller","T2",2,"2024-05-20","Stephanie_Galla","Kara_Beer","WISN",0,0,1,0,"8:39","A",26,"202","128",NA,NA,"","178","GPS-003",110,"0ef96860-e334-4e9b-856c-b11e36e9026b"
"3185",2024,"Teller","T2",2,"2024-05-20","Stephanie_Galla","Kara_Beer","WISN",0,0,2,0,"8:44","A",25,"78","63",NA,NA,"","179","GPS-003",111,"0ef96860-e334-4e9b-856c-b11e36e9026b"
"3186",2024,"Teller","T2",2,"2024-05-20","Stephanie_Galla","Kara_Beer","WISN",0,0,1,0,"8:44","A",25,"196","227",NA,NA,"","Na","GPS-003",112,"0ef96860-e334-4e9b-856c-b11e36e9026b"
"3187",2024,"Teller","T2",2,"2024-05-20","Stephanie_Galla","Kara_Beer","WIPT",1,0,0,1,"8:48","V",25,"192","141",NA,NA,"","180","GPS-003",113,"0ef96860-e334-4e9b-856c-b11e36e9026b"
"3188",2024,"Teller","T2",2,"2024-05-20","Stephanie_Galla","Kara_Beer","WIPT",1,0,0,1,"8:49","V",25,"188","10",NA,NA,"","181","GPS-003",114,"0ef96860-e334-4e9b-856c-b11e36e9026b"
"3189",2024,"Teller","T2",2,"2024-05-20","Stephanie_Galla","Kara_Beer","WIPT",1,0,0,1,"8:51","V",25,"59","108",NA,NA,"","182","GPS-003",115,"0ef96860-e334-4e9b-856c-b11e36e9026b"
"3190",2024,"Teller","T2",2,"2024-05-20","Stephanie_Galla","Kara_Beer","WISN",0,0,1,0,"8:53","A",25,"182","41",NA,NA,"","183","GPS-003",116,"0ef96860-e334-4e9b-856c-b11e36e9026b"
"3191",2024,"Teller","T2",2,"2024-05-20","Stephanie_Galla","Kara_Beer","WIPT",1,1,0,3,"8:56","V",25,"198","28",NA,NA,"","184","GPS-003",117,"0ef96860-e334-4e9b-856c-b11e36e9026b"
"3192",2024,"Teller","T2",2,"2024-05-20","Stephanie_Galla","Kara_Beer","WISN",0,0,1,0,"8:57","V",25,"62","63",NA,NA,"","185","GPS-003",118,"0ef96860-e334-4e9b-856c-b11e36e9026b"
"3193",2024,"Teller","T2",2,"2024-05-20","Stephanie_Galla","Kara_Beer","WIPT",1,0,0,1,"8:58","V",25,"63","150",NA,NA,"","186","GPS-003",119,"0ef96860-e334-4e9b-856c-b11e36e9026b"
"3194",2024,"Teller","T2",2,"2024-05-20","Stephanie_Galla","Kara_Beer","WIPT",1,0,0,1,"9:00","V",25,"190","9",NA,NA,"","187","GPS-003",120,"0ef96860-e334-4e9b-856c-b11e36e9026b"
"3195",2024,"Teller","T2",2,"2024-05-20","Stephanie_Galla","Kara_Beer","WIPT",1,0,0,1,"9:01","A",25,"192","11",NA,NA,"","188","GPS-003",121,"0ef96860-e334-4e9b-856c-b11e36e9026b"
"3196",2024,"Teller","T2",2,"2024-05-20","Stephanie_Galla","Kara_Beer","WISN",1,0,0,1,"9:02","A",25,"70","33",NA,NA,"","189","GPS-003",122,"0ef96860-e334-4e9b-856c-b11e36e9026b"
"3197",2024,"Teller","T2",2,"2024-05-20","Stephanie_Galla","Kara_Beer","WIPT",1,0,0,1,"9:04","V",25,"82","81",NA,NA,"","190","GPS-003",123,"0ef96860-e334-4e9b-856c-b11e36e9026b"
"3198",2024,"Teller","T2",2,"2024-05-20","Stephanie_Galla","Kara_Beer","WIPT",1,0,0,1,"9:06","A",24,"200","36",NA,NA,"","191","GPS-003",124,"0ef96860-e334-4e9b-856c-b11e36e9026b"
"3199",2024,"Teller","T2",2,"2024-05-20","Stephanie_Galla","Kara_Beer","WISN",0,0,1,0,"9:08","A",24,"194","43",NA,NA,"","192","GPS-003",125,"0ef96860-e334-4e9b-856c-b11e36e9026b"
"3200",2024,"Teller","T2",2,"2024-05-20","Stephanie_Galla","Kara_Beer","WISN",0,0,1,0,"9:08","A",24,"60","27",NA,NA,"","193","GPS-003",126,"0ef96860-e334-4e9b-856c-b11e36e9026b"
"3201",2024,"Teller","T2",2,"2024-05-20","Stephanie_Galla","Kara_Beer","WIPT",1,1,0,3,"9:10","V",24,"200","96",NA,NA,"","194","GPS-003",127,"0ef96860-e334-4e9b-856c-b11e36e9026b"
"3202",2024,"Teller","T2",2,"2024-05-20","Stephanie_Galla","Kara_Beer","WIPT",1,0,0,1,"9:12","V",24,"198","17",NA,NA,"","195","GPS-003",128,"0ef96860-e334-4e9b-856c-b11e36e9026b"
"3203",2024,"Teller","T2",2,"2024-05-20","Stephanie_Galla","Kara_Beer","WIPT",1,0,0,1,"9:13","V",24,"205","180",NA,NA,"","196","GPS-003",129,"0ef96860-e334-4e9b-856c-b11e36e9026b"
"3204",2024,"Teller","T2",2,"2024-05-20","Stephanie_Galla","Kara_Beer","WIPT",1,1,0,3,"9:15","V",24,"43","60",NA,NA,"","197","GPS-003",130,"0ef96860-e334-4e9b-856c-b11e36e9026b"
"3205",2024,"Teller","T2",2,"2024-05-20","Stephanie_Galla","Kara_Beer","WIPT",1,0,0,1,"9:18","V",24,"51","39",NA,NA,"","198","GPS-003",131,"0ef96860-e334-4e9b-856c-b11e36e9026b"
"3206",2024,"Teller","T2",2,"2024-05-20","Stephanie_Galla","Kara_Beer","WIPT",1,0,0,1,"9:19","V",24,"195","82",NA,NA,"","199","GPS-003",132,"0ef96860-e334-4e9b-856c-b11e36e9026b"
"3207",2024,"Teller","T2",2,"2024-05-20","Stephanie_Galla","Kara_Beer","LTJA",0,0,1,0,"9:20","V",24,"176","23",NA,NA,"","200","GPS-003",133,"0ef96860-e334-4e9b-856c-b11e36e9026b"
"3208",2024,"Teller","T2",2,"2024-05-20","Stephanie_Galla","Kara_Beer","WISN",0,0,1,0,"9:21","A",24,"182","59",NA,NA,"","201","GPS-003",134,"0ef96860-e334-4e9b-856c-b11e36e9026b"
"3209",2024,"Teller","T2",2,"2024-05-20","Stephanie_Galla","Kara_Beer","WISN",0,0,3,0,"9:23","A",24,"65","45",NA,NA,"","202","GPS-003",135,"0ef96860-e334-4e9b-856c-b11e36e9026b"
"3210",2024,"Teller","T2",2,"2024-05-20","Stephanie_Galla","Kara_Beer","WISN",0,0,1,0,"9:26","A",24,"168","80",NA,NA,"","203","GPS-003",136,"0ef96860-e334-4e9b-856c-b11e36e9026b"
"3211",2024,"Teller","T2",2,"2024-05-20","Stephanie_Galla","Kara_Beer","WIPT",1,0,0,1,"9:31","V",23,NA,"0",NA,NA,"","204","GPS-003",137,"0ef96860-e334-4e9b-856c-b11e36e9026b"
"3212",2024,"Teller","T2",2,"2024-05-20","Stephanie_Galla","Kara_Beer","WIPT",1,0,0,1,"9:33","V",23,"173","9",NA,NA,"","205","GPS-003",138,"0ef96860-e334-4e9b-856c-b11e36e9026b"
"3213",2024,"Teller","T2",2,"2024-05-20","Stephanie_Galla","Kara_Beer","WIPT",1,0,0,1,"9:34","V",23,"169","42",NA,NA,"","206","GPS-003",139,"0ef96860-e334-4e9b-856c-b11e36e9026b"
"3214",2024,"Teller","T2",2,"2024-05-20","Stephanie_Galla","Kara_Beer","WIPT",1,0,0,1,"9:36","V",23,"174","86",NA,NA,"","207","GPS-003",140,"0ef96860-e334-4e9b-856c-b11e36e9026b"
"3215",2024,"Teller","T2",2,"2024-05-20","Stephanie_Galla","Kara_Beer","WISN",1,0,0,1,"9:37","A",23,"174","41",NA,NA,"","208","GPS-003",141,"0ef96860-e334-4e9b-856c-b11e36e9026b"
"3216",2024,"Teller","T2",2,"2024-05-20","Stephanie_Galla","Kara_Beer","WIPT",1,1,0,3,"9:39","V",23,"164","74",NA,NA,"","209","GPS-003",142,"0ef96860-e334-4e9b-856c-b11e36e9026b"
"3217",2024,"Teller","T2",2,"2024-05-20","Stephanie_Galla","Kara_Beer","LTJA",0,0,1,0,"9:39","V",23,"148","51",NA,NA,"","210","GPS-003",143,"0ef96860-e334-4e9b-856c-b11e36e9026b"
"3218",2024,"Teller","T2",2,"2024-05-20","Stephanie_Galla","Kara_Beer","WIPT",2,0,0,2,"9:41","V",23,"161","83",NA,NA,"","211","GPS-003",144,"0ef96860-e334-4e9b-856c-b11e36e9026b"
"3219",2024,"Teller","T2",2,"2024-05-20","Stephanie_Galla","Kara_Beer","WIPT",1,0,1,1,"9:44","V",23,"167","18",NA,NA,"","212","GPS-003",145,"0ef96860-e334-4e9b-856c-b11e36e9026b"
"3220",2024,"Teller","T2",2,"2024-05-20","Stephanie_Galla","Kara_Beer","WISN",0,0,2,0,"9:44","V",23,"59","67",NA,NA,"","213","GPS-003",146,"0ef96860-e334-4e9b-856c-b11e36e9026b"
"3221",2024,"Teller","T2",2,"2024-05-20","Stephanie_Galla","Kara_Beer","LTJA",0,0,1,0,"9:45","V",23,"41","63",NA,NA,"","214","GPS-003",147,"0ef96860-e334-4e9b-856c-b11e36e9026b"
"3222",2024,"Teller","T2",2,"2024-05-20","Stephanie_Galla","Kara_Beer","WIPT",1,0,0,1,"9:46","V",23,"173","36",NA,NA,"","215","GPS-003",148,"0ef96860-e334-4e9b-856c-b11e36e9026b"
"3223",2024,"Teller","T2",2,"2024-05-20","Stephanie_Galla","Kara_Beer","WIPT",1,0,0,1,"9:47","V",23,"52","75",NA,NA,"","216","GPS-003",149,"0ef96860-e334-4e9b-856c-b11e36e9026b"
"3224",2024,"Teller","T2",2,"2024-05-20","Stephanie_Galla","Kara_Beer","WIPT",1,0,0,1,"9:48","V",23,"58","19",NA,NA,"","217","GPS-003",150,"0ef96860-e334-4e9b-856c-b11e36e9026b"
"3225",2024,"Teller","T2",2,"2024-05-20","Stephanie_Galla","Kara_Beer","WISN",0,0,1,0,"9:49","A",23,"153","103",NA,NA,"","218","GPS-003",151,"0ef96860-e334-4e9b-856c-b11e36e9026b"
"3226",2024,"Teller","T2",2,"2024-05-20","Stephanie_Galla","Kara_Beer","WIPT",1,0,0,1,"9:50","V",23,"39","97",NA,NA,"","219","GPS-003",152,"0ef96860-e334-4e9b-856c-b11e36e9026b"
"3227",2024,"Teller","T2",2,"2024-05-20","Stephanie_Galla","Kara_Beer","WIPT",1,1,0,3,"9:54","V",22,"68","49",NA,NA,"","220","GPS-003",153,"0ef96860-e334-4e9b-856c-b11e36e9026b"
"3228",2024,"Teller","T2",2,"2024-05-20","Stephanie_Galla","Kara_Beer","WIPT",1,0,0,1,"9:55","V",22,"72","40",NA,NA,"","221","GPS-003",154,"0ef96860-e334-4e9b-856c-b11e36e9026b"
"3229",2024,"Teller","T2",2,"2024-05-20","Stephanie_Galla","Kara_Beer","WIPT",1,0,0,1,"9:57","V",22,"210","155",NA,NA,"","222","GPS-003",155,"0ef96860-e334-4e9b-856c-b11e36e9026b"
"3230",2024,"Teller","T2",2,"2024-05-20","Stephanie_Galla","Kara_Beer","WIPT",1,0,0,1,"10:01","V",22,"210","36",NA,NA,"","223","GPS-003",156,"0ef96860-e334-4e9b-856c-b11e36e9026b"
"3231",2024,"Teller","T2",2,"2024-05-20","Stephanie_Galla","Kara_Beer","WIPT",1,1,0,3,"10:03","V",22,"75","71",NA,NA,"","224","GPS-003",157,"0ef96860-e334-4e9b-856c-b11e36e9026b"
"3232",2024,"Teller","T2",2,"2024-05-20","Stephanie_Galla","Kara_Beer","WIPT",1,0,0,1,"10:04","V",21,"215","29",NA,NA,"","225","GPS-003",158,"0ef96860-e334-4e9b-856c-b11e36e9026b"
"3233",2024,"Teller","T2",2,"2024-05-20","Stephanie_Galla","Kara_Beer","WIPT",1,0,0,1,"10:06","V",21,"215","24",NA,NA,"","226","GPS-003",159,"0ef96860-e334-4e9b-856c-b11e36e9026b"
"3234",2024,"Teller","T2",2,"2024-05-20","Stephanie_Galla","Kara_Beer","WIPT",1,1,0,3,"10:09","V",21,"215","5",NA,NA,"","227","GPS-003",160,"0ef96860-e334-4e9b-856c-b11e36e9026b"
"3235",2024,"Teller","T2",2,"2024-05-20","Stephanie_Galla","Kara_Beer","WIPT",1,1,0,3,"10:11","V",21,"216","28",NA,NA,"","228","GPS-003",161,"0ef96860-e334-4e9b-856c-b11e36e9026b"
"3236",2024,"Teller","T2",2,"2024-05-20","Stephanie_Galla","Kara_Beer","WIPT",1,0,0,1,"10:13","V",21,"60","75",NA,NA,"","229","GPS-003",162,"0ef96860-e334-4e9b-856c-b11e36e9026b"
"3237",2024,"Teller","T2",2,"2024-05-20","Stephanie_Galla","Kara_Beer","WIPT",1,0,0,1,"10:16","V",20,"84","14",NA,NA,"","230","GPS-003",163,"0ef96860-e334-4e9b-856c-b11e36e9026b"
"3238",2024,"Teller","T2",2,"2024-05-20","Stephanie_Galla","Kara_Beer","WISN",0,0,1,0,"10:16","A",20,NA,"0",NA,NA,"","231","GPS-003",164,"0ef96860-e334-4e9b-856c-b11e36e9026b"
"3239",2024,"Teller","T2",2,"2024-05-20","Stephanie_Galla","Kara_Beer","WIPT",1,0,0,1,"10:18","V",20,"109","59",NA,NA,"","232","GPS-003",165,"0ef96860-e334-4e9b-856c-b11e36e9026b"
"3240",2024,"Teller","T2",2,"2024-05-20","Stephanie_Galla","Kara_Beer","WISN",0,0,1,0,"10:21","V",19,"65","50",NA,NA,"","23","GPS-003",166,"0ef96860-e334-4e9b-856c-b11e36e9026b"
"3241",2024,"Teller","T2",2,"2024-05-20","Stephanie_Galla","Kara_Beer","WISN",0,0,1,0,"10:23","A",19,"240","113",NA,NA,"","234","GPS-003",167,"0ef96860-e334-4e9b-856c-b11e36e9026b"
"3242",2024,"Teller","T2",2,"2024-05-20","Stephanie_Galla","Kara_Beer","WISN",0,0,1,0,"10:25","A",19,"92","56",NA,NA,"","135","GPS-003",168,"0ef96860-e334-4e9b-856c-b11e36e9026b"
"3243",2024,"Teller","T2",2,"2024-05-20","Stephanie_Galla","Kara_Beer","WIPT",1,0,0,1,"10:28","V",19,"100","26",NA,NA,"","236","GPS-003",169,"0ef96860-e334-4e9b-856c-b11e36e9026b"
"3244",2024,"Teller","T2",2,"2024-05-20","Stephanie_Galla","Kara_Beer","GOPL",0,0,2,0,"10:30","V",19,"100","80",NA,NA,"","237","GPS-003",170,"0ef96860-e334-4e9b-856c-b11e36e9026b"
"3245",2024,"Teller","T2",2,"2024-05-20","Stephanie_Galla","Kara_Beer","WISN",0,0,1,0,"10:31","A",18,"89","55",NA,NA,"","238","GPS-003",171,"0ef96860-e334-4e9b-856c-b11e36e9026b"
"3246",2024,"Teller","T1",2,"2024-05-20","Kara_Beer","Stephanie_Galla","WIPT",1,0,0,1,"10:35","V",18,"85","99",NA,NA,"","239","GPS-003",172,"fb6ba023-c575-484c-9046-e9c58b7785ef"
"3247",2024,"Teller","T1",2,"2024-05-20","Kara_Beer","Stephanie_Galla","WIPT",1,0,0,1,"10:39","V",18,NA,"0",NA,NA,"","240","GPS-003",173,"fb6ba023-c575-484c-9046-e9c58b7785ef"
"3248",2024,"Teller","T1",2,"2024-05-20","Kara_Beer","Stephanie_Galla","WIPT",1,0,0,1,"10:40","V",18,"282","81",NA,NA,"","241","GPS-003",174,"fb6ba023-c575-484c-9046-e9c58b7785ef"
"3249",2024,"Teller","T1",2,"2024-05-20","Kara_Beer","Stephanie_Galla","WIPT",1,1,0,3,"10:42","V",18,"108","107",NA,NA,"","242","GPS-003",175,"fb6ba023-c575-484c-9046-e9c58b7785ef"
"3250",2024,"Teller","T1",2,"2024-05-20","Kara_Beer","Stephanie_Galla","LTJA",0,0,2,0,"10:44","V",18,"98","131",NA,NA,"","243","GPS-003",176,"fb6ba023-c575-484c-9046-e9c58b7785ef"
"3251",2024,"Teller","T1",2,"2024-05-20","Kara_Beer","Stephanie_Galla","WIPT",1,0,0,1,"10:46","V",18,"97","28",NA,NA,"","244","GPS-003",177,"fb6ba023-c575-484c-9046-e9c58b7785ef"
"3252",2024,"Teller","T1",2,"2024-05-20","Kara_Beer","Stephanie_Galla","WIPT",1,0,0,1,"10:48","V",17,NA,"0",NA,NA,"","245","GPS-003",178,"fb6ba023-c575-484c-9046-e9c58b7785ef"
"3253",2024,"Teller","T1",2,"2024-05-20","Kara_Beer","Stephanie_Galla","WIPT",0,0,1,0,"10:50","A",17,"245","15",NA,NA,"","246","GPS-003",179,"fb6ba023-c575-484c-9046-e9c58b7785ef"
"3254",2024,"Teller","T1",2,"2024-05-20","Kara_Beer","Stephanie_Galla","WISN",0,0,1,0,"10:53","A",17,"102","82",NA,NA,"","247","GPS-003",180,"fb6ba023-c575-484c-9046-e9c58b7785ef"
"3255",2024,"Teller","T1",2,"2024-05-20","Kara_Beer","Stephanie_Galla","NOHA",1,0,0,1,"10:54","V",15,"88","30",NA,NA,"","248","GPS-003",181,"fb6ba023-c575-484c-9046-e9c58b7785ef"
"3256",2024,"Teller","T1",2,"2024-05-20","Kara_Beer","Stephanie_Galla","WISN",0,0,1,0,"11:09","A",15,"56","35",NA,NA,"","249","GPS-003",182,"fb6ba023-c575-484c-9046-e9c58b7785ef"
"3257",2024,"Teller","T1",2,"2024-05-20","Kara_Beer","Stephanie_Galla","WIPT",1,0,0,1,"11:10","V",13,"90","68",NA,NA,"","250","GPS-003",183,"fb6ba023-c575-484c-9046-e9c58b7785ef"
"3258",2024,"Teller","T1",2,"2024-05-20","Kara_Beer","Stephanie_Galla","WISN",0,0,1,0,"11:15","A",13,"54","36",NA,NA,"","251","GPS-003",184,"fb6ba023-c575-484c-9046-e9c58b7785ef"
"3259",2024,"Teller","T1",2,"2024-05-20","Kara_Beer","Stephanie_Galla","WISN",0,0,1,0,"11:16","A",12,"60","26",NA,NA,"","252","GPS-003",185,"fb6ba023-c575-484c-9046-e9c58b7785ef"
"3260",2024,"Teller","T1",2,"2024-05-20","Kara_Beer","Stephanie_Galla","WIPT",1,1,0,3,"11:22","V",12,"68","21",NA,NA,"","253","GPS-003",186,"fb6ba023-c575-484c-9046-e9c58b7785ef"
"3261",2024,"Teller","T1",2,"2024-05-20","Kara_Beer","Stephanie_Galla","WISN",0,0,1,0,"11:26","A",9,"55","55",NA,NA,"","254","GPS-003",187,"fb6ba023-c575-484c-9046-e9c58b7785ef"
"3262",2024,"Teller","T1",1,"2024-05-21","Stephanie_Galla","Kara_Beer","WISN",0,0,1,0,"9:07","A",9,"318","123",NA,NA,"","255","GPS-003",188,"c3058b24-87f4-4222-adf5-8267492f31ee"
"3263",2024,"Teller","T1",1,"2024-05-21","Stephanie_Galla","Kara_Beer","WISN",0,0,1,0,"9:08","A",9,"108","32",NA,NA,"","256","GPS-003",189,"c3058b24-87f4-4222-adf5-8267492f31ee"
"3264",2024,"Teller","T1",1,"2024-05-21","Stephanie_Galla","Kara_Beer","WISN",0,0,1,0,"9:09","V",9,"144","80",NA,NA,"","257","GPS-003",190,"c3058b24-87f4-4222-adf5-8267492f31ee"
"3265",2024,"Teller","T1",1,"2024-05-21","Stephanie_Galla","Kara_Beer","WISN",0,0,2,0,"9:12","A",10,"109","39",NA,NA,"","258","GPS-003",191,"c3058b24-87f4-4222-adf5-8267492f31ee"
"3266",2024,"Teller","T1",1,"2024-05-21","Stephanie_Galla","Kara_Beer","WISN",0,0,1,0,"9:17","V",11,"28","66",NA,NA,"","259","GPS-003",192,"c3058b24-87f4-4222-adf5-8267492f31ee"
"3267",2024,"Teller","T1",1,"2024-05-21","Stephanie_Galla","Kara_Beer","WISN",0,0,1,0,"9:20","V",11,"112","64",NA,NA,"","260","GPS-003",193,"c3058b24-87f4-4222-adf5-8267492f31ee"
"3268",2024,"Teller","T1",1,"2024-05-21","Stephanie_Galla","Kara_Beer","WIPT",1,2,0,5,"9:23","V",12,"128","23",NA,NA,"","261","GPS-003",194,"c3058b24-87f4-4222-adf5-8267492f31ee"
"3269",2024,"Teller","T1",1,"2024-05-21","Stephanie_Galla","Kara_Beer","WIPT",1,1,0,3,"9:27","V",12,"40","23",NA,NA,"","262","GPS-003",195,"c3058b24-87f4-4222-adf5-8267492f31ee"
"3270",2024,"Teller","T1",1,"2024-05-21","Stephanie_Galla","Kara_Beer","WISN",0,0,1,0,"9:32","A",13,"60","70",NA,NA,"","263","GPS-003",196,"c3058b24-87f4-4222-adf5-8267492f31ee"
"3271",2024,"Teller","T1",1,"2024-05-21","Stephanie_Galla","Kara_Beer","WISN",0,0,1,0,"9:40","A",14,"53","54",NA,NA,"","264","GPS-003",197,"c3058b24-87f4-4222-adf5-8267492f31ee"
"3272",2024,"Teller","T1",1,"2024-05-21","Stephanie_Galla","Kara_Beer","WISN",2,0,0,2,"9:47","V",13,"140","24",NA,NA,"","265","GPS-003",198,"c3058b24-87f4-4222-adf5-8267492f31ee"
"3273",2024,"Teller","T1",1,"2024-05-21","Stephanie_Galla","Kara_Beer","WIPT",1,0,0,1,"9:48","V",14,"78","33",NA,NA,"","266","GPS-003",199,"c3058b24-87f4-4222-adf5-8267492f31ee"
"3274",2024,"Teller","T1",1,"2024-05-21","Stephanie_Galla","Kara_Beer","WISN",0,0,2,0,"9:50","V",14,NA,"0",NA,NA,"","267","GPS-003",200,"c3058b24-87f4-4222-adf5-8267492f31ee"
"3275",2024,"Teller","T1",1,"2024-05-21","Stephanie_Galla","Kara_Beer","WIPT",1,0,0,1,"9:52","V",15,"68","39",NA,NA,"","268","GPS-003",201,"c3058b24-87f4-4222-adf5-8267492f31ee"
"3276",2024,"Teller","T1",1,"2024-05-21","Stephanie_Galla","Kara_Beer","WISN",0,0,2,0,"9:54","V",15,NA,"0",NA,NA,"","269","GPS-003",202,"c3058b24-87f4-4222-adf5-8267492f31ee"
"3277",2024,"Teller","T1",1,"2024-05-21","Stephanie_Galla","Kara_Beer","WIPT",1,0,0,1,"9:59","V",16,"132","128",NA,NA,"","270","GPS-003",203,"c3058b24-87f4-4222-adf5-8267492f31ee"
"3278",2024,"Teller","T1",1,"2024-05-21","Stephanie_Galla","Kara_Beer","WISN",0,0,1,0,"10:00","A",16,"32","120",NA,NA,"","271","GPS-003",204,"c3058b24-87f4-4222-adf5-8267492f31ee"
"3279",2024,"Teller","T1",1,"2024-05-21","Stephanie_Galla","Kara_Beer","WISN",0,0,1,0,"10:05","A",17,"50","47",NA,NA,"","272","GPS-003",205,"c3058b24-87f4-4222-adf5-8267492f31ee"
"3280",2024,"Teller","T1",1,"2024-05-21","Stephanie_Galla","Kara_Beer","WISN",0,0,1,0,"10:06","A",17,"25","83",NA,NA,"","273","GPS-003",206,"c3058b24-87f4-4222-adf5-8267492f31ee"
"3281",2024,"Teller","T1",1,"2024-05-21","Stephanie_Galla","Kara_Beer","WISN",0,0,1,0,"10:08","V",17,"72","39",NA,NA,"","274","GPS-003",207,"c3058b24-87f4-4222-adf5-8267492f31ee"
"3282",2024,"Teller","T1",1,"2024-05-21","Stephanie_Galla","Kara_Beer","WISN",0,0,1,0,"10:10","A",17,"70","123",NA,NA,"","275","GPS-003",208,"c3058b24-87f4-4222-adf5-8267492f31ee"
"3283",2024,"Teller","T1",1,"2024-05-21","Stephanie_Galla","Kara_Beer","WIPT",1,0,0,1,"10:12","V",17,"79","84",NA,NA,"","276","GPS-003",209,"c3058b24-87f4-4222-adf5-8267492f31ee"
"3284",2024,"Teller","T1",1,"2024-05-21","Stephanie_Galla","Kara_Beer","LTJA",0,0,1,0,"10:15","V",18,"94","121",NA,NA,"","277","GPS-003",210,"c3058b24-87f4-4222-adf5-8267492f31ee"
"3285",2024,"Teller","T1",1,"2024-05-21","Stephanie_Galla","Kara_Beer","WIPT",1,1,0,3,"10:17","V",18,"63","73",NA,NA,"","278","GPS-003",211,"c3058b24-87f4-4222-adf5-8267492f31ee"
"3286",2024,"Teller","T1",1,"2024-05-21","Stephanie_Galla","Kara_Beer","WISN",0,0,1,0,"10:18","A",18,"92","124",NA,NA,"","279","GPS-003",212,"c3058b24-87f4-4222-adf5-8267492f31ee"
"3287",2024,"Teller","T1",1,"2024-05-21","Stephanie_Galla","Kara_Beer","WISN",0,0,1,0,"10:19","A",18,NA,"0",NA,NA,"","280","GPS-003",213,"c3058b24-87f4-4222-adf5-8267492f31ee"
"3288",2024,"Teller","T2",1,"2024-05-22","Stephanie_Galla","Kara_Beer","WIPT",1,0,0,1,"5:52","V",18,"208","78",NA,NA,"","281","GPS-003",214,"0f901c48-6595-4ceb-8ac8-db2f626034d9"
"3289",2024,"Teller","T2",1,"2024-05-22","Stephanie_Galla","Kara_Beer","WIPT",1,0,0,1,"5:57","V",18,"100","34",NA,NA,"","282","GPS-003",215,"0f901c48-6595-4ceb-8ac8-db2f626034d9"
"3290",2024,"Teller","T2",1,"2024-05-22","Stephanie_Galla","Kara_Beer","WIPT",1,1,0,3,"5:58","V",18,"109","5",NA,NA,"","283","GPS-003",216,"0f901c48-6595-4ceb-8ac8-db2f626034d9"
"3291",2024,"Teller","T2",1,"2024-05-22","Stephanie_Galla","Kara_Beer","WIPT",0,1,0,2,"5:59","V",18,"125","22",NA,NA,"","284","GPS-003",217,"0f901c48-6595-4ceb-8ac8-db2f626034d9"
"3292",2024,"Teller","T2",1,"2024-05-22","Stephanie_Galla","Kara_Beer","WIPT",0,0,1,0,"6:00","A",18,"76","71",NA,NA,"","285","GPS-003",218,"0f901c48-6595-4ceb-8ac8-db2f626034d9"
"3293",2024,"Teller","T2",1,"2024-05-22","Stephanie_Galla","Kara_Beer","WIPT",1,1,0,3,"6:02","V",18,"135","7",NA,NA,"","286","GPS-003",219,"0f901c48-6595-4ceb-8ac8-db2f626034d9"
"3294",2024,"Teller","T2",1,"2024-05-22","Stephanie_Galla","Kara_Beer","WIPT",1,1,0,3,"6:03","V",18,"90","55",NA,NA,"","287","GPS-003",220,"0f901c48-6595-4ceb-8ac8-db2f626034d9"
"3295",2024,"Teller","T2",1,"2024-05-22","Stephanie_Galla","Kara_Beer","WIPT",2,0,0,2,"6:05","V",19,"82","49",NA,NA,"","288","GPS-003",221,"0f901c48-6595-4ceb-8ac8-db2f626034d9"
"3296",2024,"Teller","T2",1,"2024-05-22","Stephanie_Galla","Kara_Beer","WIPT",0,1,0,2,"6:06","V",19,"110","27",NA,NA,"","289","GPS-003",222,"0f901c48-6595-4ceb-8ac8-db2f626034d9"
"3297",2024,"Teller","T2",1,"2024-05-22","Stephanie_Galla","Kara_Beer","WISN",0,0,1,0,"6:07","A",19,"155","38",NA,NA,"","290","GPS-003",223,"0f901c48-6595-4ceb-8ac8-db2f626034d9"
"3298",2024,"Teller","T2",1,"2024-05-22","Stephanie_Galla","Kara_Beer","LTJA",0,0,1,0,"6:07","V",19,"140","158",NA,NA,"","291","GPS-003",224,"0f901c48-6595-4ceb-8ac8-db2f626034d9"
"3299",2024,"Teller","T2",1,"2024-05-22","Stephanie_Galla","Kara_Beer","WIPT",1,1,0,3,"6:08","V",19,"75","14",NA,NA,"","292","GPS-003",225,"0f901c48-6595-4ceb-8ac8-db2f626034d9"
"3300",2024,"Teller","T2",1,"2024-05-22","Stephanie_Galla","Kara_Beer","WISN",0,0,1,0,"6:09","A",19,"68","40",NA,NA,"","293","GPS-003",226,"0f901c48-6595-4ceb-8ac8-db2f626034d9"
"3301",2024,"Teller","T2",1,"2024-05-22","Stephanie_Galla","Kara_Beer","WISN",0,0,1,0,"6:10","A",19,"120","15",NA,NA,"","294","GPS-003",227,"0f901c48-6595-4ceb-8ac8-db2f626034d9"
"3302",2024,"Teller","T2",1,"2024-05-22","Stephanie_Galla","Kara_Beer","WIPT",1,1,0,3,"6:12","V",19,"60","41",NA,NA,"","29","GPS-003",228,"0f901c48-6595-4ceb-8ac8-db2f626034d9"
"3303",2024,"Teller","T2",1,"2024-05-22","Stephanie_Galla","Kara_Beer","WIPT",1,1,0,3,"6:14","V",19,"72","18",NA,NA,"","296","GPS-003",229,"0f901c48-6595-4ceb-8ac8-db2f626034d9"
"3304",2024,"Teller","T2",1,"2024-05-22","Stephanie_Galla","Kara_Beer","WIPT",1,0,0,1,"6:16","V",19,"125","43",NA,NA,"","297","GPS-003",230,"0f901c48-6595-4ceb-8ac8-db2f626034d9"
"3305",2024,"Teller","T2",1,"2024-05-22","Stephanie_Galla","Kara_Beer","WISN",0,0,1,0,"6:17","A",19,NA,"0",NA,NA,"","298","GPS-003",231,"0f901c48-6595-4ceb-8ac8-db2f626034d9"
"3306",2024,"Teller","T2",1,"2024-05-22","Stephanie_Galla","Kara_Beer","WISN",0,0,2,0,"6:19","A",19,"70","19",NA,NA,"","299","GPS-003",232,"0f901c48-6595-4ceb-8ac8-db2f626034d9"
"3307",2024,"Teller","T2",1,"2024-05-22","Stephanie_Galla","Kara_Beer","WISN",0,0,1,0,"6:20","A",20,"65","92",NA,NA,"","300","GPS-003",233,"0f901c48-6595-4ceb-8ac8-db2f626034d9"
"3308",2024,"Teller","T2",1,"2024-05-22","Stephanie_Galla","Kara_Beer","WIPT",1,0,0,1,"6:25","V",20,"130","30",NA,NA,"","301","GPS-003",234,"0f901c48-6595-4ceb-8ac8-db2f626034d9"
"3309",2024,"Teller","T2",1,"2024-05-22","Stephanie_Galla","Kara_Beer","WIPT",0,0,1,0,"6:26","A",20,"32","52",NA,NA,"","302","GPS-003",235,"0f901c48-6595-4ceb-8ac8-db2f626034d9"
"3310",2024,"Teller","T2",1,"2024-05-22","Stephanie_Galla","Kara_Beer","WISN",0,0,1,0,"6:27","A",20,"78","30",NA,NA,"","303","GPS-003",236,"0f901c48-6595-4ceb-8ac8-db2f626034d9"
"3311",2024,"Teller","T2",1,"2024-05-22","Stephanie_Galla","Kara_Beer","WIPT",1,0,0,1,"6:30","V",20,"185","11",NA,NA,"","304","GPS-003",237,"0f901c48-6595-4ceb-8ac8-db2f626034d9"
"3312",2024,"Teller","T2",1,"2024-05-22","Stephanie_Galla","Kara_Beer","WIPT",1,0,0,1,"6:32","V",21,"50","46",NA,NA,"","305","GPS-003",238,"0f901c48-6595-4ceb-8ac8-db2f626034d9"
"3313",2024,"Teller","T2",1,"2024-05-22","Stephanie_Galla","Kara_Beer","WISN",0,0,1,0,"6:33","A",21,"80","67",NA,NA,"","306","GPS-003",239,"0f901c48-6595-4ceb-8ac8-db2f626034d9"
"3314",2024,"Teller","T2",1,"2024-05-22","Stephanie_Galla","Kara_Beer","WISN",0,0,1,0,"6:34","A",21,"143","60",NA,NA,"","307","GPS-003",240,"0f901c48-6595-4ceb-8ac8-db2f626034d9"
"3315",2024,"Teller","T2",1,"2024-05-22","Stephanie_Galla","Kara_Beer","WIPT",1,0,0,1,"6:35","V",21,"134","58",NA,NA,"","308","GPS-003",241,"0f901c48-6595-4ceb-8ac8-db2f626034d9"
"3316",2024,"Teller","T2",1,"2024-05-22","Stephanie_Galla","Kara_Beer","WIPT",1,1,0,3,"6:36","V",21,"28","20",NA,NA,"","309","GPS-003",242,"0f901c48-6595-4ceb-8ac8-db2f626034d9"
"3317",2024,"Teller","T2",1,"2024-05-22","Stephanie_Galla","Kara_Beer","WIPT",1,1,0,3,"6:41","V",21,"150","17",NA,NA,"","310","GPS-003",243,"0f901c48-6595-4ceb-8ac8-db2f626034d9"
"3318",2024,"Teller","T2",1,"2024-05-22","Stephanie_Galla","Kara_Beer","WISN",0,0,1,0,"6:42","A",22,"24","34",NA,NA,"","311","GPS-003",244,"0f901c48-6595-4ceb-8ac8-db2f626034d9"
"3319",2024,"Teller","T2",1,"2024-05-22","Stephanie_Galla","Kara_Beer","WIPT",1,1,0,3,"6:45","V",22,"24","31",NA,NA,"","312","GPS-003",245,"0f901c48-6595-4ceb-8ac8-db2f626034d9"
"3320",2024,"Teller","T2",1,"2024-05-22","Stephanie_Galla","Kara_Beer","WISN",0,0,1,0,"6:47","A",22,"42","109",NA,NA,"","313","GPS-003",246,"0f901c48-6595-4ceb-8ac8-db2f626034d9"
"3321",2024,"Teller","T2",1,"2024-05-22","Stephanie_Galla","Kara_Beer","WIPT",1,0,0,1,"6:49","V",22,"42","68",NA,NA,"","314","GPS-003",247,"0f901c48-6595-4ceb-8ac8-db2f626034d9"
"3322",2024,"Teller","T2",1,"2024-05-22","Stephanie_Galla","Kara_Beer","WIPT",1,0,0,1,"6:51","V",22,"130","227",NA,NA,"","315","GPS-003",248,"0f901c48-6595-4ceb-8ac8-db2f626034d9"
"3323",2024,"Teller","T2",1,"2024-05-22","Stephanie_Galla","Kara_Beer","WISN",0,0,1,0,"6:54","V",23,"130","5",NA,NA,"","316","GPS-003",249,"0f901c48-6595-4ceb-8ac8-db2f626034d9"
"3324",2024,"Teller","T2",1,"2024-05-22","Stephanie_Galla","Kara_Beer","SEOW",1,0,0,1,"6:54","V",23,"12","57",NA,NA,"","317","GPS-003",250,"0f901c48-6595-4ceb-8ac8-db2f626034d9"
"3325",2024,"Teller","T2",1,"2024-05-22","Stephanie_Galla","Kara_Beer","WIPT",1,1,0,3,"6:56","V",23,"123","56",NA,NA,"","318","GPS-003",251,"0f901c48-6595-4ceb-8ac8-db2f626034d9"
"3326",2024,"Teller","T2",1,"2024-05-22","Stephanie_Galla","Kara_Beer","WIPT",1,0,0,1,"6:57","A",23,"322","136",NA,NA,"","319","GPS-003",252,"0f901c48-6595-4ceb-8ac8-db2f626034d9"
"3327",2024,"Teller","T2",1,"2024-05-22","Stephanie_Galla","Kara_Beer","WISN",0,0,1,0,"6:58","A",23,"120","18",NA,NA,"","320","GPS-003",253,"0f901c48-6595-4ceb-8ac8-db2f626034d9"
"3328",2024,"Teller","T2",1,"2024-05-22","Stephanie_Galla","Kara_Beer","WIPT",1,1,0,3,"7:01","V",23,NA,"0",NA,NA,"","321","GPS-003",254,"0f901c48-6595-4ceb-8ac8-db2f626034d9"
"3329",2024,"Teller","T2",1,"2024-05-22","Stephanie_Galla","Kara_Beer","WIPT",1,0,0,1,"7:02","V",23,"91","18",NA,NA,"","322","GPS-003",255,"0f901c48-6595-4ceb-8ac8-db2f626034d9"
"3330",2024,"Teller","T2",1,"2024-05-22","Stephanie_Galla","Kara_Beer","WIPT",1,1,0,3,"7:03","V",23,"345","72",NA,NA,"","323","GPS-003",256,"0f901c48-6595-4ceb-8ac8-db2f626034d9"
"3331",2024,"Teller","T2",1,"2024-05-22","Stephanie_Galla","Kara_Beer","WISN",0,0,1,0,"7:03","A",23,"139","37",NA,NA,"","324","GPS-003",257,"0f901c48-6595-4ceb-8ac8-db2f626034d9"
"3332",2024,"Teller","T2",1,"2024-05-22","Stephanie_Galla","Kara_Beer","WIPT",1,0,0,1,"7:04","V",23,"136","119",NA,NA,"","325","GPS-003",258,"0f901c48-6595-4ceb-8ac8-db2f626034d9"
"3333",2024,"Teller","T2",1,"2024-05-22","Stephanie_Galla","Kara_Beer","WIPT",2,0,0,2,"7:05","V",23,"340","85",NA,NA,"","326","GPS-003",259,"0f901c48-6595-4ceb-8ac8-db2f626034d9"
"3334",2024,"Teller","T2",1,"2024-05-22","Stephanie_Galla","Kara_Beer","WIPT",1,0,0,1,"7:07","V",24,"123","64",NA,NA,"","327","GPS-003",260,"0f901c48-6595-4ceb-8ac8-db2f626034d9"
"3335",2024,"Teller","T2",1,"2024-05-22","Stephanie_Galla","Kara_Beer","WIPT",2,0,0,2,"7:08","V",24,"340","38",NA,NA,"","328","GPS-003",261,"0f901c48-6595-4ceb-8ac8-db2f626034d9"
"3336",2024,"Teller","T2",1,"2024-05-22","Stephanie_Galla","Kara_Beer","GOPL",0,1,0,2,"7:10","V",24,NA,"0",NA,NA,"","329","GPS-003",262,"0f901c48-6595-4ceb-8ac8-db2f626034d9"
"3337",2024,"Teller","T2",1,"2024-05-22","Stephanie_Galla","Kara_Beer","LTJA",0,0,1,0,"7:10","V",24,"110","113",NA,NA,"","330","GPS-003",263,"0f901c48-6595-4ceb-8ac8-db2f626034d9"
"3338",2024,"Teller","T2",1,"2024-05-22","Stephanie_Galla","Kara_Beer","WIPT",2,0,0,2,"7:12","V",24,"135","53",NA,NA,"","331","GPS-003",264,"0f901c48-6595-4ceb-8ac8-db2f626034d9"
"3339",2024,"Teller","T2",1,"2024-05-22","Stephanie_Galla","Kara_Beer","WIPT",1,0,0,1,"7:13","V",24,"130","171",NA,NA,"","332","GPS-003",265,"0f901c48-6595-4ceb-8ac8-db2f626034d9"
"3340",2024,"Teller","T2",1,"2024-05-22","Stephanie_Galla","Kara_Beer","WIPT",1,0,0,1,"7:14","V",24,"358","182",NA,NA,"","333","GPS-003",266,"0f901c48-6595-4ceb-8ac8-db2f626034d9"
"3341",2024,"Teller","T2",1,"2024-05-22","Stephanie_Galla","Kara_Beer","WIPT",1,0,0,1,"7:17","V",24,"130","156",NA,NA,"","334","GPS-003",267,"0f901c48-6595-4ceb-8ac8-db2f626034d9"
"3342",2024,"Teller","T2",1,"2024-05-22","Stephanie_Galla","Kara_Beer","WIPT",1,0,0,1,"7:18","V",24,"140","149",NA,NA,"","335","GPS-003",268,"0f901c48-6595-4ceb-8ac8-db2f626034d9"
"3343",2024,"Teller","T2",1,"2024-05-22","Stephanie_Galla","Kara_Beer","WIPT",1,1,0,3,"7:20","V",25,"20","9",NA,NA,"","336","GPS-003",269,"0f901c48-6595-4ceb-8ac8-db2f626034d9"
"3344",2024,"Teller","T2",1,"2024-05-22","Stephanie_Galla","Kara_Beer","WISN",0,0,1,0,"7:21","A",25,"350","164",NA,NA,"","337","GPS-003",270,"0f901c48-6595-4ceb-8ac8-db2f626034d9"
"3345",2024,"Teller","T2",1,"2024-05-22","Stephanie_Galla","Kara_Beer","WIPT",1,0,0,1,"7:23","V",25,"10","22",NA,NA,"","338","GPS-003",271,"0f901c48-6595-4ceb-8ac8-db2f626034d9"
"3346",2024,"Teller","T2",1,"2024-05-22","Stephanie_Galla","Kara_Beer","WIPT",1,0,0,1,"7:25","V",25,"145","94",NA,NA,"","339","GPS-003",272,"0f901c48-6595-4ceb-8ac8-db2f626034d9"
"3347",2024,"Teller","T2",1,"2024-05-22","Stephanie_Galla","Kara_Beer","WISN",0,0,1,0,"7:25","A",25,"159","50",NA,NA,"","340","GPS-003",273,"0f901c48-6595-4ceb-8ac8-db2f626034d9"
"3348",2024,"Teller","T2",1,"2024-05-22","Stephanie_Galla","Kara_Beer","WIPT",1,0,0,1,"7:26","V",25,"143","29",NA,NA,"","341","GPS-003",274,"0f901c48-6595-4ceb-8ac8-db2f626034d9"
"3349",2024,"Teller","T2",1,"2024-05-22","Stephanie_Galla","Kara_Beer","WIPT",0,0,1,0,"7:27","A",25,"34","151",NA,NA,"","342","GPS-003",275,"0f901c48-6595-4ceb-8ac8-db2f626034d9"
"3350",2024,"Teller","T2",1,"2024-05-22","Stephanie_Galla","Kara_Beer","WISN",0,0,1,0,"7:29","A",25,"50","28",NA,NA,"","343","GPS-003",276,"0f901c48-6595-4ceb-8ac8-db2f626034d9"
"3351",2024,"Teller","T2",1,"2024-05-22","Stephanie_Galla","Kara_Beer","WIPT",0,1,0,2,"7:30","V",25,NA,"0",NA,NA,"","344","GPS-003",277,"0f901c48-6595-4ceb-8ac8-db2f626034d9"
"3352",2024,"Teller","T2",1,"2024-05-22","Stephanie_Galla","Kara_Beer","WIPT",1,0,0,1,"7:31","V",25,"150","101",NA,NA,"","345","GPS-003",278,"0f901c48-6595-4ceb-8ac8-db2f626034d9"
"3353",2024,"Teller","T2",1,"2024-05-22","Stephanie_Galla","Kara_Beer","WIPT",1,0,0,1,"7:33","V",25,"135","123",NA,NA,"","346","GPS-003",279,"0f901c48-6595-4ceb-8ac8-db2f626034d9"
"3354",2024,"Teller","T2",1,"2024-05-22","Stephanie_Galla","Kara_Beer","WIPT",1,0,0,1,"7:34","V",25,"140","48",NA,NA,"","347","GPS-003",280,"0f901c48-6595-4ceb-8ac8-db2f626034d9"
"3355",2024,"Teller","T2",1,"2024-05-22","Stephanie_Galla","Kara_Beer","WISN",0,0,1,0,"7:35","A",25,"35","169",NA,NA,"","348","GPS-003",281,"0f901c48-6595-4ceb-8ac8-db2f626034d9"
"3356",2024,"Teller","T2",1,"2024-05-22","Stephanie_Galla","Kara_Beer","WIPT",1,0,0,1,"7:36","V",26,"170","44",NA,NA,"","349","GPS-003",282,"0f901c48-6595-4ceb-8ac8-db2f626034d9"
"3357",2024,"Teller","T2",1,"2024-05-22","Stephanie_Galla","Kara_Beer","WIPT",1,0,0,1,"7:42","V",26,"65","33",NA,NA,"","350","GPS-003",283,"0f901c48-6595-4ceb-8ac8-db2f626034d9"
"3358",2024,"Teller","T2",1,"2024-05-22","Stephanie_Galla","Kara_Beer","WIPT",1,0,0,1,"7:43","V",26,"142","1",NA,NA,"","351","GPS-003",284,"0f901c48-6595-4ceb-8ac8-db2f626034d9"
"3359",2024,"Teller","T2",1,"2024-05-22","Stephanie_Galla","Kara_Beer","GOPL",1,1,0,3,"7:45","V",26,"60","35",NA,NA,"","352","GPS-003",285,"0f901c48-6595-4ceb-8ac8-db2f626034d9"
"3360",2024,"Teller","T2",1,"2024-05-22","Stephanie_Galla","Kara_Beer","WIPT",2,0,0,2,"7:46","V",26,NA,"0",NA,NA,"","353","GPS-003",286,"0f901c48-6595-4ceb-8ac8-db2f626034d9"
"3361",2024,"Teller","T2",1,"2024-05-22","Stephanie_Galla","Kara_Beer","WIPT",1,0,0,1,"7:48","V",27,"60","75",NA,NA,"","354","GPS-003",287,"0f901c48-6595-4ceb-8ac8-db2f626034d9"
"3362",2024,"Teller","T2",1,"2024-05-22","Stephanie_Galla","Kara_Beer","LTJA",0,0,1,0,"7:49","V",27,NA,"0",NA,NA,"","355","GPS-003",288,"0f901c48-6595-4ceb-8ac8-db2f626034d9"
"3363",2024,"Teller","T2",1,"2024-05-22","Stephanie_Galla","Kara_Beer","WIPT",1,0,0,1,"7:50","V",27,"350","204",NA,NA,"","356","GPS-003",289,"0f901c48-6595-4ceb-8ac8-db2f626034d9"
"3364",2024,"Teller","T2",1,"2024-05-22","Stephanie_Galla","Kara_Beer","WIPT",1,1,0,3,"7:51","A",27,"100","11",NA,NA,"","357","GPS-003",290,"0f901c48-6595-4ceb-8ac8-db2f626034d9"
"3365",2024,"Teller","T2",1,"2024-05-22","Stephanie_Galla","Kara_Beer","WISN",0,0,2,0,"7:52","A",27,"45","61",NA,NA,"","358","GPS-003",291,"0f901c48-6595-4ceb-8ac8-db2f626034d9"
"3366",2024,"Teller","T2",1,"2024-05-22","Stephanie_Galla","Kara_Beer","WIPT",1,0,0,1,"7:53","A",27,"102","147",NA,NA,"","359","GPS-003",292,"0f901c48-6595-4ceb-8ac8-db2f626034d9"
"3367",2024,"Teller","T2",1,"2024-05-22","Stephanie_Galla","Kara_Beer","WIPT",1,0,0,1,"7:55","V",27,"18","108",NA,NA,"","360","GPS-003",293,"0f901c48-6595-4ceb-8ac8-db2f626034d9"
"3368",2024,"Teller","T2",1,"2024-05-22","Stephanie_Galla","Kara_Beer","LTJA",0,0,2,0,"7:56","V",27,"52","44",NA,NA,"","361","GPS-003",294,"0f901c48-6595-4ceb-8ac8-db2f626034d9"
"3369",2024,"Teller","T2",1,"2024-05-22","Stephanie_Galla","Kara_Beer","WIPT",1,0,0,1,"7:59","V",27,NA,"0",NA,NA,"","362","GPS-003",295,"0f901c48-6595-4ceb-8ac8-db2f626034d9"
"3370",2024,"Teller","T2",1,"2024-05-22","Stephanie_Galla","Kara_Beer","WISN",0,0,1,0,"7:59","V",27,NA,"0",NA,NA,"","363","GPS-003",296,"0f901c48-6595-4ceb-8ac8-db2f626034d9"
"3371",2024,"Teller","T2",1,"2024-05-22","Stephanie_Galla","Kara_Beer","WIPT",1,0,0,1,"8:00","V",27,"40","91",NA,NA,"","364","GPS-003",297,"0f901c48-6595-4ceb-8ac8-db2f626034d9"
"3372",2024,"Teller","T2",1,"2024-05-22","Stephanie_Galla","Kara_Beer","WIPT",1,0,0,1,"8:01","V",27,"92","67",NA,NA,"","365","GPS-003",298,"0f901c48-6595-4ceb-8ac8-db2f626034d9"
"3373",2024,"Teller","T2",1,"2024-05-22","Stephanie_Galla","Kara_Beer","WISN",0,0,2,0,"8:02","A",27,"55","55",NA,NA,"","366","GPS-003",299,"0f901c48-6595-4ceb-8ac8-db2f626034d9"
"3374",2024,"Teller","T2",1,"2024-05-22","Stephanie_Galla","Kara_Beer","WIPT",1,0,0,1,"8:05","V",28,"70","152",NA,NA,"","367","GPS-003",300,"0f901c48-6595-4ceb-8ac8-db2f626034d9"
"3375",2024,"Teller","T2",1,"2024-05-22","Stephanie_Galla","Kara_Beer","WISN",0,0,1,0,"8:06","V",28,NA,"0",NA,NA,"","368","GPS-003",301,"0f901c48-6595-4ceb-8ac8-db2f626034d9"
"3376",2024,"Teller","T2",1,"2024-05-22","Stephanie_Galla","Kara_Beer","WIPT",0,0,1,0,"8:07","A",28,"114","100",NA,NA,"","369","GPS-003",302,"0f901c48-6595-4ceb-8ac8-db2f626034d9"
"3377",2024,"Teller","T2",1,"2024-05-22","Stephanie_Galla","Kara_Beer","WIPT",1,0,0,1,"8:08","V",28,"100","68",NA,NA,"","370","GPS-003",303,"0f901c48-6595-4ceb-8ac8-db2f626034d9"
"3378",2024,"Teller","T2",1,"2024-05-22","Stephanie_Galla","Kara_Beer","LTJA",0,0,1,0,"8:09","V",28,"45","213",NA,NA,"","371","GPS-003",304,"0f901c48-6595-4ceb-8ac8-db2f626034d9"
"3379",2024,"Teller","T2",1,"2024-05-22","Stephanie_Galla","Kara_Beer","WIPT",1,0,0,1,"8:10","V",28,"101","115",NA,NA,"","372","GPS-003",305,"0f901c48-6595-4ceb-8ac8-db2f626034d9"
"3380",2024,"Teller","T2",1,"2024-05-22","Stephanie_Galla","Kara_Beer","WISN",0,0,1,0,"8:11","A",28,"40","40",NA,NA,"","373","GPS-003",306,"0f901c48-6595-4ceb-8ac8-db2f626034d9"
"3381",2024,"Teller","T2",1,"2024-05-22","Stephanie_Galla","Kara_Beer","WIPT",1,1,0,3,"8:12","V",28,"94","7",NA,NA,"","374","GPS-003",307,"0f901c48-6595-4ceb-8ac8-db2f626034d9"
"3382",2024,"Teller","T2",1,"2024-05-22","Stephanie_Galla","Kara_Beer","WIPT",1,0,0,1,"8:14","V",28,"110","16",NA,NA,"","375","GPS-003",308,"0f901c48-6595-4ceb-8ac8-db2f626034d9"
"3383",2024,"Teller","T2",1,"2024-05-22","Stephanie_Galla","Kara_Beer","WIPT",1,0,0,1,"8:15","V",28,"12","47",NA,NA,"","376","GPS-003",309,"0f901c48-6595-4ceb-8ac8-db2f626034d9"
"3384",2024,"Kougarok","K3",2,"2024-05-23","Stephanie_Galla","Kara_Beer","WIPT",0,1,0,2,"7:51","V",42,"340","39",NA,NA,"","377","GPS-003",310,"cdb77b05-545b-4e2a-b720-1d5a8344354d"
"3385",2024,"Kougarok","K3",2,"2024-05-23","Stephanie_Galla","Kara_Beer","WIPT",1,0,0,1,"7:52","V",42,"118","86",NA,NA,"","378","GPS-003",311,"cdb77b05-545b-4e2a-b720-1d5a8344354d"
"3386",2024,"Kougarok","K3",2,"2024-05-23","Stephanie_Galla","Kara_Beer","WISN",0,0,1,0,"7:53","A",42,"110","25",NA,NA,"","379","GPS-003",312,"cdb77b05-545b-4e2a-b720-1d5a8344354d"
"3387",2024,"Kougarok","K3",2,"2024-05-23","Stephanie_Galla","Kara_Beer","WIPT",1,0,0,1,"8:00","V",41,"35","63",NA,NA,"","380","GPS-003",313,"cdb77b05-545b-4e2a-b720-1d5a8344354d"
"3388",2024,"Kougarok","K3",2,"2024-05-23","Stephanie_Galla","Kara_Beer","WISN",0,0,1,0,"8:02","V",41,"350","30",NA,NA,"","381","GPS-003",314,"cdb77b05-545b-4e2a-b720-1d5a8344354d"
"3389",2024,"Kougarok","K3",2,"2024-05-23","Stephanie_Galla","Kara_Beer","WIPT",0,1,0,2,"8:03","V",41,"148","13",NA,NA,"","382","GPS-003",315,"cdb77b05-545b-4e2a-b720-1d5a8344354d"
"3390",2024,"Kougarok","K3",2,"2024-05-23","Stephanie_Galla","Kara_Beer","WIPT",1,0,0,1,"8:04","A",41,"335","198",NA,NA,"","283","GPS-003",316,"cdb77b05-545b-4e2a-b720-1d5a8344354d"
"3391",2024,"Kougarok","K3",2,"2024-05-23","Stephanie_Galla","Kara_Beer","WIPT",2,0,0,2,"8:05","V",41,"352","137",NA,NA,"","384","GPS-003",317,"cdb77b05-545b-4e2a-b720-1d5a8344354d"
"3392",2024,"Kougarok","K3",2,"2024-05-23","Stephanie_Galla","Kara_Beer","WIPT",1,0,0,1,"8:07","V",41,"130","15",NA,NA,"","385","GPS-003",318,"cdb77b05-545b-4e2a-b720-1d5a8344354d"
"3393",2024,"Kougarok","K3",2,"2024-05-23","Stephanie_Galla","Kara_Beer","WIPT",1,0,0,1,"8:09","V",40,"112","91",NA,NA,"","386","GPS-003",319,"cdb77b05-545b-4e2a-b720-1d5a8344354d"
"3394",2024,"Kougarok","K3",2,"2024-05-23","Stephanie_Galla","Kara_Beer","WIPT",1,1,0,3,"8:10","A",40,"305","206",NA,NA,"","387","GPS-003",320,"cdb77b05-545b-4e2a-b720-1d5a8344354d"
"3395",2024,"Kougarok","K3",2,"2024-05-23","Stephanie_Galla","Kara_Beer","WIPT",0,1,0,2,"8:11","V",40,"95","3",NA,NA,"","388","GPS-003",321,"cdb77b05-545b-4e2a-b720-1d5a8344354d"
"3396",2024,"Kougarok","K3",2,"2024-05-23","Stephanie_Galla","Kara_Beer","WISN",0,0,1,0,"8:12","A",40,"95","10",NA,NA,"","389","GPS-003",322,"cdb77b05-545b-4e2a-b720-1d5a8344354d"
"3397",2024,"Kougarok","K3",2,"2024-05-23","Stephanie_Galla","Kara_Beer","WIPT",1,1,0,3,"8:13","V",40,"325","8",NA,NA,"","390","GPS-003",323,"cdb77b05-545b-4e2a-b720-1d5a8344354d"
"3398",2024,"Kougarok","K3",2,"2024-05-23","Stephanie_Galla","Kara_Beer","WISN",0,0,2,0,"8:15","V",40,NA,"0",NA,NA,"","391","GPS-003",324,"cdb77b05-545b-4e2a-b720-1d5a8344354d"
"3399",2024,"Kougarok","K3",2,"2024-05-23","Stephanie_Galla","Kara_Beer","WIPT",2,0,0,2,"8:16","V",40,"105","60",NA,NA,"","392","GPS-003",325,"cdb77b05-545b-4e2a-b720-1d5a8344354d"
"3400",2024,"Kougarok","K3",2,"2024-05-23","Stephanie_Galla","Kara_Beer","WIPT",1,0,0,1,"8:17","V",40,"325","75",NA,NA,"","393","GPS-003",326,"cdb77b05-545b-4e2a-b720-1d5a8344354d"
"3401",2024,"Kougarok","K3",2,"2024-05-23","Stephanie_Galla","Kara_Beer","WISN",0,0,1,0,"8:18","A",40,"70","12",NA,NA,"","394","GPS-003",327,"cdb77b05-545b-4e2a-b720-1d5a8344354d"
"3402",2024,"Kougarok","K3",2,"2024-05-23","Stephanie_Galla","Kara_Beer","WIPT",2,0,0,2,"8:18","V",39,"335","50",NA,NA,"","395","GPS-003",328,"cdb77b05-545b-4e2a-b720-1d5a8344354d"
"3403",2024,"Kougarok","K3",2,"2024-05-23","Stephanie_Galla","Kara_Beer","WISN",0,0,1,0,"8:23","A",39,"320","78",NA,NA,"","396","GPS-003",329,"cdb77b05-545b-4e2a-b720-1d5a8344354d"
"3404",2024,"Kougarok","K3",2,"2024-05-23","Stephanie_Galla","Kara_Beer","WIPT",1,0,0,1,"8:24","V",39,"108","3",NA,NA,"","397","GPS-003",330,"cdb77b05-545b-4e2a-b720-1d5a8344354d"
"3405",2024,"Kougarok","K3",2,"2024-05-23","Stephanie_Galla","Kara_Beer","WIPT",0,1,0,2,"8:25","V",110,"27","398",NA,NA,"","398","GPS-003",331,"cdb77b05-545b-4e2a-b720-1d5a8344354d"
"3406",2024,"Kougarok","K3",2,"2024-05-23","Stephanie_Galla","Kara_Beer","WIPT",0,0,1,0,"8:27","A",39,"325","196",NA,NA,"","399","GPS-003",332,"cdb77b05-545b-4e2a-b720-1d5a8344354d"
"3407",2024,"Kougarok","K3",2,"2024-05-23","Stephanie_Galla","Kara_Beer","WIPT",1,0,0,1,"8:29","V",39,"110","12",NA,NA,"","400","GPS-003",333,"cdb77b05-545b-4e2a-b720-1d5a8344354d"
"3408",2024,"Kougarok","K3",2,"2024-05-23","Stephanie_Galla","Kara_Beer","WIPT",1,0,0,1,"8:31","V",39,"110","10",NA,NA,"","401","GPS-003",334,"cdb77b05-545b-4e2a-b720-1d5a8344354d"
"3409",2024,"Kougarok","K3",2,"2024-05-23","Stephanie_Galla","Kara_Beer","WISN",0,0,1,0,"8:31","A",39,"300","89",NA,NA,"","402","GPS-003",335,"cdb77b05-545b-4e2a-b720-1d5a8344354d"
"3410",2024,"Kougarok","K3",2,"2024-05-23","Stephanie_Galla","Kara_Beer","WIPT",1,1,0,3,"8:32","V",38,"103","12",NA,NA,"","403","GPS-003",336,"cdb77b05-545b-4e2a-b720-1d5a8344354d"
"3411",2024,"Kougarok","K3",2,"2024-05-23","Stephanie_Galla","Kara_Beer","WIPT",1,0,0,1,"8:34","V",38,"320","30",NA,NA,"","404","GPS-003",337,"cdb77b05-545b-4e2a-b720-1d5a8344354d"
"3412",2024,"Kougarok","K3",2,"2024-05-23","Stephanie_Galla","Kara_Beer","WISN",0,0,2,0,"8:36","V",38,NA,"0",NA,NA,"","405","GPS-003",338,"cdb77b05-545b-4e2a-b720-1d5a8344354d"
"3413",2024,"Kougarok","K3",2,"2024-05-23","Stephanie_Galla","Kara_Beer","WIPT",1,1,0,3,"8:37","V",38,"110","34",NA,NA,"","406","GPS-003",339,"cdb77b05-545b-4e2a-b720-1d5a8344354d"
"3414",2024,"Kougarok","K3",2,"2024-05-23","Stephanie_Galla","Kara_Beer","WISN",0,0,1,0,"8:38","A",38,"262","265",NA,NA,"","407","GPS-003",340,"cdb77b05-545b-4e2a-b720-1d5a8344354d"
"3415",2024,"Kougarok","K3",2,"2024-05-23","Stephanie_Galla","Kara_Beer","WIPT",1,0,0,1,"8:40","V",38,"318","44",NA,NA,"","408","GPS-003",341,"cdb77b05-545b-4e2a-b720-1d5a8344354d"
"3416",2024,"Kougarok","K3",2,"2024-05-23","Stephanie_Galla","Kara_Beer","WISN",0,0,1,0,"8:43","A",37,"310","28",NA,NA,"","409","GPS-003",342,"cdb77b05-545b-4e2a-b720-1d5a8344354d"
"3417",2024,"Kougarok","K3",2,"2024-05-23","Stephanie_Galla","Kara_Beer","WISN",0,0,2,0,"8:45","V",37,NA,"0",NA,NA,"","410","GPS-003",343,"cdb77b05-545b-4e2a-b720-1d5a8344354d"
"3418",2024,"Kougarok","K3",2,"2024-05-23","Stephanie_Galla","Kara_Beer","WISN",0,0,1,0,"8:46","A",37,"328","45",NA,NA,"","411","GPS-003",344,"cdb77b05-545b-4e2a-b720-1d5a8344354d"
"3419",2024,"Kougarok","K3",2,"2024-05-23","Stephanie_Galla","Kara_Beer","WISN",0,0,1,0,"8:50","A",37,"335","50",NA,NA,"","412","GPS-003",345,"cdb77b05-545b-4e2a-b720-1d5a8344354d"
"3420",2024,"Kougarok","K3",2,"2024-05-23","Stephanie_Galla","Kara_Beer","WISN",0,0,1,0,"8:51","A",37,"39","40",NA,NA,"","412","GPS-003",346,"cdb77b05-545b-4e2a-b720-1d5a8344354d"
"3421",2024,"Kougarok","K3",2,"2024-05-23","Stephanie_Galla","Kara_Beer","WISN",0,0,1,0,"8:54","A",36,"130","10",NA,NA,"","414","GPS-003",347,"cdb77b05-545b-4e2a-b720-1d5a8344354d"
"3422",2024,"Kougarok","K3",2,"2024-05-23","Stephanie_Galla","Kara_Beer","WIPT",1,0,0,1,"8:55","V",36,"333","27",NA,NA,"","415","GPS-003",348,"cdb77b05-545b-4e2a-b720-1d5a8344354d"
"3423",2024,"Kougarok","K3",2,"2024-05-23","Stephanie_Galla","Kara_Beer","WISN",0,0,2,0,"8:56","V",36,NA,"0",NA,NA,"","416","GPS-003",349,"cdb77b05-545b-4e2a-b720-1d5a8344354d"
"3424",2024,"Kougarok","K3",2,"2024-05-23","Stephanie_Galla","Kara_Beer","WIPT",0,0,1,0,"8:58","A",36,"328","32",NA,NA,"","417","GPS-003",350,"cdb77b05-545b-4e2a-b720-1d5a8344354d"
"3425",2024,"Kougarok","K3",2,"2024-05-23","Stephanie_Galla","Kara_Beer","WISN",0,0,2,0,"8:59","V",36,NA,"0",NA,NA,"","418","GPS-003",351,"cdb77b05-545b-4e2a-b720-1d5a8344354d"
"3426",2024,"Kougarok","K3",2,"2024-05-23","Stephanie_Galla","Kara_Beer","WISN",0,0,1,0,"9:00","A",36,"334","36",NA,NA,"","419","GPS-003",352,"cdb77b05-545b-4e2a-b720-1d5a8344354d"
"3427",2024,"Kougarok","K3",2,"2024-05-23","Stephanie_Galla","Kara_Beer","WISN",0,0,1,0,"9:01","V",36,NA,"0",NA,NA,"","420","GPS-003",353,"cdb77b05-545b-4e2a-b720-1d5a8344354d"
"3428",2024,"Kougarok","K3",2,"2024-05-23","Stephanie_Galla","Kara_Beer","WISN",1,0,0,1,"9:03","A",36,"334","28",NA,NA,"","421","GPS-003",354,"cdb77b05-545b-4e2a-b720-1d5a8344354d"
"3429",2024,"Kougarok","K3",2,"2024-05-23","Stephanie_Galla","Kara_Beer","WIPT",1,0,0,1,"9:04","V",36,NA,"0",NA,NA,"","422","GPS-003",355,"cdb77b05-545b-4e2a-b720-1d5a8344354d"
"3430",2024,"Kougarok","K3",2,"2024-05-23","Stephanie_Galla","Kara_Beer","WIPT",1,0,0,1,"9:06","V",36,"330","18",NA,NA,"","423","GPS-003",356,"cdb77b05-545b-4e2a-b720-1d5a8344354d"
"3431",2024,"Kougarok","K3",2,"2024-05-23","Stephanie_Galla","Kara_Beer","WIPT",0,1,0,2,"9:07","V",36,NA,"0",NA,NA,"","424","GPS-003",357,"cdb77b05-545b-4e2a-b720-1d5a8344354d"
"3432",2024,"Kougarok","K3",2,"2024-05-23","Stephanie_Galla","Kara_Beer","WIPT",1,0,0,1,"9:08","V",36,"330","85",NA,NA,"","425","GPS-003",358,"cdb77b05-545b-4e2a-b720-1d5a8344354d"
"3433",2024,"Kougarok","K3",2,"2024-05-23","Stephanie_Galla","Kara_Beer","WISN",0,0,3,0,"9:09","A",36,"325","26",NA,NA,"","426","GPS-003",359,"cdb77b05-545b-4e2a-b720-1d5a8344354d"
"3434",2024,"Kougarok","K3",2,"2024-05-23","Stephanie_Galla","Kara_Beer","WIPT",1,1,0,3,"9:12","V",35,"120","87",NA,NA,"","427","GPS-003",360,"cdb77b05-545b-4e2a-b720-1d5a8344354d"
"3435",2024,"Kougarok","K3",2,"2024-05-23","Stephanie_Galla","Kara_Beer","WIPT",1,0,0,1,"9:13","A",35,"310","154",NA,NA,"","428","GPS-003",361,"cdb77b05-545b-4e2a-b720-1d5a8344354d"
"3436",2024,"Kougarok","K3",2,"2024-05-23","Stephanie_Galla","Kara_Beer","WIPT",1,0,0,1,"9:14","A",35,"320","37",NA,NA,"","429","GPS-003",362,"cdb77b05-545b-4e2a-b720-1d5a8344354d"
"3437",2024,"Kougarok","K3",2,"2024-05-23","Stephanie_Galla","Kara_Beer","WIPT",1,0,0,1,"9:19","V",34,"328","38",NA,NA,"","430","GPS-003",363,"cdb77b05-545b-4e2a-b720-1d5a8344354d"
"3438",2024,"Kougarok","K3",2,"2024-05-23","Stephanie_Galla","Kara_Beer","WISN",0,0,1,0,"9:19","V",34,"130","19",NA,NA,"","431","GPS-003",364,"cdb77b05-545b-4e2a-b720-1d5a8344354d"
"3439",2024,"Kougarok","K3",2,"2024-05-23","Stephanie_Galla","Kara_Beer","WIPT",1,0,0,1,"9:22","V",34,"329","38",NA,NA,"","432","GPS-003",365,"cdb77b05-545b-4e2a-b720-1d5a8344354d"
"3440",2024,"Kougarok","K3",2,"2024-05-23","Stephanie_Galla","Kara_Beer","WISN",0,0,1,0,"9:23","A",34,"105","25",NA,NA,"","433","GPS-003",366,"cdb77b05-545b-4e2a-b720-1d5a8344354d"
"3441",2024,"Kougarok","K3",2,"2024-05-23","Stephanie_Galla","Kara_Beer","WIPT",1,0,0,1,"9:25","V",33,"11","12",NA,NA,"","434","GPS-003",367,"cdb77b05-545b-4e2a-b720-1d5a8344354d"
"3442",2024,"Kougarok","K3",1,"2024-05-24","Stephanie_Galla","Kara_Beer","WISN",0,0,1,0,"7:55","A",33,NA,"0",NA,NA,"","435","GPS-003",368,"52955af1-3870-48a2-9e37-6b955c7a85f1"
"3443",2024,"Kougarok","K3",1,"2024-05-24","Stephanie_Galla","Kara_Beer","WISN",0,0,1,0,"7:57","V",33,"168","16",NA,NA,"","43","GPS-003",369,"52955af1-3870-48a2-9e37-6b955c7a85f1"
"3444",2024,"Kougarok","K3",1,"2024-05-24","Stephanie_Galla","Kara_Beer","WIPT",1,0,0,1,"7:58","V",34,"164","19",NA,NA,"","437","GPS-003",370,"52955af1-3870-48a2-9e37-6b955c7a85f1"
"3445",2024,"Kougarok","K3",1,"2024-05-24","Stephanie_Galla","Kara_Beer","WIPT",1,0,0,1,"8:02","V",34,"168","12",NA,NA,"","438","GPS-003",371,"52955af1-3870-48a2-9e37-6b955c7a85f1"
"3446",2024,"Kougarok","K3",1,"2024-05-24","Stephanie_Galla","Kara_Beer","WIPT",1,1,0,3,"8:04","V",34,NA,"0",NA,NA,"","439","GPS-003",372,"52955af1-3870-48a2-9e37-6b955c7a85f1"
"3447",2024,"Kougarok","K3",1,"2024-05-24","Stephanie_Galla","Kara_Beer","WIPT",1,0,0,1,"8:06","A",34,"160","47",NA,NA,"","440","GPS-003",373,"52955af1-3870-48a2-9e37-6b955c7a85f1"
"3448",2024,"Kougarok","K3",1,"2024-05-24","Stephanie_Galla","Kara_Beer","WIPT",1,1,0,3,"8:08","V",34,"162","26",NA,NA,"","441","GPS-003",374,"52955af1-3870-48a2-9e37-6b955c7a85f1"
"3449",2024,"Kougarok","K3",1,"2024-05-24","Stephanie_Galla","Kara_Beer","WIPT",0,0,1,0,"8:10","A",35,"155","63",NA,NA,"","442","GPS-003",375,"52955af1-3870-48a2-9e37-6b955c7a85f1"
"3450",2024,"Kougarok","K3",1,"2024-05-24","Stephanie_Galla","Kara_Beer","WISN",0,0,1,0,"8:13","V",35,NA,"0",NA,NA,"","443","GPS-003",376,"52955af1-3870-48a2-9e37-6b955c7a85f1"
"3451",2024,"Kougarok","K3",1,"2024-05-24","Stephanie_Galla","Kara_Beer","WISN",0,0,1,0,"8:16","V",35,NA,"0",NA,NA,"","444","GPS-003",377,"52955af1-3870-48a2-9e37-6b955c7a85f1"
"3452",2024,"Kougarok","K3",1,"2024-05-24","Stephanie_Galla","Kara_Beer","WISN",0,0,1,0,"8:16","A",35,"53","28",NA,NA,"","445","GPS-003",378,"52955af1-3870-48a2-9e37-6b955c7a85f1"
"3453",2024,"Kougarok","K3",1,"2024-05-24","Stephanie_Galla","Kara_Beer","WISN",0,0,1,0,"8:17","V",35,NA,"0",NA,NA,"","446","GPS-003",379,"52955af1-3870-48a2-9e37-6b955c7a85f1"
"3454",2024,"Kougarok","K3",1,"2024-05-24","Stephanie_Galla","Kara_Beer","WISN",0,0,3,0,"8:23","V",36,NA,"0",NA,NA,"","447","GPS-003",380,"52955af1-3870-48a2-9e37-6b955c7a85f1"
"3455",2024,"Kougarok","K3",1,"2024-05-24","Stephanie_Galla","Kara_Beer","NOHA",0,0,1,0,"8:24","V",36,"79","8",NA,NA,"","448","GPS-003",381,"52955af1-3870-48a2-9e37-6b955c7a85f1"
"3456",2024,"Kougarok","K3",1,"2024-05-24","Stephanie_Galla","Kara_Beer","WISN",0,0,1,0,"8:26","V",36,NA,"0",NA,NA,"","449","GPS-003",382,"52955af1-3870-48a2-9e37-6b955c7a85f1"
"3457",2024,"Kougarok","K3",1,"2024-05-24","Stephanie_Galla","Kara_Beer","WIPT",1,0,0,1,"8:31","V",38,"5","68",NA,NA,"","450","GPS-003",383,"52955af1-3870-48a2-9e37-6b955c7a85f1"
"3458",2024,"Kougarok","K3",1,"2024-05-24","Stephanie_Galla","Kara_Beer","WIPT",1,0,0,1,"8:37","V",39,"165","10",NA,NA,"","451","GPS-003",384,"52955af1-3870-48a2-9e37-6b955c7a85f1"
"3459",2024,"Kougarok","K3",1,"2024-05-24","Stephanie_Galla","Kara_Beer","WIPT",1,0,0,1,"8:38","V",39,"42","48",NA,NA,"","452","GPS-003",385,"52955af1-3870-48a2-9e37-6b955c7a85f1"
"3460",2024,"Kougarok","K3",1,"2024-05-24","Stephanie_Galla","Kara_Beer","WIPT",2,0,0,2,"8:39","V",39,"150","8",NA,NA,"","453","GPS-003",386,"52955af1-3870-48a2-9e37-6b955c7a85f1"
"3461",2024,"Kougarok","K3",1,"2024-05-24","Stephanie_Galla","Kara_Beer","WIPT",1,0,0,1,"8:44","V",39,"42","51",NA,NA,"","454","GPS-003",387,"52955af1-3870-48a2-9e37-6b955c7a85f1"
"3462",2024,"Kougarok","K3",1,"2024-05-24","Stephanie_Galla","Kara_Beer","WIPT",1,0,0,1,"8:45","V",40,"160","45",NA,NA,"","455","GPS-003",388,"52955af1-3870-48a2-9e37-6b955c7a85f1"
"3463",2024,"Kougarok","K3",1,"2024-05-24","Stephanie_Galla","Kara_Beer","WIPT",1,0,0,1,"8:51","V",40,"155","42",NA,NA,"","456","GPS-003",389,"52955af1-3870-48a2-9e37-6b955c7a85f1"
"3464",2024,"Kougarok","K3",1,"2024-05-24","Stephanie_Galla","Kara_Beer","WISN",0,0,1,0,"8:52","A",40,"160","62",NA,NA,"","457","GPS-003",390,"52955af1-3870-48a2-9e37-6b955c7a85f1"
"3465",2024,"Kougarok","K3",1,"2024-05-24","Stephanie_Galla","Kara_Beer","WISN",0,0,1,0,"8:54","A",40,"30","23",NA,NA,"","458","GPS-003",391,"52955af1-3870-48a2-9e37-6b955c7a85f1"
"3466",2024,"Kougarok","K3",1,"2024-05-24","Stephanie_Galla","Kara_Beer","WISN",0,0,1,0,"8:55","V",40,NA,"0",NA,NA,"","459","GPS-003",392,"52955af1-3870-48a2-9e37-6b955c7a85f1"
"3467",2024,"Kougarok","K3",1,"2024-05-24","Stephanie_Galla","Kara_Beer","WISN",0,0,1,0,"8:56","A",40,"140","12",NA,NA,"","460","GPS-003",393,"52955af1-3870-48a2-9e37-6b955c7a85f1"
"3468",2024,"Kougarok","K3",1,"2024-05-24","Stephanie_Galla","Kara_Beer","WISN",0,0,1,0,"8:58","V",40,"145","12",NA,NA,"","461","GPS-003",394,"52955af1-3870-48a2-9e37-6b955c7a85f1"
"3469",2024,"Kougarok","K3",1,"2024-05-24","Stephanie_Galla","Kara_Beer","WIPT",1,1,0,3,"8:59","V",40,"50","62",NA,NA,"","462","GPS-003",395,"52955af1-3870-48a2-9e37-6b955c7a85f1"
"3470",2024,"Kougarok","K3",1,"2024-05-24","Stephanie_Galla","Kara_Beer","WIPT",2,0,0,2,"9:02","V",41,NA,"0",NA,NA,"","463","GPS-003",396,"52955af1-3870-48a2-9e37-6b955c7a85f1"
"3471",2024,"Kougarok","K3",1,"2024-05-24","Stephanie_Galla","Kara_Beer","WIPT",1,0,0,1,"9:02","A",41,"9","167",NA,NA,"","464","GPS-003",397,"52955af1-3870-48a2-9e37-6b955c7a85f1"
"3472",2024,"Kougarok","K3",1,"2024-05-24","Stephanie_Galla","Kara_Beer","WISN",0,0,2,0,"9:03","V",41,NA,"0",NA,NA,"","465","GPS-003",398,"52955af1-3870-48a2-9e37-6b955c7a85f1"
"3473",2024,"Kougarok","K3",1,"2024-05-24","Stephanie_Galla","Kara_Beer","WIPT",1,0,0,1,"9:04","V",41,"365","41",NA,NA,"","466","GPS-003",399,"52955af1-3870-48a2-9e37-6b955c7a85f1"
"3474",2024,"Kougarok","K3",1,"2024-05-24","Stephanie_Galla","Kara_Beer","WISN",0,0,1,0,"9:07","V",41,NA,"0",NA,NA,"","468","GPS-003",400,"52955af1-3870-48a2-9e37-6b955c7a85f1"
"3475",2024,"Kougarok","K3",1,"2024-05-24","Stephanie_Galla","Kara_Beer","WIPT",1,0,0,1,"9:10","V",41,"220","11",NA,NA,"","469","GPS-003",401,"52955af1-3870-48a2-9e37-6b955c7a85f1"
"3476",2024,"Kougarok","K3",1,"2024-05-24","Stephanie_Galla","Kara_Beer","WIPT",1,0,0,1,"9:12","V",42,"172","40",NA,NA,"","470","GPS-003",402,"52955af1-3870-48a2-9e37-6b955c7a85f1"
"3477",2024,"Kougarok","K3",1,"2024-05-24","Stephanie_Galla","Kara_Beer","WIPT",1,0,0,1,"9:13","V",42,"52","31",NA,NA,"","471","GPS-003",403,"52955af1-3870-48a2-9e37-6b955c7a85f1"
"3478",2024,"Kougarok","K3",1,"2024-05-24","Stephanie_Galla","Kara_Beer","WIPT",1,0,0,1,"9:14","V",42,NA,"0",NA,NA,"","472","GPS-003",404,"52955af1-3870-48a2-9e37-6b955c7a85f1"
"3479",2024,"Kougarok","K3",1,"2024-05-24","Stephanie_Galla","Kara_Beer","WISN",0,0,1,0,"9:15","A",42,"180","86",NA,NA,"","473","GPS-003",405,"52955af1-3870-48a2-9e37-6b955c7a85f1"
"3480",2024,"Kougarok","K3",1,"2024-05-24","Stephanie_Galla","Kara_Beer","WIPT",1,1,0,3,"9:20","V",43,"53","124",NA,NA,"","474","GPS-003",406,"52955af1-3870-48a2-9e37-6b955c7a85f1"
"3481",2024,"Kougarok","K3",1,"2024-05-24","Stephanie_Galla","Kara_Beer","WIPT",0,1,0,2,"9:21","V",43,"143","9",NA,NA,"","475","GPS-003",407,"52955af1-3870-48a2-9e37-6b955c7a85f1"
"3482",2024,"Kougarok","K3",1,"2024-05-24","Stephanie_Galla","Kara_Beer","WIPT",1,0,0,1,"9:23","V",43,"155","3",NA,NA,"","476","GPS-003",408,"52955af1-3870-48a2-9e37-6b955c7a85f1"
"3483",2024,"Teller","T3",2,"2024-05-25","Stephanie_Galla","Kara_Beer","WIPT",2,0,0,2,"8:55","V",37,NA,"0",NA,NA,"","477","GPS-003",409,"4ae049af-ab27-4f97-9228-9676e85b0119"
"3484",2024,"Teller","T3",2,"2024-05-25","Stephanie_Galla","Kara_Beer","WIPT",1,0,0,1,"8:55","V",37,"84","61",NA,NA,"","478","GPS-003",410,"4ae049af-ab27-4f97-9228-9676e85b0119"
"3485",2024,"Teller","T3",2,"2024-05-25","Stephanie_Galla","Kara_Beer","GOPL",0,0,1,0,"8:57","V",37,"242","47",NA,NA,"","479","GPS-003",411,"4ae049af-ab27-4f97-9228-9676e85b0119"
"3486",2024,"Teller","T3",2,"2024-05-25","Stephanie_Galla","Kara_Beer","WIPT",1,0,0,1,"8:59","A",37,"250","135",NA,NA,"","480","GPS-003",412,"4ae049af-ab27-4f97-9228-9676e85b0119"
"3487",2024,"Teller","T3",2,"2024-05-25","Stephanie_Galla","Kara_Beer","WIPT",1,0,0,1,"9:00","V",37,"242","108",NA,NA,"","481","GPS-003",413,"4ae049af-ab27-4f97-9228-9676e85b0119"
"3488",2024,"Teller","T3",2,"2024-05-25","Stephanie_Galla","Kara_Beer","WIPT",1,0,0,1,"9:02","V",37,"245","96",NA,NA,"","482","GPS-003",414,"4ae049af-ab27-4f97-9228-9676e85b0119"
"3489",2024,"Teller","T3",2,"2024-05-25","Stephanie_Galla","Kara_Beer","WIPT",1,0,0,1,"9:03","V",37,"79","50",NA,NA,"","483","GPS-003",415,"4ae049af-ab27-4f97-9228-9676e85b0119"
"3490",2024,"Teller","T3",2,"2024-05-25","Stephanie_Galla","Kara_Beer","WIPT",1,0,0,1,"9:07","V",36,"90","60",NA,NA,"","484","GPS-003",416,"4ae049af-ab27-4f97-9228-9676e85b0119"
"3491",2024,"Teller","T3",2,"2024-05-25","Stephanie_Galla","Kara_Beer","WIPT",1,0,0,1,"9:07","V",36,"238","62",NA,NA,"","485","GPS-003",417,"4ae049af-ab27-4f97-9228-9676e85b0119"
"3492",2024,"Teller","T3",2,"2024-05-25","Stephanie_Galla","Kara_Beer","GOPL",0,0,2,0,"9:09","V",36,"240","44",NA,NA,"","486","GPS-003",418,"4ae049af-ab27-4f97-9228-9676e85b0119"
"3493",2024,"Teller","T3",2,"2024-05-25","Stephanie_Galla","Kara_Beer","GOPL",0,0,1,0,"9:11","V",36,"242","68",NA,NA,"","487","GPS-003",419,"4ae049af-ab27-4f97-9228-9676e85b0119"
"3494",2024,"Teller","T3",2,"2024-05-25","Stephanie_Galla","Kara_Beer","WIPT",1,1,0,3,"9:12","V",36,"91","74",NA,NA,"","488","GPS-003",420,"4ae049af-ab27-4f97-9228-9676e85b0119"
"3495",2024,"Teller","T3",2,"2024-05-25","Stephanie_Galla","Kara_Beer","LTJA",0,0,1,0,"9:13","V",36,"232","86",NA,NA,"","489","GPS-003",421,"4ae049af-ab27-4f97-9228-9676e85b0119"
"3496",2024,"Teller","T3",2,"2024-05-25","Stephanie_Galla","Kara_Beer","WIPT",2,0,0,2,"9:15","V",36,"246","8",NA,NA,"","490","GPS-003",422,"4ae049af-ab27-4f97-9228-9676e85b0119"
"3497",2024,"Teller","T3",2,"2024-05-25","Stephanie_Galla","Kara_Beer","WIPT",0,1,0,2,"9:16","V",36,"240","15",NA,NA,"","490","GPS-003",423,"4ae049af-ab27-4f97-9228-9676e85b0119"
"3498",2024,"Teller","T3",2,"2024-05-25","Stephanie_Galla","Kara_Beer","LTJA",0,0,2,0,"9:16","V",36,"220","39",NA,NA,"","491","GPS-003",424,"4ae049af-ab27-4f97-9228-9676e85b0119"
"3499",2024,"Teller","T3",2,"2024-05-25","Stephanie_Galla","Kara_Beer","WIPT",1,0,0,1,"9:18","V",36,"195","20",NA,NA,"","492","GPS-003",425,"4ae049af-ab27-4f97-9228-9676e85b0119"
"3500",2024,"Teller","T3",2,"2024-05-25","Stephanie_Galla","Kara_Beer","WIPT",1,0,0,1,"9:19","V",36,"75","69",NA,NA,"","493","GPS-003",426,"4ae049af-ab27-4f97-9228-9676e85b0119"
"3501",2024,"Teller","T3",2,"2024-05-25","Stephanie_Galla","Kara_Beer","LTJA",0,0,2,0,"9:20","V",36,"75","66",NA,NA,"","494","GPS-003",427,"4ae049af-ab27-4f97-9228-9676e85b0119"
"3502",2024,"Teller","T3",2,"2024-05-25","Stephanie_Galla","Kara_Beer","WIPT",1,0,0,1,"9:22","V",35,"200","54",NA,NA,"","495","GPS-003",428,"4ae049af-ab27-4f97-9228-9676e85b0119"
"3503",2024,"Teller","T3",2,"2024-05-25","Stephanie_Galla","Kara_Beer","WIPT",1,0,0,1,"9:23","V",35,"50","60",NA,NA,"","496","GPS-003",429,"4ae049af-ab27-4f97-9228-9676e85b0119"
"3504",2024,"Teller","T3",2,"2024-05-25","Stephanie_Galla","Kara_Beer","LTJA",0,0,1,0,"9:23","V",35,"210","31",NA,NA,"","497","GPS-003",430,"4ae049af-ab27-4f97-9228-9676e85b0119"
"3505",2024,"Teller","T3",2,"2024-05-25","Stephanie_Galla","Kara_Beer","WIPT",1,0,0,1,"9:25","V",35,"65","61",NA,NA,"","498","GPS-003",431,"4ae049af-ab27-4f97-9228-9676e85b0119"
"3506",2024,"Teller","T3",2,"2024-05-25","Stephanie_Galla","Kara_Beer","WIPT",1,0,0,1,"9:26","V",35,"70","54",NA,NA,"","499","GPS-003",432,"4ae049af-ab27-4f97-9228-9676e85b0119"
"3507",2024,"Teller","T3",2,"2024-05-25","Stephanie_Galla","Kara_Beer","WIPT",1,0,0,1,"9:27","V",35,NA,"0",NA,NA,"","500","GPS-003",433,"4ae049af-ab27-4f97-9228-9676e85b0119"
"3508",2024,"Teller","T3",2,"2024-05-25","Stephanie_Galla","Kara_Beer","WIPT",1,0,0,1,"9:28","V",35,"190","40",NA,NA,"","501","GPS-003",434,"4ae049af-ab27-4f97-9228-9676e85b0119"
"3509",2024,"Teller","T3",2,"2024-05-25","Stephanie_Galla","Kara_Beer","WIPT",1,0,0,1,"9:29","V",35,"60","125",NA,NA,"","502","GPS-003",435,"4ae049af-ab27-4f97-9228-9676e85b0119"
"3510",2024,"Teller","T3",2,"2024-05-25","Stephanie_Galla","Kara_Beer","WIPT",1,0,0,1,"9:31","V",35,"217","37",NA,NA,"","503","GPS-003",436,"4ae049af-ab27-4f97-9228-9676e85b0119"
"3511",2024,"Teller","T3",2,"2024-05-25","Stephanie_Galla","Kara_Beer","WISN",0,0,1,0,"9:32","A",35,"240","25",NA,NA,"","504","GPS-003",437,"4ae049af-ab27-4f97-9228-9676e85b0119"
"3512",2024,"Teller","T3",2,"2024-05-25","Stephanie_Galla","Kara_Beer","WIPT",1,0,0,1,"9:33","V",35,"50","42",NA,NA,"","505","GPS-003",438,"4ae049af-ab27-4f97-9228-9676e85b0119"
"3513",2024,"Teller","T3",2,"2024-05-25","Stephanie_Galla","Kara_Beer","WIPT",1,1,0,3,"9:35","V",34,"210","39",NA,NA,"","506","GPS-003",439,"4ae049af-ab27-4f97-9228-9676e85b0119"
"3514",2024,"Teller","T3",2,"2024-05-25","Stephanie_Galla","Kara_Beer","WIPT",1,0,0,1,"9:36","V",34,"212","69",NA,NA,"","507","GPS-003",440,"4ae049af-ab27-4f97-9228-9676e85b0119"
"3515",2024,"Teller","T3",2,"2024-05-25","Stephanie_Galla","Kara_Beer","WIPT",1,0,0,1,"9:40","V",34,"70","38",NA,NA,"","508","GPS-003",441,"4ae049af-ab27-4f97-9228-9676e85b0119"
"3516",2024,"Teller","T3",2,"2024-05-25","Stephanie_Galla","Kara_Beer","LTJA",0,0,2,0,"9:42","V",33,NA,"0",NA,NA,"","509","GPS-003",442,"4ae049af-ab27-4f97-9228-9676e85b0119"
"3517",2024,"Teller","T3",2,"2024-05-25","Stephanie_Galla","Kara_Beer","WIPT",2,0,0,2,"9:45","V",33,NA,"0",NA,NA,"","510","GPS-003",443,"4ae049af-ab27-4f97-9228-9676e85b0119"
"3518",2024,"Teller","T3",2,"2024-05-25","Stephanie_Galla","Kara_Beer","WIPT",1,0,0,1,"9:47","V",33,"238","57",NA,NA,"","511","GPS-003",444,"4ae049af-ab27-4f97-9228-9676e85b0119"
"3519",2024,"Teller","T3",2,"2024-05-25","Stephanie_Galla","Kara_Beer","WISN",0,0,1,0,"9:47","A",33,"258","49",NA,NA,"","512","GPS-003",445,"4ae049af-ab27-4f97-9228-9676e85b0119"
"3520",2024,"Teller","T3",2,"2024-05-25","Stephanie_Galla","Kara_Beer","WIPT",1,0,0,1,"9:49","V",33,NA,"0",NA,NA,"","513","GPS-003",446,"4ae049af-ab27-4f97-9228-9676e85b0119"
"3521",2024,"Teller","T3",2,"2024-05-25","Stephanie_Galla","Kara_Beer","WIPT",1,0,0,1,"9:50","V",32,"80","89",NA,NA,"","514","GPS-003",447,"4ae049af-ab27-4f97-9228-9676e85b0119"
"3522",2024,"Teller","T3",2,"2024-05-25","Stephanie_Galla","Kara_Beer","WIPT",1,1,0,3,"9:52","V",32,"82","63",NA,NA,"","515","GPS-003",448,"4ae049af-ab27-4f97-9228-9676e85b0119"
"3523",2024,"Teller","T3",2,"2024-05-25","Stephanie_Galla","Kara_Beer","GOPL",0,0,1,0,"9:55","V",32,"90","58",NA,NA,"","516","GPS-003",449,"4ae049af-ab27-4f97-9228-9676e85b0119"
"3524",2024,"Teller","T3",2,"2024-05-25","Stephanie_Galla","Kara_Beer","WIPT",1,0,0,1,"9:58","V",32,"90","80",NA,NA,"","517","GPS-003",450,"4ae049af-ab27-4f97-9228-9676e85b0119"
"3525",2024,"Teller","T3",2,"2024-05-25","Stephanie_Galla","Kara_Beer","WIPT",1,0,0,1,"9:59","V",32,"240","107",NA,NA,"","518","GPS-003",451,"4ae049af-ab27-4f97-9228-9676e85b0119"
"3526",2024,"Teller","T3",2,"2024-05-25","Stephanie_Galla","Kara_Beer","WISN",0,0,1,0,"10:00","A",32,"240","74",NA,NA,"","519","GPS-003",452,"4ae049af-ab27-4f97-9228-9676e85b0119"
"3527",2024,"Teller","T3",2,"2024-05-25","Stephanie_Galla","Kara_Beer","LTJA",0,0,1,0,"10:00","V",32,"74","42",NA,NA,"","520","GPS-003",453,"4ae049af-ab27-4f97-9228-9676e85b0119"
"3528",2024,"Teller","T3",2,"2024-05-25","Stephanie_Galla","Kara_Beer","WIPT",0,0,0,0,"10:01","V",31,"252","36",NA,NA,"","521","GPS-003",454,"4ae049af-ab27-4f97-9228-9676e85b0119"
"3529",2024,"Teller","T3",2,"2024-05-25","Stephanie_Galla","Kara_Beer","WISN",0,0,1,0,"10:02","A",31,"88","40",NA,NA,"","522","GPS-003",455,"4ae049af-ab27-4f97-9228-9676e85b0119"
"3530",2024,"Teller","T3",2,"2024-05-25","Stephanie_Galla","Kara_Beer","WIPT",1,0,0,1,"10:04","V",31,"230","133",NA,NA,"","523","GPS-003",456,"4ae049af-ab27-4f97-9228-9676e85b0119"
"3531",2024,"Teller","T3",2,"2024-05-25","Stephanie_Galla","Kara_Beer","WIPT",1,0,0,1,"10:06","V",31,"241","66",NA,NA,"","524","GPS-003",457,"4ae049af-ab27-4f97-9228-9676e85b0119"
"3532",2024,"Teller","T3",2,"2024-05-25","Stephanie_Galla","Kara_Beer","WIPT",1,0,0,1,"10:08","V",31,"90","83",NA,NA,"","525","GPS-003",458,"4ae049af-ab27-4f97-9228-9676e85b0119"
"3533",2024,"Teller","T3",2,"2024-05-25","Stephanie_Galla","Kara_Beer","WIPT",1,0,0,1,"10:09","V",31,"275","15",NA,NA,"","526","GPS-003",459,"4ae049af-ab27-4f97-9228-9676e85b0119"
"3534",2024,"Teller","T3",2,"2024-05-25","Stephanie_Galla","Kara_Beer","GOPL",0,0,2,0,"10:10","V",31,"200","45",NA,NA,"","527","GPS-003",460,"4ae049af-ab27-4f97-9228-9676e85b0119"
"3535",2024,"Teller","T3",2,"2024-05-25","Stephanie_Galla","Kara_Beer","WIPT",1,0,0,1,"10:11","V",31,"80","81",NA,NA,"","528","GPS-003",461,"4ae049af-ab27-4f97-9228-9676e85b0119"
"3536",2024,"Teller","T3",2,"2024-05-25","Stephanie_Galla","Kara_Beer","WIPT",1,0,0,1,"10:14","V",30,"205","14",NA,NA,"","529","GPS-003",462,"4ae049af-ab27-4f97-9228-9676e85b0119"
"3537",2024,"Teller","T3",2,"2024-05-25","Stephanie_Galla","Kara_Beer","WIPT",1,0,0,1,"10:19","V",29,"81","109",NA,NA,"","530","GPS-003",463,"4ae049af-ab27-4f97-9228-9676e85b0119"
"3538",2024,"Teller","T3",2,"2024-05-25","Stephanie_Galla","Kara_Beer","WIPT",1,0,0,1,"10:20","V",29,"225","76",NA,NA,"","531","GPS-003",464,"4ae049af-ab27-4f97-9228-9676e85b0119"
"3539",2024,"Teller","T3",2,"2024-05-25","Stephanie_Galla","Kara_Beer","WIPT",1,0,0,1,"10:21","V",29,"75","22",NA,NA,"","532","GPS-003",465,"4ae049af-ab27-4f97-9228-9676e85b0119"
"3540",2024,"Teller","T3",2,"2024-05-25","Stephanie_Galla","Kara_Beer","LTJA",0,0,1,0,"10:22","V",29,"85","75",NA,NA,"","533","GPS-003",466,"4ae049af-ab27-4f97-9228-9676e85b0119"
"3541",2024,"Teller","T3",2,"2024-05-25","Stephanie_Galla","Kara_Beer","WIPT",1,0,0,1,"10:23","V",29,"235","90",NA,NA,"","534","GPS-003",467,"4ae049af-ab27-4f97-9228-9676e85b0119"
"3542",2024,"Teller","T3",2,"2024-05-25","Stephanie_Galla","Kara_Beer","WIPT",1,1,0,3,"10:25","V",38,"80","36",NA,NA,"","535","GPS-003",468,"4ae049af-ab27-4f97-9228-9676e85b0119"
"3543",2024,"Teller","T3",2,"2024-05-25","Stephanie_Galla","Kara_Beer","WIPT",1,0,0,1,"10:26","V",28,"95","36",NA,NA,"","536","GPS-003",469,"4ae049af-ab27-4f97-9228-9676e85b0119"
"3544",2024,"Teller","T3",1,"2024-05-26","Stephanie_Galla","Kara_Beer","WIPT",1,0,0,1,"7:15","V",28,"97","150",NA,NA,"","537","GPS-003",470,"13615459-f360-423d-b33c-5cfb9eacc426"
"3545",2024,"Teller","T3",1,"2024-05-26","Stephanie_Galla","Kara_Beer","WISN",0,0,1,0,"7:19","A",28,NA,"0",NA,NA,"","538","GPS-003",471,"13615459-f360-423d-b33c-5cfb9eacc426"
"3546",2024,"Teller","T3",1,"2024-05-26","Stephanie_Galla","Kara_Beer","LTJA",0,0,1,0,"7:20","V",28,"45","154",NA,NA,"","539","GPS-003",472,"13615459-f360-423d-b33c-5cfb9eacc426"
"3547",2024,"Teller","T3",1,"2024-05-26","Stephanie_Galla","Kara_Beer","WIPT",1,0,0,1,"7:21","V",28,"55","68",NA,NA,"","540","GPS-003",473,"13615459-f360-423d-b33c-5cfb9eacc426"
"3548",2024,"Teller","T3",1,"2024-05-26","Stephanie_Galla","Kara_Beer","WIPT",1,0,0,1,"7:23","V",28,"60","39",NA,NA,"","541","GPS-003",474,"13615459-f360-423d-b33c-5cfb9eacc426"
"3549",2024,"Teller","T3",1,"2024-05-26","Stephanie_Galla","Kara_Beer","WIPT",1,0,0,1,"7:24","V",28,"112","67",NA,NA,"","542","GPS-003",475,"13615459-f360-423d-b33c-5cfb9eacc426"
"3550",2024,"Teller","T3",1,"2024-05-26","Stephanie_Galla","Kara_Beer","WIPT",1,0,0,1,"7:24","V",28,"140","114",NA,NA,"","543","GPS-003",476,"13615459-f360-423d-b33c-5cfb9eacc426"
"3551",2024,"Teller","T3",1,"2024-05-26","Stephanie_Galla","Kara_Beer","WIPT",1,0,0,1,"7:26","V",28,"35","22",NA,NA,"","544","GPS-003",477,"13615459-f360-423d-b33c-5cfb9eacc426"
"3552",2024,"Teller","T3",1,"2024-05-26","Stephanie_Galla","Kara_Beer","WIPT",1,0,0,1,"7:27","A",28,"34","168",NA,NA,"","545","GPS-003",478,"13615459-f360-423d-b33c-5cfb9eacc426"
"3553",2024,"Teller","T3",1,"2024-05-26","Stephanie_Galla","Kara_Beer","WIPT",1,0,0,1,"7:29","V",29,"150","156",NA,NA,"","546","GPS-003",479,"13615459-f360-423d-b33c-5cfb9eacc426"
"3554",2024,"Teller","T3",1,"2024-05-26","Stephanie_Galla","Kara_Beer","WIPT",1,0,0,1,"7:30","V",29,"355","113",NA,NA,"","547","GPS-003",480,"13615459-f360-423d-b33c-5cfb9eacc426"
"3555",2024,"Teller","T3",1,"2024-05-26","Stephanie_Galla","Kara_Beer","WIPT",1,0,0,1,"7:32","V",29,"10","102",NA,NA,"","548","GPS-003",481,"13615459-f360-423d-b33c-5cfb9eacc426"
"3556",2024,"Teller","T3",1,"2024-05-26","Stephanie_Galla","Kara_Beer","WIPT",1,0,0,1,"7:33","V",29,"349","113",NA,NA,"","549","GPS-003",482,"13615459-f360-423d-b33c-5cfb9eacc426"
"3557",2024,"Teller","T3",1,"2024-05-26","Stephanie_Galla","Kara_Beer","WIPT",1,0,0,1,"7:36","V",29,"150","67",NA,NA,"","550","GPS-003",483,"13615459-f360-423d-b33c-5cfb9eacc426"
"3558",2024,"Teller","T3",1,"2024-05-26","Stephanie_Galla","Kara_Beer","WIPT",1,0,0,1,"7:40","V",30,"36","66",NA,NA,"","551","GPS-003",484,"13615459-f360-423d-b33c-5cfb9eacc426"
"3559",2024,"Teller","T3",1,"2024-05-26","Stephanie_Galla","Kara_Beer","WIPT",1,0,0,1,"7:41","V",30,"130","5",NA,NA,"","552","GPS-003",485,"13615459-f360-423d-b33c-5cfb9eacc426"
"3560",2024,"Teller","T3",1,"2024-05-26","Stephanie_Galla","Kara_Beer","WIPT",1,0,0,1,"7:42","V",30,"60","31",NA,NA,"","553","GPS-003",486,"13615459-f360-423d-b33c-5cfb9eacc426"
"3561",2024,"Teller","T3",1,"2024-05-26","Stephanie_Galla","Kara_Beer","WIPT",1,0,0,1,"7:44","V",31,"65","39",NA,NA,"","554","GPS-003",487,"13615459-f360-423d-b33c-5cfb9eacc426"
"3562",2024,"Teller","T3",1,"2024-05-26","Stephanie_Galla","Kara_Beer","WIPT",1,0,0,1,"7:45","V",31,"135","107",NA,NA,"","555","GPS-003",488,"13615459-f360-423d-b33c-5cfb9eacc426"
"3563",2024,"Teller","T3",1,"2024-05-26","Stephanie_Galla","Kara_Beer","LTJA",0,0,1,0,"7:45","V",31,"120","15",NA,NA,"","556","GPS-003",489,"13615459-f360-423d-b33c-5cfb9eacc426"
"3564",2024,"Teller","T3",1,"2024-05-26","Stephanie_Galla","Kara_Beer","WIPT",1,0,0,1,"7:46","V",31,"127","66",NA,NA,"","557","GPS-003",490,"13615459-f360-423d-b33c-5cfb9eacc426"
"3565",2024,"Teller","T3",1,"2024-05-26","Stephanie_Galla","Kara_Beer","WIPT",1,0,0,1,"7:48","V",31,"95","48",NA,NA,"","558","GPS-003",491,"13615459-f360-423d-b33c-5cfb9eacc426"
"3566",2024,"Teller","T3",1,"2024-05-26","Stephanie_Galla","Kara_Beer","WIPT",1,0,0,1,"7:54","V",32,"145","210",NA,NA,"","559","GPS-003",492,"13615459-f360-423d-b33c-5cfb9eacc426"
"3567",2024,"Teller","T3",1,"2024-05-26","Stephanie_Galla","Kara_Beer","WIPT",1,0,0,1,"7:56","V",32,"90","81",NA,NA,"","560","GPS-003",493,"13615459-f360-423d-b33c-5cfb9eacc426"
"3568",2024,"Teller","T3",1,"2024-05-26","Stephanie_Galla","Kara_Beer","WIPT",1,0,0,1,"7:57","V",32,"95","52",NA,NA,"","561","GPS-003",494,"13615459-f360-423d-b33c-5cfb9eacc426"
"3569",2024,"Teller","T3",1,"2024-05-26","Stephanie_Galla","Kara_Beer","WIPT",1,0,0,1,"7:58","V",32,"54","161",NA,NA,"","562","GPS-003",495,"13615459-f360-423d-b33c-5cfb9eacc426"
"3570",2024,"Teller","T3",1,"2024-05-26","Stephanie_Galla","Kara_Beer","WIPT",1,0,0,1,"7:59","V",32,"130","128",NA,NA,"","563","GPS-003",496,"13615459-f360-423d-b33c-5cfb9eacc426"
"3571",2024,"Teller","T3",1,"2024-05-26","Stephanie_Galla","Kara_Beer","WIPT",1,0,0,1,"8:00","V",32,"70","40",NA,NA,"","564","GPS-003",497,"13615459-f360-423d-b33c-5cfb9eacc426"
"3572",2024,"Teller","T3",1,"2024-05-26","Stephanie_Galla","Kara_Beer","WIPT",1,0,0,1,"8:01","V",33,NA,"0",NA,NA,"","565","GPS-003",498,"13615459-f360-423d-b33c-5cfb9eacc426"
"3573",2024,"Teller","T3",1,"2024-05-26","Stephanie_Galla","Kara_Beer","WIPT",1,0,0,1,"8:02","V",33,"120","70",NA,NA,"","566","GPS-003",499,"13615459-f360-423d-b33c-5cfb9eacc426"
"3574",2024,"Teller","T3",1,"2024-05-26","Stephanie_Galla","Kara_Beer","LTJA",0,0,1,0,"8:04","V",33,"50","98",NA,NA,"","567","GPS-003",500,"13615459-f360-423d-b33c-5cfb9eacc426"
"3575",2024,"Teller","T3",1,"2024-05-26","Stephanie_Galla","Kara_Beer","WIPT",1,0,0,1,"8:05","V",33,"110","211",NA,NA,"","568","GPS-003",501,"13615459-f360-423d-b33c-5cfb9eacc426"
"3576",2024,"Teller","T3",1,"2024-05-26","Stephanie_Galla","Kara_Beer","WIPT",1,0,0,1,"8:07","V",33,"110","61",NA,NA,"","569","GPS-003",502,"13615459-f360-423d-b33c-5cfb9eacc426"
"3577",2024,"Teller","T3",1,"2024-05-26","Stephanie_Galla","Kara_Beer","LTJA",0,0,2,0,"8:07","V",33,"125","70",NA,NA,"","570","GPS-003",503,"13615459-f360-423d-b33c-5cfb9eacc426"
"3578",2024,"Teller","T3",1,"2024-05-26","Stephanie_Galla","Kara_Beer","WIPT",1,0,0,1,"8:08","V",33,"46","133",NA,NA,"","571","GPS-003",504,"13615459-f360-423d-b33c-5cfb9eacc426"
"3579",2024,"Teller","T3",1,"2024-05-26","Stephanie_Galla","Kara_Beer","WIPT",1,0,0,1,"8:09","V",33,"120","50",NA,NA,"","572","GPS-003",505,"13615459-f360-423d-b33c-5cfb9eacc426"
"3580",2024,"Teller","T3",1,"2024-05-26","Stephanie_Galla","Kara_Beer","WIPT",1,0,0,1,"8:10","V",33,"110","22",NA,NA,"","573","GPS-003",506,"13615459-f360-423d-b33c-5cfb9eacc426"
"3581",2024,"Teller","T3",1,"2024-05-26","Stephanie_Galla","Kara_Beer","WIPT",1,0,0,1,"8:11","V",33,"120","308",NA,NA,"","574","GPS-003",507,"13615459-f360-423d-b33c-5cfb9eacc426"
"3582",2024,"Teller","T3",1,"2024-05-26","Stephanie_Galla","Kara_Beer","WIPT",1,0,0,1,"8:13","V",33,"25","62",NA,NA,"","575","GPS-003",508,"13615459-f360-423d-b33c-5cfb9eacc426"
"3583",2024,"Teller","T3",1,"2024-05-26","Stephanie_Galla","Kara_Beer","WIPT",1,0,0,1,"8:13","V",33,"130","26",NA,NA,"","576","GPS-003",509,"13615459-f360-423d-b33c-5cfb9eacc426"
"3584",2024,"Teller","T3",1,"2024-05-26","Stephanie_Galla","Kara_Beer","WIPT",2,0,0,2,"8:15","V",34,NA,"0",NA,NA,"","577","GPS-003",510,"13615459-f360-423d-b33c-5cfb9eacc426"
"3585",2024,"Teller","T3",1,"2024-05-26","Stephanie_Galla","Kara_Beer","WIPT",1,0,0,1,"8:17","V",34,"130","180",NA,NA,"","578","GPS-003",511,"13615459-f360-423d-b33c-5cfb9eacc426"
"3586",2024,"Teller","T3",1,"2024-05-26","Stephanie_Galla","Kara_Beer","WIPT",1,1,0,3,"8:17","A",34,"10","22",NA,NA,"","579","GPS-003",512,"13615459-f360-423d-b33c-5cfb9eacc426"
"3587",2024,"Teller","T3",1,"2024-05-26","Stephanie_Galla","Kara_Beer","WIPT",2,0,0,2,"8:19","V",34,"139","177",NA,NA,"","580","GPS-003",513,"13615459-f360-423d-b33c-5cfb9eacc426"
"3588",2024,"Teller","T3",1,"2024-05-26","Stephanie_Galla","Kara_Beer","WIPT",1,0,0,1,"8:21","V",34,"20","87",NA,NA,"","581","GPS-003",514,"13615459-f360-423d-b33c-5cfb9eacc426"
"3589",2024,"Teller","T3",1,"2024-05-26","Stephanie_Galla","Kara_Beer","WIPT",1,0,0,1,"8:22","V",34,"15","65",NA,NA,"","582","GPS-003",515,"13615459-f360-423d-b33c-5cfb9eacc426"
"3590",2024,"Teller","T3",1,"2024-05-26","Stephanie_Galla","Kara_Beer","WIPT",1,0,0,1,"8:24","V",34,NA,"0",NA,NA,"","583","GPS-003",516,"13615459-f360-423d-b33c-5cfb9eacc426"
"3591",2024,"Teller","T3",1,"2024-05-26","Stephanie_Galla","Kara_Beer","WIPT",1,0,0,1,"8:24","V",34,"140","38",NA,NA,"","584","GPS-003",517,"13615459-f360-423d-b33c-5cfb9eacc426"
"3592",2024,"Teller","T3",1,"2024-05-26","Stephanie_Galla","Kara_Beer","WIPT",1,1,0,3,"8:25","V",34,"35","37",NA,NA,"","585","GPS-003",518,"13615459-f360-423d-b33c-5cfb9eacc426"
"3593",2024,"Teller","T3",1,"2024-05-26","Stephanie_Galla","Kara_Beer","WIPT",1,0,0,1,"8:26","V",34,"140","43",NA,NA,"","586","GPS-003",519,"13615459-f360-423d-b33c-5cfb9eacc426"
"3594",2024,"Teller","T3",1,"2024-05-26","Stephanie_Galla","Kara_Beer","WIPT",1,0,0,1,"8:27","V",35,"358","38",NA,NA,"","587","GPS-003",520,"13615459-f360-423d-b33c-5cfb9eacc426"
"3595",2024,"Teller","T3",1,"2024-05-26","Stephanie_Galla","Kara_Beer","WIPT",1,0,0,1,"8:28","V",35,"358","17",NA,NA,"","588","GPS-003",521,"13615459-f360-423d-b33c-5cfb9eacc426"
"3596",2024,"Teller","T3",1,"2024-05-26","Stephanie_Galla","Kara_Beer","LTJA",0,0,1,0,"8:30","V",35,"52","105",NA,NA,"","589","GPS-003",522,"13615459-f360-423d-b33c-5cfb9eacc426"
"3597",2024,"Teller","T3",1,"2024-05-26","Stephanie_Galla","Kara_Beer","WIPT",1,0,0,1,"8:30","V",35,"12","26",NA,NA,"","590","GPS-003",523,"13615459-f360-423d-b33c-5cfb9eacc426"
"3598",2024,"Teller","T3",1,"2024-05-26","Stephanie_Galla","Kara_Beer","WIPT",1,0,0,1,"8:31","V",35,"25","107",NA,NA,"","591","GPS-003",524,"13615459-f360-423d-b33c-5cfb9eacc426"
"3599",2024,"Teller","T3",1,"2024-05-26","Stephanie_Galla","Kara_Beer","WIPT",2,0,0,2,"8:33","V",35,"140","101",NA,NA,"","592","GPS-003",525,"13615459-f360-423d-b33c-5cfb9eacc426"
"3600",2024,"Teller","T3",1,"2024-05-26","Stephanie_Galla","Kara_Beer","WIPT",1,0,0,1,"8:34","V",35,"10","51",NA,NA,"","593","GPS-003",526,"13615459-f360-423d-b33c-5cfb9eacc426"
"3601",2024,"Teller","T3",1,"2024-05-26","Stephanie_Galla","Kara_Beer","WIPT",1,0,0,1,"8:35","V",35,"150","112",NA,NA,"","594","GPS-003",527,"13615459-f360-423d-b33c-5cfb9eacc426"
"3602",2024,"Teller","T3",1,"2024-05-26","Stephanie_Galla","Kara_Beer","WIPT",1,1,0,3,"8:37","V",35,"40","53",NA,NA,"","595","GPS-003",528,"13615459-f360-423d-b33c-5cfb9eacc426"
"3603",2024,"Teller","T3",1,"2024-05-26","Stephanie_Galla","Kara_Beer","GOPL",0,0,1,0,"8:38","V",35,"152","104",NA,NA,"","596","GPS-003",529,"13615459-f360-423d-b33c-5cfb9eacc426"
"3604",2024,"Teller","T3",1,"2024-05-26","Stephanie_Galla","Kara_Beer","WIPT",1,0,0,1,"8:39","V",36,"130","26",NA,NA,"","597","GPS-003",530,"13615459-f360-423d-b33c-5cfb9eacc426"
"3605",2024,"Teller","T3",1,"2024-05-26","Stephanie_Galla","Kara_Beer","LTJA",0,0,1,0,"8:41","V",36,"48","28",NA,NA,"","598","GPS-003",531,"13615459-f360-423d-b33c-5cfb9eacc426"
"3606",2024,"Teller","T3",1,"2024-05-26","Stephanie_Galla","Kara_Beer","WIPT",1,0,0,1,"8:43","V",36,"85","28",NA,NA,"","599","GPS-003",532,"13615459-f360-423d-b33c-5cfb9eacc426"
"3607",2024,"Teller","T3",1,"2024-05-26","Stephanie_Galla","Kara_Beer","WIPT",1,0,0,1,"8:45","V",36,"100","138",NA,NA,"","600","GPS-003",533,"13615459-f360-423d-b33c-5cfb9eacc426"
"3608",2024,"Teller","T3",1,"2024-05-26","Stephanie_Galla","Kara_Beer","WIPT",1,0,0,1,"8:46","V",36,"50","63",NA,NA,"","601","GPS-003",534,"13615459-f360-423d-b33c-5cfb9eacc426"
"3609",2024,"Teller","T3",1,"2024-05-26","Stephanie_Galla","Kara_Beer","GOPL",0,0,1,0,"8:48","V",36,"100","94",NA,NA,"","602","GPS-003",535,"13615459-f360-423d-b33c-5cfb9eacc426"
"3610",2024,"Teller","T3",1,"2024-05-26","Stephanie_Galla","Kara_Beer","WIPT",1,0,0,1,"8:48","V",36,"80","78",NA,NA,"","603","GPS-003",536,"13615459-f360-423d-b33c-5cfb9eacc426"
"3611",2024,"Teller","T3",1,"2024-05-26","Stephanie_Galla","Kara_Beer","LTJA",0,0,1,0,"8:49","V",36,"98","132",NA,NA,"","604","GPS-003",537,"13615459-f360-423d-b33c-5cfb9eacc426"
"3612",2024,"Teller","T3",1,"2024-05-26","Stephanie_Galla","Kara_Beer","WIPT",2,0,0,2,"8:50","V",36,"120","103",NA,NA,"","605","GPS-003",538,"13615459-f360-423d-b33c-5cfb9eacc426"
"3613",2024,"Teller","T3",1,"2024-05-26","Stephanie_Galla","Kara_Beer","WIPT",1,0,0,1,"8:51","V",36,"93","60",NA,NA,"","606","GPS-003",539,"13615459-f360-423d-b33c-5cfb9eacc426"
"3614",2024,"Teller","T3",1,"2024-05-26","Stephanie_Galla","Kara_Beer","WIPT",1,0,0,1,"8:52","V",37,"56","114",NA,NA,"","607","GPS-003",540,"13615459-f360-423d-b33c-5cfb9eacc426"
"3615",2024,"Teller","T3",1,"2024-05-26","Stephanie_Galla","Kara_Beer","GOPL",0,0,1,0,"8:53","V",36,"64","56",NA,NA,"","608","GPS-003",541,"13615459-f360-423d-b33c-5cfb9eacc426"
"3616",2024,"Teller","T3",1,"2024-05-26","Stephanie_Galla","Kara_Beer","WIPT",1,0,0,1,"8:54","V",37,"130","41",NA,NA,"","609","GPS-003",542,"13615459-f360-423d-b33c-5cfb9eacc426"
"3617",2024,"Teller","T3",1,"2024-05-26","Stephanie_Galla","Kara_Beer","ROPT",1,0,0,1,"8:56","V",37,"50","57",NA,NA,"","610","GPS-003",543,"13615459-f360-423d-b33c-5cfb9eacc426"
"3618",2024,"Teller","T4",2,"2024-05-26","Stephanie_Galla","Kara_Beer","GOPL",0,0,0,0,"9:38","V",47,"90","39",NA,NA,"","611","GPS-003",544,"6dbe744b-d269-4fc7-bf90-29b3d6b1cb5a"
"3619",2024,"Teller","T4",2,"2024-05-26","Stephanie_Galla","Kara_Beer","WIPT",1,1,0,3,"9:39","V",47,"95","43",NA,NA,"","612","GPS-003",545,"6dbe744b-d269-4fc7-bf90-29b3d6b1cb5a"
"3620",2024,"Teller","T4",2,"2024-05-26","Stephanie_Galla","Kara_Beer","WIPT",1,0,0,1,"9:43","V",47,"95","84",NA,NA,"","613","GPS-003",546,"6dbe744b-d269-4fc7-bf90-29b3d6b1cb5a"
"3621",2024,"Teller","T4",2,"2024-05-26","Stephanie_Galla","Kara_Beer","ROPT",1,0,0,1,"9:44","V",47,"90","127",NA,NA,"","614","GPS-003",547,"6dbe744b-d269-4fc7-bf90-29b3d6b1cb5a"
"3622",2024,"Teller","T4",2,"2024-05-26","Stephanie_Galla","Kara_Beer","WIPT",1,0,0,1,"9:47","V",46,"110","150",NA,NA,"","615","GPS-003",548,"6dbe744b-d269-4fc7-bf90-29b3d6b1cb5a"
"3623",2024,"Teller","T4",2,"2024-05-26","Stephanie_Galla","Kara_Beer","ROPT",1,0,0,1,"9:48","V",46,"80","268",NA,NA,"","616","GPS-003",549,"6dbe744b-d269-4fc7-bf90-29b3d6b1cb5a"
"3624",2024,"Teller","T4",2,"2024-05-26","Stephanie_Galla","Kara_Beer","WIPT",1,0,0,1,"9:48","V",46,"107","198",NA,NA,"","617","GPS-003",550,"6dbe744b-d269-4fc7-bf90-29b3d6b1cb5a"
"3625",2024,"Teller","T4",2,"2024-05-26","Stephanie_Galla","Kara_Beer","ROPT",1,0,0,1,"9:51","V",46,"100","20",NA,NA,"","618","GPS-003",551,"6dbe744b-d269-4fc7-bf90-29b3d6b1cb5a"
"3626",2024,"Teller","T4",2,"2024-05-26","Stephanie_Galla","Kara_Beer","ROPT",1,0,0,1,"9:53","V",45,NA,"0",NA,NA,"","619","GPS-003",552,"6dbe744b-d269-4fc7-bf90-29b3d6b1cb5a"
"3627",2024,"Teller","T4",2,"2024-05-26","Stephanie_Galla","Kara_Beer","ROPT",2,0,0,2,"9:55","V",45,"75","63",NA,NA,"","620","GPS-003",553,"6dbe744b-d269-4fc7-bf90-29b3d6b1cb5a"
"3628",2024,"Teller","T4",2,"2024-05-26","Stephanie_Galla","Kara_Beer","LTJA",0,0,2,0,"10:00","V",44,"260","40",NA,NA,"","621","GPS-003",554,"6dbe744b-d269-4fc7-bf90-29b3d6b1cb5a"
"3629",2024,"Teller","T4",2,"2024-05-26","Stephanie_Galla","Kara_Beer","WIPT",2,0,0,2,"10:02","V",44,NA,"0",NA,NA,"","622","GPS-003",555,"6dbe744b-d269-4fc7-bf90-29b3d6b1cb5a"
"3630",2024,"Teller","T4",2,"2024-05-26","Stephanie_Galla","Kara_Beer","LTJA",0,0,1,0,"10:03","V",44,"270","42",NA,NA,"","623","GPS-003",556,"6dbe744b-d269-4fc7-bf90-29b3d6b1cb5a"
"3631",2024,"Teller","T4",2,"2024-05-26","Stephanie_Galla","Kara_Beer","WIPT",1,0,0,1,"10:04","V",44,"100","127",NA,NA,"","624","GPS-003",557,"6dbe744b-d269-4fc7-bf90-29b3d6b1cb5a"
"3632",2024,"Teller","T4",2,"2024-05-26","Stephanie_Galla","Kara_Beer","WIPT",1,0,0,1,"10:04","V",44,"262","84",NA,NA,"","625","GPS-003",558,"6dbe744b-d269-4fc7-bf90-29b3d6b1cb5a"
"3633",2024,"Teller","T4",2,"2024-05-26","Stephanie_Galla","Kara_Beer","WIPT",1,0,0,1,"10:06","V",44,"105","97",NA,NA,"","626","GPS-003",559,"6dbe744b-d269-4fc7-bf90-29b3d6b1cb5a"
"3634",2024,"Teller","T4",2,"2024-05-26","Stephanie_Galla","Kara_Beer","WIPT",1,0,0,1,"10:07","V",44,"254","20",NA,NA,"","627","GPS-003",560,"6dbe744b-d269-4fc7-bf90-29b3d6b1cb5a"
"3635",2024,"Teller","T4",2,"2024-05-26","Stephanie_Galla","Kara_Beer","WIPT",2,0,0,2,"10:07","V",44,NA,"0",NA,NA,"","628","GPS-003",561,"6dbe744b-d269-4fc7-bf90-29b3d6b1cb5a"
"3636",2024,"Teller","T4",2,"2024-05-26","Stephanie_Galla","Kara_Beer","WIPT",1,0,0,1,"10:08","V",43,NA,"0",NA,NA,"","629","GPS-003",562,"6dbe744b-d269-4fc7-bf90-29b3d6b1cb5a"
"3637",2024,"Teller","T4",2,"2024-05-26","Stephanie_Galla","Kara_Beer","WIPT",1,0,0,1,"10:10","V",43,"220","46",NA,NA,"","630","GPS-003",563,"6dbe744b-d269-4fc7-bf90-29b3d6b1cb5a"
"3638",2024,"Teller","T4",2,"2024-05-26","Stephanie_Galla","Kara_Beer","WIPT",1,0,0,1,"10:10","V",43,"60","71",NA,NA,"","631","GPS-003",564,"6dbe744b-d269-4fc7-bf90-29b3d6b1cb5a"
"3639",2024,"Teller","T4",2,"2024-05-26","Stephanie_Galla","Kara_Beer","GOPL",0,0,1,0,"10:12","V",43,NA,"0",NA,NA,"","632","GPS-003",565,"6dbe744b-d269-4fc7-bf90-29b3d6b1cb5a"
"3640",2024,"Teller","T4",2,"2024-05-26","Stephanie_Galla","Kara_Beer","WIPT",1,0,0,1,"10:13","V",43,"75","56",NA,NA,"","633","GPS-003",566,"6dbe744b-d269-4fc7-bf90-29b3d6b1cb5a"
"3641",2024,"Teller","T4",2,"2024-05-26","Stephanie_Galla","Kara_Beer","ROPT",1,0,0,1,"10:16","V",43,"90","28",NA,NA,"","634","GPS-003",567,"6dbe744b-d269-4fc7-bf90-29b3d6b1cb5a"
"3642",2024,"Teller","T4",2,"2024-05-26","Stephanie_Galla","Kara_Beer","WIPT",1,0,0,1,"10:18","V",42,"28","15",NA,NA,"","635","GPS-003",568,"6dbe744b-d269-4fc7-bf90-29b3d6b1cb5a"
"3643",2024,"Teller","T4",2,"2024-05-26","Stephanie_Galla","Kara_Beer","WISN",0,0,2,0,"10:22","A",42,"195","45",NA,NA,"","636","GPS-003",569,"6dbe744b-d269-4fc7-bf90-29b3d6b1cb5a"
"3644",2024,"Teller","T4",2,"2024-05-26","Stephanie_Galla","Kara_Beer","WISN",0,0,1,0,"10:36","V",42,"230","31",NA,NA,"","637","GPS-003",570,"6dbe744b-d269-4fc7-bf90-29b3d6b1cb5a"
"3645",2024,"Teller","T4",2,"2024-05-26","Stephanie_Galla","Kara_Beer","WIPT",2,0,0,2,"10:37","V",42,"215","63",NA,NA,"","638","GPS-003",571,"6dbe744b-d269-4fc7-bf90-29b3d6b1cb5a"
"3646",2024,"Teller","T4",2,"2024-05-26","Stephanie_Galla","Kara_Beer","WIPT",1,0,0,1,"10:37","V",42,"245","64",NA,NA,"","639","GPS-003",572,"6dbe744b-d269-4fc7-bf90-29b3d6b1cb5a"
"3647",2024,"Teller","T4",2,"2024-05-26","Stephanie_Galla","Kara_Beer","WIPT",1,0,0,1,"10:41","V",41,"240","23",NA,NA,"","640","GPS-003",573,"6dbe744b-d269-4fc7-bf90-29b3d6b1cb5a"
"3648",2024,"Teller","T4",2,"2024-05-26","Stephanie_Galla","Kara_Beer","ROPT",1,0,0,1,"10:47","V",40,"235","27",NA,NA,"","641","GPS-003",574,"6dbe744b-d269-4fc7-bf90-29b3d6b1cb5a"
"3649",2024,"Teller","T4",2,"2024-05-26","Stephanie_Galla","Kara_Beer","GOPL",0,0,2,0,"10:48","V",40,"218","51",NA,NA,"","642","GPS-003",575,"6dbe744b-d269-4fc7-bf90-29b3d6b1cb5a"
"3650",2024,"Teller","T4",2,"2024-05-26","Stephanie_Galla","Kara_Beer","WIPT",1,0,0,1,"10:50","V",40,"80","48",NA,NA,"","643","GPS-003",576,"6dbe744b-d269-4fc7-bf90-29b3d6b1cb5a"
"3651",2024,"Teller","T4",2,"2024-05-26","Stephanie_Galla","Kara_Beer","ROPT",1,0,0,1,"10:56","V",38,"90","78",NA,NA,"","644","GPS-003",577,"6dbe744b-d269-4fc7-bf90-29b3d6b1cb5a"
"3652",2024,"Council","C1",1,"2024-05-27","Stephanie_Galla","Kara_Beer","LTJA",0,0,2,0,"6:47","V",35,"90","81",NA,NA,"","645","GPS-003",578,"43029c58-c50a-493a-928c-678cd82ed940"
"3653",2024,"Council","C1",1,"2024-05-27","Stephanie_Galla","Kara_Beer","WISN",0,0,1,0,"6:53","A",35,"90","112",NA,NA,"","646","GPS-003",579,"43029c58-c50a-493a-928c-678cd82ed940"
"3654",2024,"Council","C1",1,"2024-05-27","Stephanie_Galla","Kara_Beer","WIPT",1,0,0,1,"6:54","V",35,"50","30",NA,NA,"","647","GPS-003",580,"43029c58-c50a-493a-928c-678cd82ed940"
"3655",2024,"Council","C1",1,"2024-05-27","Stephanie_Galla","Kara_Beer","WISN",0,0,1,0,"6:55","A",35,"72","34",NA,NA,"","648","GPS-003",581,"43029c58-c50a-493a-928c-678cd82ed940"
"3656",2024,"Council","C1",1,"2024-05-27","Stephanie_Galla","Kara_Beer","WIPT",1,0,0,1,"6:56","V",35,"60","246",NA,NA,"","649","GPS-003",582,"43029c58-c50a-493a-928c-678cd82ed940"
"3657",2024,"Council","C1",1,"2024-05-27","Stephanie_Galla","Kara_Beer","WIPT",2,0,0,2,"6:58","V",35,"132","31",NA,NA,"","650","GPS-003",583,"43029c58-c50a-493a-928c-678cd82ed940"
"3658",2024,"Council","C1",1,"2024-05-27","Stephanie_Galla","Kara_Beer","WIPT",1,0,0,1,"7:00","V",35,"40","62",NA,NA,"","651","GPS-003",584,"43029c58-c50a-493a-928c-678cd82ed940"
"3659",2024,"Council","C1",1,"2024-05-27","Stephanie_Galla","Kara_Beer","WIPT",1,0,0,1,"7:01","V",35,"50","141",NA,NA,"","652","GPS-003",585,"43029c58-c50a-493a-928c-678cd82ed940"
"3660",2024,"Council","C1",1,"2024-05-27","Stephanie_Galla","Kara_Beer","WIPT",1,0,0,1,"7:02","V",35,"62","110",NA,NA,"","653","GPS-003",586,"43029c58-c50a-493a-928c-678cd82ed940"
"3661",2024,"Council","C1",1,"2024-05-27","Stephanie_Galla","Kara_Beer","WIPT",1,0,0,1,"7:07","V",36,"40","86",NA,NA,"","654","GPS-003",587,"43029c58-c50a-493a-928c-678cd82ed940"
"3662",2024,"Council","C1",1,"2024-05-27","Stephanie_Galla","Kara_Beer","WIPT",1,0,0,1,"7:15","V",38,"80","50",NA,NA,"","655","GPS-003",588,"43029c58-c50a-493a-928c-678cd82ed940"
"3663",2024,"Council","C1",1,"2024-05-27","Stephanie_Galla","Kara_Beer","WISN",0,0,1,0,"7:20","A",39,"145","55",NA,NA,"","656","GPS-003",589,"43029c58-c50a-493a-928c-678cd82ed940"
"3664",2024,"Council","C1",1,"2024-05-27","Stephanie_Galla","Kara_Beer","WIPT",1,0,0,1,"7:30","V",41,"30","87",NA,NA,"","657","GPS-003",590,"43029c58-c50a-493a-928c-678cd82ed940"
"3665",2024,"Council","C1",1,"2024-05-27","Stephanie_Galla","Kara_Beer","WIPT",1,0,0,1,"7:32","V",41,"65","210",NA,NA,"","658","GPS-003",591,"43029c58-c50a-493a-928c-678cd82ed940"
"3666",2024,"Council","C1",1,"2024-05-27","Stephanie_Galla","Kara_Beer","GOPL",0,0,1,0,"7:33","V",41,"45","28",NA,NA,"","659","GPS-003",592,"43029c58-c50a-493a-928c-678cd82ed940"
"3667",2024,"Council","C1",1,"2024-05-27","Stephanie_Galla","Kara_Beer","WIPT",1,0,0,1,"7:35","V",41,"60","157",NA,NA,"","660","GPS-003",593,"43029c58-c50a-493a-928c-678cd82ed940"
"3668",2024,"Council","C1",1,"2024-05-27","Stephanie_Galla","Kara_Beer","WIPT",1,0,0,1,"7:36","V",41,"60","34",NA,NA,"","661","GPS-003",594,"43029c58-c50a-493a-928c-678cd82ed940"
"3669",2024,"Council","C1",1,"2024-05-27","Stephanie_Galla","Kara_Beer","WIPT",1,0,0,1,"7:37","V",42,"55","38",NA,NA,"","662","GPS-003",595,"43029c58-c50a-493a-928c-678cd82ed940"
"3670",2024,"Council","C1",1,"2024-05-27","Stephanie_Galla","Kara_Beer","WISN",0,0,1,0,"7:47","A",44,"40","75",NA,NA,"","663","GPS-003",596,"43029c58-c50a-493a-928c-678cd82ed940"
"3671",2024,"Council","C1",1,"2024-05-27","Stephanie_Galla","Kara_Beer","WIPT",1,0,0,1,"7:49","V",44,"110","107",NA,NA,"","664","GPS-003",597,"43029c58-c50a-493a-928c-678cd82ed940"
"3672",2024,"Council","C1",2,"2024-05-27","Stephanie_Galla","Kara_Beer","WIPT",1,0,0,1,"8:40","V",43,"285","73",NA,NA,"","665","GPS-003",598,"4b0d592d-c091-463d-961f-703b06e354b3"
"3673",2024,"Council","C1",2,"2024-05-27","Stephanie_Galla","Kara_Beer","WISN",0,0,1,0,"8:50","A",42,"284","91",NA,NA,"","666","GPS-003",599,"4b0d592d-c091-463d-961f-703b06e354b3"
"3674",2024,"Council","C1",2,"2024-05-27","Stephanie_Galla","Kara_Beer","WIPT",1,1,0,3,"9:00","V",41,"340","5",NA,NA,"","667","GPS-003",600,"4b0d592d-c091-463d-961f-703b06e354b3"
"3675",2024,"Council","C1",2,"2024-05-27","Stephanie_Galla","Kara_Beer","GOPL",0,0,2,0,"9:01","V",41,"115","94",NA,NA,"","668","GPS-003",601,"4b0d592d-c091-463d-961f-703b06e354b3"
"3676",2024,"Council","C1",2,"2024-05-27","Stephanie_Galla","Kara_Beer","WISN",0,0,1,0,"9:03","A",41,"270","132",NA,NA,"","669","GPS-003",602,"4b0d592d-c091-463d-961f-703b06e354b3"
"3677",2024,"Council","C1",2,"2024-05-27","Stephanie_Galla","Kara_Beer","SEOW",0,0,1,0,"9:15","V",39,"230","300",NA,NA,"","670","GPS-003",603,"4b0d592d-c091-463d-961f-703b06e354b3"
"3678",2024,"Council","C1",2,"2024-05-27","Stephanie_Galla","Kara_Beer","WISN",0,0,1,0,"9:16","A",39,"90","21",NA,NA,"","671","GPS-003",604,"4b0d592d-c091-463d-961f-703b06e354b3"
"3679",2024,"Council","C1",2,"2024-05-27","Stephanie_Galla","Kara_Beer","WISN",0,0,2,0,"9:17","V",39,NA,"0",NA,NA,"","673","GPS-003",605,"4b0d592d-c091-463d-961f-703b06e354b3"
"3680",2024,"Council","C1",2,"2024-05-27","Stephanie_Galla","Kara_Beer","LTJA",0,0,1,0,"9:28","V",37,"308","250",NA,NA,"","674","GPS-003",606,"4b0d592d-c091-463d-961f-703b06e354b3"
"3681",2024,"Council","C1",2,"2024-05-27","Stephanie_Galla","Kara_Beer","WIPT",1,1,0,3,"9:31","V",36,"110","10",NA,NA,"","675","GPS-003",607,"4b0d592d-c091-463d-961f-703b06e354b3"
"3682",2024,"Council","C1",2,"2024-05-27","Stephanie_Galla","Kara_Beer","WIPT",1,0,0,1,"9:32","V",36,"285","18",NA,NA,"","676","GPS-003",608,"4b0d592d-c091-463d-961f-703b06e354b3"
"3683",2024,"Council","C1",2,"2024-05-27","Stephanie_Galla","Kara_Beer","WIPT",1,0,0,1,"9:37","V",35,"300","164",NA,NA,"","677","GPS-003",609,"4b0d592d-c091-463d-961f-703b06e354b3"
"3684",2024,"Council","C1",2,"2024-05-27","Stephanie_Galla","Kara_Beer","WIPT",1,0,0,1,"9:38","V",35,"312","55",NA,NA,"","678","GPS-003",610,"4b0d592d-c091-463d-961f-703b06e354b3"
"3685",2024,"Council","C1",2,"2024-05-27","Stephanie_Galla","Kara_Beer","WIPT",1,0,0,1,"9:41","V",35,"278","36",NA,NA,"","679","GPS-003",611,"4b0d592d-c091-463d-961f-703b06e354b3"
"3686",2024,"Council","C1",2,"2024-05-27","Stephanie_Galla","Kara_Beer","WIPT",2,0,0,2,"9:43","V",35,"100","71",NA,NA,"","680","GPS-003",612,"4b0d592d-c091-463d-961f-703b06e354b3"
"3687",2024,"Council","C1",2,"2024-05-27","Stephanie_Galla","Kara_Beer","WIPT",1,0,0,1,"9:44","V",35,"254","80",NA,NA,"","681","GPS-003",613,"4b0d592d-c091-463d-961f-703b06e354b3"
"3688",2024,"Council","C1",2,"2024-05-27","Stephanie_Galla","Kara_Beer","WIPT",1,0,0,1,"9:46","V",35,"280","45",NA,NA,"","682","GPS-003",614,"4b0d592d-c091-463d-961f-703b06e354b3"
"3689",2024,"Council","C1",2,"2024-05-27","Stephanie_Galla","Kara_Beer","WISN",0,0,1,0,"9:51","A",35,"80","20",NA,NA,"","683","GPS-003",615,"4b0d592d-c091-463d-961f-703b06e354b3"
"3690",2024,"Council","C1",2,"2024-05-27","Stephanie_Galla","Kara_Beer","WISN",0,0,1,0,"9:52","A",34,"95","42",NA,NA,"","684","GPS-003",616,"4b0d592d-c091-463d-961f-703b06e354b3"
"3691",2024,"Council","C1",2,"2024-05-27","Stephanie_Galla","Kara_Beer","WIPT",1,1,0,3,"9:54","V",34,"292","10",NA,NA,"","685","GPS-003",617,"4b0d592d-c091-463d-961f-703b06e354b3"
"3692",2024,"Teller","T4",1,"2024-05-28","Stephanie_Galla","Kara_Beer","ROPT",1,0,0,1,"7:29","V",38,NA,"0",NA,NA,"","686","GPS-003",618,"9387a391-a806-42fd-b34a-65dad029347a"
"3693",2024,"Teller","T4",1,"2024-05-28","Stephanie_Galla","Kara_Beer","ROPT",1,0,0,1,"7:31","V",38,"160","33",NA,NA,"","687","GPS-003",619,"9387a391-a806-42fd-b34a-65dad029347a"
"3694",2024,"Teller","T4",1,"2024-05-28","Stephanie_Galla","Kara_Beer","ROPT",1,0,0,1,"7:32","V",38,"52","89",NA,NA,"","688","GPS-003",620,"9387a391-a806-42fd-b34a-65dad029347a"
"3695",2024,"Teller","T4",1,"2024-05-28","Stephanie_Galla","Kara_Beer","ROPT",1,0,0,1,"7:36","V",38,"130","84",NA,NA,"","689","GPS-003",621,"9387a391-a806-42fd-b34a-65dad029347a"
"3696",2024,"Teller","T4",1,"2024-05-28","Stephanie_Galla","Kara_Beer","WIPT",1,0,0,1,"7:37","V",39,NA,"0",NA,NA,"","690","GPS-003",622,"9387a391-a806-42fd-b34a-65dad029347a"
"3697",2024,"Teller","T4",1,"2024-05-28","Stephanie_Galla","Kara_Beer","WIPT",1,0,0,1,"7:38","V",39,"130","148",NA,NA,"","691","GPS-003",623,"9387a391-a806-42fd-b34a-65dad029347a"
"3698",2024,"Teller","T4",1,"2024-05-28","Stephanie_Galla","Kara_Beer","WIPT",1,0,0,1,"7:40","V",39,NA,"0",NA,NA,"","692","GPS-003",624,"9387a391-a806-42fd-b34a-65dad029347a"
"3699",2024,"Teller","T4",1,"2024-05-28","Stephanie_Galla","Kara_Beer","WIPT",1,0,0,1,"7:41","V",39,NA,"0",NA,NA,"","693","GPS-003",625,"9387a391-a806-42fd-b34a-65dad029347a"
"3700",2024,"Teller","T4",1,"2024-05-28","Stephanie_Galla","Kara_Beer","WIPT",1,0,0,1,"7:43","V",40,"145","87",NA,NA,"","694","GPS-003",626,"9387a391-a806-42fd-b34a-65dad029347a"
"3701",2024,"Teller","T4",1,"2024-05-28","Stephanie_Galla","Kara_Beer","WIPT",2,0,0,2,"7:44","V",40,"55","106",NA,NA,"","695","GPS-003",627,"9387a391-a806-42fd-b34a-65dad029347a"
"3702",2024,"Teller","T4",1,"2024-05-28","Stephanie_Galla","Kara_Beer","ROPT",1,0,0,1,"7:46","V",40,"36","60",NA,NA,"","696","GPS-003",628,"9387a391-a806-42fd-b34a-65dad029347a"
"3703",2024,"Teller","T4",1,"2024-05-28","Stephanie_Galla","Kara_Beer","WIPT",1,0,0,1,"7:47","V",40,NA,"0",NA,NA,"","697","GPS-003",629,"9387a391-a806-42fd-b34a-65dad029347a"
"3704",2024,"Teller","T4",1,"2024-05-28","Stephanie_Galla","Kara_Beer","ROPT",1,0,0,1,"7:48","V",40,"50","24",NA,NA,"","698","GPS-003",630,"9387a391-a806-42fd-b34a-65dad029347a"
"3705",2024,"Teller","T4",1,"2024-05-28","Stephanie_Galla","Kara_Beer","ROPT",1,0,0,1,"7:49","V",40,"140","130",NA,NA,"","699","GPS-003",631,"9387a391-a806-42fd-b34a-65dad029347a"
"3706",2024,"Teller","T4",1,"2024-05-28","Stephanie_Galla","Kara_Beer","ROPT",1,0,0,1,"7:50","V",40,"120","193",NA,NA,"","700","GPS-003",632,"9387a391-a806-42fd-b34a-65dad029347a"
"3707",2024,"Teller","T4",1,"2024-05-28","Stephanie_Galla","Kara_Beer","WIPT",1,0,0,1,"7:52","V",40,"145","33",NA,NA,"","701","GPS-003",633,"9387a391-a806-42fd-b34a-65dad029347a"
"3708",2024,"Teller","T4",1,"2024-05-28","Stephanie_Galla","Kara_Beer","ROPT",1,0,0,1,"7:53","V",40,"150","61",NA,NA,"","702","GPS-003",634,"9387a391-a806-42fd-b34a-65dad029347a"
"3709",2024,"Teller","T4",1,"2024-05-28","Stephanie_Galla","Kara_Beer","WISN",1,0,0,1,"7:57","V",41,"110","20",NA,NA,"","703","GPS-003",635,"9387a391-a806-42fd-b34a-65dad029347a"
"3710",2024,"Teller","T4",1,"2024-05-28","Stephanie_Galla","Kara_Beer","WIPT",1,0,0,1,"7:58","V",41,"147","19",NA,NA,"","704","GPS-003",636,"9387a391-a806-42fd-b34a-65dad029347a"
"3711",2024,"Teller","T4",1,"2024-05-28","Stephanie_Galla","Kara_Beer","GOPL",1,0,0,1,"7:59","V",41,"130","48",NA,NA,"","705","GPS-003",637,"9387a391-a806-42fd-b34a-65dad029347a"
"3712",2024,"Teller","T4",1,"2024-05-28","Stephanie_Galla","Kara_Beer","ROPT",1,0,0,1,"8:00","V",41,"48","110",NA,NA,"","706","GPS-003",638,"9387a391-a806-42fd-b34a-65dad029347a"
"3713",2024,"Teller","T4",1,"2024-05-28","Stephanie_Galla","Kara_Beer","WIPT",1,0,0,1,"8:02","V",42,"130","140",NA,NA,"","707","GPS-003",639,"9387a391-a806-42fd-b34a-65dad029347a"
"3714",2024,"Teller","T4",1,"2024-05-28","Stephanie_Galla","Kara_Beer","WIPT",1,0,0,1,"8:05","V",42,"140","99",NA,NA,"","708","GPS-003",640,"9387a391-a806-42fd-b34a-65dad029347a"
"3715",2024,"Teller","T4",1,"2024-05-28","Stephanie_Galla","Kara_Beer","WIPT",1,0,0,1,"8:05","V",42,"130","17",NA,NA,"","709","GPS-003",641,"9387a391-a806-42fd-b34a-65dad029347a"
"3716",2024,"Teller","T4",1,"2024-05-28","Stephanie_Galla","Kara_Beer","ROPT",1,0,0,1,"8:07","V",42,"40","124",NA,NA,"","710","GPS-003",642,"9387a391-a806-42fd-b34a-65dad029347a"
"3717",2024,"Teller","T4",1,"2024-05-28","Stephanie_Galla","Kara_Beer","ROPT",1,0,0,1,"8:08","V",43,NA,"0",NA,NA,"","711","GPS-003",643,"9387a391-a806-42fd-b34a-65dad029347a"
"3718",2024,"Teller","T4",1,"2024-05-28","Stephanie_Galla","Kara_Beer","WIPT",1,0,0,1,"8:11","V",43,"55","22",NA,NA,"","712","GPS-003",644,"9387a391-a806-42fd-b34a-65dad029347a"
"3719",2024,"Teller","T4",1,"2024-05-28","Stephanie_Galla","Kara_Beer","WIPT",1,0,0,1,"8:12","A",43,"100","40",NA,NA,"","713","GPS-003",645,"9387a391-a806-42fd-b34a-65dad029347a"
"3720",2024,"Teller","T4",1,"2024-05-28","Stephanie_Galla","Kara_Beer","WIPT",1,0,0,1,"8:12","V",43,"56","29",NA,NA,"","714","GPS-003",646,"9387a391-a806-42fd-b34a-65dad029347a"
"3721",2024,"Teller","T4",1,"2024-05-28","Stephanie_Galla","Kara_Beer","WIPT",2,0,0,2,"8:13","V",43,"135","60",NA,NA,"","715","GPS-003",647,"9387a391-a806-42fd-b34a-65dad029347a"
"3722",2024,"Teller","T4",1,"2024-05-28","Stephanie_Galla","Kara_Beer","WIPT",1,0,0,1,"8:14","V",43,NA,"0",NA,NA,"","716","GPS-003",648,"9387a391-a806-42fd-b34a-65dad029347a"
"3723",2024,"Teller","T4",1,"2024-05-28","Stephanie_Galla","Kara_Beer","WIPT",1,0,0,1,"8:15","V",43,"67","35",NA,NA,"","717","GPS-003",649,"9387a391-a806-42fd-b34a-65dad029347a"
"3724",2024,"Teller","T4",1,"2024-05-28","Stephanie_Galla","Kara_Beer","WIPT",1,0,0,1,"8:16","A",43,"80","203",NA,NA,"","718","GPS-003",650,"9387a391-a806-42fd-b34a-65dad029347a"
"3725",2024,"Teller","T4",1,"2024-05-28","Stephanie_Galla","Kara_Beer","WISN",1,0,0,1,"8:17","V",44,"95","50",NA,NA,"","719","GPS-003",651,"9387a391-a806-42fd-b34a-65dad029347a"
"3726",2024,"Teller","T4",1,"2024-05-28","Stephanie_Galla","Kara_Beer","WIPT",1,0,0,1,"8:18","A",43,"100","63",NA,NA,"","720","GPS-003",652,"9387a391-a806-42fd-b34a-65dad029347a"
"3727",2024,"Teller","T4",1,"2024-05-28","Stephanie_Galla","Kara_Beer","WIPT",1,0,0,1,"8:20","V",44,"93","39",NA,NA,"","721","GPS-003",653,"9387a391-a806-42fd-b34a-65dad029347a"
"3728",2024,"Teller","T4",1,"2024-05-28","Stephanie_Galla","Kara_Beer","WIPT",1,0,0,1,"8:22","V",44,"90","19",NA,NA,"","722","GPS-003",654,"9387a391-a806-42fd-b34a-65dad029347a"
"3729",2024,"Teller","T4",1,"2024-05-28","Stephanie_Galla","Kara_Beer","ROPT",1,0,0,1,"8:23","V",44,"100","93",NA,NA,"","723","GPS-003",655,"9387a391-a806-42fd-b34a-65dad029347a"
"3730",2024,"Teller","T4",1,"2024-05-28","Stephanie_Galla","Kara_Beer","ROPT",1,0,0,1,"8:25","V",44,NA,"0",NA,NA,"","724","GPS-003",656,"9387a391-a806-42fd-b34a-65dad029347a"
"3731",2024,"Teller","T4",1,"2024-05-28","Stephanie_Galla","Kara_Beer","GOPL",0,0,2,0,"8:27","V",44,"121","36",NA,NA,"","725","GPS-003",657,"9387a391-a806-42fd-b34a-65dad029347a"
"3732",2024,"Teller","T4",1,"2024-05-28","Stephanie_Galla","Kara_Beer","WIPT",1,0,0,1,"8:28","A",44,"110","225",NA,NA,"","726","GPS-003",658,"9387a391-a806-42fd-b34a-65dad029347a"
"3733",2024,"Teller","T4",1,"2024-05-28","Stephanie_Galla","Kara_Beer","ROPT",1,0,0,1,"8:29","V",44,NA,"0",NA,NA,"","727","GPS-003",659,"9387a391-a806-42fd-b34a-65dad029347a"
"3734",2024,"Teller","T4",1,"2024-05-28","Stephanie_Galla","Kara_Beer","GOPL",0,0,1,0,"8:32","V",45,"60","58",NA,NA,"","728","GPS-003",660,"9387a391-a806-42fd-b34a-65dad029347a"
"3735",2024,"Teller","T4",1,"2024-05-28","Stephanie_Galla","Kara_Beer","GOPL",0,0,1,0,"8:34","V",66,"100","38",NA,NA,"","729","GPS-003",661,"9387a391-a806-42fd-b34a-65dad029347a"
"3736",2024,"Teller","T4",1,"2024-05-28","Stephanie_Galla","Kara_Beer","ROPT",2,1,0,4,"8:35","V",46,NA,"0",NA,NA,"","730","GPS-003",662,"9387a391-a806-42fd-b34a-65dad029347a"
"3737",2024,"Teller","T4",1,"2024-05-28","Stephanie_Galla","Kara_Beer","ROPT",1,0,0,1,"8:36","A",46,"95","70",NA,NA,"","731","GPS-003",663,"9387a391-a806-42fd-b34a-65dad029347a"
"3738",2024,"Teller","T4",1,"2024-05-28","Stephanie_Galla","Kara_Beer","WIPT",1,0,0,1,"8:38","V",36,"57","209",NA,NA,"","732","GPS-003",664,"9387a391-a806-42fd-b34a-65dad029347a"
"3739",2024,"Teller","T4",1,"2024-05-28","Stephanie_Galla","Kara_Beer","WIPT",1,0,0,1,"8:39","V",46,NA,"0",NA,NA,"","733","GPS-003",665,"9387a391-a806-42fd-b34a-65dad029347a"
"3740",2024,"Teller","T4",1,"2024-05-28","Stephanie_Galla","Kara_Beer","ROPT",1,0,0,1,"8:40","V",46,"82","114",NA,NA,"","734","GPS-003",666,"9387a391-a806-42fd-b34a-65dad029347a"
"3741",2024,"Teller","T4",1,"2024-05-28","Stephanie_Galla","Kara_Beer","WIPT",0,0,1,0,"8:41","A",46,"50","203",NA,NA,"","735","GPS-003",667,"9387a391-a806-42fd-b34a-65dad029347a"
"3742",2024,"Teller","T4",1,"2024-05-28","Stephanie_Galla","Kara_Beer","WIPT",1,0,0,1,"8:46","V",47,"30","60",NA,NA,"","736","GPS-003",668,"9387a391-a806-42fd-b34a-65dad029347a"
"3743",2024,"Teller","T4",1,"2024-05-28","Stephanie_Galla","Kara_Beer","WIPT",2,0,0,2,"8:48","V",48,NA,"0",NA,NA,"","737","GPS-003",669,"9387a391-a806-42fd-b34a-65dad029347a"
"3744",2024,"Teller","T4",1,"2024-05-28","Stephanie_Galla","Kara_Beer","WIPT",1,0,0,1,"8:50","V",48,"30","86",NA,NA,"","738","GPS-003",670,"9387a391-a806-42fd-b34a-65dad029347a"
"3745",2024,"Kougarok","K4",1,"2024-05-29","Stephanie_Galla","Kara_Beer","WIPT",1,0,0,1,"7:57","V",43,"40","67",NA,NA,"","739","GPS-003",671,"f4849f1d-385c-462c-9163-71ee20d83897"
"3746",2024,"Kougarok","K4",1,"2024-05-29","Stephanie_Galla","Kara_Beer","WIPT",1,0,0,1,"8:02","V",44,"122","10",NA,NA,"","740","GPS-003",672,"f4849f1d-385c-462c-9163-71ee20d83897"
"3747",2024,"Kougarok","K4",1,"2024-05-29","Stephanie_Galla","Kara_Beer","WISN",0,0,1,0,"8:03","A",44,"20","30",NA,NA,"","741","GPS-003",673,"f4849f1d-385c-462c-9163-71ee20d83897"
"3748",2024,"Kougarok","K4",1,"2024-05-29","Stephanie_Galla","Kara_Beer","WIPT",1,0,0,1,"8:04","V",44,"45","29",NA,NA,"","742","GPS-003",674,"f4849f1d-385c-462c-9163-71ee20d83897"
"3749",2024,"Kougarok","K4",1,"2024-05-29","Stephanie_Galla","Kara_Beer","WISN",0,0,1,0,"8:05","A",44,"120","75",NA,NA,"","743","GPS-003",675,"f4849f1d-385c-462c-9163-71ee20d83897"
"3750",2024,"Kougarok","K4",1,"2024-05-29","Stephanie_Galla","Kara_Beer","WISN",0,0,1,0,"8:06","A",44,"153","75",NA,NA,"","744","GPS-003",676,"f4849f1d-385c-462c-9163-71ee20d83897"
"3751",2024,"Kougarok","K4",1,"2024-05-29","Stephanie_Galla","Kara_Beer","WISN",0,0,1,0,"8:07","A",44,"60","35",NA,NA,"","745","GPS-003",677,"f4849f1d-385c-462c-9163-71ee20d83897"
"3752",2024,"Kougarok","K4",1,"2024-05-29","Stephanie_Galla","Kara_Beer","WIPT",1,0,0,1,"8:09","V",44,"135","7",NA,NA,"","746","GPS-003",678,"f4849f1d-385c-462c-9163-71ee20d83897"
"3753",2024,"Kougarok","K4",1,"2024-05-29","Stephanie_Galla","Kara_Beer","WIPT",1,0,0,1,"8:11","V",45,"150","11",NA,NA,"","747","GPS-003",679,"f4849f1d-385c-462c-9163-71ee20d83897"
"3754",2024,"Kougarok","K4",1,"2024-05-29","Stephanie_Galla","Kara_Beer","SSHA",0,0,1,0,"8:18","V",46,"20","23",NA,NA,"","748","GPS-003",680,"f4849f1d-385c-462c-9163-71ee20d83897"
"3755",2024,"Kougarok","K4",1,"2024-05-29","Stephanie_Galla","Kara_Beer","WISN",0,0,1,0,"8:19","A",46,"132","79",NA,NA,"","749","GPS-003",681,"f4849f1d-385c-462c-9163-71ee20d83897"
"3756",2024,"Kougarok","K4",1,"2024-05-29","Stephanie_Galla","Kara_Beer","WIPT",1,0,0,1,"8:23","V",46,"145","97",NA,NA,"","750","GPS-003",682,"f4849f1d-385c-462c-9163-71ee20d83897"
"3757",2024,"Kougarok","K4",1,"2024-05-29","Stephanie_Galla","Kara_Beer","SSHA",0,0,1,0,"8:24","V",46,"150","1",NA,NA,"","751","GPS-003",683,"f4849f1d-385c-462c-9163-71ee20d83897"
"3758",2024,"Kougarok","K4",1,"2024-05-29","Stephanie_Galla","Kara_Beer","WIPT",1,0,0,1,"8:25","V",46,"25","46",NA,NA,"","752","GPS-003",684,"f4849f1d-385c-462c-9163-71ee20d83897"
"3759",2024,"Kougarok","K4",1,"2024-05-29","Stephanie_Galla","Kara_Beer","SSHA",0,0,2,0,"8:28","V",47,"40","68",NA,NA,"","753","GPS-003",685,"f4849f1d-385c-462c-9163-71ee20d83897"
"3760",2024,"Kougarok","K4",1,"2024-05-29","Stephanie_Galla","Kara_Beer","WIPT",0,0,1,0,"8:29","A",47,"147","176",NA,NA,"","754","GPS-003",686,"f4849f1d-385c-462c-9163-71ee20d83897"
"3761",2024,"Kougarok","K4",1,"2024-05-29","Stephanie_Galla","Kara_Beer","WISN",0,0,1,0,"8:29","A",47,"20","20",NA,NA,"","755","GPS-003",687,"f4849f1d-385c-462c-9163-71ee20d83897"
"3762",2024,"Kougarok","K4",1,"2024-05-29","Stephanie_Galla","Kara_Beer","WIPT",1,0,0,1,"8:31","V",47,"150","11",NA,NA,"","756","GPS-003",688,"f4849f1d-385c-462c-9163-71ee20d83897"
"3763",2024,"Kougarok","K4",1,"2024-05-29","Stephanie_Galla","Kara_Beer","SSHA",0,0,2,0,"8:34","V",47,NA,"0",NA,NA,"","757","GPS-003",689,"f4849f1d-385c-462c-9163-71ee20d83897"
"3764",2024,"Kougarok","K4",1,"2024-05-29","Stephanie_Galla","Kara_Beer","SSHA",0,0,1,0,"8:35","V",47,NA,"0",NA,NA,"","758","GPS-003",690,"f4849f1d-385c-462c-9163-71ee20d83897"
"3765",2024,"Kougarok","K4",1,"2024-05-29","Stephanie_Galla","Kara_Beer","WIPT",1,0,0,1,"8:36","V",47,"140","9",NA,NA,"","759","GPS-003",691,"f4849f1d-385c-462c-9163-71ee20d83897"
"3766",2024,"Kougarok","K4",1,"2024-05-29","Stephanie_Galla","Kara_Beer","WIPT",1,0,0,1,"8:37","A",48,NA,"0",NA,NA,"","760","GPS-003",692,"f4849f1d-385c-462c-9163-71ee20d83897"
"3767",2024,"Kougarok","K4",1,"2024-05-29","Stephanie_Galla","Kara_Beer","WIPT",1,1,0,3,"8:38","V",48,"60","23",NA,NA,"","761","GPS-003",693,"f4849f1d-385c-462c-9163-71ee20d83897"
"3768",2024,"Kougarok","K4",1,"2024-05-29","Stephanie_Galla","Kara_Beer","WISN",0,0,1,0,"8:40","V",48,NA,"0",NA,NA,"","762","GPS-003",694,"f4849f1d-385c-462c-9163-71ee20d83897"
"3769",2024,"Kougarok","K4",1,"2024-05-29","Stephanie_Galla","Kara_Beer","WIPT",1,0,0,1,"8:40","V",48,"135","47",NA,NA,"","763","GPS-003",695,"f4849f1d-385c-462c-9163-71ee20d83897"
"3770",2024,"Kougarok","K4",1,"2024-05-29","Stephanie_Galla","Kara_Beer","WISN",0,0,0,0,"8:41","A",48,"132","51",NA,NA,"","764","GPS-003",696,"f4849f1d-385c-462c-9163-71ee20d83897"
"3771",2024,"Kougarok","K4",1,"2024-05-29","Stephanie_Galla","Kara_Beer","WIPT",1,0,0,1,"8:44","V",48,"50","29",NA,NA,"","765","GPS-003",697,"f4849f1d-385c-462c-9163-71ee20d83897"
"3772",2024,"Kougarok","K4",1,"2024-05-29","Stephanie_Galla","Kara_Beer","ROPT",1,0,0,1,"8:46","V",49,"40","39",NA,NA,"","766","GPS-003",698,"f4849f1d-385c-462c-9163-71ee20d83897"
"3773",2024,"Kougarok","K4",1,"2024-05-29","Stephanie_Galla","Kara_Beer","WISN",0,0,1,0,"8:47","A",49,"30","35",NA,NA,"","767","GPS-003",699,"f4849f1d-385c-462c-9163-71ee20d83897"
"3774",2024,"Kougarok","K4",1,"2024-05-29","Stephanie_Galla","Kara_Beer","ROPT",1,0,0,1,"8:48","V",49,"50","238",NA,NA,"","768","GPS-003",700,"f4849f1d-385c-462c-9163-71ee20d83897"
"3775",2024,"Kougarok","K4",1,"2024-05-29","Stephanie_Galla","Kara_Beer","WIPT",1,0,0,1,"8:49","V",49,"128","12",NA,NA,"","769","GPS-003",701,"f4849f1d-385c-462c-9163-71ee20d83897"
"3776",2024,"Kougarok","K4",1,"2024-05-29","Stephanie_Galla","Kara_Beer","WISN",0,0,1,0,"8:49","A",49,"143","55",NA,NA,"","770","GPS-003",702,"f4849f1d-385c-462c-9163-71ee20d83897"
"3777",2024,"Kougarok","K4",1,"2024-05-29","Stephanie_Galla","Kara_Beer","ROPT",1,0,0,1,"8:54","V",49,"130","86",NA,NA,"","771","GPS-003",703,"f4849f1d-385c-462c-9163-71ee20d83897"
"3778",2024,"Kougarok","K4",1,"2024-05-29","Stephanie_Galla","Kara_Beer","ROPT",1,0,0,1,"8:55","V",49,"25","244",NA,NA,"","772","GPS-003",704,"f4849f1d-385c-462c-9163-71ee20d83897"
"3779",2024,"Kougarok","K4",1,"2024-05-29","Stephanie_Galla","Kara_Beer","ROPT",1,0,0,1,"8:56","V",49,"40","69",NA,NA,"","773","GPS-003",705,"f4849f1d-385c-462c-9163-71ee20d83897"
"3780",2024,"Kougarok","K4",1,"2024-05-29","Stephanie_Galla","Kara_Beer","ROPT",1,0,0,1,"8:57","V",49,"50","64",NA,NA,"","774","GPS-003",706,"f4849f1d-385c-462c-9163-71ee20d83897"
"3781",2024,"Kougarok","K4",1,"2024-05-29","Stephanie_Galla","Kara_Beer","WIPT",1,0,0,1,"8:58","V",49,"140","196",NA,NA,"","775","GPS-003",707,"f4849f1d-385c-462c-9163-71ee20d83897"
"3782",2024,"Kougarok","K4",1,"2024-05-29","Stephanie_Galla","Kara_Beer","GOPL",0,0,2,0,"9:01","V",50,"20","27",NA,NA,"","776","GPS-003",708,"f4849f1d-385c-462c-9163-71ee20d83897"
"3783",2024,"Kougarok","K4",1,"2024-05-29","Stephanie_Galla","Kara_Beer","WISN",0,0,1,0,"9:02","A",50,"138","86",NA,NA,"","777","GPS-003",709,"f4849f1d-385c-462c-9163-71ee20d83897"
"3784",2024,"Kougarok","K4",1,"2024-05-29","Stephanie_Galla","Kara_Beer","WIPT",1,0,0,1,"9:09","V",50,"40","17",NA,NA,"","778","GPS-003",710,"f4849f1d-385c-462c-9163-71ee20d83897"
"3785",2024,"Kougarok","K4",1,"2024-05-29","Stephanie_Galla","Kara_Beer","WIPT",1,0,0,1,"9:16","V",52,"120","38",NA,NA,"","779","GPS-003",711,"f4849f1d-385c-462c-9163-71ee20d83897"
"3786",2024,"Kougarok","K4",1,"2024-05-29","Stephanie_Galla","Kara_Beer","WISN",0,0,1,0,"9:17","A",52,"64","45",NA,NA,"","780","GPS-003",712,"f4849f1d-385c-462c-9163-71ee20d83897"
"3787",2024,"Kougarok","K4",1,"2024-05-29","Stephanie_Galla","Kara_Beer","WIPT",1,0,0,1,"9:20","V",53,"94","28",NA,NA,"","781","GPS-003",713,"f4849f1d-385c-462c-9163-71ee20d83897"
"3788",2024,"Kougarok","K4",1,"2024-05-29","Stephanie_Galla","Kara_Beer","WISN",0,0,1,0,"9:22","V",53,NA,"0",NA,NA,"","782","GPS-003",714,"f4849f1d-385c-462c-9163-71ee20d83897"
"3789",2024,"Kougarok","K4",2,"2024-05-29","Kara_Beer","Stephanie_Galla","WIPT",1,0,0,1,"9:50","V",53,"240","15",NA,NA,"","783","GPS-003",715,"fec43f4d-dfd4-4acc-ace7-ea09680147ef"
"3790",2024,"Kougarok","K4",2,"2024-05-29","Kara_Beer","Stephanie_Galla","WISN",0,0,2,0,"9:53","A",53,"91","30",NA,NA,"","784","GPS-003",716,"fec43f4d-dfd4-4acc-ace7-ea09680147ef"
"3791",2024,"Kougarok","K4",2,"2024-05-29","Kara_Beer","Stephanie_Galla","WIPT",1,0,0,1,"9:54","V",53,"86","51",NA,NA,"","785","GPS-003",717,"fec43f4d-dfd4-4acc-ace7-ea09680147ef"
"3792",2024,"Kougarok","K4",2,"2024-05-29","Kara_Beer","Stephanie_Galla","WISN",0,0,1,0,"9:55","A",53,"118","50",NA,NA,"","786","GPS-003",718,"fec43f4d-dfd4-4acc-ace7-ea09680147ef"
"3793",2024,"Kougarok","K4",2,"2024-05-29","Kara_Beer","Stephanie_Galla","WIPT",1,0,0,1,"9:56","V",52,"240","13",NA,NA,"","787","GPS-003",719,"fec43f4d-dfd4-4acc-ace7-ea09680147ef"
"3794",2024,"Kougarok","K4",2,"2024-05-29","Kara_Beer","Stephanie_Galla","WIPT",1,0,0,1,"10:02","V",52,"92","7",NA,NA,"","788","GPS-003",720,"fec43f4d-dfd4-4acc-ace7-ea09680147ef"
"3795",2024,"Kougarok","K4",2,"2024-05-29","Kara_Beer","Stephanie_Galla","ROPT",1,0,0,1,"10:02","V",51,"270","56",NA,NA,"","789","GPS-003",721,"fec43f4d-dfd4-4acc-ace7-ea09680147ef"
"3796",2024,"Kougarok","K4",2,"2024-05-29","Kara_Beer","Stephanie_Galla","WIPT",1,0,0,1,"10:05","V",51,"300","7",NA,NA,"","790","GPS-003",722,"fec43f4d-dfd4-4acc-ace7-ea09680147ef"
"3797",2024,"Kougarok","K4",2,"2024-05-29","Kara_Beer","Stephanie_Galla","ROPT",1,0,0,1,"10:11","V",51,"290","71",NA,NA,"","791","GPS-003",723,"fec43f4d-dfd4-4acc-ace7-ea09680147ef"
"3798",2024,"Kougarok","K4",2,"2024-05-29","Kara_Beer","Stephanie_Galla","WIPT",1,0,0,1,"10:11","V",51,"310","24",NA,NA,"","792","GPS-003",724,"fec43f4d-dfd4-4acc-ace7-ea09680147ef"
"3799",2024,"Kougarok","K4",2,"2024-05-29","Kara_Beer","Stephanie_Galla","ROPT",1,0,0,1,"10:15","A",50,"310","197",NA,NA,"","793","GPS-003",725,"fec43f4d-dfd4-4acc-ace7-ea09680147ef"
"3800",2024,"Kougarok","K4",2,"2024-05-29","Kara_Beer","Stephanie_Galla","AGSQ",0,0,3,0,"10:18","V",50,"310","12",NA,NA,"","794","GPS-003",726,"fec43f4d-dfd4-4acc-ace7-ea09680147ef"
"3801",2024,"Kougarok","K4",2,"2024-05-29","Kara_Beer","Stephanie_Galla","AGSQ",0,0,1,0,"10:19","V",50,"120","2",NA,NA,"","795","GPS-003",727,"fec43f4d-dfd4-4acc-ace7-ea09680147ef"
"3802",2024,"Kougarok","K4",2,"2024-05-29","Kara_Beer","Stephanie_Galla","ROPT",1,0,0,1,"10:21","V",50,"330","58",NA,NA,"","796","GPS-003",728,"fec43f4d-dfd4-4acc-ace7-ea09680147ef"
"3803",2024,"Kougarok","K4",2,"2024-05-29","Kara_Beer","Stephanie_Galla","ROPT",1,0,0,1,"10:21","V",50,"113","11",NA,NA,"","797","GPS-003",729,"fec43f4d-dfd4-4acc-ace7-ea09680147ef"
"3804",2024,"Kougarok","K4",2,"2024-05-29","Kara_Beer","Stephanie_Galla","ROPT",1,0,0,1,"10:23","V",49,NA,"0",NA,NA,"","798","GPS-003",730,"fec43f4d-dfd4-4acc-ace7-ea09680147ef"
"3805",2024,"Kougarok","K4",2,"2024-05-29","Kara_Beer","Stephanie_Galla","WIPT",1,0,0,1,"10:25","V",49,"113","9",NA,NA,"","799","GPS-003",731,"fec43f4d-dfd4-4acc-ace7-ea09680147ef"
"3806",2024,"Kougarok","K4",2,"2024-05-29","Kara_Beer","Stephanie_Galla","WIPT",1,0,0,1,"10:28","V",48,"330","55",NA,NA,"","800","GPS-003",732,"fec43f4d-dfd4-4acc-ace7-ea09680147ef"
"3807",2024,"Kougarok","K4",2,"2024-05-29","Kara_Beer","Stephanie_Galla","WIPT",1,0,0,1,"10:34","V",48,"350","56",NA,NA,"","801","GPS-003",733,"fec43f4d-dfd4-4acc-ace7-ea09680147ef"
"3808",2024,"Kougarok","K4",2,"2024-05-29","Kara_Beer","Stephanie_Galla","WIPT",1,0,0,1,"10:35","V",48,"120","11",NA,NA,"","802","GPS-003",734,"fec43f4d-dfd4-4acc-ace7-ea09680147ef"
"3809",2024,"Kougarok","K4",2,"2024-05-29","Kara_Beer","Stephanie_Galla","SSHA",0,0,1,0,"10:36","V",48,NA,"0",NA,NA,"","803","GPS-003",735,"fec43f4d-dfd4-4acc-ace7-ea09680147ef"
"3810",2024,"Kougarok","K4",2,"2024-05-29","Kara_Beer","Stephanie_Galla","WIPT",1,0,0,1,"10:38","V",47,"135","11",NA,NA,"","804","GPS-003",736,"fec43f4d-dfd4-4acc-ace7-ea09680147ef"
"3811",2024,"Kougarok","K4",2,"2024-05-29","Kara_Beer","Stephanie_Galla","SSHA",0,0,1,0,"10:42","V",47,NA,"0",NA,NA,"","805","GPS-003",737,"fec43f4d-dfd4-4acc-ace7-ea09680147ef"
"3812",2024,"Kougarok","K4",2,"2024-05-29","Kara_Beer","Stephanie_Galla","WISN",0,0,1,0,"10:45","A",47,"110","100",NA,NA,"","806","GPS-003",738,"fec43f4d-dfd4-4acc-ace7-ea09680147ef"
"3813",2024,"Kougarok","K4",2,"2024-05-29","Kara_Beer","Stephanie_Galla","SSHA",0,0,1,0,"10:45","V",46,"320","13",NA,NA,"","807","GPS-003",739,"fec43f4d-dfd4-4acc-ace7-ea09680147ef"
"3814",2024,"Kougarok","K4",2,"2024-05-29","Kara_Beer","Stephanie_Galla","SSHA",0,0,1,0,"10:47","V",46,"320","14",NA,NA,"","808","GPS-003",740,"fec43f4d-dfd4-4acc-ace7-ea09680147ef"
"3815",2024,"Kougarok","K4",2,"2024-05-29","Kara_Beer","Stephanie_Galla","SSHA",0,0,1,0,"10:51","V",46,"325","35",NA,NA,"","809","GPS-003",741,"fec43f4d-dfd4-4acc-ace7-ea09680147ef"
"3816",2024,"Kougarok","K4",2,"2024-05-29","Kara_Beer","Stephanie_Galla","SSHA",0,0,1,0,"10:53","V",46,NA,"0",NA,NA,"","810","GPS-003",742,"fec43f4d-dfd4-4acc-ace7-ea09680147ef"
"3817",2024,"Kougarok","K4",2,"2024-05-29","Kara_Beer","Stephanie_Galla","SSHA",0,0,1,0,"10:54","V",45,NA,"0",NA,NA,"","811","GPS-003",743,"fec43f4d-dfd4-4acc-ace7-ea09680147ef"
"3818",2024,"Kougarok","K4",2,"2024-05-29","Kara_Beer","Stephanie_Galla","WIPT",1,0,0,1,"10:57","V",45,"110","11",NA,NA,"","812","GPS-003",744,"fec43f4d-dfd4-4acc-ace7-ea09680147ef"
"3819",2024,"Kougarok","K4",2,"2024-05-29","Kara_Beer","Stephanie_Galla","WIPT",1,1,0,3,"10:59","V",45,"120","20",NA,NA,"","813","GPS-003",745,"fec43f4d-dfd4-4acc-ace7-ea09680147ef"
"3820",2024,"Kougarok","K4",2,"2024-05-29","Kara_Beer","Stephanie_Galla","WISN",0,0,1,0,"11:01","V",45,NA,"0",NA,NA,"","814","GPS-003",746,"fec43f4d-dfd4-4acc-ace7-ea09680147ef"
"3821",2024,"Kougarok","K4",2,"2024-05-29","Kara_Beer","Stephanie_Galla","WIPT",1,0,0,1,"11:01","V",44,"115","11",NA,NA,"","815","GPS-003",747,"fec43f4d-dfd4-4acc-ace7-ea09680147ef"
"3822",2024,"Kougarok","K4",2,"2024-05-29","Kara_Beer","Stephanie_Galla","WIPT",1,0,0,1,"11:03","V",43,"109","11",NA,NA,"","816","GPS-003",748,"fec43f4d-dfd4-4acc-ace7-ea09680147ef"
"3823",2024,"Teller","T5",1,"2024-05-30","Stephanie_Galla","Kara_Beer","WIPT",1,1,0,3,"5:35","V",48,NA,"0",NA,NA,"","817","GPS-003",749,"c7aa6033-6b09-4e2b-89c6-b1bdec22b101"
"3824",2024,"Teller","T5",1,"2024-05-30","Stephanie_Galla","Kara_Beer","WIPT",1,0,0,1,"5:41","V",49,"130","65",NA,NA,"","818","GPS-003",750,"c7aa6033-6b09-4e2b-89c6-b1bdec22b101"
"3825",2024,"Teller","T5",1,"2024-05-30","Stephanie_Galla","Kara_Beer","WIPT",1,1,0,3,"5:42","V",49,NA,"0",NA,NA,"","819","GPS-003",751,"c7aa6033-6b09-4e2b-89c6-b1bdec22b101"
"3826",2024,"Teller","T5",1,"2024-05-30","Stephanie_Galla","Kara_Beer","WIPT",1,0,0,1,"5:44","V",49,"0","262",NA,NA,"","820","GPS-003",752,"c7aa6033-6b09-4e2b-89c6-b1bdec22b101"
"3827",2024,"Teller","T5",1,"2024-05-30","Stephanie_Galla","Kara_Beer","WIPT",1,1,0,3,"5:45","V",49,"122","24",NA,NA,"","821","GPS-003",753,"c7aa6033-6b09-4e2b-89c6-b1bdec22b101"
"3828",2024,"Teller","T5",1,"2024-05-30","Stephanie_Galla","Kara_Beer","WIPT",1,0,0,1,"5:46","V",49,"40","176",NA,NA,"","822","GPS-003",754,"c7aa6033-6b09-4e2b-89c6-b1bdec22b101"
"3829",2024,"Teller","T5",1,"2024-05-30","Stephanie_Galla","Kara_Beer","WIPT",1,0,0,1,"5:47","V",49,"50","237",NA,NA,"","823","GPS-003",755,"c7aa6033-6b09-4e2b-89c6-b1bdec22b101"
"3830",2024,"Teller","T5",1,"2024-05-30","Stephanie_Galla","Kara_Beer","WIPT",1,0,0,1,"5:49","V",49,"119","53",NA,NA,"","824","GPS-003",756,"c7aa6033-6b09-4e2b-89c6-b1bdec22b101"
"3831",2024,"Teller","T5",1,"2024-05-30","Stephanie_Galla","Kara_Beer","WIPT",1,0,0,1,"5:49","V",49,"20","43",NA,NA,"","825","GPS-003",757,"c7aa6033-6b09-4e2b-89c6-b1bdec22b101"
"3832",2024,"Teller","T5",1,"2024-05-30","Stephanie_Galla","Kara_Beer","WIPT",1,0,0,1,"5:50","V",49,"110","51",NA,NA,"","826","GPS-003",758,"c7aa6033-6b09-4e2b-89c6-b1bdec22b101"
"3833",2024,"Teller","T5",1,"2024-05-30","Stephanie_Galla","Kara_Beer","WIPT",1,0,0,1,"5:52","V",49,"120","193",NA,NA,"","827","GPS-003",759,"c7aa6033-6b09-4e2b-89c6-b1bdec22b101"
"3834",2024,"Teller","T5",1,"2024-05-30","Stephanie_Galla","Kara_Beer","WIPT",1,0,0,1,"5:54","V",50,"122","43",NA,NA,"","828","GPS-003",760,"c7aa6033-6b09-4e2b-89c6-b1bdec22b101"
"3835",2024,"Teller","T5",1,"2024-05-30","Stephanie_Galla","Kara_Beer","WIPT",1,0,0,1,"5:54","V",50,"35","104",NA,NA,"","829","GPS-003",761,"c7aa6033-6b09-4e2b-89c6-b1bdec22b101"
"3836",2024,"Teller","T5",1,"2024-05-30","Stephanie_Galla","Kara_Beer","WIPT",1,0,0,1,"5:55","V",50,NA,"0",NA,NA,"","830","GPS-003",762,"c7aa6033-6b09-4e2b-89c6-b1bdec22b101"
"3837",2024,"Teller","T5",1,"2024-05-30","Stephanie_Galla","Kara_Beer","WIPT",1,0,0,1,"5:57","V",50,NA,"0",NA,NA,"","831","GPS-003",763,"c7aa6033-6b09-4e2b-89c6-b1bdec22b101"
"3838",2024,"Teller","T5",1,"2024-05-30","Stephanie_Galla","Kara_Beer","WIPT",1,0,0,1,"5:59","V",50,"50","86",NA,NA,"","832","GPS-003",764,"c7aa6033-6b09-4e2b-89c6-b1bdec22b101"
"3839",2024,"Teller","T5",1,"2024-05-30","Stephanie_Galla","Kara_Beer","WIPT",1,0,0,1,"6:00","V",50,"124","45",NA,NA,"","833","GPS-003",765,"c7aa6033-6b09-4e2b-89c6-b1bdec22b101"
"3840",2024,"Teller","T5",1,"2024-05-30","Stephanie_Galla","Kara_Beer","WISN",0,0,2,0,"6:00","A",50,"40","50",NA,NA,"","834","GPS-003",766,"c7aa6033-6b09-4e2b-89c6-b1bdec22b101"
"3841",2024,"Teller","T5",1,"2024-05-30","Stephanie_Galla","Kara_Beer","WIPT",1,0,0,1,"6:01","A",50,"5","164",NA,NA,"","835","GPS-003",767,"c7aa6033-6b09-4e2b-89c6-b1bdec22b101"
"3842",2024,"Teller","T5",1,"2024-05-30","Stephanie_Galla","Kara_Beer","ROPT",1,0,0,1,"6:02","V",50,NA,"0",NA,NA,"","836","GPS-003",768,"c7aa6033-6b09-4e2b-89c6-b1bdec22b101"
"3843",2024,"Teller","T5",1,"2024-05-30","Stephanie_Galla","Kara_Beer","WIPT",2,0,0,2,"6:03","V",50,NA,"0",NA,NA,"","837","GPS-003",769,"c7aa6033-6b09-4e2b-89c6-b1bdec22b101"
"3844",2024,"Teller","T5",1,"2024-05-30","Stephanie_Galla","Kara_Beer","WIPT",1,0,0,1,"6:04","V",50,"50","84",NA,NA,"","838","GPS-003",770,"c7aa6033-6b09-4e2b-89c6-b1bdec22b101"
"3845",2024,"Teller","T5",1,"2024-05-30","Stephanie_Galla","Kara_Beer","WISN",0,0,2,0,"6:05","A",51,"60","86",NA,NA,"","839","GPS-003",771,"c7aa6033-6b09-4e2b-89c6-b1bdec22b101"
"3846",2024,"Teller","T5",1,"2024-05-30","Stephanie_Galla","Kara_Beer","WISN",0,0,1,0,"6:07","V",51,"120","18",NA,NA,"","840","GPS-003",772,"c7aa6033-6b09-4e2b-89c6-b1bdec22b101"
"3847",2024,"Teller","T5",1,"2024-05-30","Stephanie_Galla","Kara_Beer","WIPT",1,0,0,1,"6:07","V",51,"50","216",NA,NA,"","841","GPS-003",773,"c7aa6033-6b09-4e2b-89c6-b1bdec22b101"
"3848",2024,"Teller","T5",1,"2024-05-30","Stephanie_Galla","Kara_Beer","WIPT",1,0,0,1,"6:09","V",51,"118","59",NA,NA,"","842","GPS-003",774,"c7aa6033-6b09-4e2b-89c6-b1bdec22b101"
"3849",2024,"Teller","T5",1,"2024-05-30","Stephanie_Galla","Kara_Beer","ROPT",0,0,1,0,"6:09","A",51,"40","202",NA,NA,"","843","GPS-003",775,"c7aa6033-6b09-4e2b-89c6-b1bdec22b101"
"3850",2024,"Teller","T5",1,"2024-05-30","Stephanie_Galla","Kara_Beer","WIPT",0,0,1,0,"6:11","A",51,"120","196",NA,NA,"","844","GPS-003",776,"c7aa6033-6b09-4e2b-89c6-b1bdec22b101"
"3851",2024,"Teller","T5",1,"2024-05-30","Stephanie_Galla","Kara_Beer","WIPT",1,0,0,1,"6:12","V",51,"40","70",NA,NA,"","845","GPS-003",777,"c7aa6033-6b09-4e2b-89c6-b1bdec22b101"
"3852",2024,"Teller","T5",1,"2024-05-30","Stephanie_Galla","Kara_Beer","WIPT",2,0,0,2,"6:13","A",51,"125","290",NA,NA,"","846","GPS-003",778,"c7aa6033-6b09-4e2b-89c6-b1bdec22b101"
"3853",2024,"Teller","T5",1,"2024-05-30","Stephanie_Galla","Kara_Beer","WISN",0,0,1,0,"6:14","A",51,"108","117",NA,NA,"","847","GPS-003",779,"c7aa6033-6b09-4e2b-89c6-b1bdec22b101"
"3854",2024,"Teller","T5",1,"2024-05-30","Stephanie_Galla","Kara_Beer","WIPT",1,1,0,3,"6:15","A",51,"108","118",NA,NA,"","848","GPS-003",780,"c7aa6033-6b09-4e2b-89c6-b1bdec22b101"
"3855",2024,"Teller","T5",1,"2024-05-30","Stephanie_Galla","Kara_Beer","WIPT",1,0,0,1,"6:17","V",51,NA,"0",NA,NA,"","849","GPS-003",781,"c7aa6033-6b09-4e2b-89c6-b1bdec22b101"
"3856",2024,"Teller","T5",1,"2024-05-30","Stephanie_Galla","Kara_Beer","WIPT",3,0,0,3,"6:18","V",51,NA,"0",NA,NA,"","850","GPS-003",782,"c7aa6033-6b09-4e2b-89c6-b1bdec22b101"
"3857",2024,"Teller","T5",1,"2024-05-30","Stephanie_Galla","Kara_Beer","WISN",0,0,1,0,"6:18","A",51,"78","117",NA,NA,"","851","GPS-003",783,"c7aa6033-6b09-4e2b-89c6-b1bdec22b101"
"3858",2024,"Teller","T5",1,"2024-05-30","Stephanie_Galla","Kara_Beer","WIPT",1,0,0,1,"6:21","V",52,"110","41",NA,NA,"","852","GPS-003",784,"c7aa6033-6b09-4e2b-89c6-b1bdec22b101"
"3859",2024,"Teller","T5",1,"2024-05-30","Stephanie_Galla","Kara_Beer","WIPT",1,0,0,1,"6:25","V",52,"140","13",NA,NA,"","853","GPS-003",785,"c7aa6033-6b09-4e2b-89c6-b1bdec22b101"
"3860",2024,"Teller","T5",1,"2024-05-30","Stephanie_Galla","Kara_Beer","WIPT",1,0,0,1,"6:26","V",52,"150","11",NA,NA,"","854","GPS-003",786,"c7aa6033-6b09-4e2b-89c6-b1bdec22b101"
"3861",2024,"Teller","T5",1,"2024-05-30","Stephanie_Galla","Kara_Beer","WISN",0,0,1,0,"6:27","A",52,"42","49",NA,NA,"","855","GPS-003",787,"c7aa6033-6b09-4e2b-89c6-b1bdec22b101"
"3862",2024,"Teller","T5",1,"2024-05-30","Stephanie_Galla","Kara_Beer","WIPT",1,0,0,1,"6:30","V",53,"140","100",NA,NA,"","856","GPS-003",788,"c7aa6033-6b09-4e2b-89c6-b1bdec22b101"
"3863",2024,"Teller","T5",1,"2024-05-30","Stephanie_Galla","Kara_Beer","WISN",0,0,1,0,"6:32","A",53,"120","70",NA,NA,"","857","GPS-003",789,"c7aa6033-6b09-4e2b-89c6-b1bdec22b101"
"3864",2024,"Teller","T5",1,"2024-05-30","Stephanie_Galla","Kara_Beer","WIPT",1,0,0,1,"6:33","V",53,"43","137",NA,NA,"","858","GPS-003",790,"c7aa6033-6b09-4e2b-89c6-b1bdec22b101"
"3865",2024,"Teller","T5",1,"2024-05-30","Stephanie_Galla","Kara_Beer","WIPT",1,0,0,1,"6:35","V",53,"95","62",NA,NA,"","859","GPS-003",791,"c7aa6033-6b09-4e2b-89c6-b1bdec22b101"
"3866",2024,"Teller","T5",1,"2024-05-30","Stephanie_Galla","Kara_Beer","WISN",0,0,1,0,"6:40","A",53,"52","52",NA,NA,"","860","GPS-003",792,"c7aa6033-6b09-4e2b-89c6-b1bdec22b101"
"3867",2024,"Teller","T5",1,"2024-05-30","Stephanie_Galla","Kara_Beer","WISN",0,0,1,0,"6:44","A",54,"0","103",NA,NA,"","861","GPS-003",793,"c7aa6033-6b09-4e2b-89c6-b1bdec22b101"
"3868",2024,"Teller","T5",1,"2024-05-30","Stephanie_Galla","Kara_Beer","WISN",0,0,1,0,"6:48","A",55,"74","71",NA,NA,"","862","GPS-003",794,"c7aa6033-6b09-4e2b-89c6-b1bdec22b101"
"3869",2024,"Teller","T5",1,"2024-05-30","Stephanie_Galla","Kara_Beer","WIPT",1,0,0,1,"6:49","V",55,"75","120",NA,NA,"","863","GPS-003",795,"c7aa6033-6b09-4e2b-89c6-b1bdec22b101"
"3870",2024,"Teller","T6",1,"2024-05-30","Kara_Beer","Stephanie_Galla","WIPT",1,0,0,1,"7:04","V",58,"80","78",NA,NA,"","864","GPS-003",796,"cb9ada10-c78e-4ca3-877b-55bedc3b9afd"
"3871",2024,"Teller","T6",1,"2024-05-30","Kara_Beer","Stephanie_Galla","ROPT",1,0,0,1,"7:08","V",58,"70","75",NA,NA,"","865","GPS-003",797,"cb9ada10-c78e-4ca3-877b-55bedc3b9afd"
"3872",2024,"Teller","T6",1,"2024-05-30","Kara_Beer","Stephanie_Galla","WIPT",1,0,0,1,"7:09","V",58,"10","65",NA,NA,"","866","GPS-003",798,"cb9ada10-c78e-4ca3-877b-55bedc3b9afd"
"3873",2024,"Teller","T6",1,"2024-05-30","Kara_Beer","Stephanie_Galla","WIPT",1,0,0,1,"7:09","V",58,NA,"0",NA,NA,"","867","GPS-003",799,"cb9ada10-c78e-4ca3-877b-55bedc3b9afd"
"3874",2024,"Teller","T6",1,"2024-05-30","Kara_Beer","Stephanie_Galla","WIPT",1,0,0,1,"7:10","V",58,NA,"0",NA,NA,"","868","GPS-003",800,"cb9ada10-c78e-4ca3-877b-55bedc3b9afd"
"3875",2024,"Teller","T6",1,"2024-05-30","Kara_Beer","Stephanie_Galla","WIPT",1,0,0,1,"7:12","V",59,"160","118",NA,NA,"","869","GPS-003",801,"cb9ada10-c78e-4ca3-877b-55bedc3b9afd"
"3876",2024,"Teller","T6",1,"2024-05-30","Kara_Beer","Stephanie_Galla","WIPT",2,0,0,2,"7:16","V",59,"150","130",NA,NA,"","870","GPS-003",802,"cb9ada10-c78e-4ca3-877b-55bedc3b9afd"
"3877",2024,"Teller","T6",1,"2024-05-30","Kara_Beer","Stephanie_Galla","WIPT",1,0,0,1,"7:16","V",59,NA,"0",NA,NA,"","871","GPS-003",803,"cb9ada10-c78e-4ca3-877b-55bedc3b9afd"
"3878",2024,"Teller","T6",1,"2024-05-30","Kara_Beer","Stephanie_Galla","WIPT",1,0,0,1,"7:17","V",59,"40","43",NA,NA,"","872","GPS-003",804,"cb9ada10-c78e-4ca3-877b-55bedc3b9afd"
"3879",2024,"Teller","T6",1,"2024-05-30","Kara_Beer","Stephanie_Galla","WIPT",1,0,0,1,"7:19","V",61,"180","86",NA,NA,"","873","GPS-003",805,"cb9ada10-c78e-4ca3-877b-55bedc3b9afd"
"3880",2024,"Teller","T6",1,"2024-05-30","Kara_Beer","Stephanie_Galla","WIPT",1,1,0,3,"7:22","V",61,"180","9",NA,NA,"","874","GPS-003",806,"cb9ada10-c78e-4ca3-877b-55bedc3b9afd"
"3881",2024,"Teller","T6",1,"2024-05-30","Kara_Beer","Stephanie_Galla","WIPT",1,0,0,1,"7:23","V",62,"70","80",NA,NA,"","875","GPS-003",807,"cb9ada10-c78e-4ca3-877b-55bedc3b9afd"
"3882",2024,"Teller","T6",1,"2024-05-30","Kara_Beer","Stephanie_Galla","WIPT",1,1,0,3,"7:28","V",62,NA,"0",NA,NA,"","876","GPS-003",808,"cb9ada10-c78e-4ca3-877b-55bedc3b9afd"
"3883",2024,"Teller","T6",1,"2024-05-30","Kara_Beer","Stephanie_Galla","WIPT",1,0,0,1,"7:29","V",63,"164","138",NA,NA,"","877","GPS-003",809,"cb9ada10-c78e-4ca3-877b-55bedc3b9afd"
"3884",2024,"Teller","T6",1,"2024-05-30","Kara_Beer","Stephanie_Galla","WISN",0,0,2,0,"7:33","A",63,"340","42",NA,NA,"","878","GPS-003",810,"cb9ada10-c78e-4ca3-877b-55bedc3b9afd"
"3885",2024,"Teller","T6",1,"2024-05-30","Kara_Beer","Stephanie_Galla","WIPT",1,0,0,1,"7:36","V",63,"148","25",NA,NA,"","879","GPS-003",811,"cb9ada10-c78e-4ca3-877b-55bedc3b9afd"
"3886",2024,"Teller","T6",1,"2024-05-30","Kara_Beer","Stephanie_Galla","WIPT",1,0,0,1,"7:37","A",64,"112","230",NA,NA,"","880","GPS-003",812,"cb9ada10-c78e-4ca3-877b-55bedc3b9afd"
"3887",2024,"Teller","T6",1,"2024-05-30","Kara_Beer","Stephanie_Galla","WIPT",1,0,0,1,"7:44","V",64,"172","41",NA,NA,"","881","GPS-003",813,"cb9ada10-c78e-4ca3-877b-55bedc3b9afd"
"3888",2024,"Teller","T6",1,"2024-05-30","Kara_Beer","Stephanie_Galla","WIPT",1,0,0,1,"7:48","V",65,"45","12",NA,NA,"","882","GPS-003",814,"cb9ada10-c78e-4ca3-877b-55bedc3b9afd"
"3889",2024,"Teller","T6",1,"2024-05-30","Kara_Beer","Stephanie_Galla","WIPT",1,0,0,1,"7:51","V",65,"63","18",NA,NA,"","883","GPS-003",815,"cb9ada10-c78e-4ca3-877b-55bedc3b9afd"
"3890",2024,"Teller","T6",1,"2024-05-30","Kara_Beer","Stephanie_Galla","WIPT",1,0,0,1,"7:55","V",68,"160","38",NA,NA,"","884","GPS-003",816,"cb9ada10-c78e-4ca3-877b-55bedc3b9afd"
"3891",2024,"Teller","T6",2,"2024-05-30","Kara_Beer","Stephanie_Galla","WIPT",1,1,0,3,"9:26","V",67,"88","31",NA,NA,"","885","GPS-003",817,"d47c6edb-e0b2-44ee-9a98-8b262b0985a2"
"3892",2024,"Teller","T6",2,"2024-05-30","Kara_Beer","Stephanie_Galla","WISN",0,0,1,0,"9:37","A",67,"230","25",NA,NA,"","886","GPS-003",818,"d47c6edb-e0b2-44ee-9a98-8b262b0985a2"
"3893",2024,"Teller","T6",2,"2024-05-30","Kara_Beer","Stephanie_Galla","GOPL",0,0,1,0,"9:37","V",67,"265","27",NA,NA,"","887","GPS-003",819,"d47c6edb-e0b2-44ee-9a98-8b262b0985a2"
"3894",2024,"Teller","T6",2,"2024-05-30","Kara_Beer","Stephanie_Galla","WIPT",1,0,0,1,"9:39","V",66,"310","33",NA,NA,"","888","GPS-003",820,"d47c6edb-e0b2-44ee-9a98-8b262b0985a2"
"3895",2024,"Teller","T6",2,"2024-05-30","Kara_Beer","Stephanie_Galla","WIPT",1,0,0,1,"9:43","V",65,"310","8",NA,NA,"","889","GPS-003",821,"d47c6edb-e0b2-44ee-9a98-8b262b0985a2"
"3896",2024,"Teller","T6",2,"2024-05-30","Kara_Beer","Stephanie_Galla","WISN",0,0,2,0,"9:47","V",63,"235","18",NA,NA,"","890","GPS-003",822,"d47c6edb-e0b2-44ee-9a98-8b262b0985a2"
"3897",2024,"Teller","T6",2,"2024-05-30","Kara_Beer","Stephanie_Galla","LTJA",0,0,2,0,"9:55","V",62,"101","94",NA,NA,"","891","GPS-003",823,"d47c6edb-e0b2-44ee-9a98-8b262b0985a2"
"3898",2024,"Teller","T6",2,"2024-05-30","Kara_Beer","Stephanie_Galla","NOHA",0,0,1,0,"10:01","V",62,"98","175",NA,NA,"","892","GPS-003",824,"d47c6edb-e0b2-44ee-9a98-8b262b0985a2"
"3899",2024,"Teller","T6",2,"2024-05-30","Kara_Beer","Stephanie_Galla","WIPT",1,1,0,3,"10:01","V",61,NA,"0",NA,NA,"","893","GPS-003",825,"d47c6edb-e0b2-44ee-9a98-8b262b0985a2"
"3900",2024,"Teller","T6",2,"2024-05-30","Kara_Beer","Stephanie_Galla","WIPT",1,0,0,1,"10:08","V",61,NA,"0",NA,NA,"","894","GPS-003",826,"d47c6edb-e0b2-44ee-9a98-8b262b0985a2"
"3901",2024,"Teller","T6",2,"2024-05-30","Kara_Beer","Stephanie_Galla","WIPT",1,0,0,1,"10:10","V",60,"230","177",NA,NA,"","895","GPS-003",827,"d47c6edb-e0b2-44ee-9a98-8b262b0985a2"
"3902",2024,"Teller","T6",2,"2024-05-30","Kara_Beer","Stephanie_Galla","WIPT",1,0,0,1,"10:13","V",60,NA,"0",NA,NA,"","896","GPS-003",828,"d47c6edb-e0b2-44ee-9a98-8b262b0985a2"
"3903",2024,"Teller","T6",2,"2024-05-30","Kara_Beer","Stephanie_Galla","NOHA",0,0,1,0,"10:14","V",60,"100","300",NA,NA,"","897","GPS-003",829,"d47c6edb-e0b2-44ee-9a98-8b262b0985a2"
"3904",2024,"Teller","T5",2,"2024-05-30","Stephanie_Galla","Kara_Beer","NOHA",1,1,0,3,"10:23","V",56,NA,"0",NA,NA,"","898","GPS-003",830,"9d81d0b6-2fbc-4f29-aa61-52bb73b2833a"
"3905",2024,"Teller","T5",2,"2024-05-30","Stephanie_Galla","Kara_Beer","WISN",0,0,1,0,"10:44","A",55,"90","53",NA,NA,"","899","GPS-003",831,"9d81d0b6-2fbc-4f29-aa61-52bb73b2833a"
"3906",2024,"Teller","T5",2,"2024-05-30","Stephanie_Galla","Kara_Beer","WISN",0,0,1,0,"10:52","A",53,"60","60",NA,NA,"","900","GPS-003",832,"9d81d0b6-2fbc-4f29-aa61-52bb73b2833a"
"3907",2024,"Teller","T5",2,"2024-05-30","Stephanie_Galla","Kara_Beer","WIPT",1,0,0,1,"10:55","V",53,"228","11",NA,NA,"","901","GPS-003",833,"9d81d0b6-2fbc-4f29-aa61-52bb73b2833a"
"3908",2024,"Teller","T5",2,"2024-05-30","Stephanie_Galla","Kara_Beer","WIPT",1,0,0,1,"11:00","V",52,"90","44",NA,NA,"","902","GPS-003",834,"9d81d0b6-2fbc-4f29-aa61-52bb73b2833a"
"3909",2024,"Teller","T5",2,"2024-05-30","Stephanie_Galla","Kara_Beer","WIPT",1,1,0,3,"11:01","V",52,"90","12",NA,NA,"","903","GPS-003",835,"9d81d0b6-2fbc-4f29-aa61-52bb73b2833a"
"3910",2024,"Teller","T5",2,"2024-05-30","Stephanie_Galla","Kara_Beer","WIPT",1,0,0,1,"11:03","V",52,"88","45",NA,NA,"","904","GPS-003",836,"9d81d0b6-2fbc-4f29-aa61-52bb73b2833a"
"3911",2024,"Teller","T5",2,"2024-05-30","Stephanie_Galla","Kara_Beer","LTJA",0,0,1,0,"11:04","V",52,"80","88",NA,NA,"","905","GPS-003",837,"9d81d0b6-2fbc-4f29-aa61-52bb73b2833a"
"3912",2024,"Teller","T5",2,"2024-05-30","Stephanie_Galla","Kara_Beer","WIPT",0,0,1,0,"11:05","A",52,"79","200",NA,NA,"","906","GPS-003",838,"9d81d0b6-2fbc-4f29-aa61-52bb73b2833a"
"3913",2024,"Teller","T5",2,"2024-05-30","Stephanie_Galla","Kara_Beer","WIPT",0,0,1,0,"11:08","V",51,NA,"0",NA,NA,"","907","GPS-003",839,"9d81d0b6-2fbc-4f29-aa61-52bb73b2833a"
"3914",2024,"Teller","T5",2,"2024-05-30","Stephanie_Galla","Kara_Beer","WIPT",1,0,0,1,"11:10","V",51,"70","32",NA,NA,"","908","GPS-003",840,"9d81d0b6-2fbc-4f29-aa61-52bb73b2833a"
"3915",2024,"Teller","T5",2,"2024-05-30","Stephanie_Galla","Kara_Beer","WIPT",1,1,0,3,"11:13","V",50,NA,"0",NA,NA,"","909","GPS-003",841,"9d81d0b6-2fbc-4f29-aa61-52bb73b2833a"
"3916",2024,"Teller","T5",2,"2024-05-30","Stephanie_Galla","Kara_Beer","WIPT",1,1,0,3,"11:15","V",50,NA,"0",NA,NA,"","910","GPS-003",842,"9d81d0b6-2fbc-4f29-aa61-52bb73b2833a"
"3917",2024,"Teller","T5",2,"2024-05-30","Stephanie_Galla","Kara_Beer","WIPT",2,0,0,2,"11:16","V",50,NA,"0",NA,NA,"","911","GPS-003",843,"9d81d0b6-2fbc-4f29-aa61-52bb73b2833a"
"3918",2024,"Teller","T5",2,"2024-05-30","Stephanie_Galla","Kara_Beer","WIPT",1,0,0,1,"11:17","V",50,"280","30",NA,NA,"","912","GPS-003",844,"9d81d0b6-2fbc-4f29-aa61-52bb73b2833a"
"3919",2024,"Teller","T5",2,"2024-05-30","Stephanie_Galla","Kara_Beer","WIPT",1,0,0,1,"11:21","V",51,"262","180",NA,NA,"","913","GPS-003",845,"9d81d0b6-2fbc-4f29-aa61-52bb73b2833a"
"3920",2024,"Teller","T5",2,"2024-05-30","Stephanie_Galla","Kara_Beer","WIPT",1,0,0,1,"11:22","V",51,NA,"0",NA,NA,"","914","GPS-003",846,"9d81d0b6-2fbc-4f29-aa61-52bb73b2833a"
"3921",2024,"Teller","T5",2,"2024-05-30","Stephanie_Galla","Kara_Beer","WIPT",1,0,0,1,"11:25","V",49,NA,"0",NA,NA,"","915","GPS-003",847,"9d81d0b6-2fbc-4f29-aa61-52bb73b2833a"
"3922",2024,"Teller","T5",2,"2024-05-30","Stephanie_Galla","Kara_Beer","LTJA",0,0,3,0,"11:26","V",49,"105","160",NA,NA,"","916","GPS-003",848,"9d81d0b6-2fbc-4f29-aa61-52bb73b2833a"
"3923",2024,"Teller","T5",2,"2024-05-30","Stephanie_Galla","Kara_Beer","WIPT",1,0,0,1,"11:27","V",49,"280","71",NA,NA,"","917","GPS-003",849,"9d81d0b6-2fbc-4f29-aa61-52bb73b2833a"
"3924",2024,"Teller","T5",2,"2024-05-30","Stephanie_Galla","Kara_Beer","WISN",0,0,1,0,"11:27","A",49,"328","144",NA,NA,"","918","GPS-003",850,"9d81d0b6-2fbc-4f29-aa61-52bb73b2833a"
"3925",2024,"Teller","T5",2,"2024-05-30","Stephanie_Galla","Kara_Beer","WIPT",1,0,0,1,"11:29","V",49,"110","30",NA,NA,"","919","GPS-003",851,"9d81d0b6-2fbc-4f29-aa61-52bb73b2833a"
"3926",2024,"Teller","T5",2,"2024-05-30","Stephanie_Galla","Kara_Beer","SEOW",1,0,0,1,"11:32","V",48,"302","43",NA,NA,"","929","GPS-003",852,"9d81d0b6-2fbc-4f29-aa61-52bb73b2833a"
"3927",2024,"Kougarok","K5",1,"2024-06-04","Kara_Beer","Dakota_Walz","WIPT",1,0,0,1,"7:52","V",54,"40","80",NA,NA,"","921","GPS-003",853,"b33a0044-605c-4736-b3f0-2143a31a1f0d"
"3928",2024,"Kougarok","K5",1,"2024-06-04","Kara_Beer","Dakota_Walz","WIPT",1,0,0,1,"7:59","V",54,"110","5",NA,NA,"","922","GPS-003",854,"b33a0044-605c-4736-b3f0-2143a31a1f0d"
"3929",2024,"Kougarok","K5",1,"2024-06-04","Kara_Beer","Dakota_Walz","WIPT",1,0,0,1,"8:01","V",55,"120","10",NA,NA,"","923","GPS-003",855,"b33a0044-605c-4736-b3f0-2143a31a1f0d"
"3930",2024,"Kougarok","K5",1,"2024-06-04","Kara_Beer","Dakota_Walz","WIPT",1,0,0,1,"8:05","V",56,"40","53",NA,NA,"","924","GPS-003",856,"b33a0044-605c-4736-b3f0-2143a31a1f0d"
"3931",2024,"Kougarok","K5",1,"2024-06-04","Kara_Beer","Dakota_Walz","WIPT",1,0,0,1,"8:11","V",56,"0","-99",NA,NA,"","925","GPS-003",857,"b33a0044-605c-4736-b3f0-2143a31a1f0d"
"3932",2024,"Kougarok","K5",1,"2024-06-04","Kara_Beer","Dakota_Walz","WIPT",1,1,0,3,"8:13","V",58,NA,"0",NA,NA,"","926","GPS-003",858,"b33a0044-605c-4736-b3f0-2143a31a1f0d"
"3933",2024,"Kougarok","K5",1,"2024-06-04","Kara_Beer","Dakota_Walz","WIPT",1,0,0,1,"8:21","V",58,"155","245",NA,NA,"","927","GPS-003",859,"b33a0044-605c-4736-b3f0-2143a31a1f0d"
"3934",2024,"Kougarok","K5",1,"2024-06-04","Kara_Beer","Dakota_Walz","WISN",0,0,1,0,"8:24","A",58,NA,"0",NA,NA,"","928","GPS-003",860,"b33a0044-605c-4736-b3f0-2143a31a1f0d"
"3935",2024,"Kougarok","K5",1,"2024-06-04","Kara_Beer","Dakota_Walz","WIPT",1,0,0,1,"8:26","V",59,"121","264",NA,NA,"","929","GPS-003",861,"b33a0044-605c-4736-b3f0-2143a31a1f0d"
"3936",2024,"Kougarok","K5",1,"2024-06-04","Kara_Beer","Dakota_Walz","SSHA",0,0,1,0,"8:28","V",59,NA,"0",NA,NA,"","930","GPS-003",862,"b33a0044-605c-4736-b3f0-2143a31a1f0d"
"3937",2024,"Kougarok","K5",1,"2024-06-04","Kara_Beer","Dakota_Walz","SSHA",0,0,1,0,"8:30","V",62,NA,"0",NA,NA,"","931","GPS-003",863,"b33a0044-605c-4736-b3f0-2143a31a1f0d"
"3938",2024,"Kougarok","K5",1,"2024-06-04","Kara_Beer","Dakota_Walz","SSHA",0,0,2,0,"8:41","V",62,NA,"0",NA,NA,"","932","GPS-003",864,"b33a0044-605c-4736-b3f0-2143a31a1f0d"
"3939",2024,"Kougarok","K5",1,"2024-06-04","Kara_Beer","Dakota_Walz","SSHA",0,0,1,0,"8:43","V",63,NA,"0",NA,NA,"","933","GPS-003",865,"b33a0044-605c-4736-b3f0-2143a31a1f0d"
"3940",2024,"Kougarok","K5",1,"2024-06-04","Kara_Beer","Dakota_Walz","SEOW",0,0,1,0,"8:44","V",63,"25","92",NA,NA,"","934","GPS-003",866,"b33a0044-605c-4736-b3f0-2143a31a1f0d"
"3941",2024,"Kougarok","K6",1,"2024-06-04","Kara_Beer","Dakota_Walz","WIPT",1,0,0,1,"8:49","V",72,"109","296",NA,NA,"","935","GPS-003",867,"89400eca-0a9b-4f36-98c1-32d54b64ae6d"
"3942",2024,"Kougarok","K6",1,"2024-06-04","Kara_Beer","Dakota_Walz","WIPT",1,0,0,1,"9:28","V",72,"44","50",NA,NA,"","936","GPS-003",868,"89400eca-0a9b-4f36-98c1-32d54b64ae6d"
"3943",2024,"Kougarok","K6",1,"2024-06-04","Kara_Beer","Dakota_Walz","WIPT",1,0,0,1,"9:30","V",72,NA,"0",NA,NA,"","937","GPS-003",869,"89400eca-0a9b-4f36-98c1-32d54b64ae6d"
"3944",2024,"Kougarok","K6",1,"2024-06-04","Kara_Beer","Dakota_Walz","WIPT",1,0,0,1,"9:31","V",72,NA,"0",NA,NA,"","938","GPS-003",870,"89400eca-0a9b-4f36-98c1-32d54b64ae6d"
"3945",2024,"Kougarok","K6",1,"2024-06-04","Kara_Beer","Dakota_Walz","WIPT",1,0,0,1,"9:33","V",72,NA,"0",NA,NA,"","939","GPS-003",871,"89400eca-0a9b-4f36-98c1-32d54b64ae6d"
"3946",2024,"Kougarok","K6",1,"2024-06-04","Kara_Beer","Dakota_Walz","WIPT",1,0,0,1,"9:34","V",73,NA,"0",NA,NA,"","940","GPS-003",872,"89400eca-0a9b-4f36-98c1-32d54b64ae6d"
"3947",2024,"Kougarok","K6",1,"2024-06-04","Kara_Beer","Dakota_Walz","WIPT",1,0,0,1,"9:36","V",73,NA,"0",NA,NA,"","941","GPS-003",873,"89400eca-0a9b-4f36-98c1-32d54b64ae6d"
"3948",2024,"Kougarok","K7",1,"2024-06-04","Kara_Beer","Dakota_Walz","WIPT",1,0,0,1,"9:40","V",73,"110","126",NA,NA,"","942","GPS-003",874,"57c8bac2-8a22-45ee-badf-51f4be8bbc01"
"3949",2024,"Kougarok","K7",1,"2024-06-04","Kara_Beer","Dakota_Walz","WIPT",1,0,0,1,"9:42","V",74,NA,"0",NA,NA,"","943","GPS-003",875,"57c8bac2-8a22-45ee-badf-51f4be8bbc01"
"3950",2024,"Kougarok","K7",1,"2024-06-04","Kara_Beer","Dakota_Walz","WIPT",1,0,0,1,"9:45","V",74,"105","96",NA,NA,"","944","GPS-003",876,"57c8bac2-8a22-45ee-badf-51f4be8bbc01"
"3951",2024,"Kougarok","K7",1,"2024-06-04","Kara_Beer","Dakota_Walz","LTJA",0,0,1,0,"9:48","V",74,"53","400",NA,NA,"","945","GPS-003",877,"57c8bac2-8a22-45ee-badf-51f4be8bbc01"
"3952",2024,"Kougarok","K7",1,"2024-06-04","Kara_Beer","Dakota_Walz","WIPT",1,0,0,1,"9:50","V",74,"62","27",NA,NA,"","946","GPS-003",878,"57c8bac2-8a22-45ee-badf-51f4be8bbc01"
"3953",2024,"Kougarok","K7",1,"2024-06-04","Kara_Beer","Dakota_Walz","WIPT",1,0,0,1,"9:51","V",74,"65","131",NA,NA,"","947","GPS-003",879,"57c8bac2-8a22-45ee-badf-51f4be8bbc01"
"3954",2024,"Kougarok","K7",1,"2024-06-04","Kara_Beer","Dakota_Walz","WIPT",1,0,0,1,"9:52","V",75,"130","52",NA,NA,"","948","GPS-003",880,"57c8bac2-8a22-45ee-badf-51f4be8bbc01"
"3955",2024,"Kougarok","K7",1,"2024-06-04","Kara_Beer","Dakota_Walz","WIPT",1,0,0,1,"9:56","V",75,NA,"0",NA,NA,"","949","GPS-003",881,"57c8bac2-8a22-45ee-badf-51f4be8bbc01"
"3956",2024,"Kougarok","K7",1,"2024-06-04","Kara_Beer","Dakota_Walz","WIPT",1,0,0,1,"9:59","V",75,NA,"0",NA,NA,"","950","GPS-003",882,"57c8bac2-8a22-45ee-badf-51f4be8bbc01"
"3957",2024,"Kougarok","K7",1,"2024-06-04","Kara_Beer","Dakota_Walz","WIPT",0,1,0,2,"10:02","V",76,NA,"0",NA,NA,"","951","GPS-003",883,"57c8bac2-8a22-45ee-badf-51f4be8bbc01"
"3958",2024,"Kougarok","K7",1,"2024-06-04","Kara_Beer","Dakota_Walz","WIPT",1,0,0,1,"10:05","V",76,NA,"0",NA,NA,"","952","GPS-003",884,"57c8bac2-8a22-45ee-badf-51f4be8bbc01"
"3959",2024,"Kougarok","K7",1,"2024-06-04","Kara_Beer","Dakota_Walz","WIPT",1,0,0,1,"10:07","V",77,NA,"0",NA,NA,"","953","GPS-003",885,"57c8bac2-8a22-45ee-badf-51f4be8bbc01"
"3960",2024,"Kougarok","K7",1,"2024-06-04","Kara_Beer","Dakota_Walz","WIPT",1,0,0,1,"10:10","V",77,NA,"0",NA,NA,"","954","GPS-003",886,"57c8bac2-8a22-45ee-badf-51f4be8bbc01"
"3961",2024,"Kougarok","K7",1,"2024-06-04","Kara_Beer","Dakota_Walz","WIPT",1,0,0,1,"10:10","V",77,"150","19",NA,NA,"","955","GPS-003",887,"57c8bac2-8a22-45ee-badf-51f4be8bbc01"
"3962",2024,"Kougarok","K7",1,"2024-06-04","Kara_Beer","Dakota_Walz","WIPT",1,0,0,1,"10:12","V",78,"70","76",NA,NA,"","956","GPS-003",888,"57c8bac2-8a22-45ee-badf-51f4be8bbc01"
"3963",2024,"Kougarok","K7",1,"2024-06-04","Kara_Beer","Dakota_Walz","WIPT",1,0,0,1,"10:15","V",78,"90","9",NA,NA,"","957","GPS-003",889,"57c8bac2-8a22-45ee-badf-51f4be8bbc01"
"3964",2024,"Kougarok","K7",1,"2024-06-04","Kara_Beer","Dakota_Walz","WIPT",1,0,0,1,"10:18","V",78,"81","78",NA,NA,"","958","GPS-003",890,"57c8bac2-8a22-45ee-badf-51f4be8bbc01"
"3965",2024,"Kougarok","K7",1,"2024-06-04","Kara_Beer","Dakota_Walz","WIPT",1,0,0,1,"10:19","V",79,NA,"0",NA,NA,"","959","GPS-003",891,"57c8bac2-8a22-45ee-badf-51f4be8bbc01"
"3966",2024,"Kougarok","K7",1,"2024-06-04","Kara_Beer","Dakota_Walz","WIPT",1,0,0,1,"10:21","V",79,"69","10",NA,NA,"","960","GPS-003",892,"57c8bac2-8a22-45ee-badf-51f4be8bbc01"
"3967",2024,"Kougarok","K7",1,"2024-06-04","Kara_Beer","Dakota_Walz","WISN",0,0,1,0,"10:22","V",80,NA,"0",NA,NA,"","961","GPS-003",893,"57c8bac2-8a22-45ee-badf-51f4be8bbc01"
"3968",2024,"Kougarok","K7",1,"2024-06-04","Kara_Beer","Dakota_Walz","WIPT",1,0,0,1,"10:27","V",80,NA,"0",NA,NA,"","962","GPS-003",894,"57c8bac2-8a22-45ee-badf-51f4be8bbc01"
"3969",2024,"Kougarok","K7",1,"2024-06-04","Kara_Beer","Dakota_Walz","WIPT",2,0,0,2,"10:31","V",80,NA,"0",NA,NA,"","963","GPS-003",895,"57c8bac2-8a22-45ee-badf-51f4be8bbc01"
"3970",2024,"Kougarok","K7",1,"2024-06-04","Kara_Beer","Dakota_Walz","WIPT",1,0,0,1,"10:33","V",81,NA,"0",NA,NA,"","964","GPS-003",896,"57c8bac2-8a22-45ee-badf-51f4be8bbc01"
"3971",2024,"Kougarok","K7",1,"2024-06-04","Kara_Beer","Dakota_Walz","WIPT",1,0,0,1,"10:35","V",81,NA,"0",NA,NA,"","965","GPS-003",897,"57c8bac2-8a22-45ee-badf-51f4be8bbc01"
"3972",2024,"Kougarok","K7",1,"2024-06-04","Kara_Beer","Dakota_Walz","WIPT",1,0,0,1,"10:37","V",81,"8","6",NA,NA,"","966","GPS-003",898,"57c8bac2-8a22-45ee-badf-51f4be8bbc01"
"3973",2024,"Kougarok","K7",1,"2024-06-04","Kara_Beer","Dakota_Walz","WIPT",2,0,0,2,"10:39","V",81,NA,"0",NA,NA,"","967","GPS-003",899,"57c8bac2-8a22-45ee-badf-51f4be8bbc01"
"3974",2024,"Kougarok","K7",1,"2024-06-04","Kara_Beer","Dakota_Walz","WIPT",1,0,0,1,"10:41","V",82,"60","49",NA,NA,"","968","GPS-003",900,"57c8bac2-8a22-45ee-badf-51f4be8bbc01"
"3975",2024,"Kougarok","K7",1,"2024-06-04","Kara_Beer","Dakota_Walz","WIPT",1,0,0,1,"10:42","V",82,"40","45",NA,NA,"","969","GPS-003",901,"57c8bac2-8a22-45ee-badf-51f4be8bbc01"
"3976",2024,"Kougarok","K7",1,"2024-06-04","Kara_Beer","Dakota_Walz","WIPT",1,0,0,1,"10:52","V",83,"330","44",NA,NA,"","970","GPS-003",902,"57c8bac2-8a22-45ee-badf-51f4be8bbc01"
"3977",2024,"Kougarok","K7",2,"2024-06-05","Kara_Beer","Dakota_Walz","WIPT",1,0,0,1,"7:33","V",82,"56","10",NA,NA,"","971","GPS-003",903,"b935a7cb-fb08-444e-a565-6fabc81734be"
"3978",2024,"Kougarok","K7",2,"2024-06-05","Kara_Beer","Dakota_Walz","WIPT",1,0,0,1,"7:38","V",82,"118","54",NA,NA,"","972","GPS-003",904,"b935a7cb-fb08-444e-a565-6fabc81734be"
"3979",2024,"Kougarok","K7",2,"2024-06-05","Kara_Beer","Dakota_Walz","WIPT",1,0,0,1,"7:43","V",79,NA,"0",NA,NA,"","973","GPS-003",905,"b935a7cb-fb08-444e-a565-6fabc81734be"
"3980",2024,"Kougarok","K7",2,"2024-06-05","Kara_Beer","Dakota_Walz","WIPT",1,0,0,1,"7:59","V",79,"280","12",NA,NA,"","974","GPS-003",906,"b935a7cb-fb08-444e-a565-6fabc81734be"
"3981",2024,"Kougarok","K7",2,"2024-06-05","Kara_Beer","Dakota_Walz","WIPT",1,0,0,1,"8:02","V",77,"290","21",NA,NA,"","975","GPS-004",907,"b935a7cb-fb08-444e-a565-6fabc81734be"
"3982",2024,"Kougarok","K7",2,"2024-06-05","Kara_Beer","Dakota_Walz","WIPT",1,0,0,1,"8:09","V",77,"90","24",NA,NA,"","976","GPS-003",908,"b935a7cb-fb08-444e-a565-6fabc81734be"
"3983",2024,"Kougarok","K7",2,"2024-06-05","Kara_Beer","Dakota_Walz","WIPT",1,0,0,1,"8:11","V",77,"121","20",NA,NA,"","977","GPS-003",909,"b935a7cb-fb08-444e-a565-6fabc81734be"
"3984",2024,"Kougarok","K7",2,"2024-06-05","Kara_Beer","Dakota_Walz","WIPT",1,0,0,1,"8:15","V",76,"122","30",NA,NA,"","978","GPS-003",910,"b935a7cb-fb08-444e-a565-6fabc81734be"
"3985",2024,"Kougarok","K7",2,"2024-06-05","Kara_Beer","Dakota_Walz","WIPT",1,0,0,1,"8:18","V",75,NA,"0",NA,NA,"","979","GPS-003",911,"b935a7cb-fb08-444e-a565-6fabc81734be"
"3986",2024,"Kougarok","K7",2,"2024-06-05","Kara_Beer","Dakota_Walz","WIPT",1,0,0,1,"8:26","V",73,NA,"0",NA,NA,"","980","GPS-003",912,"b935a7cb-fb08-444e-a565-6fabc81734be"
"3987",2024,"Kougarok","K6",2,"2024-06-05","Kara_Beer","Dakota_Walz","WIPT",1,0,0,1,"8:38","V",73,NA,"0",NA,NA,"","981","GPS-003",913,"0e0c8f83-41e5-4175-8852-1143a5aba2e1"
"3988",2024,"Kougarok","K6",2,"2024-06-05","Kara_Beer","Dakota_Walz","WIPT",1,0,0,1,"8:42","V",72,"130","39",NA,NA,"","982","GPS-003",914,"0e0c8f83-41e5-4175-8852-1143a5aba2e1"
"3989",2024,"Kougarok","K6",2,"2024-06-05","Kara_Beer","Dakota_Walz","WIPT",1,0,0,1,"8:46","V",72,"0","38",NA,NA,"","983","GPS-003",915,"0e0c8f83-41e5-4175-8852-1143a5aba2e1"
"3990",2024,"Kougarok","K6",2,"2024-06-05","Kara_Beer","Dakota_Walz","WIPT",1,0,0,1,"8:50","V",72,"110","85",NA,NA,"","984","GPS-003",916,"0e0c8f83-41e5-4175-8852-1143a5aba2e1"
"3991",2024,"Kougarok","K6",2,"2024-06-05","Kara_Beer","Dakota_Walz","SEOW",0,0,1,0,"8:50","V",71,"310","110",NA,NA,"","985","GPS-003",917,"0e0c8f83-41e5-4175-8852-1143a5aba2e1"
"3992",2024,"Kougarok","K6",2,"2024-06-05","Kara_Beer","Dakota_Walz","NOHA",0,0,1,0,"8:55","V",68,NA,"0",NA,NA,"","986","GPS-003",918,"0e0c8f83-41e5-4175-8852-1143a5aba2e1"
"3993",2024,"Kougarok","K6",2,"2024-06-05","Kara_Beer","Dakota_Walz","WISN",0,0,1,0,"9:04","V",68,"280","48",NA,NA,"","987","GPS-003",919,"0e0c8f83-41e5-4175-8852-1143a5aba2e1"
"3994",2024,"Kougarok","K6",2,"2024-06-05","Kara_Beer","Dakota_Walz","GOPL",0,0,1,0,"9:06","V",66,"65","111",NA,NA,"","988","GPS-003",920,"0e0c8f83-41e5-4175-8852-1143a5aba2e1"
"3995",2024,"Kougarok","K6",2,"2024-06-05","Kara_Beer","Dakota_Walz","LTJA",0,0,1,0,"9:18","V",63,"260","105",NA,NA,"","989","GPS-003",921,"0e0c8f83-41e5-4175-8852-1143a5aba2e1"
"3996",2024,"Kougarok","K5",2,"2024-06-05","Kara_Beer","Dakota_Walz","WISN",0,0,1,0,"9:31","A",63,"210","25",NA,NA,"","990","GPS-003",922,"8fc4f391-0350-4b6e-809f-a5d15ce4a225"
"3997",2024,"Kougarok","K5",2,"2024-06-05","Kara_Beer","Dakota_Walz","SSHA",0,0,1,0,"9:36","V",63,NA,"0",NA,NA,"","991","GPS-003",923,"8fc4f391-0350-4b6e-809f-a5d15ce4a225"
"3998",2024,"Kougarok","K5",2,"2024-06-05","Kara_Beer","Dakota_Walz","SSHA",0,0,1,0,"9:38","V",63,NA,"0",NA,NA,"","992","GPS-003",924,"8fc4f391-0350-4b6e-809f-a5d15ce4a225"
"3999",2024,"Kougarok","K5",2,"2024-06-05","Kara_Beer","Dakota_Walz","SSHA",0,0,1,0,"9:40","V",63,NA,"0",NA,NA,"","993","GPS-003",925,"8fc4f391-0350-4b6e-809f-a5d15ce4a225"
"4000",2024,"Kougarok","K5",2,"2024-06-05","Kara_Beer","Dakota_Walz","LTJA",0,0,2,0,"9:42","V",60,"280","40",NA,NA,"","994","GPS-003",926,"8fc4f391-0350-4b6e-809f-a5d15ce4a225"
"4001",2024,"Kougarok","K5",2,"2024-06-05","Kara_Beer","Dakota_Walz","LTJA",0,0,1,0,"9:49","V",59,"110","10",NA,NA,"","995","GPS-003",927,"8fc4f391-0350-4b6e-809f-a5d15ce4a225"
"4002",2024,"Kougarok","K5",2,"2024-06-05","Kara_Beer","Dakota_Walz","SSHA",0,0,1,0,"9:54","V",59,NA,"0",NA,NA,"","996","GPS-003",928,"8fc4f391-0350-4b6e-809f-a5d15ce4a225"
"4003",2024,"Kougarok","K5",2,"2024-06-05","Kara_Beer","Dakota_Walz","SSHA",0,0,1,0,"9:56","V",59,NA,"0",NA,NA,"","997","GPS-003",929,"8fc4f391-0350-4b6e-809f-a5d15ce4a225"
"4004",2024,"Kougarok","K5",2,"2024-06-05","Kara_Beer","Dakota_Walz","WISN",0,0,1,0,"9:57","A",58,NA,"0",NA,NA,"","998","GPS-003",930,"8fc4f391-0350-4b6e-809f-a5d15ce4a225"
"4005",2024,"Kougarok","K5",2,"2024-06-05","Kara_Beer","Dakota_Walz","SSHA",0,0,1,0,"10:01","V",57,NA,"0",NA,NA,"","999","GPS-003",931,"8fc4f391-0350-4b6e-809f-a5d15ce4a225"
"4006",2024,"Kougarok","K5",2,"2024-06-05","Kara_Beer","Dakota_Walz","WIPT",1,1,0,3,"10:04","V",57,NA,"0",NA,NA,"","1000","GPS-003",932,"8fc4f391-0350-4b6e-809f-a5d15ce4a225"
"4007",2024,"Kougarok","K5",2,"2024-06-05","Kara_Beer","Dakota_Walz","WIPT",1,0,0,1,"10:08","V",56,"112","78",NA,NA,"","1001","GPS-003",933,"8fc4f391-0350-4b6e-809f-a5d15ce4a225"
"4008",2024,"Kougarok","K5",2,"2024-06-05","Kara_Beer","Dakota_Walz","WIPT",1,0,0,1,"10:11","V",55,"122","145",NA,NA,"","1002","GPS-003",934,"8fc4f391-0350-4b6e-809f-a5d15ce4a225"
"4009",2024,"Kougarok","K5",2,"2024-06-05","Kara_Beer","Dakota_Walz","WIPT",1,0,0,1,"10:16","V",54,"109","93",NA,NA,"","1003","GPS-003",935,"8fc4f391-0350-4b6e-809f-a5d15ce4a225"
"4010",2024,"Council","C2",2,"2024-06-12","Kara_Beer","Dakota_Walz","ROPT",1,0,0,1,"9:51","V",50,"150","112",NA,NA,"","1004","GPS-003",936,"69944d49-bba4-4f44-a8f8-39254f4abca6"
"4011",2024,"Council","C2",2,"2024-06-12","Kara_Beer","Dakota_Walz","WISN",0,0,1,0,"10:08","A",48,"80","80",NA,NA,"","1005","GPS-003",937,"69944d49-bba4-4f44-a8f8-39254f4abca6"
"4012",2025,"Kougarok","K1",1,"2025-05-13","Michael_Henderson","Kara_Beer","WIPT",1,0,0,1,"07:06","V",13,"30","27",NA,NA,"","2025-001","GPS-003",4,"bf13947e-1d55-42ee-bf00-79f631ee0034"
"4013",2025,"Kougarok","K1",1,"2025-05-13","Michael_Henderson","Kara_Beer","WIPT",1,0,0,1,"07:19","V",13,"89","200",NA,NA,"","001","GPS-003",5,"bf13947e-1d55-42ee-bf00-79f631ee0034"
"4014",2025,"Kougarok","K1",1,"2025-05-13","Michael_Henderson","Kara_Beer","WIPT",2,0,0,2,"07:23","V",14,"70","499",NA,NA,"","002","GPS-003",6,"bf13947e-1d55-42ee-bf00-79f631ee0034"
"4015",2025,"Kougarok","K1",1,"2025-05-13","Michael_Henderson","Kara_Beer","WIPT",1,0,0,1,"07:26","V",14,"70","165",NA,NA,"","003","GPS-003",7,"bf13947e-1d55-42ee-bf00-79f631ee0034"
"4016",2025,"Kougarok","K1",1,"2025-05-13","Michael_Henderson","Kara_Beer","WISN",0,0,1,0,"07:27","A",14,NA,"0",NA,NA,"","004","GPS-003",8,"bf13947e-1d55-42ee-bf00-79f631ee0034"
"4017",2025,"Kougarok","K1",1,"2025-05-13","Michael_Henderson","Kara_Beer","WIPT",1,0,0,1,"07:29","V",14,"93","335",NA,NA,"","005","GPS-003",9,"bf13947e-1d55-42ee-bf00-79f631ee0034"
"4018",2025,"Kougarok","K1",1,"2025-05-13","Michael_Henderson","Kara_Beer","WIPT",1,0,0,1,"07:31","V",14,"123","295",NA,NA,"","006","GPS-003",10,"bf13947e-1d55-42ee-bf00-79f631ee0034"
"4019",2025,"Kougarok","K1",1,"2025-05-13","Michael_Henderson","Kara_Beer","WIPT",1,0,0,1,"07:33","V",15,NA,"0",NA,NA,"","007","GPS-003",11,"bf13947e-1d55-42ee-bf00-79f631ee0034"
"4020",2025,"Kougarok","K1",1,"2025-05-13","Michael_Henderson","Kara_Beer","WIPT",1,0,0,1,"07:36","V",15,"141","335",NA,NA,"","008","GPS-003",12,"bf13947e-1d55-42ee-bf00-79f631ee0034"
"4021",2025,"Kougarok","K1",1,"2025-05-13","Michael_Henderson","Kara_Beer","WIPT",1,0,0,1,"07:41","V",15,"90","622",NA,NA,"","009","GPS-003",13,"bf13947e-1d55-42ee-bf00-79f631ee0034"
"4022",2025,"Kougarok","K1",1,"2025-05-13","Michael_Henderson","Kara_Beer","WIPT",1,0,0,1,"07:43","A",15,"21","10",NA,NA,"","010","GPS-003",14,"bf13947e-1d55-42ee-bf00-79f631ee0034"
"4023",2025,"Kougarok","K1",1,"2025-05-13","Michael_Henderson","Kara_Beer","WIPT",1,0,0,1,"07:45","V",15,"42","251",NA,NA,"","011","GPS-003",15,"bf13947e-1d55-42ee-bf00-79f631ee0034"
"4024",2025,"Kougarok","K1",1,"2025-05-13","Michael_Henderson","Kara_Beer","WIPT",1,0,0,1,"07:46","V",15,NA,"0",NA,NA,"","012","GPS-003",16,"bf13947e-1d55-42ee-bf00-79f631ee0034"
"4025",2025,"Kougarok","K1",1,"2025-05-13","Michael_Henderson","Kara_Beer","WIPT",1,0,0,1,"07:47","V",15,"21","159",NA,NA,"","013","GPS-003",17,"bf13947e-1d55-42ee-bf00-79f631ee0034"
"4026",2025,"Kougarok","K1",1,"2025-05-13","Michael_Henderson","Kara_Beer","WIPT",1,0,0,1,"07:50","V",16,"78","177",NA,NA,"014","015","GPS-003",18,"bf13947e-1d55-42ee-bf00-79f631ee0034"
"4027",2025,"Kougarok","K1",1,"2025-05-13","Michael_Henderson","Kara_Beer","WISN",0,0,1,0,"07:54","A",16,"79","10",NA,NA,"","015","GPS-003",19,"bf13947e-1d55-42ee-bf00-79f631ee0034"
"4028",2025,"Kougarok","K1",1,"2025-05-13","Michael_Henderson","Kara_Beer","WIPT",1,0,0,1,"07:59","V",17,NA,"0",NA,NA,"","017","GPS-003",20,"bf13947e-1d55-42ee-bf00-79f631ee0034"
"4029",2025,"Kougarok","K1",1,"2025-05-13","Michael_Henderson","Kara_Beer","WIPT",1,0,0,1,"08:02","V",17,"61","45",NA,NA,"","017","GPS-003",21,"bf13947e-1d55-42ee-bf00-79f631ee0034"
"4030",2025,"Kougarok","K1",1,"2025-05-13","Michael_Henderson","Kara_Beer","WIPT",1,0,0,1,"08:04","V",17,"43","18",NA,NA,"","018","GPS-003",22,"bf13947e-1d55-42ee-bf00-79f631ee0034"
"4031",2025,"Kougarok","K1",1,"2025-05-13","Michael_Henderson","Kara_Beer","WIPT",1,0,0,1,"08:06","V",18,"100","38",NA,NA,"","019","GPS-003",23,"bf13947e-1d55-42ee-bf00-79f631ee0034"
"4032",2025,"Kougarok","K1",1,"2025-05-13","Michael_Henderson","Kara_Beer","WIPT",1,0,0,1,"08:07","V",18,NA,"0",NA,NA,"","020","GPS-003",24,"bf13947e-1d55-42ee-bf00-79f631ee0034"
"4033",2025,"Kougarok","K1",1,"2025-05-13","Michael_Henderson","Kara_Beer","WIPT",1,0,0,1,"08:14","V",19,"140","48",NA,NA,"","021","GPS-003",25,"bf13947e-1d55-42ee-bf00-79f631ee0034"
"4034",2025,"Kougarok","K1",1,"2025-05-13","Michael_Henderson","Kara_Beer","WISN",0,0,1,0,"08:15","A",19,"140","50",NA,NA,"","022","GPS-003",26,"bf13947e-1d55-42ee-bf00-79f631ee0034"
"4035",2025,"Kougarok","K1",1,"2025-05-13","Michael_Henderson","Kara_Beer","WIPT",1,0,0,1,"08:18","V",20,"41","68",NA,NA,"","023","GPS-003",27,"bf13947e-1d55-42ee-bf00-79f631ee0034"
"4036",2025,"Kougarok","K1",1,"2025-05-13","Michael_Henderson","Kara_Beer","WIPT",1,0,0,1,"08:20","V",20,"52","321",NA,NA,"","024","GPS-003",28,"bf13947e-1d55-42ee-bf00-79f631ee0034"
"4037",2025,"Kougarok","K1",1,"2025-05-13","Michael_Henderson","Kara_Beer","WIPT",1,0,0,1,"08:21","V",20,NA,"0",NA,NA,"","025","GPS-003",29,"bf13947e-1d55-42ee-bf00-79f631ee0034"
"4038",2025,"Kougarok","K1",1,"2025-05-13","Michael_Henderson","Kara_Beer","WIPT",1,0,0,1,"08:22","V",20,"90","42",NA,NA,"","026","GPS-003",30,"bf13947e-1d55-42ee-bf00-79f631ee0034"
"4039",2025,"Kougarok","K1",1,"2025-05-13","Michael_Henderson","Kara_Beer","WIPT",1,0,0,1,"08:27","A",21,"90","15",NA,NA,"","027","GPS-003",31,"bf13947e-1d55-42ee-bf00-79f631ee0034"
"4040",2025,"Kougarok","K1",1,"2025-05-13","Michael_Henderson","Kara_Beer","WIPT",1,0,0,1,"08:33","V",22,"83","17",NA,NA,"","028","GPS-003",32,"bf13947e-1d55-42ee-bf00-79f631ee0034"
"4041",2025,"Kougarok","K1",1,"2025-05-13","Michael_Henderson","Kara_Beer","WISN",0,0,1,0,"08:34","A",22,"90","50",NA,NA,"","029","GPS-003",33,"bf13947e-1d55-42ee-bf00-79f631ee0034"
"4042",2025,"Kougarok","K1",1,"2025-05-13","Michael_Henderson","Kara_Beer","WIPT",1,0,0,1,"08:38","V",22,"80","181",NA,NA,"","030","GPS-003",34,"bf13947e-1d55-42ee-bf00-79f631ee0034"
"4043",2025,"Kougarok","K2",1,"2025-05-13","Michael_Henderson","Kara_Beer","WIPT",2,0,0,2,"08:42","V",23,"80","83",NA,NA,"","31","GPS-003",35,"070e0874-e2a6-443d-83a9-ca0f51ab4701"
"4044",2025,"Kougarok","K2",1,"2025-05-13","Michael_Henderson","Kara_Beer","WIPT",2,0,0,2,"08:57","V",26,"30","348",NA,NA,"","032","GPS-003",36,"070e0874-e2a6-443d-83a9-ca0f51ab4701"
"4045",2025,"Kougarok","K2",1,"2025-05-13","Michael_Henderson","Kara_Beer","WIPT",1,0,0,1,"08:58","V",26,NA,"0",NA,NA,"","033","GPS-003",37,"070e0874-e2a6-443d-83a9-ca0f51ab4701"
"4046",2025,"Kougarok","K2",1,"2025-05-13","Michael_Henderson","Kara_Beer","WIPT",1,0,0,1,"09:02","V",26,"70","79",NA,NA,"","034","GPS-003",38,"070e0874-e2a6-443d-83a9-ca0f51ab4701"
"4047",2025,"Kougarok","K2",1,"2025-05-13","Michael_Henderson","Kara_Beer","WIPT",1,0,0,1,"09:03","V",26,"159","49",NA,NA,"","035","GPS-003",39,"070e0874-e2a6-443d-83a9-ca0f51ab4701"
"4048",2025,"Kougarok","K2",1,"2025-05-13","Michael_Henderson","Kara_Beer","WIPT",1,0,0,1,"09:04","V",26,"60","76",NA,NA,"","036","GPS-003",40,"070e0874-e2a6-443d-83a9-ca0f51ab4701"
"4049",2025,"Kougarok","K2",1,"2025-05-13","Michael_Henderson","Kara_Beer","ROPT",1,1,0,3,"09:06","V",27,"40","49",NA,NA,"","037","GPS-003",41,"070e0874-e2a6-443d-83a9-ca0f51ab4701"
"4050",2025,"Kougarok","K2",1,"2025-05-13","Michael_Henderson","Kara_Beer","WIPT",1,0,0,1,"09:08","V",27,"142","66",NA,NA,"","038","GPS-003",42,"070e0874-e2a6-443d-83a9-ca0f51ab4701"
"4051",2025,"Kougarok","K2",1,"2025-05-13","Michael_Henderson","Kara_Beer","WIPT",1,0,0,1,"09:10","V",27,"133","18",NA,NA,"","039","GPS-003",43,"070e0874-e2a6-443d-83a9-ca0f51ab4701"
"4052",2025,"Kougarok","K2",1,"2025-05-13","Michael_Henderson","Kara_Beer","WIPT",1,0,0,1,"09:13","V",27,"150","317",NA,NA,"","040","GPS-003",44,"070e0874-e2a6-443d-83a9-ca0f51ab4701"
"4053",2025,"Kougarok","K2",1,"2025-05-13","Michael_Henderson","Kara_Beer","WIPT",1,0,0,1,"09:14","V",27,"143","26",NA,NA,"","041","GPS-003",45,"070e0874-e2a6-443d-83a9-ca0f51ab4701"
"4054",2025,"Kougarok","K2",1,"2025-05-13","Michael_Henderson","Kara_Beer","NOHA",1,0,0,1,"09:14","V",27,NA,"0",NA,NA,"","042","GPS-003",46,"070e0874-e2a6-443d-83a9-ca0f51ab4701"
"4055",2025,"Kougarok","K2",1,"2025-05-13","Michael_Henderson","Kara_Beer","WIPT",1,0,0,1,"09:16","V",28,"38","77",NA,NA,"","043","GPS-003",47,"070e0874-e2a6-443d-83a9-ca0f51ab4701"
"4056",2025,"Kougarok","K2",1,"2025-05-13","Michael_Henderson","Kara_Beer","WIPT",1,0,0,1,"09:18","V",28,"119","76",NA,NA,"","044","GPS-003",48,"070e0874-e2a6-443d-83a9-ca0f51ab4701"
"4057",2025,"Kougarok","K2",1,"2025-05-13","Michael_Henderson","Kara_Beer","WIPT",1,0,0,1,"09:20","V",28,"131","180",NA,NA,"","045","GPS-003",49,"070e0874-e2a6-443d-83a9-ca0f51ab4701"
"4058",2025,"Kougarok","K2",1,"2025-05-13","Michael_Henderson","Kara_Beer","WIPT",0,1,0,2,"09:22","V",28,NA,"0",NA,NA,"","046","GPS-003",50,"070e0874-e2a6-443d-83a9-ca0f51ab4701"
"4059",2025,"Kougarok","K2",1,"2025-05-13","Michael_Henderson","Kara_Beer","AGSQ",0,0,1,0,"09:24","V",29,NA,"0",NA,NA,"","047","GPS-003",51,"070e0874-e2a6-443d-83a9-ca0f51ab4701"
"4060",2025,"Kougarok","K2",1,"2025-05-13","Michael_Henderson","Kara_Beer","WIPT",1,1,0,3,"09:27","V",29,NA,"0",NA,NA,"","048","GPS-003",52,"070e0874-e2a6-443d-83a9-ca0f51ab4701"
"4061",2025,"Kougarok","K2",1,"2025-05-13","Michael_Henderson","Kara_Beer","WIPT",1,1,0,3,"09:28","V",29,"80","27",NA,NA,"","049","GPS-003",53,"070e0874-e2a6-443d-83a9-ca0f51ab4701"
"4062",2025,"Kougarok","K2",1,"2025-05-13","Michael_Henderson","Kara_Beer","WIPT",1,0,0,1,"09:30","V",29,"44","171",NA,NA,"","050","GPS-003",54,"070e0874-e2a6-443d-83a9-ca0f51ab4701"
"4063",2025,"Kougarok","K2",1,"2025-05-13","Michael_Henderson","Kara_Beer","WIPT",1,0,0,1,"09:33","V",29,"60","152",NA,NA,"","051","GPS-003",55,"070e0874-e2a6-443d-83a9-ca0f51ab4701"
"4064",2025,"Kougarok","K2",1,"2025-05-13","Michael_Henderson","Kara_Beer","WISN",0,0,1,0,"09:34","A",29,"120","75",NA,NA,"","052","GPS-003",56,"070e0874-e2a6-443d-83a9-ca0f51ab4701"
"4065",2025,"Kougarok","K2",1,"2025-05-13","Michael_Henderson","Kara_Beer","WIPT",1,0,0,1,"09:35","V",29,"73","122",NA,NA,"","053","GPS-003",57,"070e0874-e2a6-443d-83a9-ca0f51ab4701"
"4066",2025,"Kougarok","K2",1,"2025-05-13","Michael_Henderson","Kara_Beer","WIPT",1,0,0,1,"09:36","V",29,"108","178",NA,NA,"","054","GPS-003",58,"070e0874-e2a6-443d-83a9-ca0f51ab4701"
"4067",2025,"Kougarok","K2",1,"2025-05-13","Michael_Henderson","Kara_Beer","WIPT",1,0,0,1,"09:37","V",30,"60","20",NA,NA,"","055","GPS-003",59,"070e0874-e2a6-443d-83a9-ca0f51ab4701"
"4068",2025,"Kougarok","K2",1,"2025-05-13","Michael_Henderson","Kara_Beer","WIPT",1,0,0,1,"09:40","V",30,"50","46",NA,NA,"","056","GPS-003",60,"070e0874-e2a6-443d-83a9-ca0f51ab4701"
"4069",2025,"Kougarok","K2",1,"2025-05-13","Michael_Henderson","Kara_Beer","WIPT",1,0,0,1,"09:42","V",30,"68","266",NA,NA,"","57","GPS-003",61,"070e0874-e2a6-443d-83a9-ca0f51ab4701"
"4070",2025,"Kougarok","K2",1,"2025-05-13","Michael_Henderson","Kara_Beer","WIPT",1,0,0,1,"09:43","V",30,"140","21",NA,NA,"","058","GPS-003",62,"070e0874-e2a6-443d-83a9-ca0f51ab4701"
"4071",2025,"Kougarok","K2",1,"2025-05-13","Michael_Henderson","Kara_Beer","WIPT",1,0,0,1,"09:44","V",30,"75","254",NA,NA,"","059","GPS-003",63,"070e0874-e2a6-443d-83a9-ca0f51ab4701"
"4072",2025,"Kougarok","K2",1,"2025-05-13","Michael_Henderson","Kara_Beer","WIPT",1,0,0,1,"09:49","V",31,"62","26",NA,NA,"","060","GPS-003",64,"070e0874-e2a6-443d-83a9-ca0f51ab4701"
"4073",2025,"Kougarok","K2",1,"2025-05-13","Michael_Henderson","Kara_Beer","WIPT",1,0,0,1,"09:50","V",31,"70","27",NA,NA,"","061","GPS-003",65,"070e0874-e2a6-443d-83a9-ca0f51ab4701"
"4074",2025,"Kougarok","K2",1,"2025-05-13","Michael_Henderson","Kara_Beer","WISN",0,0,1,0,"09:50","A",31,"60","20",NA,NA,"","062","GPS-003",66,"070e0874-e2a6-443d-83a9-ca0f51ab4701"
"4075",2025,"Kougarok","K2",1,"2025-05-13","Michael_Henderson","Kara_Beer","AGSQ",0,0,1,0,"09:51","V",31,"50","107",NA,NA,"","063","GPS-003",67,"070e0874-e2a6-443d-83a9-ca0f51ab4701"
"4076",2025,"Kougarok","K2",1,"2025-05-13","Michael_Henderson","Kara_Beer","WIPT",1,0,0,1,"09:55","V",32,"110","19",NA,NA,"","064","GPS-003",68,"070e0874-e2a6-443d-83a9-ca0f51ab4701"
"4077",2025,"Kougarok","K2",1,"2025-05-13","Michael_Henderson","Kara_Beer","WIPT",1,0,0,1,"09:56","V",32,"75","21",NA,NA,"","065","GPS-003",69,"070e0874-e2a6-443d-83a9-ca0f51ab4701"
"4078",2025,"Kougarok","K2",1,"2025-05-13","Michael_Henderson","Kara_Beer","WIPT",1,0,0,1,"10:01","V",33,"58","54",NA,NA,"","066","GPS-003",70,"070e0874-e2a6-443d-83a9-ca0f51ab4701"
"4079",2025,"Kougarok","K3",1,"2025-05-13","Michael_Henderson","Kara_Beer","WIPT",1,1,0,3,"10:05","V",33,NA,"0",NA,NA,"","067","GPS-003",71,"5f7602fd-5ff8-43a6-b888-24365134f7c3"
"4080",2025,"Kougarok","K3",1,"2025-05-13","Michael_Henderson","Kara_Beer","WIPT",1,0,0,1,"10:11","V",33,"50","40",NA,NA,"","068","GPS-003",72,"5f7602fd-5ff8-43a6-b888-24365134f7c3"
"4081",2025,"Kougarok","K3",1,"2025-05-13","Michael_Henderson","Kara_Beer","WIPT",1,0,0,1,"10:14","V",33,"64","75",NA,NA,"","069","GPS-003",73,"5f7602fd-5ff8-43a6-b888-24365134f7c3"
"4082",2025,"Kougarok","K3",1,"2025-05-13","Michael_Henderson","Kara_Beer","WIPT",1,0,0,1,"10:18","V",35,"120","42",NA,NA,"070","070","GPS-003",74,"5f7602fd-5ff8-43a6-b888-24365134f7c3"
"4083",2025,"Kougarok","K3",1,"2025-05-13","Michael_Henderson","Kara_Beer","WIPT",1,0,0,1,"10:19","V",35,"110","250",NA,NA,"","071","GPS-003",75,"5f7602fd-5ff8-43a6-b888-24365134f7c3"
"4084",2025,"Kougarok","K3",1,"2025-05-13","Michael_Henderson","Kara_Beer","WIPT",1,0,0,1,"10:26","V",36,"110","14",NA,NA,"","072","GPS-003",76,"5f7602fd-5ff8-43a6-b888-24365134f7c3"
"4085",2025,"Kougarok","K3",1,"2025-05-13","Michael_Henderson","Kara_Beer","WISN",0,0,1,0,"10:28","A",36,"31","10",NA,NA,"","073","GPS-003",77,"5f7602fd-5ff8-43a6-b888-24365134f7c3"
"4086",2025,"Kougarok","K3",1,"2025-05-13","Michael_Henderson","Kara_Beer","WISN",0,0,2,0,"10:32","V",35,"58","200",NA,NA,"","074","GPS-003",78,"5f7602fd-5ff8-43a6-b888-24365134f7c3"
"4087",2025,"Kougarok","K3",1,"2025-05-13","Michael_Henderson","Kara_Beer","WIPT",1,0,0,1,"10:37","V",35,"120","7",NA,NA,"","075","GPS-003",79,"5f7602fd-5ff8-43a6-b888-24365134f7c3"
"4088",2025,"Kougarok","K3",1,"2025-05-13","Michael_Henderson","Kara_Beer","WIPT",1,0,0,1,"10:40","V",35,"100","135",NA,NA,"","076","GPS-003",80,"5f7602fd-5ff8-43a6-b888-24365134f7c3"
"4089",2025,"Kougarok","K3",1,"2025-05-13","Michael_Henderson","Kara_Beer","WIPT",2,0,0,2,"10:41","V",38,"90","200",NA,NA,"","077","GPS-003",81,"5f7602fd-5ff8-43a6-b888-24365134f7c3"
"4090",2025,"Kougarok","K3",1,"2025-05-13","Michael_Henderson","Kara_Beer","WIPT",1,0,0,1,"10:46","V",38,"52","32",NA,NA,"","078","GPS-003",82,"5f7602fd-5ff8-43a6-b888-24365134f7c3"
"4091",2025,"Kougarok","K3",1,"2025-05-13","Michael_Henderson","Kara_Beer","WIPT",1,1,0,3,"10:47","V",38,"120","15",NA,NA,"","079","GPS-003",83,"5f7602fd-5ff8-43a6-b888-24365134f7c3"
"4092",2025,"Kougarok","K3",1,"2025-05-13","Michael_Henderson","Kara_Beer","WIPT",1,0,0,1,"10:48","V",39,"60","14",NA,NA,"","080","GPS-003",84,"5f7602fd-5ff8-43a6-b888-24365134f7c3"
"4093",2025,"Kougarok","K3",1,"2025-05-13","Michael_Henderson","Kara_Beer","WIPT",1,0,0,1,"10:49","V",39,"130","11",NA,NA,"","081","GPS-003",85,"5f7602fd-5ff8-43a6-b888-24365134f7c3"
"4094",2025,"Kougarok","K3",1,"2025-05-13","Michael_Henderson","Kara_Beer","WIPT",0,1,0,2,"10:50","V",39,"100","2",NA,NA,"","082","GPS-003",86,"5f7602fd-5ff8-43a6-b888-24365134f7c3"
"4095",2025,"Kougarok","K3",1,"2025-05-13","Michael_Henderson","Kara_Beer","WIPT",1,0,0,1,"10:53","V",39,"38","102",NA,NA,"","083","GPS-003",87,"5f7602fd-5ff8-43a6-b888-24365134f7c3"
"4096",2025,"Kougarok","K3",1,"2025-05-13","Michael_Henderson","Kara_Beer","WIPT",1,0,0,1,"10:55","V",39,"42","292",NA,NA,"","084","GPS-003",88,"5f7602fd-5ff8-43a6-b888-24365134f7c3"
"4097",2025,"Kougarok","K3",1,"2025-05-13","Michael_Henderson","Kara_Beer","WIPT",1,0,0,1,"10:56","V",40,"31","61",NA,NA,"","085","GPS-003",89,"5f7602fd-5ff8-43a6-b888-24365134f7c3"
"4098",2025,"Kougarok","K3",1,"2025-05-13","Michael_Henderson","Kara_Beer","WISN",0,0,1,0,"10:57","A",40,"100","40",NA,NA,"","086","GPS-003",90,"5f7602fd-5ff8-43a6-b888-24365134f7c3"
"4099",2025,"Kougarok","K3",1,"2025-05-13","Michael_Henderson","Kara_Beer","WIPT",1,0,0,1,"10:58","V",40,"110","37",NA,NA,"","087","GPS-003",91,"5f7602fd-5ff8-43a6-b888-24365134f7c3"
"4100",2025,"Kougarok","K3",1,"2025-05-13","Michael_Henderson","Kara_Beer","WIPT",1,0,0,1,"11:01","V",40,"110","7",NA,NA,"","088","GPS-003",92,"5f7602fd-5ff8-43a6-b888-24365134f7c3"
"4101",2025,"Kougarok","K3",1,"2025-05-13","Michael_Henderson","Kara_Beer","WIPT",1,0,0,1,"11:04","V",40,"40","24",NA,NA,"","089","GPS-003",93,"5f7602fd-5ff8-43a6-b888-24365134f7c3"
"4102",2025,"Kougarok","K3",1,"2025-05-13","Michael_Henderson","Kara_Beer","WIPT",1,1,0,3,"11:05","V",40,"58","11",NA,NA,"","090","GPS-003",94,"5f7602fd-5ff8-43a6-b888-24365134f7c3"
"4103",2025,"Kougarok","K3",1,"2025-05-13","Michael_Henderson","Kara_Beer","WIPT",1,0,0,1,"11:10","V",40,NA,"0",NA,NA,"","091","GPS-003",95,"5f7602fd-5ff8-43a6-b888-24365134f7c3"
"4104",2025,"Kougarok","K3",1,"2025-05-13","Michael_Henderson","Kara_Beer","WIPT",1,0,0,1,"11:16","V",42,"60","219",NA,NA,"","092","GPS-003",96,"5f7602fd-5ff8-43a6-b888-24365134f7c3"
"4105",2025,"Kougarok","K3",1,"2025-05-13","Michael_Henderson","Kara_Beer","NOHA",1,1,0,3,"11:21","V",42,"50","150",NA,NA,"","093","GPS-003",97,"5f7602fd-5ff8-43a6-b888-24365134f7c3"
"4106",2025,"Kougarok","K3",1,"2025-05-13","Michael_Henderson","Kara_Beer","WIPT",1,0,0,1,"11:21","V",42,"60","180",NA,NA,"","094","GPS-003",98,"5f7602fd-5ff8-43a6-b888-24365134f7c3"
"4107",2025,"Teller","T1",1,"2025-05-14","Kara_Beer","Michael_Henderson","WIPT",1,0,0,1,"06:30","V",8,"140","240",NA,NA,"","95","GPS-003",99,"e8afc9b1-2c3a-4920-913a-39338fd7d69a"
"4108",2025,"Teller","T1",1,"2025-05-14","Kara_Beer","Michael_Henderson","WIPT",1,0,0,1,"06:43","V",9,"150","213",NA,NA,"","96","GPS-003",100,"e8afc9b1-2c3a-4920-913a-39338fd7d69a"
"4109",2025,"Teller","T1",1,"2025-05-14","Kara_Beer","Michael_Henderson","WIPT",1,0,0,1,"06:45","V",9,NA,"0",NA,NA,"","97","GPS-003",101,"e8afc9b1-2c3a-4920-913a-39338fd7d69a"
"4110",2025,"Teller","T1",1,"2025-05-14","Kara_Beer","Michael_Henderson","WIPT",1,0,0,1,"06:48","V",9,"43","10",NA,NA,"","98","GPS-003",102,"e8afc9b1-2c3a-4920-913a-39338fd7d69a"
"4111",2025,"Teller","T1",1,"2025-05-14","Kara_Beer","Michael_Henderson","WISN",0,0,1,0,"06:49","A",9,"80","10",NA,NA,"","99","GPS-003",103,"e8afc9b1-2c3a-4920-913a-39338fd7d69a"
"4112",2025,"Teller","T1",1,"2025-05-14","Kara_Beer","Michael_Henderson","WIPT",1,0,0,1,"06:50","V",9,"150","214",NA,NA,"","100","GPS-003",104,"e8afc9b1-2c3a-4920-913a-39338fd7d69a"
"4113",2025,"Teller","T1",1,"2025-05-14","Kara_Beer","Michael_Henderson","WIPT",1,0,0,1,"06:53","V",10,"29","114",NA,NA,"","101","GPS-003",105,"e8afc9b1-2c3a-4920-913a-39338fd7d69a"
"4114",2025,"Teller","T1",1,"2025-05-14","Kara_Beer","Michael_Henderson","WIPT",1,0,0,1,"06:55","V",10,NA,"0",NA,NA,"","102","GPS-003",106,"e8afc9b1-2c3a-4920-913a-39338fd7d69a"
"4115",2025,"Teller","T1",1,"2025-05-14","Kara_Beer","Michael_Henderson","NOHA",1,0,0,1,"06:55","V",10,"38","77",NA,NA,"","102","GPS-003",107,"e8afc9b1-2c3a-4920-913a-39338fd7d69a"
"4116",2025,"Teller","T1",1,"2025-05-14","Kara_Beer","Michael_Henderson","WISN",0,0,1,0,"07:05","V",14,"165","15",NA,NA,"","104","GPS-003",108,"e8afc9b1-2c3a-4920-913a-39338fd7d69a"
"4117",2025,"Teller","T1",1,"2025-05-14","Kara_Beer","Michael_Henderson","WIPT",1,0,0,1,"07:10","V",14,"35","34",NA,NA,"","105","GPS-003",109,"e8afc9b1-2c3a-4920-913a-39338fd7d69a"
"4118",2025,"Teller","T1",1,"2025-05-14","Kara_Beer","Michael_Henderson","WIPT",1,0,0,1,"07:12","V",15,"140","55",NA,NA,"","106","GPS-003",110,"e8afc9b1-2c3a-4920-913a-39338fd7d69a"
"4119",2025,"Teller","T1",1,"2025-05-14","Kara_Beer","Michael_Henderson","ROPT",0,0,1,0,"07:18","V",16,"38","261",NA,NA,"","107","GPS-003",111,"e8afc9b1-2c3a-4920-913a-39338fd7d69a"
"4120",2025,"Teller","T1",1,"2025-05-14","Kara_Beer","Michael_Henderson","WIPT",1,0,0,1,"07:20","V",16,"135","12",NA,NA,"","108","GPS-003",112,"e8afc9b1-2c3a-4920-913a-39338fd7d69a"
"4121",2025,"Teller","T1",1,"2025-05-14","Kara_Beer","Michael_Henderson","WIPT",1,0,0,1,"07:22","V",17,"32","238",NA,NA,"","109","GPS-003",113,"e8afc9b1-2c3a-4920-913a-39338fd7d69a"
"4122",2025,"Teller","T1",1,"2025-05-14","Kara_Beer","Michael_Henderson","WIPT",1,0,0,1,"07:25","V",17,"42","25",NA,NA,"","110","GPS-003",114,"e8afc9b1-2c3a-4920-913a-39338fd7d69a"
"4123",2025,"Teller","T1",1,"2025-05-14","Kara_Beer","Michael_Henderson","WISN",0,0,1,0,"07:27","A",17,"140","35",NA,NA,"","111","GPS-003",115,"e8afc9b1-2c3a-4920-913a-39338fd7d69a"
"4124",2025,"Teller","T1",1,"2025-05-14","Kara_Beer","Michael_Henderson","WIPT",1,0,0,1,"07:29","V",17,"180","356",NA,NA,"","112","GPS-003",116,"e8afc9b1-2c3a-4920-913a-39338fd7d69a"
"4125",2025,"Teller","T1",1,"2025-05-14","Kara_Beer","Michael_Henderson","WIPT",1,0,0,1,"07:31","V",17,"180","120",NA,NA,"","113","GPS-003",117,"e8afc9b1-2c3a-4920-913a-39338fd7d69a"
"4126",2025,"Teller","T1",1,"2025-05-14","Kara_Beer","Michael_Henderson","WIPT",1,0,0,1,"07:32","V",17,"310","13",NA,NA,"","114","GPS-003",118,"e8afc9b1-2c3a-4920-913a-39338fd7d69a"
"4127",2025,"Teller","T1",1,"2025-05-14","Kara_Beer","Michael_Henderson","WISN",0,0,2,0,"07:34","A",17,"52","70",NA,NA,"","115","GPS-003",119,"e8afc9b1-2c3a-4920-913a-39338fd7d69a"
"4128",2025,"Teller","T1",1,"2025-05-14","Kara_Beer","Michael_Henderson","WIPT",1,0,0,1,"07:35","V",17,"110","291",NA,NA,"","116","GPS-003",120,"e8afc9b1-2c3a-4920-913a-39338fd7d69a"
"4129",2025,"Teller","T1",1,"2025-05-14","Kara_Beer","Michael_Henderson","WIPT",1,0,0,1,"07:36","V",17,"175","276",NA,NA,"","117","GPS-003",121,"e8afc9b1-2c3a-4920-913a-39338fd7d69a"
"4130",2025,"Teller","T1",1,"2025-05-14","Kara_Beer","Michael_Henderson","WIPT",1,0,0,1,"07:38","V",17,"45","145",NA,NA,"","118","GPS-003",122,"e8afc9b1-2c3a-4920-913a-39338fd7d69a"
"4131",2025,"Teller","T1",1,"2025-05-14","Kara_Beer","Michael_Henderson","WIPT",2,0,0,2,"07:40","V",18,"200","130",NA,NA,"","120","GPS-003",123,"e8afc9b1-2c3a-4920-913a-39338fd7d69a"
"4132",2025,"Teller","T1",1,"2025-05-14","Kara_Beer","Michael_Henderson","WISN",0,0,1,0,"07:43","A",18,"130","30",NA,NA,"","121","GPS-003",124,"e8afc9b1-2c3a-4920-913a-39338fd7d69a"
"4133",2025,"Teller","T1",1,"2025-05-14","Kara_Beer","Michael_Henderson","WIPT",1,0,0,1,"07:44","V",18,"210","175",NA,NA,"","122","GPS-003",125,"e8afc9b1-2c3a-4920-913a-39338fd7d69a"
"4134",2025,"Teller","T1",1,"2025-05-14","Kara_Beer","Michael_Henderson","WIPT",1,0,0,1,"07:46","V",18,"48","32",NA,NA,"","123","GPS-003",126,"e8afc9b1-2c3a-4920-913a-39338fd7d69a"
"4135",2025,"Teller","T1",1,"2025-05-14","Kara_Beer","Michael_Henderson","WIPT",1,0,0,1,"07:47","V",18,"120","66",NA,NA,"","124","GPS-003",127,"e8afc9b1-2c3a-4920-913a-39338fd7d69a"
"4136",2025,"Teller","T2",1,"2025-05-14","Kara_Beer","Michael_Henderson","WIPT",1,0,0,1,"07:49","V",18,"220","115",NA,NA,"","125","GPS-003",128,"5defc321-7839-4384-9e71-c7cd4ab0ccc6"
"4137",2025,"Teller","T2",1,"2025-05-14","Kara_Beer","Michael_Henderson","WIPT",1,0,0,1,"07:53","V",18,"240","209",NA,NA,"","126","GPS-003",129,"5defc321-7839-4384-9e71-c7cd4ab0ccc6"
"4138",2025,"Teller","T2",1,"2025-05-14","Kara_Beer","Michael_Henderson","WIPT",1,0,0,1,"07:55","V",18,"230","77",NA,NA,"","127","GPS-003",130,"5defc321-7839-4384-9e71-c7cd4ab0ccc6"
"4139",2025,"Teller","T2",1,"2025-05-14","Kara_Beer","Michael_Henderson","WIPT",1,0,0,1,"07:55","V",18,"220","53",NA,NA,"","128","GPS-003",131,"5defc321-7839-4384-9e71-c7cd4ab0ccc6"
"4140",2025,"Teller","T2",1,"2025-05-14","Kara_Beer","Michael_Henderson","WIPT",1,0,0,1,"07:56","V",18,"240","30",NA,NA,"","129","GPS-003",132,"5defc321-7839-4384-9e71-c7cd4ab0ccc6"
"4141",2025,"Teller","T2",1,"2025-05-14","Kara_Beer","Michael_Henderson","WIPT",1,0,0,1,"07:57","V",18,"240","265",NA,NA,"","130","GPS-003",133,"5defc321-7839-4384-9e71-c7cd4ab0ccc6"
"4142",2025,"Teller","T2",1,"2025-05-14","Kara_Beer","Michael_Henderson","WIPT",1,0,0,1,"07:58","A",18,"25","39",NA,NA,"","131","GPS-003",134,"5defc321-7839-4384-9e71-c7cd4ab0ccc6"
"4143",2025,"Teller","T2",1,"2025-05-14","Kara_Beer","Michael_Henderson","WIPT",1,0,0,1,"07:59","V",18,"160","432",NA,NA,"","132","GPS-003",135,"5defc321-7839-4384-9e71-c7cd4ab0ccc6"
"4144",2025,"Teller","T2",1,"2025-05-14","Kara_Beer","Michael_Henderson","WISN",0,0,2,0,"08:00","A",18,"220","48",NA,NA,"","133","GPS-003",136,"5defc321-7839-4384-9e71-c7cd4ab0ccc6"
"4145",2025,"Teller","T2",1,"2025-05-14","Kara_Beer","Michael_Henderson","WIPT",1,0,0,1,"08:01","V",18,"240","75",NA,NA,"","134","GPS-003",137,"5defc321-7839-4384-9e71-c7cd4ab0ccc6"
"4146",2025,"Teller","T2",1,"2025-05-14","Kara_Beer","Michael_Henderson","WIPT",1,0,0,1,"08:03","V",19,"55","16",NA,NA,"","135","GPS-003",138,"5defc321-7839-4384-9e71-c7cd4ab0ccc6"
"4147",2025,"Teller","T2",1,"2025-05-14","Kara_Beer","Michael_Henderson","WIPT",1,0,0,1,"08:04","V",19,NA,"0",NA,NA,"","136","GPS-003",139,"5defc321-7839-4384-9e71-c7cd4ab0ccc6"
"4148",2025,"Teller","T2",1,"2025-05-14","Kara_Beer","Michael_Henderson","WIPT",1,0,0,1,"08:06","V",19,"45","68",NA,NA,"","137","GPS-003",140,"5defc321-7839-4384-9e71-c7cd4ab0ccc6"
"4149",2025,"Teller","T2",1,"2025-05-14","Kara_Beer","Michael_Henderson","WIPT",1,0,0,1,"08:07","V",19,"25","119",NA,NA,"","138","GPS-003",141,"5defc321-7839-4384-9e71-c7cd4ab0ccc6"
"4150",2025,"Teller","T2",1,"2025-05-14","Kara_Beer","Michael_Henderson","SEOW",0,0,1,0,"08:08","V",19,"230","126",NA,NA,"","139","GPS-003",142,"5defc321-7839-4384-9e71-c7cd4ab0ccc6"
"4151",2025,"Teller","T2",1,"2025-05-14","Kara_Beer","Michael_Henderson","WIPT",1,0,0,1,"08:09","V",19,"245","166",NA,NA,"","140","GPS-003",143,"5defc321-7839-4384-9e71-c7cd4ab0ccc6"
"4152",2025,"Teller","T2",1,"2025-05-14","Kara_Beer","Michael_Henderson","WIPT",1,0,0,1,"08:09","V",19,"7","66",NA,NA,"","142","GPS-003",144,"5defc321-7839-4384-9e71-c7cd4ab0ccc6"
"4153",2025,"Teller","T2",1,"2025-05-14","Kara_Beer","Michael_Henderson","WIPT",1,0,0,1,"08:10","V",19,"220","167",NA,NA,"","143","GPS-003",145,"5defc321-7839-4384-9e71-c7cd4ab0ccc6"
"4154",2025,"Teller","T2",1,"2025-05-14","Kara_Beer","Michael_Henderson","WIPT",1,0,0,1,"08:12","A",19,"190","150",NA,NA,"","144","GPS-003",146,"5defc321-7839-4384-9e71-c7cd4ab0ccc6"
"4155",2025,"Teller","T2",1,"2025-05-14","Kara_Beer","Michael_Henderson","WIPT",1,0,0,1,"08:14","V",19,"200","259",NA,NA,"","145","GPS-003",147,"5defc321-7839-4384-9e71-c7cd4ab0ccc6"
"4156",2025,"Teller","T2",1,"2025-05-14","Kara_Beer","Michael_Henderson","WIPT",1,0,0,1,"08:14","V",19,"26","128",NA,NA,"","146","GPS-003",148,"5defc321-7839-4384-9e71-c7cd4ab0ccc6"
"4157",2025,"Teller","T2",1,"2025-05-14","Kara_Beer","Michael_Henderson","WISN",0,0,1,0,"08:17","A",19,"220","50",NA,NA,"","147","GPS-003",149,"5defc321-7839-4384-9e71-c7cd4ab0ccc6"
"4158",2025,"Teller","T2",1,"2025-05-14","Kara_Beer","Michael_Henderson","WIPT",1,0,0,1,"08:18","V",19,"220","13",NA,NA,"","148","GPS-003",150,"5defc321-7839-4384-9e71-c7cd4ab0ccc6"
"4159",2025,"Teller","T2",1,"2025-05-14","Kara_Beer","Michael_Henderson","WIPT",1,0,0,1,"08:18","V",19,"200","128",NA,NA,"","149","GPS-003",151,"5defc321-7839-4384-9e71-c7cd4ab0ccc6"
"4160",2025,"Teller","T2",1,"2025-05-14","Kara_Beer","Michael_Henderson","WIPT",1,0,0,1,"08:19","V",19,"220","41",NA,NA,"","150","GPS-003",152,"5defc321-7839-4384-9e71-c7cd4ab0ccc6"
"4161",2025,"Teller","T2",1,"2025-05-14","Kara_Beer","Michael_Henderson","WISN",0,0,1,0,"08:23","A",20,"20","15",NA,NA,"","151","GPS-003",153,"5defc321-7839-4384-9e71-c7cd4ab0ccc6"
"4162",2025,"Teller","T2",1,"2025-05-14","Kara_Beer","Michael_Henderson","WIPT",1,0,0,1,"08:25","V",20,"63","12",NA,NA,"152","152","GPS-003",154,"5defc321-7839-4384-9e71-c7cd4ab0ccc6"
"4163",2025,"Teller","T2",1,"2025-05-14","Kara_Beer","Michael_Henderson","WIPT",1,0,0,1,"08:26","V",20,"240","190",NA,NA,"","153","GPS-003",155,"5defc321-7839-4384-9e71-c7cd4ab0ccc6"
"4164",2025,"Teller","T2",1,"2025-05-14","Kara_Beer","Michael_Henderson","WIPT",1,0,0,1,"08:27","V",20,"200","365",NA,NA,"","154","GPS-003",156,"5defc321-7839-4384-9e71-c7cd4ab0ccc6"
"4165",2025,"Teller","T2",1,"2025-05-14","Kara_Beer","Michael_Henderson","WIPT",1,0,0,1,"08:27","V",20,"220","138",NA,NA,"","155","GPS-003",157,"5defc321-7839-4384-9e71-c7cd4ab0ccc6"
"4166",2025,"Teller","T2",1,"2025-05-14","Kara_Beer","Michael_Henderson","WIPT",1,0,0,1,"08:28","V",21,"220","6",NA,NA,"","156","GPS-003",158,"5defc321-7839-4384-9e71-c7cd4ab0ccc6"
"4167",2025,"Teller","T2",1,"2025-05-14","Kara_Beer","Michael_Henderson","WIPT",1,0,0,1,"08:29","V",20,"40","1",NA,NA,"","157","GPS-003",159,"5defc321-7839-4384-9e71-c7cd4ab0ccc6"
"4168",2025,"Teller","T2",1,"2025-05-14","Kara_Beer","Michael_Henderson","WISN",0,0,1,0,"08:30","A",20,NA,"0",NA,NA,"","158","GPS-003",160,"5defc321-7839-4384-9e71-c7cd4ab0ccc6"
"4169",2025,"Teller","T2",1,"2025-05-14","Kara_Beer","Michael_Henderson","WIPT",1,0,0,1,"08:30","V",21,"220","392",NA,NA,"","157","GPS-003",161,"5defc321-7839-4384-9e71-c7cd4ab0ccc6"
"4170",2025,"Teller","T2",1,"2025-05-14","Kara_Beer","Michael_Henderson","WIPT",1,0,0,1,"08:31","V",21,"220","342",NA,NA,"","157","GPS-003",162,"5defc321-7839-4384-9e71-c7cd4ab0ccc6"
"4171",2025,"Teller","T2",1,"2025-05-14","Kara_Beer","Michael_Henderson","WIPT",1,0,0,1,"08:32","V",21,"220","680",NA,NA,"","157","GPS-003",163,"5defc321-7839-4384-9e71-c7cd4ab0ccc6"
"4172",2025,"Teller","T2",1,"2025-05-14","Kara_Beer","Michael_Henderson","WIPT",1,0,0,1,"08:32","V",21,"220","680",NA,NA,"","157","GPS-003",164,"5defc321-7839-4384-9e71-c7cd4ab0ccc6"
"4173",2025,"Teller","T2",1,"2025-05-14","Kara_Beer","Michael_Henderson","WIPT",1,0,0,1,"08:37","V",21,"170","113",NA,NA,"","159","GPS-003",165,"5defc321-7839-4384-9e71-c7cd4ab0ccc6"
"4174",2025,"Teller","T2",1,"2025-05-14","Kara_Beer","Michael_Henderson","WIPT",1,0,0,1,"08:38","V",21,"330","79",NA,NA,"","160","GPS-003",166,"5defc321-7839-4384-9e71-c7cd4ab0ccc6"
"4175",2025,"Teller","T2",1,"2025-05-14","Kara_Beer","Michael_Henderson","WIPT",1,0,0,1,"08:40","V",22,"330","12",NA,NA,"","161","GPS-003",167,"5defc321-7839-4384-9e71-c7cd4ab0ccc6"
"4176",2025,"Teller","T2",1,"2025-05-14","Kara_Beer","Michael_Henderson","WIPT",1,0,0,1,"08:40","V",21,"0","131",NA,NA,"","162","GPS-003",168,"5defc321-7839-4384-9e71-c7cd4ab0ccc6"
"4177",2025,"Teller","T2",1,"2025-05-14","Kara_Beer","Michael_Henderson","WIPT",1,0,0,1,"08:41","V",21,"210","121",NA,NA,"","163","GPS-003",169,"5defc321-7839-4384-9e71-c7cd4ab0ccc6"
"4178",2025,"Teller","T2",1,"2025-05-14","Kara_Beer","Michael_Henderson","WIPT",1,0,0,1,"08:43","V",22,"200","37",NA,NA,"","164","GPS-003",170,"5defc321-7839-4384-9e71-c7cd4ab0ccc6"
"4179",2025,"Teller","T2",1,"2025-05-14","Kara_Beer","Michael_Henderson","WIPT",1,0,0,1,"08:43","V",22,"210","19",NA,NA,"","165","GPS-003",171,"5defc321-7839-4384-9e71-c7cd4ab0ccc6"
"4180",2025,"Teller","T2",1,"2025-05-14","Kara_Beer","Michael_Henderson","WIPT",1,0,0,1,"08:45","V",22,"40","160",NA,NA,"","166","GPS-003",172,"5defc321-7839-4384-9e71-c7cd4ab0ccc6"
"4181",2025,"Teller","T2",1,"2025-05-14","Kara_Beer","Michael_Henderson","WIPT",1,0,0,1,"08:46","V",22,"210","44",NA,NA,"","167","GPS-003",173,"5defc321-7839-4384-9e71-c7cd4ab0ccc6"
"4182",2025,"Teller","T2",1,"2025-05-14","Kara_Beer","Michael_Henderson","WIPT",1,1,0,3,"08:47","V",22,"0","33",NA,NA,"","168","GPS-003",174,"5defc321-7839-4384-9e71-c7cd4ab0ccc6"
"4183",2025,"Teller","T2",1,"2025-05-14","Kara_Beer","Michael_Henderson","WIPT",1,0,0,1,"08:48","V",22,"0","180",NA,NA,"","169","GPS-003",175,"5defc321-7839-4384-9e71-c7cd4ab0ccc6"
"4184",2025,"Teller","T2",1,"2025-05-14","Kara_Beer","Michael_Henderson","WIPT",1,0,0,1,"08:49","V",22,"0","49",NA,NA,"","170","GPS-003",176,"5defc321-7839-4384-9e71-c7cd4ab0ccc6"
"4185",2025,"Teller","T2",1,"2025-05-14","Kara_Beer","Michael_Henderson","WIPT",1,0,0,1,"08:49","V",22,"180","16",NA,NA,"","171","GPS-003",177,"5defc321-7839-4384-9e71-c7cd4ab0ccc6"
"4186",2025,"Teller","T2",1,"2025-05-14","Kara_Beer","Michael_Henderson","WIPT",1,0,0,1,"08:50","V",23,"170","41",NA,NA,"","172","GPS-003",178,"5defc321-7839-4384-9e71-c7cd4ab0ccc6"
"4187",2025,"Teller","T2",1,"2025-05-14","Kara_Beer","Michael_Henderson","WISN",0,0,1,0,"08:51","A",23,"190","20",NA,NA,"","172","GPS-003",179,"5defc321-7839-4384-9e71-c7cd4ab0ccc6"
"4188",2025,"Teller","T2",1,"2025-05-14","Kara_Beer","Michael_Henderson","WIPT",1,0,0,1,"08:51","V",23,"170","417",NA,NA,"","173","GPS-003",180,"5defc321-7839-4384-9e71-c7cd4ab0ccc6"
"4189",2025,"Teller","T2",1,"2025-05-14","Kara_Beer","Michael_Henderson","WIPT",1,0,0,1,"08:51","V",23,"180","18",NA,NA,"","174","GPS-003",181,"5defc321-7839-4384-9e71-c7cd4ab0ccc6"
"4190",2025,"Teller","T2",1,"2025-05-14","Kara_Beer","Michael_Henderson","WIPT",1,0,0,1,"08:52","V",23,"0","30",NA,NA,"","175","GPS-003",182,"5defc321-7839-4384-9e71-c7cd4ab0ccc6"
"4191",2025,"Teller","T2",1,"2025-05-14","Kara_Beer","Michael_Henderson","WIPT",1,0,0,1,"08:53","V",23,"180","39",NA,NA,"","176","GPS-003",183,"5defc321-7839-4384-9e71-c7cd4ab0ccc6"
"4192",2025,"Teller","T2",1,"2025-05-14","Kara_Beer","Michael_Henderson","WIPT",1,0,0,1,"08:54","V",23,"180","180",NA,NA,"","177","GPS-003",184,"5defc321-7839-4384-9e71-c7cd4ab0ccc6"
"4193",2025,"Teller","T2",1,"2025-05-14","Kara_Beer","Michael_Henderson","WIPT",1,0,0,1,"08:54","V",23,"320","3",NA,NA,"","178","GPS-003",185,"5defc321-7839-4384-9e71-c7cd4ab0ccc6"
"4194",2025,"Teller","T2",1,"2025-05-14","Kara_Beer","Michael_Henderson","WIPT",1,0,0,1,"08:55","V",23,"25","299",NA,NA,"","178","GPS-003",186,"5defc321-7839-4384-9e71-c7cd4ab0ccc6"
"4195",2025,"Teller","T2",1,"2025-05-14","Kara_Beer","Michael_Henderson","WIPT",1,0,0,1,"08:56","V",23,"170","84",NA,NA,"","179","GPS-003",187,"5defc321-7839-4384-9e71-c7cd4ab0ccc6"
"4196",2025,"Teller","T2",1,"2025-05-14","Kara_Beer","Michael_Henderson","WIPT",1,0,0,1,"08:56","V",23,"320","104",NA,NA,"","180","GPS-003",188,"5defc321-7839-4384-9e71-c7cd4ab0ccc6"
"4197",2025,"Teller","T2",1,"2025-05-14","Kara_Beer","Michael_Henderson","WIPT",1,0,0,1,"08:57","V",23,"320","60",NA,NA,"","181","GPS-003",189,"5defc321-7839-4384-9e71-c7cd4ab0ccc6"
"4198",2025,"Teller","T2",1,"2025-05-14","Kara_Beer","Michael_Henderson","WIPT",1,0,0,1,"08:58","V",23,"200","193",NA,NA,"","182","GPS-003",190,"5defc321-7839-4384-9e71-c7cd4ab0ccc6"
"4199",2025,"Teller","T2",1,"2025-05-14","Kara_Beer","Michael_Henderson","WIPT",1,0,0,1,"08:59","V",23,"200","60",NA,NA,"","183","GPS-003",191,"5defc321-7839-4384-9e71-c7cd4ab0ccc6"
"4200",2025,"Teller","T2",1,"2025-05-14","Kara_Beer","Michael_Henderson","WIPT",0,1,0,2,"09:02","V",23,"320","28",NA,NA,"","184","GPS-003",192,"5defc321-7839-4384-9e71-c7cd4ab0ccc6"
"4201",2025,"Teller","T2",1,"2025-05-14","Kara_Beer","Michael_Henderson","WIPT",1,0,0,1,"09:03","V",23,NA,"0",NA,NA,"","185","GPS-003",193,"5defc321-7839-4384-9e71-c7cd4ab0ccc6"
"4202",2025,"Teller","T2",1,"2025-05-14","Kara_Beer","Michael_Henderson","WIPT",1,0,0,1,"09:03","A",23,"180","372",NA,NA,"","186","GPS-003",194,"5defc321-7839-4384-9e71-c7cd4ab0ccc6"
"4203",2025,"Teller","T2",1,"2025-05-14","Kara_Beer","Michael_Henderson","WIPT",1,0,0,1,"09:04","V",24,"180","5",NA,NA,"","187","GPS-003",195,"5defc321-7839-4384-9e71-c7cd4ab0ccc6"
"4204",2025,"Teller","T2",1,"2025-05-14","Kara_Beer","Michael_Henderson","WIPT",1,1,0,3,"09:04","V",24,NA,"0",NA,NA,"","188","GPS-003",196,"5defc321-7839-4384-9e71-c7cd4ab0ccc6"
"4205",2025,"Teller","T2",1,"2025-05-14","Kara_Beer","Michael_Henderson","WIPT",1,0,0,1,"09:06","V",24,"160","87",NA,NA,"","189","GPS-003",197,"5defc321-7839-4384-9e71-c7cd4ab0ccc6"
"4206",2025,"Teller","T2",1,"2025-05-14","Kara_Beer","Michael_Henderson","WIPT",1,1,0,3,"09:07","V",24,"180","20",NA,NA,"","190","GPS-003",198,"5defc321-7839-4384-9e71-c7cd4ab0ccc6"
"4207",2025,"Teller","T2",1,"2025-05-14","Kara_Beer","Michael_Henderson","WIPT",1,0,0,1,"09:07","V",24,"180","115",NA,NA,"","191","GPS-003",199,"5defc321-7839-4384-9e71-c7cd4ab0ccc6"
"4208",2025,"Teller","T2",1,"2025-05-14","Kara_Beer","Michael_Henderson","WIPT",1,0,0,1,"09:08","V",24,NA,"0",NA,NA,"","192","GPS-003",200,"5defc321-7839-4384-9e71-c7cd4ab0ccc6"
"4209",2025,"Teller","T2",1,"2025-05-14","Kara_Beer","Michael_Henderson","WIPT",1,0,0,1,"09:08","V",24,"190","33",NA,NA,"","193","GPS-003",201,"5defc321-7839-4384-9e71-c7cd4ab0ccc6"
"4210",2025,"Teller","T2",1,"2025-05-14","Kara_Beer","Michael_Henderson","WIPT",1,0,0,1,"09:10","V",24,"340","82",NA,NA,"","194","GPS-003",202,"5defc321-7839-4384-9e71-c7cd4ab0ccc6"
"4211",2025,"Teller","T2",1,"2025-05-14","Kara_Beer","Michael_Henderson","WIPT",1,0,0,1,"09:11","V",24,"340","582",NA,NA,"","195","GPS-003",203,"5defc321-7839-4384-9e71-c7cd4ab0ccc6"
"4212",2025,"Teller","T2",1,"2025-05-14","Kara_Beer","Michael_Henderson","WIPT",2,0,0,2,"09:12","V",24,"350","303",NA,NA,"","196","GPS-003",204,"5defc321-7839-4384-9e71-c7cd4ab0ccc6"
"4213",2025,"Teller","T2",1,"2025-05-14","Kara_Beer","Michael_Henderson","WIPT",1,1,0,3,"09:14","V",24,"340","0",NA,NA,"","196","GPS-003",205,"5defc321-7839-4384-9e71-c7cd4ab0ccc6"
"4214",2025,"Teller","T2",1,"2025-05-14","Kara_Beer","Michael_Henderson","WIPT",1,0,0,1,"09:14","V",24,"340","86",NA,NA,"","197","GPS-003",206,"5defc321-7839-4384-9e71-c7cd4ab0ccc6"
"4215",2025,"Teller","T2",1,"2025-05-14","Kara_Beer","Michael_Henderson","WIPT",1,0,0,1,"09:15","V",24,"340","255",NA,NA,"","198","GPS-003",207,"5defc321-7839-4384-9e71-c7cd4ab0ccc6"
"4216",2025,"Teller","T2",1,"2025-05-14","Kara_Beer","Michael_Henderson","WIPT",1,0,0,1,"09:16","V",24,"340","155",NA,NA,"","199","GPS-003",208,"5defc321-7839-4384-9e71-c7cd4ab0ccc6"
"4217",2025,"Teller","T2",1,"2025-05-14","Kara_Beer","Michael_Henderson","WIPT",1,1,0,3,"09:17","V",24,"180","41",NA,NA,"","200","GPS-003",209,"5defc321-7839-4384-9e71-c7cd4ab0ccc6"
"4218",2025,"Teller","T2",1,"2025-05-14","Kara_Beer","Michael_Henderson","WIPT",1,0,0,1,"09:18","V",26,"180","208",NA,NA,"","201","GPS-003",210,"5defc321-7839-4384-9e71-c7cd4ab0ccc6"
"4219",2025,"Teller","T2",1,"2025-05-14","Kara_Beer","Michael_Henderson","WIPT",1,0,0,1,"09:19","V",25,"330","3",NA,NA,"","202","GPS-003",211,"5defc321-7839-4384-9e71-c7cd4ab0ccc6"
"4220",2025,"Teller","T2",1,"2025-05-14","Kara_Beer","Michael_Henderson","WIPT",1,0,0,1,"09:20","V",26,"0","26",NA,NA,"","203","GPS-003",212,"5defc321-7839-4384-9e71-c7cd4ab0ccc6"
"4221",2025,"Teller","T2",1,"2025-05-14","Kara_Beer","Michael_Henderson","WIPT",1,0,0,1,"09:20","V",26,"0","17",NA,NA,"","204","GPS-003",213,"5defc321-7839-4384-9e71-c7cd4ab0ccc6"
"4222",2025,"Teller","T2",1,"2025-05-14","Kara_Beer","Michael_Henderson","WIPT",1,0,0,1,"09:21","V",26,"170","61",NA,NA,"","205","GPS-003",214,"5defc321-7839-4384-9e71-c7cd4ab0ccc6"
"4223",2025,"Teller","T2",1,"2025-05-14","Kara_Beer","Michael_Henderson","WIPT",1,0,0,1,"09:22","V",26,"350","150",NA,NA,"","206","GPS-003",215,"5defc321-7839-4384-9e71-c7cd4ab0ccc6"
"4224",2025,"Teller","T2",1,"2025-05-14","Kara_Beer","Michael_Henderson","WIPT",1,0,0,1,"09:23","A",26,"160","169",NA,NA,"","207","GPS-003",216,"5defc321-7839-4384-9e71-c7cd4ab0ccc6"
"4225",2025,"Teller","T2",1,"2025-05-14","Kara_Beer","Michael_Henderson","WIPT",1,0,0,1,"09:23","V",26,"180","331",NA,NA,"","206","GPS-003",217,"5defc321-7839-4384-9e71-c7cd4ab0ccc6"
"4226",2025,"Teller","T2",1,"2025-05-14","Kara_Beer","Michael_Henderson","WIPT",1,0,0,1,"09:24","V",26,"190","363",NA,NA,"","206","GPS-003",218,"5defc321-7839-4384-9e71-c7cd4ab0ccc6"
"4227",2025,"Teller","T2",1,"2025-05-14","Kara_Beer","Michael_Henderson","WIPT",1,0,0,1,"09:24","V",26,"200","484",NA,NA,"","206","GPS-003",219,"5defc321-7839-4384-9e71-c7cd4ab0ccc6"
"4228",2025,"Teller","T2",1,"2025-05-14","Kara_Beer","Michael_Henderson","WIPT",1,0,0,1,"09:27","V",27,"160","11",NA,NA,"","208","GPS-003",220,"5defc321-7839-4384-9e71-c7cd4ab0ccc6"
"4229",2025,"Teller","T2",1,"2025-05-14","Kara_Beer","Michael_Henderson","WIPT",1,0,0,1,"09:27","V",25,"340","97",NA,NA,"","209","GPS-003",221,"5defc321-7839-4384-9e71-c7cd4ab0ccc6"
"4230",2025,"Teller","T2",1,"2025-05-14","Kara_Beer","Michael_Henderson","WIPT",1,0,0,1,"09:28","V",26,"330","30",NA,NA,"","210","GPS-003",222,"5defc321-7839-4384-9e71-c7cd4ab0ccc6"
"4231",2025,"Teller","T2",1,"2025-05-14","Kara_Beer","Michael_Henderson","WIPT",1,0,0,1,"09:31","V",26,"330","36",NA,NA,"","211","GPS-003",223,"5defc321-7839-4384-9e71-c7cd4ab0ccc6"
"4232",2025,"Teller","T2",1,"2025-05-14","Kara_Beer","Michael_Henderson","WIPT",1,0,0,1,"09:31","V",26,"330","60",NA,NA,"","212","GPS-003",224,"5defc321-7839-4384-9e71-c7cd4ab0ccc6"
"4233",2025,"Teller","T2",1,"2025-05-14","Kara_Beer","Michael_Henderson","WIPT",1,0,0,1,"09:32","V",26,"160","344",NA,NA,"","213","GPS-003",225,"5defc321-7839-4384-9e71-c7cd4ab0ccc6"
"4234",2025,"Teller","T2",1,"2025-05-14","Kara_Beer","Michael_Henderson","WIPT",1,0,0,1,"09:33","V",27,"185","120",NA,NA,"","214","GPS-003",226,"5defc321-7839-4384-9e71-c7cd4ab0ccc6"
"4235",2025,"Teller","T2",1,"2025-05-14","Kara_Beer","Michael_Henderson","WIPT",1,0,0,1,"09:36","V",27,"70","36",NA,NA,"","215","GPS-003",227,"5defc321-7839-4384-9e71-c7cd4ab0ccc6"
"4236",2025,"Teller","T2",1,"2025-05-14","Kara_Beer","Michael_Henderson","WIPT",1,0,0,1,"09:38","V",26,"170","149",NA,NA,"","216","GPS-003",228,"5defc321-7839-4384-9e71-c7cd4ab0ccc6"
"4237",2025,"Teller","T2",1,"2025-05-14","Kara_Beer","Michael_Henderson","WIPT",1,0,0,1,"09:40","V",26,"350","146",NA,NA,"","217","GPS-003",229,"5defc321-7839-4384-9e71-c7cd4ab0ccc6"
"4238",2025,"Teller","T2",1,"2025-05-14","Kara_Beer","Michael_Henderson","WIPT",1,0,0,1,"09:41","V",26,"180","110",NA,NA,"","218","GPS-003",230,"5defc321-7839-4384-9e71-c7cd4ab0ccc6"
"4239",2025,"Teller","T2",1,"2025-05-14","Kara_Beer","Michael_Henderson","WIPT",1,0,0,1,"09:41","V",27,"45","73",NA,NA,"","219","GPS-003",231,"5defc321-7839-4384-9e71-c7cd4ab0ccc6"
"4240",2025,"Teller","T2",1,"2025-05-14","Kara_Beer","Michael_Henderson","WIPT",1,0,0,1,"09:43","V",27,"40","44",NA,NA,"","220","GPS-003",232,"5defc321-7839-4384-9e71-c7cd4ab0ccc6"
"4241",2025,"Teller","T2",1,"2025-05-14","Kara_Beer","Michael_Henderson","WIPT",1,0,0,1,"09:44","V",27,"260","72",NA,NA,"","221","GPS-003",233,"5defc321-7839-4384-9e71-c7cd4ab0ccc6"
"4242",2025,"Teller","T2",1,"2025-05-14","Kara_Beer","Michael_Henderson","WIPT",1,0,0,1,"09:46","V",27,"260","105",NA,NA,"","222","GPS-003",234,"5defc321-7839-4384-9e71-c7cd4ab0ccc6"
"4243",2025,"Teller","T2",1,"2025-05-14","Kara_Beer","Michael_Henderson","WIPT",1,0,0,1,"09:47","V",27,"80","3",NA,NA,"","223","GPS-003",235,"5defc321-7839-4384-9e71-c7cd4ab0ccc6"
"4244",2025,"Teller","T2",1,"2025-05-14","Kara_Beer","Michael_Henderson","WIPT",1,0,0,1,"09:48","V",27,"260","66",NA,NA,"","224","GPS-003",236,"5defc321-7839-4384-9e71-c7cd4ab0ccc6"
"4245",2025,"Teller","T2",1,"2025-05-14","Kara_Beer","Michael_Henderson","WIPT",1,0,0,1,"09:50","V",27,"70","5",NA,NA,"","225","GPS-003",237,"5defc321-7839-4384-9e71-c7cd4ab0ccc6"
"4246",2025,"Teller","T2",1,"2025-05-14","Kara_Beer","Michael_Henderson","WIPT",1,0,0,1,"09:52","V",27,"290","152",NA,NA,"","226","GPS-003",238,"5defc321-7839-4384-9e71-c7cd4ab0ccc6"
"4247",2025,"Teller","T2",1,"2025-05-14","Kara_Beer","Michael_Henderson","WIPT",1,1,0,3,"09:52","V",28,"70","28",NA,NA,"","227","GPS-003",239,"5defc321-7839-4384-9e71-c7cd4ab0ccc6"
"4248",2025,"Teller","T2",1,"2025-05-14","Kara_Beer","Michael_Henderson","WIPT",1,0,0,1,"09:53","V",28,"270","76",NA,NA,"","228","GPS-003",240,"5defc321-7839-4384-9e71-c7cd4ab0ccc6"
"4249",2025,"Teller","T2",1,"2025-05-14","Kara_Beer","Michael_Henderson","WIPT",1,0,0,1,"09:54","V",28,"80","196",NA,NA,"","229","GPS-003",241,"5defc321-7839-4384-9e71-c7cd4ab0ccc6"
"4250",2025,"Teller","T2",1,"2025-05-14","Kara_Beer","Michael_Henderson","WISN",0,0,2,0,"09:55","V",28,NA,"0",NA,NA,"","230","GPS-003",242,"5defc321-7839-4384-9e71-c7cd4ab0ccc6"
"4251",2025,"Teller","T2",1,"2025-05-14","Kara_Beer","Michael_Henderson","WIPT",1,0,0,1,"09:55","V",28,NA,"0",NA,NA,"","231","GPS-003",243,"5defc321-7839-4384-9e71-c7cd4ab0ccc6"
"4252",2025,"Teller","T2",1,"2025-05-14","Kara_Beer","Michael_Henderson","WIPT",1,0,0,1,"09:56","V",28,"270","194",NA,NA,"","232","GPS-003",244,"5defc321-7839-4384-9e71-c7cd4ab0ccc6"
"4253",2025,"Teller","T2",1,"2025-05-14","Kara_Beer","Michael_Henderson","WIPT",1,0,0,1,"09:56","V",28,"80","41",NA,NA,"","233","GPS-003",245,"5defc321-7839-4384-9e71-c7cd4ab0ccc6"
"4254",2025,"Teller","T2",1,"2025-05-14","Kara_Beer","Michael_Henderson","SEOW",0,0,1,0,"09:57","V",28,"300","43",NA,NA,"","234","GPS-003",246,"5defc321-7839-4384-9e71-c7cd4ab0ccc6"
"4255",2025,"Teller","T2",1,"2025-05-14","Kara_Beer","Michael_Henderson","WIPT",1,0,0,1,"09:58","V",28,"290","179",NA,NA,"","235","GPS-003",247,"5defc321-7839-4384-9e71-c7cd4ab0ccc6"
"4256",2025,"Teller","T2",1,"2025-05-14","Kara_Beer","Michael_Henderson","WIPT",1,0,0,1,"09:59","V",28,"270","80",NA,NA,"","236","GPS-003",248,"5defc321-7839-4384-9e71-c7cd4ab0ccc6"
"4257",2025,"Teller","T2",1,"2025-05-14","Kara_Beer","Michael_Henderson","WIPT",1,0,0,1,"10:00","V",28,"270","44",NA,NA,"","237","GPS-003",249,"5defc321-7839-4384-9e71-c7cd4ab0ccc6"
"4258",2025,"Teller","T2",1,"2025-05-14","Kara_Beer","Michael_Henderson","WIPT",1,0,0,1,"10:02","V",28,"70","50",NA,NA,"","238","GPS-003",250,"5defc321-7839-4384-9e71-c7cd4ab0ccc6"
"4259",2025,"Teller","T3",1,"2025-05-14","Kara_Beer","Michael_Henderson","WIPT",1,0,0,1,"10:04","V",28,"50","136",NA,NA,"","239","GPS-003",251,"a99bc150-9352-4f7a-a169-5a90160c4972"
"4260",2025,"Teller","T3",1,"2025-05-14","Kara_Beer","Michael_Henderson","WIPT",1,0,0,1,"10:07","V",28,"280","55",NA,NA,"","239","GPS-003",252,"a99bc150-9352-4f7a-a169-5a90160c4972"
"4261",2025,"Teller","T3",1,"2025-05-14","Kara_Beer","Michael_Henderson","WIPT",1,0,0,1,"10:09","V",28,"30","67",NA,NA,"","240","GPS-003",253,"a99bc150-9352-4f7a-a169-5a90160c4972"
"4262",2025,"Teller","T3",1,"2025-05-14","Kara_Beer","Michael_Henderson","LTJA",0,0,1,0,"10:11","V",29,"230","130",NA,NA,"","241","GPS-003",254,"a99bc150-9352-4f7a-a169-5a90160c4972"
"4263",2025,"Teller","T3",1,"2025-05-14","Kara_Beer","Michael_Henderson","WIPT",1,0,0,1,"10:12","V",29,"160","73",NA,NA,"","242","GPS-003",255,"a99bc150-9352-4f7a-a169-5a90160c4972"
"4264",2025,"Teller","T3",1,"2025-05-14","Kara_Beer","Michael_Henderson","WIPT",1,0,0,1,"10:13","V",29,"330","65",NA,NA,"","243","GPS-003",256,"a99bc150-9352-4f7a-a169-5a90160c4972"
"4265",2025,"Teller","T3",1,"2025-05-14","Kara_Beer","Michael_Henderson","WISN",0,0,1,0,"10:14","A",29,"200","30",NA,NA,"","244","GPS-003",257,"a99bc150-9352-4f7a-a169-5a90160c4972"
"4266",2025,"Teller","T3",1,"2025-05-14","Kara_Beer","Michael_Henderson","WIPT",1,0,0,1,"10:14","V",29,"340","92",NA,NA,"","245","GPS-003",258,"a99bc150-9352-4f7a-a169-5a90160c4972"
"4267",2025,"Teller","T3",1,"2025-05-14","Kara_Beer","Michael_Henderson","WIPT",1,0,0,1,"10:15","V",29,"15","109",NA,NA,"","246","GPS-003",259,"a99bc150-9352-4f7a-a169-5a90160c4972"
"4268",2025,"Teller","T3",1,"2025-05-14","Kara_Beer","Michael_Henderson","WIPT",1,0,0,1,"10:16","V",29,"0","143",NA,NA,"","247","GPS-003",260,"a99bc150-9352-4f7a-a169-5a90160c4972"
"4269",2025,"Teller","T3",1,"2025-05-14","Kara_Beer","Michael_Henderson","WIPT",1,0,0,1,"10:18","V",30,"170","24",NA,NA,"","248","GPS-003",261,"a99bc150-9352-4f7a-a169-5a90160c4972"
"4270",2025,"Teller","T3",1,"2025-05-14","Kara_Beer","Michael_Henderson","WIPT",1,1,0,3,"10:21","V",30,NA,"0",NA,NA,"","249","GPS-003",262,"a99bc150-9352-4f7a-a169-5a90160c4972"
"4271",2025,"Teller","T3",1,"2025-05-14","Kara_Beer","Michael_Henderson","WIPT",1,0,0,1,"10:23","V",31,"350","81",NA,NA,"","250","GPS-003",263,"a99bc150-9352-4f7a-a169-5a90160c4972"
"4272",2025,"Teller","T3",1,"2025-05-14","Kara_Beer","Michael_Henderson","WIPT",1,0,0,1,"10:26","V",31,"170","91",NA,NA,"","251","GPS-003",264,"a99bc150-9352-4f7a-a169-5a90160c4972"
"4273",2025,"Teller","T3",1,"2025-05-14","Kara_Beer","Michael_Henderson","WIPT",1,0,0,1,"10:27","V",31,"20","92",NA,NA,"","252","GPS-003",265,"a99bc150-9352-4f7a-a169-5a90160c4972"
"4274",2025,"Teller","T3",1,"2025-05-14","Kara_Beer","Michael_Henderson","WIPT",1,0,0,1,"10:28","V",31,"250","49",NA,NA,"","253","GPS-003",266,"a99bc150-9352-4f7a-a169-5a90160c4972"
"4275",2025,"Teller","T3",1,"2025-05-14","Kara_Beer","Michael_Henderson","WIPT",1,0,0,1,"10:28","V",31,"60","60",NA,NA,"","254","GPS-003",267,"a99bc150-9352-4f7a-a169-5a90160c4972"
"4276",2025,"Teller","T3",1,"2025-05-14","Kara_Beer","Michael_Henderson","SEOW",0,0,1,0,"10:30","V",31,"60","90",NA,NA,"","255","GPS-003",268,"a99bc150-9352-4f7a-a169-5a90160c4972"
"4277",2025,"Teller","T3",1,"2025-05-14","Kara_Beer","Michael_Henderson","WIPT",1,0,0,1,"10:34","V",32,"5","159",NA,NA,"","256","GPS-003",269,"a99bc150-9352-4f7a-a169-5a90160c4972"
"4278",2025,"Teller","T3",1,"2025-05-14","Kara_Beer","Michael_Henderson","WIPT",1,0,0,1,"10:35","V",32,"220","191",NA,NA,"","257","GPS-003",270,"a99bc150-9352-4f7a-a169-5a90160c4972"
"4279",2025,"Teller","T3",1,"2025-05-14","Kara_Beer","Michael_Henderson","WIPT",1,0,0,1,"10:35","V",32,"20","72",NA,NA,"","258","GPS-003",271,"a99bc150-9352-4f7a-a169-5a90160c4972"
"4280",2025,"Teller","T3",1,"2025-05-14","Kara_Beer","Michael_Henderson","WIPT",1,0,0,1,"10:38","V",32,"240","87",NA,NA,"","259","GPS-003",272,"a99bc150-9352-4f7a-a169-5a90160c4972"
"4281",2025,"Teller","T3",1,"2025-05-14","Kara_Beer","Michael_Henderson","WIPT",1,0,0,1,"10:40","V",32,"50","68",NA,NA,"","260","GPS-003",273,"a99bc150-9352-4f7a-a169-5a90160c4972"
"4282",2025,"Teller","T3",1,"2025-05-14","Kara_Beer","Michael_Henderson","WIPT",1,0,0,1,"10:42","V",32,"40","114",NA,NA,"","261","GPS-003",274,"a99bc150-9352-4f7a-a169-5a90160c4972"
"4283",2025,"Teller","T3",1,"2025-05-14","Kara_Beer","Michael_Henderson","WIPT",1,0,0,1,"10:44","V",32,"50","46",NA,NA,"","262","GPS-003",275,"a99bc150-9352-4f7a-a169-5a90160c4972"
"4284",2025,"Teller","T3",1,"2025-05-14","Kara_Beer","Michael_Henderson","WIPT",1,0,0,1,"10:44","V",32,"45","141",NA,NA,"","263","GPS-003",276,"a99bc150-9352-4f7a-a169-5a90160c4972"
"4285",2025,"Teller","T3",1,"2025-05-14","Kara_Beer","Michael_Henderson","WIPT",1,0,0,1,"10:45","V",33,"220","97",NA,NA,"","264","GPS-003",277,"a99bc150-9352-4f7a-a169-5a90160c4972"
"4286",2025,"Teller","T3",1,"2025-05-14","Kara_Beer","Michael_Henderson","WIPT",1,0,0,1,"10:49","V",33,"50","82",NA,NA,"","265","GPS-003",278,"a99bc150-9352-4f7a-a169-5a90160c4972"
"4287",2025,"Teller","T3",1,"2025-05-14","Kara_Beer","Michael_Henderson","WIPT",1,0,0,1,"10:51","V",33,"180","83",NA,NA,"","266","GPS-003",279,"a99bc150-9352-4f7a-a169-5a90160c4972"
"4288",2025,"Teller","T3",1,"2025-05-14","Kara_Beer","Michael_Henderson","WIPT",1,0,0,1,"10:52","V",33,"0","39",NA,NA,"","267","GPS-003",280,"a99bc150-9352-4f7a-a169-5a90160c4972"
"4289",2025,"Teller","T3",1,"2025-05-14","Kara_Beer","Michael_Henderson","WIPT",1,0,0,1,"10:53","V",33,"30","47",NA,NA,"","268","GPS-003",281,"a99bc150-9352-4f7a-a169-5a90160c4972"
"4290",2025,"Teller","T3",1,"2025-05-14","Kara_Beer","Michael_Henderson","WIPT",1,0,0,1,"10:53","V",33,"210","167",NA,NA,"","269","GPS-003",282,"a99bc150-9352-4f7a-a169-5a90160c4972"
"4291",2025,"Teller","T3",1,"2025-05-14","Kara_Beer","Michael_Henderson","WIPT",1,0,0,1,"10:54","V",33,"170","323",NA,NA,"","270","GPS-003",283,"a99bc150-9352-4f7a-a169-5a90160c4972"
"4292",2025,"Teller","T3",1,"2025-05-14","Kara_Beer","Michael_Henderson","WIPT",1,0,0,1,"10:54","V",33,"40","104",NA,NA,"","271","GPS-003",284,"a99bc150-9352-4f7a-a169-5a90160c4972"
"4293",2025,"Teller","T3",1,"2025-05-14","Kara_Beer","Michael_Henderson","WIPT",1,0,0,1,"10:55","V",33,"220","142",NA,NA,"","272","GPS-003",285,"a99bc150-9352-4f7a-a169-5a90160c4972"
"4294",2025,"Teller","T3",1,"2025-05-14","Kara_Beer","Michael_Henderson","WIPT",1,0,0,1,"10:56","V",33,"210","145",NA,NA,"","273","GPS-003",286,"a99bc150-9352-4f7a-a169-5a90160c4972"
"4295",2025,"Teller","T3",1,"2025-05-14","Kara_Beer","Michael_Henderson","WIPT",1,0,0,1,"10:58","V",33,"230","211",NA,NA,"","274","GPS-003",287,"a99bc150-9352-4f7a-a169-5a90160c4972"
"4296",2025,"Teller","T3",1,"2025-05-14","Kara_Beer","Michael_Henderson","WIPT",1,0,0,1,"11:00","V",33,"210","46",NA,NA,"","275","GPS-003",288,"a99bc150-9352-4f7a-a169-5a90160c4972"
"4297",2025,"Teller","T3",1,"2025-05-14","Kara_Beer","Michael_Henderson","WIPT",1,0,0,1,"11:00","V",34,"30","82",NA,NA,"","276","GPS-003",289,"a99bc150-9352-4f7a-a169-5a90160c4972"
"4298",2025,"Teller","T3",1,"2025-05-14","Kara_Beer","Michael_Henderson","WIPT",2,0,0,2,"11:02","V",34,NA,"0",NA,NA,"","277","GPS-003",290,"a99bc150-9352-4f7a-a169-5a90160c4972"
"4299",2025,"Teller","T3",1,"2025-05-14","Kara_Beer","Michael_Henderson","WIPT",1,0,0,1,"11:02","V",34,"200","45",NA,NA,"","278","GPS-003",291,"a99bc150-9352-4f7a-a169-5a90160c4972"
"4300",2025,"Teller","T3",1,"2025-05-14","Kara_Beer","Michael_Henderson","WIPT",1,0,0,1,"11:03","V",34,"50","118",NA,NA,"","279","GPS-003",292,"a99bc150-9352-4f7a-a169-5a90160c4972"
"4301",2025,"Teller","T3",1,"2025-05-14","Kara_Beer","Michael_Henderson","WIPT",1,0,0,1,"11:04","V",34,"220","102",NA,NA,"","280","GPS-003",293,"a99bc150-9352-4f7a-a169-5a90160c4972"
"4302",2025,"Teller","T3",1,"2025-05-14","Kara_Beer","Michael_Henderson","WIPT",1,0,0,1,"11:05","V",34,"20","54",NA,NA,"","281","GPS-003",294,"a99bc150-9352-4f7a-a169-5a90160c4972"
"4303",2025,"Teller","T3",1,"2025-05-14","Kara_Beer","Michael_Henderson","WIPT",1,0,0,1,"11:05","V",34,"220","81",NA,NA,"","282","GPS-003",295,"a99bc150-9352-4f7a-a169-5a90160c4972"
"4304",2025,"Teller","T3",1,"2025-05-14","Kara_Beer","Michael_Henderson","WIPT",1,0,0,1,"11:06","V",34,"210","123",NA,NA,"","283","GPS-003",296,"a99bc150-9352-4f7a-a169-5a90160c4972"
"4305",2025,"Teller","T3",1,"2025-05-14","Kara_Beer","Michael_Henderson","WIPT",1,0,0,1,"11:07","V",34,"10","49",NA,NA,"","284","GPS-003",297,"a99bc150-9352-4f7a-a169-5a90160c4972"
"4306",2025,"Teller","T3",1,"2025-05-14","Kara_Beer","Michael_Henderson","WIPT",1,0,0,1,"11:09","V",34,"190","40",NA,NA,"","285","GPS-003",298,"a99bc150-9352-4f7a-a169-5a90160c4972"
"4307",2025,"Teller","T3",1,"2025-05-14","Kara_Beer","Michael_Henderson","WIPT",1,0,0,1,"11:10","V",34,"30","155",NA,NA,"","286","GPS-003",299,"a99bc150-9352-4f7a-a169-5a90160c4972"
"4308",2025,"Teller","T3",1,"2025-05-14","Kara_Beer","Michael_Henderson","WIPT",1,0,0,1,"11:10","V",35,"200","152",NA,NA,"","287","GPS-003",300,"a99bc150-9352-4f7a-a169-5a90160c4972"
"4309",2025,"Teller","T3",1,"2025-05-14","Kara_Beer","Michael_Henderson","WIPT",1,0,0,1,"11:12","V",35,"200","264",NA,NA,"","288","GPS-003",301,"a99bc150-9352-4f7a-a169-5a90160c4972"
"4310",2025,"Teller","T3",1,"2025-05-14","Kara_Beer","Michael_Henderson","WIPT",1,0,0,1,"11:13","V",35,"200","105",NA,NA,"","289","GPS-003",302,"a99bc150-9352-4f7a-a169-5a90160c4972"
"4311",2025,"Teller","T3",1,"2025-05-14","Kara_Beer","Michael_Henderson","WIPT",1,0,0,1,"11:14","V",35,"350","63",NA,NA,"","290","GPS-003",303,"a99bc150-9352-4f7a-a169-5a90160c4972"
"4312",2025,"Teller","T3",1,"2025-05-14","Kara_Beer","Michael_Henderson","WIPT",1,0,0,1,"11:15","V",35,"200","157",NA,NA,"","291","GPS-003",304,"a99bc150-9352-4f7a-a169-5a90160c4972"
"4313",2025,"Teller","T3",1,"2025-05-14","Kara_Beer","Michael_Henderson","WIPT",1,0,0,1,"11:16","V",35,"0","71",NA,NA,"","292","GPS-003",305,"a99bc150-9352-4f7a-a169-5a90160c4972"
"4314",2025,"Teller","T3",1,"2025-05-14","Kara_Beer","Michael_Henderson","WIPT",1,0,0,1,"11:17","V",35,"190","63",NA,NA,"","292","GPS-003",306,"a99bc150-9352-4f7a-a169-5a90160c4972"
"4315",2025,"Teller","T3",1,"2025-05-14","Kara_Beer","Michael_Henderson","WIPT",1,0,0,1,"11:18","V",35,"0","15",NA,NA,"","293","GPS-003",307,"a99bc150-9352-4f7a-a169-5a90160c4972"
"4316",2025,"Teller","T3",1,"2025-05-14","Kara_Beer","Michael_Henderson","WIPT",1,0,0,1,"11:19","V",35,"200","138",NA,NA,"","294","GPS-003",308,"a99bc150-9352-4f7a-a169-5a90160c4972"
"4317",2025,"Teller","T3",1,"2025-05-14","Kara_Beer","Michael_Henderson","WIPT",1,0,0,1,"11:20","V",35,"200","92",NA,NA,"","295","GPS-003",309,"a99bc150-9352-4f7a-a169-5a90160c4972"
"4318",2025,"Teller","T3",1,"2025-05-14","Kara_Beer","Michael_Henderson","WIPT",1,0,0,1,"11:21","V",35,"0","282",NA,NA,"","295","GPS-003",310,"a99bc150-9352-4f7a-a169-5a90160c4972"
"4319",2025,"Teller","T3",1,"2025-05-14","Kara_Beer","Michael_Henderson","WIPT",1,1,0,3,"11:21","V",35,"0","21",NA,NA,"","296","GPS-003",311,"a99bc150-9352-4f7a-a169-5a90160c4972"
"4320",2025,"Teller","T3",1,"2025-05-14","Kara_Beer","Michael_Henderson","WIPT",1,0,0,1,"11:23","V",35,"190","99",NA,NA,"","297","GPS-003",312,"a99bc150-9352-4f7a-a169-5a90160c4972"
"4321",2025,"Teller","T3",1,"2025-05-14","Kara_Beer","Michael_Henderson","WIPT",1,1,0,3,"11:23","V",35,"340","10",NA,NA,"","297","GPS-003",313,"a99bc150-9352-4f7a-a169-5a90160c4972"
"4322",2025,"Teller","T3",1,"2025-05-14","Kara_Beer","Michael_Henderson","WIPT",1,0,0,1,"11:24","V",35,"0","63",NA,NA,"","298","GPS-003",314,"a99bc150-9352-4f7a-a169-5a90160c4972"
"4323",2025,"Teller","T3",1,"2025-05-14","Kara_Beer","Michael_Henderson","WIPT",1,0,0,1,"11:25","V",35,NA,"0",NA,NA,"","299","GPS-003",315,"a99bc150-9352-4f7a-a169-5a90160c4972"
"4324",2025,"Teller","T3",1,"2025-05-14","Kara_Beer","Michael_Henderson","WIPT",1,0,0,1,"11:25","V",36,"0","43",NA,NA,"","300","GPS-003",316,"a99bc150-9352-4f7a-a169-5a90160c4972"
"4325",2025,"Teller","T3",1,"2025-05-14","Kara_Beer","Michael_Henderson","WIPT",1,0,0,1,"11:25","V",36,"220","260",NA,NA,"","300","GPS-003",317,"a99bc150-9352-4f7a-a169-5a90160c4972"
"4326",2025,"Teller","T3",1,"2025-05-14","Kara_Beer","Michael_Henderson","WIPT",1,1,0,3,"11:26","V",36,"200","29",NA,NA,"","301","GPS-003",318,"a99bc150-9352-4f7a-a169-5a90160c4972"
"4327",2025,"Teller","T3",1,"2025-05-14","Kara_Beer","Michael_Henderson","WIPT",1,1,0,3,"11:27","V",36,"0","14",NA,NA,"","302","GPS-003",319,"a99bc150-9352-4f7a-a169-5a90160c4972"
"4328",2025,"Teller","T3",1,"2025-05-14","Kara_Beer","Michael_Henderson","WIPT",1,0,0,1,"11:28","V",36,"200","249",NA,NA,"","303","GPS-003",320,"a99bc150-9352-4f7a-a169-5a90160c4972"
"4329",2025,"Teller","T3",1,"2025-05-14","Kara_Beer","Michael_Henderson","WIPT",1,0,0,1,"11:29","V",36,"210","169",NA,NA,"","304","GPS-003",321,"a99bc150-9352-4f7a-a169-5a90160c4972"
"4330",2025,"Teller","T3",1,"2025-05-14","Kara_Beer","Michael_Henderson","WIPT",1,0,0,1,"11:30","V",36,"30","305",NA,NA,"","304","GPS-003",322,"a99bc150-9352-4f7a-a169-5a90160c4972"
"4331",2025,"Teller","T3",1,"2025-05-14","Kara_Beer","Michael_Henderson","WIPT",1,0,0,1,"11:30","V",36,"30","174",NA,NA,"","305","GPS-003",323,"a99bc150-9352-4f7a-a169-5a90160c4972"
"4332",2025,"Teller","T3",1,"2025-05-14","Kara_Beer","Michael_Henderson","WIPT",1,0,0,1,"11:32","V",36,"200","44",NA,NA,"","306","GPS-003",324,"a99bc150-9352-4f7a-a169-5a90160c4972"
"4333",2025,"Teller","T3",1,"2025-05-14","Kara_Beer","Michael_Henderson","WIPT",1,0,0,1,"11:32","V",36,"210","144",NA,NA,"","307","GPS-003",325,"a99bc150-9352-4f7a-a169-5a90160c4972"
"4334",2025,"Teller","T3",1,"2025-05-14","Kara_Beer","Michael_Henderson","WIPT",1,0,0,1,"11:33","V",36,"30","11",NA,NA,"","308","GPS-003",326,"a99bc150-9352-4f7a-a169-5a90160c4972"
"4335",2025,"Teller","T3",1,"2025-05-14","Kara_Beer","Michael_Henderson","WIPT",1,0,0,1,"11:35","V",37,"220","259",NA,NA,"","309","GPS-003",327,"a99bc150-9352-4f7a-a169-5a90160c4972"
"4336",2025,"Teller","T3",1,"2025-05-14","Kara_Beer","Michael_Henderson","WIPT",1,2,0,5,"11:36","V",37,"40","33",NA,NA,"","310","GPS-003",328,"a99bc150-9352-4f7a-a169-5a90160c4972"
"4337",2025,"Teller","T3",1,"2025-05-14","Kara_Beer","Michael_Henderson","WIPT",1,0,0,1,"11:37","V",37,"200","129",NA,NA,"","311","GPS-003",329,"a99bc150-9352-4f7a-a169-5a90160c4972"
"4338",2025,"Teller","T3",1,"2025-05-14","Kara_Beer","Michael_Henderson","WIPT",1,0,0,1,"11:38","V",37,"10","118",NA,NA,"","311","GPS-003",330,"a99bc150-9352-4f7a-a169-5a90160c4972"
"4339",2025,"Teller","T3",1,"2025-05-14","Kara_Beer","Michael_Henderson","WIPT",1,0,0,1,"11:38","V",37,"70","42",NA,NA,"","312","GPS-003",331,"a99bc150-9352-4f7a-a169-5a90160c4972"
"4340",2025,"Teller","T3",1,"2025-05-14","Kara_Beer","Michael_Henderson","WIPT",1,0,0,1,"11:40","V",37,"220","182",NA,NA,"","313","GPS-003",332,"a99bc150-9352-4f7a-a169-5a90160c4972"
"4341",2025,"Teller","T3",1,"2025-05-14","Kara_Beer","Michael_Henderson","WIPT",1,0,0,1,"11:40","V",37,"200","49",NA,NA,"","314","GPS-003",333,"a99bc150-9352-4f7a-a169-5a90160c4972"
"4342",2025,"Teller","T3",1,"2025-05-14","Kara_Beer","Michael_Henderson","WIPT",1,0,0,1,"11:41","V",37,"30","62",NA,NA,"","315","GPS-003",334,"a99bc150-9352-4f7a-a169-5a90160c4972"
"4343",2025,"Teller","T3",1,"2025-05-14","Kara_Beer","Michael_Henderson","WIPT",1,0,0,1,"11:43","V",37,"30","75",NA,NA,"","316","GPS-003",335,"a99bc150-9352-4f7a-a169-5a90160c4972"
"4344",2025,"Teller","T3",1,"2025-05-14","Kara_Beer","Michael_Henderson","AGSQ",0,0,1,0,"11:44","V",37,"20","25",NA,NA,"","317","GPS-003",336,"a99bc150-9352-4f7a-a169-5a90160c4972"
"4345",2025,"Teller","T3",1,"2025-05-14","Kara_Beer","Michael_Henderson","WIPT",1,0,0,1,"11:44","V",37,"200","90",NA,NA,"","318","GPS-003",337,"a99bc150-9352-4f7a-a169-5a90160c4972"
"4346",2025,"Teller","T3",1,"2025-05-14","Kara_Beer","Michael_Henderson","GOPL",0,0,1,0,"11:45","V",37,"230","79",NA,NA,"","318","GPS-003",338,"a99bc150-9352-4f7a-a169-5a90160c4972"
"4347",2025,"Teller","T3",1,"2025-05-14","Kara_Beer","Michael_Henderson","WIPT",1,0,0,1,"11:47","V",37,"225","369",NA,NA,"","318","GPS-003",339,"a99bc150-9352-4f7a-a169-5a90160c4972"
"4348",2025,"Teller","T3",1,"2025-05-14","Kara_Beer","Michael_Henderson","ROPT",0,0,2,0,"11:48","V",37,NA,"0",NA,NA,"","319","GPS-003",340,"a99bc150-9352-4f7a-a169-5a90160c4972"
"4349",2025,"Teller","T3",1,"2025-05-14","Kara_Beer","Michael_Henderson","WIPT",1,0,0,1,"11:50","V",37,"210","577",NA,NA,"","319","GPS-003",341,"a99bc150-9352-4f7a-a169-5a90160c4972"
"4350",2025,"Teller","T3",1,"2025-05-14","Kara_Beer","Michael_Henderson","ROPT",1,1,0,3,"11:51","V",37,"0","25",NA,NA,"","320","GPS-003",342,"a99bc150-9352-4f7a-a169-5a90160c4972"
"4351",2025,"Teller","T3",1,"2025-05-14","Kara_Beer","Michael_Henderson","ROPT",1,0,0,1,"11:54","V",38,"200","71",NA,NA,"","321","GPS-003",343,"a99bc150-9352-4f7a-a169-5a90160c4972"
"4352",2025,"Teller","T4",1,"2025-05-15","Michael_Henderson","Kara_Beer","WIPT",1,0,0,1,"07:24","V",38,"92","124",NA,NA,"","324","GPS-003",344,"ab00329b-0999-4319-ac63-599efc43d5eb"
"4353",2025,"Teller","T4",1,"2025-05-15","Michael_Henderson","Kara_Beer","WIPT",1,0,0,1,"07:25","V",38,"95","207",NA,NA,"","325","GPS-003",345,"ab00329b-0999-4319-ac63-599efc43d5eb"
"4354",2025,"Teller","T4",1,"2025-05-15","Michael_Henderson","Kara_Beer","ROPT",1,1,0,3,"07:26","V",38,"295","140",NA,NA,"","326","GPS-003",346,"ab00329b-0999-4319-ac63-599efc43d5eb"
"4355",2025,"Teller","T4",1,"2025-05-15","Michael_Henderson","Kara_Beer","ROPT",1,1,0,3,"07:28","V",38,"135","30",NA,NA,"","327","GPS-003",347,"ab00329b-0999-4319-ac63-599efc43d5eb"
"4356",2025,"Teller","T4",1,"2025-05-15","Michael_Henderson","Kara_Beer","ROPT",1,0,0,1,"07:31","V",38,"140","219",NA,NA,"","328","GPS-003",348,"ab00329b-0999-4319-ac63-599efc43d5eb"
"4357",2025,"Teller","T4",1,"2025-05-15","Michael_Henderson","Kara_Beer","WIPT",1,0,0,1,"07:33","V",39,"285","127",NA,NA,"","329","GPS-003",349,"ab00329b-0999-4319-ac63-599efc43d5eb"
"4358",2025,"Teller","T4",1,"2025-05-15","Michael_Henderson","Kara_Beer","ROPT",1,0,0,1,"07:35","V",38,"110","34",NA,NA,"","330","GPS-003",350,"ab00329b-0999-4319-ac63-599efc43d5eb"
"4359",2025,"Teller","T4",1,"2025-05-15","Michael_Henderson","Kara_Beer","WIPT",1,0,0,1,"07:36","V",39,NA,"0",NA,NA,"","331","GPS-003",351,"ab00329b-0999-4319-ac63-599efc43d5eb"
"4360",2025,"Teller","T4",1,"2025-05-15","Michael_Henderson","Kara_Beer","WIPT",1,0,0,1,"07:39","V",40,"130","370",NA,NA,"","332","GPS-003",352,"ab00329b-0999-4319-ac63-599efc43d5eb"
"4361",2025,"Teller","T4",1,"2025-05-15","Michael_Henderson","Kara_Beer","WIPT",1,0,0,1,"07:40","V",40,"330","61",NA,NA,"","333","GPS-003",353,"ab00329b-0999-4319-ac63-599efc43d5eb"
"4362",2025,"Teller","T4",1,"2025-05-15","Michael_Henderson","Kara_Beer","WIPT",1,0,0,1,"07:41","V",40,"142","128",NA,NA,"","334","GPS-003",354,"ab00329b-0999-4319-ac63-599efc43d5eb"
"4363",2025,"Teller","T4",1,"2025-05-15","Michael_Henderson","Kara_Beer","WIPT",1,0,0,1,"07:42","V",40,"170","376",NA,NA,"","335","GPS-003",355,"ab00329b-0999-4319-ac63-599efc43d5eb"
"4364",2025,"Teller","T4",1,"2025-05-15","Michael_Henderson","Kara_Beer","WIPT",1,0,0,1,"07:43","V",40,"120","116",NA,NA,"","336","GPS-003",356,"ab00329b-0999-4319-ac63-599efc43d5eb"
"4365",2025,"Teller","T4",1,"2025-05-15","Michael_Henderson","Kara_Beer","ROPT",2,0,0,2,"07:45","V",40,"130","162",NA,NA,"","337","GPS-003",357,"ab00329b-0999-4319-ac63-599efc43d5eb"
"4366",2025,"Teller","T4",1,"2025-05-15","Michael_Henderson","Kara_Beer","ROPT",1,0,0,1,"07:45","V",40,"300","111",NA,NA,"","338","GPS-003",358,"ab00329b-0999-4319-ac63-599efc43d5eb"
"4367",2025,"Teller","T4",1,"2025-05-15","Michael_Henderson","Kara_Beer","ROPT",1,0,0,1,"07:47","V",40,"110","259",NA,NA,"","339","GPS-003",359,"ab00329b-0999-4319-ac63-599efc43d5eb"
"4368",2025,"Teller","T4",1,"2025-05-15","Michael_Henderson","Kara_Beer","ROPT",1,0,0,1,"07:48","V",40,"290","65",NA,NA,"","340","GPS-003",360,"ab00329b-0999-4319-ac63-599efc43d5eb"
"4369",2025,"Teller","T4",1,"2025-05-15","Michael_Henderson","Kara_Beer","ROPT",1,1,0,3,"07:51","V",40,"300","89",NA,NA,"","341","GPS-003",361,"ab00329b-0999-4319-ac63-599efc43d5eb"
"4370",2025,"Teller","T4",1,"2025-05-15","Michael_Henderson","Kara_Beer","WIPT",1,0,0,1,"07:54","V",40,"320","95",NA,NA,"","342","GPS-003",362,"ab00329b-0999-4319-ac63-599efc43d5eb"
"4371",2025,"Teller","T4",1,"2025-05-15","Michael_Henderson","Kara_Beer","WIPT",1,0,0,1,"07:55","V",40,"200","215",NA,NA,"","343","GPS-003",363,"ab00329b-0999-4319-ac63-599efc43d5eb"
"4372",2025,"Teller","T4",1,"2025-05-15","Michael_Henderson","Kara_Beer","WIPT",1,0,0,1,"07:55","V",40,"190","172",NA,NA,"","344","GPS-003",364,"ab00329b-0999-4319-ac63-599efc43d5eb"
"4373",2025,"Teller","T4",1,"2025-05-15","Michael_Henderson","Kara_Beer","ROPT",1,0,0,1,"08:00","V",41,"290","256",NA,NA,"","345","GPS-003",365,"ab00329b-0999-4319-ac63-599efc43d5eb"
"4374",2025,"Teller","T4",1,"2025-05-15","Michael_Henderson","Kara_Beer","WIPT",1,0,0,1,"08:01","V",41,"280","41",NA,NA,"","346","GPS-003",366,"ab00329b-0999-4319-ac63-599efc43d5eb"
"4375",2025,"Teller","T4",1,"2025-05-15","Michael_Henderson","Kara_Beer","WIPT",1,0,1,1,"08:02","V",41,"270","292",NA,NA,"","347","GPS-003",367,"ab00329b-0999-4319-ac63-599efc43d5eb"
"4376",2025,"Teller","T4",1,"2025-05-15","Michael_Henderson","Kara_Beer","WIPT",1,0,0,1,"08:06","V",42,"150","234",NA,NA,"","348","GPS-003",368,"ab00329b-0999-4319-ac63-599efc43d5eb"
"4377",2025,"Teller","T4",1,"2025-05-15","Michael_Henderson","Kara_Beer","WIPT",1,0,0,1,"08:09","V",42,"120","246",NA,NA,"Wind!","349","GPS-003",369,"ab00329b-0999-4319-ac63-599efc43d5eb"
"4378",2025,"Teller","T4",1,"2025-05-15","Michael_Henderson","Kara_Beer","WIPT",2,0,0,2,"08:11","V",42,"140","349",NA,NA,"","350","GPS-003",370,"ab00329b-0999-4319-ac63-599efc43d5eb"
"4379",2025,"Teller","T4",1,"2025-05-15","Michael_Henderson","Kara_Beer","WIPT",1,0,0,1,"08:13","V",43,"310","10",NA,NA,"","351","GPS-003",371,"ab00329b-0999-4319-ac63-599efc43d5eb"
"4380",2025,"Teller","T4",1,"2025-05-15","Michael_Henderson","Kara_Beer","WIPT",1,1,0,3,"08:14","V",42,"140","69",NA,NA,"","352","GPS-003",372,"ab00329b-0999-4319-ac63-599efc43d5eb"
"4381",2025,"Teller","T4",1,"2025-05-15","Michael_Henderson","Kara_Beer","WIPT",1,0,0,1,"08:15","V",42,"140","135",NA,NA,"","353","GPS-003",373,"ab00329b-0999-4319-ac63-599efc43d5eb"
"4382",2025,"Teller","T4",1,"2025-05-15","Michael_Henderson","Kara_Beer","WIPT",1,0,0,1,"08:16","V",42,"35","127",NA,NA,"","354","GPS-003",374,"ab00329b-0999-4319-ac63-599efc43d5eb"
"4383",2025,"Teller","T4",1,"2025-05-15","Michael_Henderson","Kara_Beer","WIPT",1,1,0,3,"08:17","V",43,"290","17",NA,NA,"","355","GPS-003",375,"ab00329b-0999-4319-ac63-599efc43d5eb"
"4384",2025,"Teller","T4",1,"2025-05-15","Michael_Henderson","Kara_Beer","WIPT",1,0,0,1,"08:18","V",43,"140","32",NA,NA,"","356","GPS-003",376,"ab00329b-0999-4319-ac63-599efc43d5eb"
"4385",2025,"Teller","T4",1,"2025-05-15","Michael_Henderson","Kara_Beer","WIPT",1,0,0,1,"08:20","V",43,"95","217",NA,NA,"","357","GPS-003",377,"ab00329b-0999-4319-ac63-599efc43d5eb"
"4386",2025,"Teller","T4",1,"2025-05-15","Michael_Henderson","Kara_Beer","WIPT",1,0,0,1,"08:20","A",43,"230","56",NA,NA,"","358","GPS-003",378,"ab00329b-0999-4319-ac63-599efc43d5eb"
"4387",2025,"Teller","T4",1,"2025-05-15","Michael_Henderson","Kara_Beer","WIPT",1,0,0,1,"08:21","V",43,"105","92",NA,NA,"","359","GPS-003",379,"ab00329b-0999-4319-ac63-599efc43d5eb"
"4388",2025,"Teller","T4",1,"2025-05-15","Michael_Henderson","Kara_Beer","WIPT",1,0,0,1,"08:22","V",43,"125","160",NA,NA,"","360","GPS-003",380,"ab00329b-0999-4319-ac63-599efc43d5eb"
"4389",2025,"Teller","T4",1,"2025-05-15","Michael_Henderson","Kara_Beer","WIPT",1,0,0,1,"08:23","V",44,"190","26",NA,NA,"","361","GPS-003",381,"ab00329b-0999-4319-ac63-599efc43d5eb"
"4390",2025,"Teller","T4",1,"2025-05-15","Michael_Henderson","Kara_Beer","WIPT",1,0,0,1,"08:24","V",44,"85","101",NA,NA,"","362","GPS-003",382,"ab00329b-0999-4319-ac63-599efc43d5eb"
"4391",2025,"Teller","T4",1,"2025-05-15","Michael_Henderson","Kara_Beer","WIPT",2,0,0,2,"08:25","V",44,"220","191",NA,NA,"","363","GPS-003",383,"ab00329b-0999-4319-ac63-599efc43d5eb"
"4392",2025,"Teller","T4",1,"2025-05-15","Michael_Henderson","Kara_Beer","WIPT",1,0,0,1,"08:26","V",44,"100","135",NA,NA,"","364","GPS-003",384,"ab00329b-0999-4319-ac63-599efc43d5eb"
"4393",2025,"Teller","T4",1,"2025-05-15","Michael_Henderson","Kara_Beer","ROPT",1,0,0,1,"08:28","V",44,"45","87",NA,NA,"","365","GPS-003",385,"ab00329b-0999-4319-ac63-599efc43d5eb"
"4394",2025,"Teller","T4",1,"2025-05-15","Michael_Henderson","Kara_Beer","ROPT",0,1,0,2,"08:32","V",45,"50","57",NA,NA,"","366","GPS-003",386,"ab00329b-0999-4319-ac63-599efc43d5eb"
"4395",2025,"Teller","T4",1,"2025-05-15","Michael_Henderson","Kara_Beer","ROPT",1,0,0,1,"08:37","V",45,"100","175",NA,NA,"","367","GPS-003",387,"ab00329b-0999-4319-ac63-599efc43d5eb"
"4396",2025,"Teller","T4",1,"2025-05-15","Michael_Henderson","Kara_Beer","ROPT",1,0,0,1,"08:37","V",45,"110","81",NA,NA,"","368","GPS-003",388,"ab00329b-0999-4319-ac63-599efc43d5eb"
"4397",2025,"Teller","T4",1,"2025-05-15","Michael_Henderson","Kara_Beer","ROPT",1,0,0,1,"08:39","V",45,"75","45",NA,NA,"","369","GPS-003",389,"ab00329b-0999-4319-ac63-599efc43d5eb"
"4398",2025,"Teller","T4",1,"2025-05-15","Michael_Henderson","Kara_Beer","ROPT",1,0,0,1,"08:41","V",46,"110","130",NA,NA,"","370","GPS-003",390,"ab00329b-0999-4319-ac63-599efc43d5eb"
"4399",2025,"Teller","T4",1,"2025-05-15","Michael_Henderson","Kara_Beer","WIPT",2,0,0,2,"08:43","V",46,"110","183",NA,NA,"","371","GPS-003",391,"ab00329b-0999-4319-ac63-599efc43d5eb"
"4400",2025,"Teller","T4",1,"2025-05-15","Michael_Henderson","Kara_Beer","WIPT",1,0,0,1,"08:45","V",46,"90","16",NA,NA,"","179","GPS-003",392,"ab00329b-0999-4319-ac63-599efc43d5eb"
"4401",2025,"Teller","T4",1,"2025-05-15","Michael_Henderson","Kara_Beer","ROPT",1,0,0,1,"08:51","V",47,"70","52",NA,NA,"","373","GPS-003",393,"ab00329b-0999-4319-ac63-599efc43d5eb"
"4402",2025,"Teller","T4",1,"2025-05-15","Michael_Henderson","Kara_Beer","WIPT",1,0,0,1,"08:52","V",47,"114","85",NA,NA,"","374","GPS-003",394,"ab00329b-0999-4319-ac63-599efc43d5eb"
"4403",2025,"Teller","T4",1,"2025-05-15","Michael_Henderson","Kara_Beer","WIPT",1,0,0,1,"08:54","V",47,"190","389",NA,NA,"","375","GPS-003",395,"ab00329b-0999-4319-ac63-599efc43d5eb"
"4404",2025,"Teller","T4",1,"2025-05-15","Michael_Henderson","Kara_Beer","WIPT",1,0,0,1,"08:58","V",48,"220","86",NA,NA,"","376","GPS-003",396,"ab00329b-0999-4319-ac63-599efc43d5eb"
"4405",2025,"Teller","T3",2,"2025-05-15","Michael_Henderson","Kara_Beer","ROPT",1,0,0,1,"09:44","V",38,"300","39",NA,NA,"","385","GPS-003",397,"e7a421e2-802e-4dfa-8449-10fc5f4743c2"
"4406",2025,"Teller","T3",2,"2025-05-15","Michael_Henderson","Kara_Beer","ROPT",1,0,0,1,"09:49","V",38,"290","160",NA,NA,"","386","GPS-003",398,"e7a421e2-802e-4dfa-8449-10fc5f4743c2"
"4407",2025,"Teller","T3",2,"2025-05-15","Michael_Henderson","Kara_Beer","PTAR",4,0,0,4,"09:50","V",38,"300","599",NA,NA,"","387","GPS-003",399,"e7a421e2-802e-4dfa-8449-10fc5f4743c2"
"4408",2025,"Teller","T3",2,"2025-05-15","Michael_Henderson","Kara_Beer","ROPT",1,0,0,1,"09:52","V",38,"53","177",NA,NA,"","388","GPS-003",400,"e7a421e2-802e-4dfa-8449-10fc5f4743c2"
"4409",2025,"Teller","T3",2,"2025-05-15","Michael_Henderson","Kara_Beer","WIPT",1,0,0,1,"09:54","V",37,"260","102",NA,NA,"","389","GPS-003",401,"e7a421e2-802e-4dfa-8449-10fc5f4743c2"
"4410",2025,"Teller","T3",2,"2025-05-15","Michael_Henderson","Kara_Beer","WIPT",1,0,0,1,"09:56","V",37,NA,"0",NA,NA,"","390","GPS-003",402,"e7a421e2-802e-4dfa-8449-10fc5f4743c2"
"4411",2025,"Teller","T3",2,"2025-05-15","Michael_Henderson","Kara_Beer","WIPT",2,0,0,2,"09:59","V",37,"273","72",NA,NA,"","391","GPS-003",403,"e7a421e2-802e-4dfa-8449-10fc5f4743c2"
"4412",2025,"Teller","T3",2,"2025-05-15","Michael_Henderson","Kara_Beer","WIPT",1,0,0,1,"10:00","V",37,"270","270",NA,NA,"","392","GPS-003",404,"e7a421e2-802e-4dfa-8449-10fc5f4743c2"
"4413",2025,"Teller","T3",2,"2025-05-15","Michael_Henderson","Kara_Beer","WIPT",1,0,0,1,"10:01","V",37,"270","479",NA,NA,"","393","GPS-003",405,"e7a421e2-802e-4dfa-8449-10fc5f4743c2"
"4414",2025,"Teller","T3",2,"2025-05-15","Michael_Henderson","Kara_Beer","WIPT",1,0,0,1,"10:01","V",37,"240","201",NA,NA,"","394","GPS-003",406,"e7a421e2-802e-4dfa-8449-10fc5f4743c2"
"4415",2025,"Teller","T3",2,"2025-05-15","Michael_Henderson","Kara_Beer","WIPT",1,0,0,1,"10:02","V",37,"220","268",NA,NA,"","395","GPS-003",407,"e7a421e2-802e-4dfa-8449-10fc5f4743c2"
"4416",2025,"Teller","T3",2,"2025-05-15","Michael_Henderson","Kara_Beer","WIPT",1,0,0,1,"10:04","V",37,"243","45",NA,NA,"","396","GPS-003",408,"e7a421e2-802e-4dfa-8449-10fc5f4743c2"
"4417",2025,"Teller","T3",2,"2025-05-15","Michael_Henderson","Kara_Beer","WIPT",0,0,1,0,"10:04","V",37,"230","186",NA,NA,"","397","GPS-003",409,"e7a421e2-802e-4dfa-8449-10fc5f4743c2"
"4418",2025,"Teller","T3",2,"2025-05-15","Michael_Henderson","Kara_Beer","WIPT",1,0,0,1,"10:06","V",37,"243","119",NA,NA,"","389","GPS-003",410,"e7a421e2-802e-4dfa-8449-10fc5f4743c2"
"4419",2025,"Teller","T3",2,"2025-05-15","Michael_Henderson","Kara_Beer","WIPT",1,0,0,1,"10:08","V",36,"260","26",NA,NA,"","399","GPS-003",411,"e7a421e2-802e-4dfa-8449-10fc5f4743c2"
"4420",2025,"Teller","T3",2,"2025-05-15","Michael_Henderson","Kara_Beer","WIPT",1,0,0,1,"10:11","V",36,"51","64",NA,NA,"","400","GPS-003",412,"e7a421e2-802e-4dfa-8449-10fc5f4743c2"
"4421",2025,"Teller","T3",2,"2025-05-15","Michael_Henderson","Kara_Beer","WIPT",1,0,0,1,"10:12","V",36,"56","65",NA,NA,"","401","GPS-003",413,"e7a421e2-802e-4dfa-8449-10fc5f4743c2"
"4422",2025,"Teller","T3",2,"2025-05-15","Michael_Henderson","Kara_Beer","WIPT",1,0,0,1,"10:14","V",36,"51","37",NA,NA,"","402","GPS-003",414,"e7a421e2-802e-4dfa-8449-10fc5f4743c2"
"4423",2025,"Teller","T3",2,"2025-05-15","Michael_Henderson","Kara_Beer","WIPT",1,0,0,1,"10:16","V",35,"41","64",NA,NA,"","403","GPS-003",415,"e7a421e2-802e-4dfa-8449-10fc5f4743c2"
"4424",2025,"Teller","T3",2,"2025-05-15","Michael_Henderson","Kara_Beer","WIPT",1,0,0,1,"10:17","V",35,"217","102",NA,NA,"","404","GPS-003",416,"e7a421e2-802e-4dfa-8449-10fc5f4743c2"
"4425",2025,"Teller","T3",2,"2025-05-15","Michael_Henderson","Kara_Beer","SEOW",0,0,2,0,"10:19","V",35,"221","335",NA,NA,"","405","GPS-003",417,"e7a421e2-802e-4dfa-8449-10fc5f4743c2"
"4426",2025,"Teller","T3",2,"2025-05-15","Michael_Henderson","Kara_Beer","WIPT",1,0,0,1,"10:20","V",35,"60","132",NA,NA,"","406","GPS-003",418,"e7a421e2-802e-4dfa-8449-10fc5f4743c2"
"4427",2025,"Teller","T3",2,"2025-05-15","Michael_Henderson","Kara_Beer","WIPT",1,0,0,1,"10:21","V",35,"225","155",NA,NA,"","407","GPS-003",419,"e7a421e2-802e-4dfa-8449-10fc5f4743c2"
"4428",2025,"Teller","T3",2,"2025-05-15","Michael_Henderson","Kara_Beer","WIPT",1,1,0,3,"10:23","V",35,"36","52",NA,NA,"","408","GPS-003",420,"e7a421e2-802e-4dfa-8449-10fc5f4743c2"
"4429",2025,"Teller","T3",2,"2025-05-15","Michael_Henderson","Kara_Beer","WIPT",1,0,0,1,"10:24","V",35,"27","22",NA,NA,"","409","GPS-003",421,"e7a421e2-802e-4dfa-8449-10fc5f4743c2"
"4430",2025,"Teller","T3",2,"2025-05-15","Michael_Henderson","Kara_Beer","WIPT",2,0,0,2,"10:25","V",35,"246","104",NA,NA,"","410","GPS-003",422,"e7a421e2-802e-4dfa-8449-10fc5f4743c2"
"4431",2025,"Teller","T3",2,"2025-05-15","Michael_Henderson","Kara_Beer","WIPT",2,0,0,2,"10:26","V",34,"217","175",NA,NA,"","411","GPS-003",423,"e7a421e2-802e-4dfa-8449-10fc5f4743c2"
"4432",2025,"Teller","T3",2,"2025-05-15","Michael_Henderson","Kara_Beer","WIPT",1,0,0,1,"10:27","V",34,"68","53",NA,NA,"","412","GPS-003",424,"e7a421e2-802e-4dfa-8449-10fc5f4743c2"
"4433",2025,"Teller","T3",2,"2025-05-15","Michael_Henderson","Kara_Beer","WIPT",1,1,0,3,"10:29","V",34,"224","114",NA,NA,"","413","GPS-003",425,"e7a421e2-802e-4dfa-8449-10fc5f4743c2"
"4434",2025,"Teller","T3",2,"2025-05-15","Michael_Henderson","Kara_Beer","WIPT",1,0,0,1,"10:29","V",34,"166","203",NA,NA,"","414","GPS-003",426,"e7a421e2-802e-4dfa-8449-10fc5f4743c2"
"4435",2025,"Teller","T3",2,"2025-05-15","Michael_Henderson","Kara_Beer","WISN",0,0,1,0,"10:30","A",34,"161","40",NA,NA,"","415","GPS-003",427,"e7a421e2-802e-4dfa-8449-10fc5f4743c2"
"4436",2025,"Teller","T3",2,"2025-05-15","Michael_Henderson","Kara_Beer","WIPT",1,0,0,1,"10:32","V",34,"195","82",NA,NA,"","416","GPS-003",428,"e7a421e2-802e-4dfa-8449-10fc5f4743c2"
"4437",2025,"Teller","T3",2,"2025-05-15","Michael_Henderson","Kara_Beer","WIPT",1,0,0,1,"10:33","V",34,"185","302",NA,NA,"","417","GPS-003",429,"e7a421e2-802e-4dfa-8449-10fc5f4743c2"
"4438",2025,"Teller","T3",2,"2025-05-15","Michael_Henderson","Kara_Beer","WIPT",1,1,0,3,"10:35","V",34,"74","32",NA,NA,"","418","GPS-003",430,"e7a421e2-802e-4dfa-8449-10fc5f4743c2"
"4439",2025,"Teller","T3",2,"2025-05-15","Michael_Henderson","Kara_Beer","WIPT",1,0,0,1,"10:36","V",34,"72","57",NA,NA,"","419","GPS-003",431,"e7a421e2-802e-4dfa-8449-10fc5f4743c2"
"4440",2025,"Teller","T3",2,"2025-05-15","Michael_Henderson","Kara_Beer","WIPT",1,0,0,1,"10:36","V",34,"238","77",NA,NA,"","420","GPS-003",432,"e7a421e2-802e-4dfa-8449-10fc5f4743c2"
"4441",2025,"Teller","T3",2,"2025-05-15","Michael_Henderson","Kara_Beer","WIPT",1,0,0,1,"10:37","V",34,"246","218",NA,NA,"","421","GPS-003",433,"e7a421e2-802e-4dfa-8449-10fc5f4743c2"
"4442",2025,"Teller","T3",2,"2025-05-15","Michael_Henderson","Kara_Beer","WIPT",1,0,0,1,"10:38","V",34,"58","59",NA,NA,"","422","GPS-003",434,"e7a421e2-802e-4dfa-8449-10fc5f4743c2"
"4443",2025,"Teller","T3",2,"2025-05-15","Michael_Henderson","Kara_Beer","WIPT",1,1,0,3,"10:40","V",33,"238","20",NA,NA,"","423","GPS-003",435,"e7a421e2-802e-4dfa-8449-10fc5f4743c2"
"4444",2025,"Teller","T3",2,"2025-05-15","Michael_Henderson","Kara_Beer","WIPT",1,0,0,1,"10:42","V",33,"100","84",NA,NA,"","424","GPS-003",436,"e7a421e2-802e-4dfa-8449-10fc5f4743c2"
"4445",2025,"Teller","T3",2,"2025-05-15","Michael_Henderson","Kara_Beer","WIPT",1,1,0,3,"10:44","V",33,"86","64",NA,NA,"","425","GPS-003",437,"e7a421e2-802e-4dfa-8449-10fc5f4743c2"
"4446",2025,"Teller","T3",2,"2025-05-15","Michael_Henderson","Kara_Beer","WIPT",1,0,0,1,"10:45","V",33,"235","37",NA,NA,"","426","GPS-003",438,"e7a421e2-802e-4dfa-8449-10fc5f4743c2"
"4447",2025,"Teller","T3",2,"2025-05-15","Michael_Henderson","Kara_Beer","WIPT",1,0,0,1,"10:46","V",33,"88","113",NA,NA,"","427","GPS-003",439,"e7a421e2-802e-4dfa-8449-10fc5f4743c2"
"4448",2025,"Teller","T3",2,"2025-05-15","Michael_Henderson","Kara_Beer","WIPT",1,0,0,1,"10:47","V",33,"81","56",NA,NA,"","428","GPS-003",440,"e7a421e2-802e-4dfa-8449-10fc5f4743c2"
"4449",2025,"Teller","T3",2,"2025-05-15","Michael_Henderson","Kara_Beer","WIPT",1,0,0,1,"10:48","V",33,"58","150",NA,NA,"","429","GPS-003",441,"e7a421e2-802e-4dfa-8449-10fc5f4743c2"
"4450",2025,"Teller","T3",2,"2025-05-15","Michael_Henderson","Kara_Beer","WIPT",1,0,0,1,"10:49","V",33,"240","325",NA,NA,"","430","GPS-003",442,"e7a421e2-802e-4dfa-8449-10fc5f4743c2"
"4451",2025,"Teller","T3",2,"2025-05-15","Michael_Henderson","Kara_Beer","WIPT",1,0,0,1,"10:50","V",33,"82","154",NA,NA,"","431","GPS-003",443,"e7a421e2-802e-4dfa-8449-10fc5f4743c2"
"4452",2025,"Teller","T3",2,"2025-05-15","Michael_Henderson","Kara_Beer","WIPT",1,0,0,1,"10:52","V",33,"239","250",NA,NA,"","432","GPS-003",444,"e7a421e2-802e-4dfa-8449-10fc5f4743c2"
"4453",2025,"Teller","T3",2,"2025-05-15","Michael_Henderson","Kara_Beer","WIPT",1,0,0,1,"10:53","V",32,"83","39",NA,NA,"","433","GPS-003",445,"e7a421e2-802e-4dfa-8449-10fc5f4743c2"
"4454",2025,"Teller","T3",2,"2025-05-15","Michael_Henderson","Kara_Beer","WIPT",1,1,0,3,"10:57","V",32,"248","47",NA,NA,"","434","GPS-003",446,"e7a421e2-802e-4dfa-8449-10fc5f4743c2"
"4455",2025,"Teller","T3",2,"2025-05-15","Michael_Henderson","Kara_Beer","WIPT",1,0,0,1,"10:59","V",32,"228","39",NA,NA,"","435","GPS-003",447,"e7a421e2-802e-4dfa-8449-10fc5f4743c2"
"4456",2025,"Teller","T3",2,"2025-05-15","Michael_Henderson","Kara_Beer","WIPT",2,0,0,2,"11:01","V",32,"228","105",NA,NA,"","436","GPS-003",448,"e7a421e2-802e-4dfa-8449-10fc5f4743c2"
"4457",2025,"Teller","T3",2,"2025-05-15","Michael_Henderson","Kara_Beer","WIPT",1,0,0,1,"11:03","V",32,"242","168",NA,NA,"","437","GPS-003",449,"e7a421e2-802e-4dfa-8449-10fc5f4743c2"
"4458",2025,"Teller","T3",2,"2025-05-15","Michael_Henderson","Kara_Beer","SEOW",1,0,0,1,"11:05","V",31,"79","86",NA,NA,"","438","GPS-003",450,"e7a421e2-802e-4dfa-8449-10fc5f4743c2"
"4459",2025,"Teller","T3",2,"2025-05-15","Michael_Henderson","Kara_Beer","WIPT",1,0,0,1,"11:06","V",31,"223","162",NA,NA,"","439","GPS-003",451,"e7a421e2-802e-4dfa-8449-10fc5f4743c2"
"4460",2025,"Teller","T3",2,"2025-05-15","Michael_Henderson","Kara_Beer","WIPT",1,0,0,1,"11:08","V",31,"242","76",NA,NA,"","440","GPS-003",452,"e7a421e2-802e-4dfa-8449-10fc5f4743c2"
"4461",2025,"Teller","T3",2,"2025-05-15","Michael_Henderson","Kara_Beer","WIPT",1,0,0,1,"11:08","A",31,"107","54",NA,NA,"","441","GPS-003",453,"e7a421e2-802e-4dfa-8449-10fc5f4743c2"
"4462",2025,"Teller","T3",2,"2025-05-15","Michael_Henderson","Kara_Beer","WIPT",1,1,0,3,"11:10","V",31,"52","44",NA,NA,"","442","GPS-003",454,"e7a421e2-802e-4dfa-8449-10fc5f4743c2"
"4463",2025,"Teller","T3",2,"2025-05-15","Michael_Henderson","Kara_Beer","WIPT",1,0,0,1,"11:11","V",31,"206","87",NA,NA,"","443","GPS-003",455,"e7a421e2-802e-4dfa-8449-10fc5f4743c2"
"4464",2025,"Teller","T3",2,"2025-05-15","Michael_Henderson","Kara_Beer","WIPT",1,0,0,1,"11:14","V",30,NA,"0",NA,NA,"","444","GPS-003",456,"e7a421e2-802e-4dfa-8449-10fc5f4743c2"
"4465",2025,"Teller","T3",2,"2025-05-15","Michael_Henderson","Kara_Beer","WIPT",1,0,0,1,"11:17","V",30,"48","44",NA,NA,"","445","GPS-003",457,"e7a421e2-802e-4dfa-8449-10fc5f4743c2"
"4466",2025,"Teller","T3",2,"2025-05-15","Michael_Henderson","Kara_Beer","WIPT",1,0,0,1,"11:18","V",30,NA,"0",NA,NA,"","446","GPS-003",458,"e7a421e2-802e-4dfa-8449-10fc5f4743c2"
"4467",2025,"Teller","T3",2,"2025-05-15","Michael_Henderson","Kara_Beer","WIPT",1,0,0,1,"11:18","V",30,"70","37",NA,NA,"","447","GPS-003",459,"e7a421e2-802e-4dfa-8449-10fc5f4743c2"
"4468",2025,"Teller","T3",2,"2025-05-15","Michael_Henderson","Kara_Beer","WIPT",1,0,0,1,"11:19","V",30,"42","1",NA,NA,"","447","GPS-003",460,"e7a421e2-802e-4dfa-8449-10fc5f4743c2"
"4469",2025,"Teller","T3",2,"2025-05-15","Michael_Henderson","Kara_Beer","SEOW",0,0,1,0,"11:20","V",30,"231","42",NA,NA,"","448","GPS-003",461,"e7a421e2-802e-4dfa-8449-10fc5f4743c2"
"4470",2025,"Teller","T3",2,"2025-05-15","Michael_Henderson","Kara_Beer","WIPT",1,0,0,1,"11:22","V",29,"51","92",NA,NA,"","449","GPS-003",462,"e7a421e2-802e-4dfa-8449-10fc5f4743c2"
"4471",2025,"Teller","T3",2,"2025-05-15","Michael_Henderson","Kara_Beer","WIPT",1,0,0,1,"11:23","V",29,"5","117",NA,NA,"","450","GPS-003",463,"e7a421e2-802e-4dfa-8449-10fc5f4743c2"
"4472",2025,"Teller","T3",2,"2025-05-15","Michael_Henderson","Kara_Beer","WIPT",1,0,0,1,"11:28","V",29,"286","57",NA,NA,"","451","GPS-003",464,"e7a421e2-802e-4dfa-8449-10fc5f4743c2"
"4473",2025,"Council","C1",1,"2025-05-16","Kara_Beer","Michael_Henderson","WIPT",1,0,0,1,"07:15","V",34,"280","127",NA,NA,"","452","GPS-003",465,"76a6fbd4-6426-4c50-be50-9e39f9228461"
"4474",2025,"Council","C1",1,"2025-05-16","Kara_Beer","Michael_Henderson","WIPT",1,0,0,1,"07:21","V",34,"120","56",NA,NA,"","453","GPS-003",466,"76a6fbd4-6426-4c50-be50-9e39f9228461"
"4475",2025,"Council","C1",1,"2025-05-16","Kara_Beer","Michael_Henderson","WIPT",1,0,0,1,"07:23","V",34,"80","116",NA,NA,"","454","GPS-003",467,"76a6fbd4-6426-4c50-be50-9e39f9228461"
"4476",2025,"Council","C1",1,"2025-05-16","Kara_Beer","Michael_Henderson","WIPT",1,0,0,1,"07:23","V",34,"290","307",NA,NA,"","455","GPS-003",468,"76a6fbd4-6426-4c50-be50-9e39f9228461"
"4477",2025,"Council","C1",1,"2025-05-16","Kara_Beer","Michael_Henderson","WIPT",1,0,0,1,"07:25","V",34,"290","108",NA,NA,"","456","GPS-003",469,"76a6fbd4-6426-4c50-be50-9e39f9228461"
"4478",2025,"Council","C1",1,"2025-05-16","Kara_Beer","Michael_Henderson","WIPT",1,0,0,1,"07:26","V",34,"290","153",NA,NA,"","456","GPS-003",470,"76a6fbd4-6426-4c50-be50-9e39f9228461"
"4479",2025,"Council","C1",1,"2025-05-16","Kara_Beer","Michael_Henderson","WIPT",1,0,0,1,"07:26","V",34,"100","10",NA,NA,"","457","GPS-003",471,"76a6fbd4-6426-4c50-be50-9e39f9228461"
"4480",2025,"Council","C1",1,"2025-05-16","Kara_Beer","Michael_Henderson","WIPT",1,0,0,1,"07:27","V",34,"290","40",NA,NA,"","458","GPS-003",472,"76a6fbd4-6426-4c50-be50-9e39f9228461"
"4481",2025,"Council","C1",1,"2025-05-16","Kara_Beer","Michael_Henderson","WIPT",1,0,0,1,"07:28","V",35,"300","27",NA,NA,"","459","GPS-003",473,"76a6fbd4-6426-4c50-be50-9e39f9228461"
"4482",2025,"Council","C1",1,"2025-05-16","Kara_Beer","Michael_Henderson","SEOW",0,0,1,0,"07:33","V",36,"310","118",NA,NA,"","460","GPS-003",474,"76a6fbd4-6426-4c50-be50-9e39f9228461"
"4483",2025,"Council","C1",1,"2025-05-16","Kara_Beer","Michael_Henderson","WIPT",1,0,0,1,"07:33","V",36,"310","20",NA,NA,"","461","GPS-003",475,"76a6fbd4-6426-4c50-be50-9e39f9228461"
"4484",2025,"Council","C1",1,"2025-05-16","Kara_Beer","Michael_Henderson","WIPT",1,0,0,1,"07:35","V",36,"100","14",NA,NA,"","462","GPS-003",476,"76a6fbd4-6426-4c50-be50-9e39f9228461"
"4485",2025,"Council","C1",1,"2025-05-16","Kara_Beer","Michael_Henderson","WIPT",1,0,0,1,"07:35","V",36,"100","14",NA,NA,"","463","GPS-003",477,"76a6fbd4-6426-4c50-be50-9e39f9228461"
"4486",2025,"Council","C1",1,"2025-05-16","Kara_Beer","Michael_Henderson","WIPT",1,0,1,1,"07:45","V",39,"300","250",NA,NA,"","464","GPS-003",478,"76a6fbd4-6426-4c50-be50-9e39f9228461"
"4487",2025,"Council","C1",1,"2025-05-16","Kara_Beer","Michael_Henderson","WIPT",2,0,0,2,"07:51","V",40,"100","212",NA,NA,"","465","GPS-003",479,"76a6fbd4-6426-4c50-be50-9e39f9228461"
"4488",2025,"Council","C1",1,"2025-05-16","Kara_Beer","Michael_Henderson","WIPT",1,0,0,1,"07:55","V",41,"290","71",NA,NA,"","466","GPS-003",480,"76a6fbd4-6426-4c50-be50-9e39f9228461"
"4489",2025,"Council","C1",1,"2025-05-16","Kara_Beer","Michael_Henderson","WIPT",1,0,0,1,"07:57","V",41,"320","114",NA,NA,"","467","GPS-003",481,"76a6fbd4-6426-4c50-be50-9e39f9228461"
"4490",2025,"Council","C1",1,"2025-05-16","Kara_Beer","Michael_Henderson","WIPT",1,0,0,1,"08:00","V",42,"310","209",NA,NA,"","468","GPS-003",482,"76a6fbd4-6426-4c50-be50-9e39f9228461"
"4491",2025,"Council","C1",1,"2025-05-16","Kara_Beer","Michael_Henderson","WIPT",2,0,0,2,"08:02","V",42,"320","581",NA,NA,"","469","GPS-003",483,"76a6fbd4-6426-4c50-be50-9e39f9228461"
"4492",2025,"Council","C1",1,"2025-05-16","Kara_Beer","Michael_Henderson","WIPT",1,0,0,1,"08:03","V",42,"320","91",NA,NA,"","470","GPS-003",484,"76a6fbd4-6426-4c50-be50-9e39f9228461"
"4493",2025,"Council","C1",1,"2025-05-16","Kara_Beer","Michael_Henderson","WIPT",1,0,0,1,"08:04","V",42,"120","204",NA,NA,"","471","GPS-003",485,"76a6fbd4-6426-4c50-be50-9e39f9228461"
"4494",2025,"Council","C1",1,"2025-05-16","Kara_Beer","Michael_Henderson","ROPT",1,0,0,1,"08:08","V",42,"300","344",NA,NA,"","472","GPS-003",486,"76a6fbd4-6426-4c50-be50-9e39f9228461"
"4495",2025,"Council","C1",1,"2025-05-16","Kara_Beer","Michael_Henderson","WIPT",1,0,0,1,"08:11","V",42,NA,"0",NA,NA,"","473","GPS-003",487,"76a6fbd4-6426-4c50-be50-9e39f9228461"
"4496",2025,"Council","C1",1,"2025-05-16","Kara_Beer","Michael_Henderson","WIPT",1,0,0,1,"08:14","V",42,"100","25",NA,NA,"","474","GPS-003",488,"76a6fbd4-6426-4c50-be50-9e39f9228461"
"4497",2025,"Council","C1",1,"2025-05-16","Kara_Beer","Michael_Henderson","WIPT",1,0,0,1,"08:16","V",43,"310","497",NA,NA,"","475","GPS-003",489,"76a6fbd4-6426-4c50-be50-9e39f9228461"
"4498",2025,"Council","C1",1,"2025-05-16","Kara_Beer","Michael_Henderson","WIPT",1,0,0,1,"08:17","V",43,"290","373",NA,NA,"","476","GPS-003",490,"76a6fbd4-6426-4c50-be50-9e39f9228461"
"4499",2025,"Council","C2",1,"2025-05-16","Kara_Beer","Michael_Henderson","SEOW",0,0,1,0,"08:27","V",44,"40","350",NA,NA,"","477","GPS-003",491,"df9008c5-cce9-45aa-b126-013fde2e144b"
"4500",2025,"Council","C2",1,"2025-05-16","Kara_Beer","Michael_Henderson","WIPT",1,0,0,1,"08:30","V",45,"20","8",NA,NA,"","478","GPS-003",492,"df9008c5-cce9-45aa-b126-013fde2e144b"
"4501",2025,"Council","C2",1,"2025-05-16","Kara_Beer","Michael_Henderson","WIPT",1,0,0,1,"08:33","V",45,"180","76",NA,NA,"","479","GPS-003",493,"df9008c5-cce9-45aa-b126-013fde2e144b"
"4502",2025,"Council","C2",1,"2025-05-16","Kara_Beer","Michael_Henderson","WIPT",1,0,0,1,"08:41","V",47,"200","251",NA,NA,"","480","GPS-003",494,"df9008c5-cce9-45aa-b126-013fde2e144b"
"4503",2025,"Council","C2",1,"2025-05-16","Kara_Beer","Michael_Henderson","ROPT",1,0,0,1,"08:45","V",48,"200","12",NA,NA,"","481","GPS-003",495,"df9008c5-cce9-45aa-b126-013fde2e144b"
"4504",2025,"Council","C2",1,"2025-05-16","Kara_Beer","Michael_Henderson","ROPT",1,0,0,1,"08:46","V",48,"200","220",NA,NA,"","482","GPS-003",496,"df9008c5-cce9-45aa-b126-013fde2e144b"
"4505",2025,"Council","C2",1,"2025-05-16","Kara_Beer","Michael_Henderson","WIPT",1,0,0,1,"08:49","V",49,NA,"0",NA,NA,"","483","GPS-003",497,"df9008c5-cce9-45aa-b126-013fde2e144b"
"4506",2025,"Council","C2",1,"2025-05-16","Kara_Beer","Michael_Henderson","WIPT",1,0,0,1,"08:50","V",49,"20","217",NA,NA,"","484","GPS-003",498,"df9008c5-cce9-45aa-b126-013fde2e144b"
"4507",2025,"Council","C2",1,"2025-05-16","Kara_Beer","Michael_Henderson","WIPT",1,0,0,1,"08:52","V",49,"60","25",NA,NA,"","485","GPS-003",499,"df9008c5-cce9-45aa-b126-013fde2e144b"
"4508",2025,"Council","C2",1,"2025-05-16","Kara_Beer","Michael_Henderson","WIPT",1,0,0,1,"08:53","V",50,"60","77",NA,NA,"","486","GPS-003",500,"df9008c5-cce9-45aa-b126-013fde2e144b"
"4509",2025,"Council","C2",1,"2025-05-16","Kara_Beer","Michael_Henderson","SEOW",0,0,1,0,"08:53","V",50,"60","259",NA,NA,"","487","GPS-003",501,"df9008c5-cce9-45aa-b126-013fde2e144b"
"4510",2025,"Council","C2",1,"2025-05-16","Kara_Beer","Michael_Henderson","ROPT",1,0,0,1,"08:55","A",50,"210","12",NA,NA,"","488","GPS-003",502,"df9008c5-cce9-45aa-b126-013fde2e144b"
"4511",2025,"Council","C2",1,"2025-05-16","Kara_Beer","Michael_Henderson","ROPT",1,0,0,1,"08:56","V",50,"210","278",NA,NA,"","489","GPS-003",503,"df9008c5-cce9-45aa-b126-013fde2e144b"
"4512",2025,"Council","C2",1,"2025-05-16","Kara_Beer","Michael_Henderson","ROPT",1,1,0,3,"08:59","A",50,"200","12",NA,NA,"","490","GPS-003",504,"df9008c5-cce9-45aa-b126-013fde2e144b"
"4513",2025,"Council","C2",1,"2025-05-16","Kara_Beer","Michael_Henderson","SEOW",0,0,1,0,"09:05","V",52,"20","115",NA,NA,"","491","GPS-003",505,"df9008c5-cce9-45aa-b126-013fde2e144b"
"4514",2025,"Council","C2",1,"2025-05-16","Kara_Beer","Michael_Henderson","ROPT",1,1,0,3,"09:07","V",52,NA,"0",NA,NA,"","492","GPS-003",506,"df9008c5-cce9-45aa-b126-013fde2e144b"
"4515",2025,"Council","C2",1,"2025-05-16","Kara_Beer","Michael_Henderson","ROPT",1,0,0,1,"09:10","V",52,"0","5",NA,NA,"","493","GPS-003",507,"df9008c5-cce9-45aa-b126-013fde2e144b"
"4516",2025,"Teller","T5",1,"2025-05-18","Emma Heydenberk","Kara_Beer","WIPT",1,0,0,1,"07:40","V",48,"0","28",NA,NA,"","494","GPS-003",508,"5c5bb59f-f081-4341-9e09-fb987bffef70"
"4517",2025,"Teller","T5",1,"2025-05-18","Emma Heydenberk","Kara_Beer","WIPT",1,0,0,1,"07:45","V",49,"230","37",NA,NA,"","495","GPS-003",509,"5c5bb59f-f081-4341-9e09-fb987bffef70"
"4518",2025,"Teller","T5",1,"2025-05-18","Emma Heydenberk","Kara_Beer","WIPT",1,0,0,1,"07:48","V",49,NA,"0",NA,NA,"","496","GPS-003",510,"5c5bb59f-f081-4341-9e09-fb987bffef70"
"4519",2025,"Teller","T5",1,"2025-05-18","Emma Heydenberk","Kara_Beer","WIPT",1,0,0,1,"07:49","V",49,NA,"0",NA,NA,"","497","GPS-003",511,"5c5bb59f-f081-4341-9e09-fb987bffef70"
"4520",2025,"Teller","T5",1,"2025-05-18","Emma Heydenberk","Kara_Beer","WIPT",1,0,0,1,"07:51","V",49,"280","245",NA,NA,"","498","GPS-003",512,"5c5bb59f-f081-4341-9e09-fb987bffef70"
"4521",2025,"Teller","T5",1,"2025-05-18","Emma Heydenberk","Kara_Beer","WIPT",1,1,0,3,"07:52","V",49,"50","17",NA,NA,"","499","GPS-003",513,"5c5bb59f-f081-4341-9e09-fb987bffef70"
"4522",2025,"Teller","T5",1,"2025-05-18","Emma Heydenberk","Kara_Beer","WIPT",1,0,0,1,"07:54","V",49,"60","80",NA,NA,"","500","GPS-003",514,"5c5bb59f-f081-4341-9e09-fb987bffef70"
"4523",2025,"Teller","T5",1,"2025-05-18","Emma Heydenberk","Kara_Beer","LTJA",0,0,2,0,"07:55","V",49,"270","300",NA,NA,"","501","GPS-003",515,"5c5bb59f-f081-4341-9e09-fb987bffef70"
"4524",2025,"Teller","T5",1,"2025-05-18","Emma Heydenberk","Kara_Beer","WIPT",1,0,0,1,"07:56","V",49,"90","256",NA,NA,"","502","GPS-003",516,"5c5bb59f-f081-4341-9e09-fb987bffef70"
"4525",2025,"Teller","T5",1,"2025-05-18","Emma Heydenberk","Kara_Beer","WIPT",1,0,0,1,"07:58","V",49,"100","171",NA,NA,"","503","GPS-003",517,"5c5bb59f-f081-4341-9e09-fb987bffef70"
"4526",2025,"Teller","T5",1,"2025-05-18","Emma Heydenberk","Kara_Beer","WIPT",1,0,0,1,"07:58","V",49,"100","38",NA,NA,"","504","GPS-003",518,"5c5bb59f-f081-4341-9e09-fb987bffef70"
"4527",2025,"Teller","T5",1,"2025-05-18","Emma Heydenberk","Kara_Beer","WIPT",1,0,0,1,"07:59","V",49,"330","68",NA,NA,"","505","GPS-003",519,"5c5bb59f-f081-4341-9e09-fb987bffef70"
"4528",2025,"Teller","T5",1,"2025-05-18","Emma Heydenberk","Kara_Beer","WIPT",1,0,0,1,"08:00","V",49,"12","181",NA,NA,"","506","GPS-003",520,"5c5bb59f-f081-4341-9e09-fb987bffef70"
"4529",2025,"Teller","T5",1,"2025-05-18","Emma Heydenberk","Kara_Beer","WIPT",1,0,0,1,"08:01","V",49,NA,"0",NA,NA,"","507","GPS-003",521,"5c5bb59f-f081-4341-9e09-fb987bffef70"
"4530",2025,"Teller","T5",1,"2025-05-18","Emma Heydenberk","Kara_Beer","WIPT",1,0,0,1,"08:03","V",50,"290","97",NA,NA,"","508","GPS-003",522,"5c5bb59f-f081-4341-9e09-fb987bffef70"
"4531",2025,"Teller","T5",1,"2025-05-18","Emma Heydenberk","Kara_Beer","WIPT",1,1,0,3,"08:04","V",50,NA,"0",NA,NA,"","509","GPS-003",523,"5c5bb59f-f081-4341-9e09-fb987bffef70"
"4532",2025,"Teller","T5",1,"2025-05-18","Emma Heydenberk","Kara_Beer","SEOW",0,0,1,0,"08:05","V",50,"280","570",NA,NA,"","510","GPS-003",524,"5c5bb59f-f081-4341-9e09-fb987bffef70"
"4533",2025,"Teller","T5",1,"2025-05-18","Emma Heydenberk","Kara_Beer","WIPT",1,0,0,1,"08:06","V",50,"280","113",NA,NA,"","511","GPS-003",525,"5c5bb59f-f081-4341-9e09-fb987bffef70"
"4534",2025,"Teller","T5",1,"2025-05-18","Emma Heydenberk","Kara_Beer","WIPT",1,0,0,1,"08:07","V",50,"40","106",NA,NA,"","512","GPS-003",526,"5c5bb59f-f081-4341-9e09-fb987bffef70"
"4535",2025,"Teller","T5",1,"2025-05-18","Emma Heydenberk","Kara_Beer","WIPT",2,0,0,2,"08:09","V",50,"60","86",NA,NA,"","513","GPS-003",527,"5c5bb59f-f081-4341-9e09-fb987bffef70"
"4536",2025,"Teller","T5",1,"2025-05-18","Emma Heydenberk","Kara_Beer","WIPT",1,1,0,3,"08:09","V",50,"220","15",NA,NA,"","514","GPS-003",528,"5c5bb59f-f081-4341-9e09-fb987bffef70"
"4537",2025,"Teller","T5",1,"2025-05-18","Emma Heydenberk","Kara_Beer","WIPT",1,0,0,1,"08:11","V",50,NA,"0",NA,NA,"","515","GPS-003",529,"5c5bb59f-f081-4341-9e09-fb987bffef70"
"4538",2025,"Teller","T5",1,"2025-05-18","Emma Heydenberk","Kara_Beer","WIPT",1,0,0,1,"08:12","V",50,NA,"0",NA,NA,"","516","GPS-003",530,"5c5bb59f-f081-4341-9e09-fb987bffef70"
"4539",2025,"Teller","T5",1,"2025-05-18","Emma Heydenberk","Kara_Beer","PTAR",0,0,1,0,"08:13","V",50,"300","430",NA,NA,"","517","GPS-003",531,"5c5bb59f-f081-4341-9e09-fb987bffef70"
"4540",2025,"Teller","T5",1,"2025-05-18","Emma Heydenberk","Kara_Beer","WIPT",1,0,0,1,"08:15","V",51,NA,"0",NA,NA,"","518","GPS-003",532,"5c5bb59f-f081-4341-9e09-fb987bffef70"
"4541",2025,"Teller","T5",1,"2025-05-18","Emma Heydenberk","Kara_Beer","ROPT",2,0,0,2,"08:16","V",51,"280","408",NA,NA,"","519","GPS-003",533,"5c5bb59f-f081-4341-9e09-fb987bffef70"
"4542",2025,"Teller","T5",1,"2025-05-18","Emma Heydenberk","Kara_Beer","WIPT",1,0,0,1,"08:17","V",51,"130","22",NA,NA,"","520","GPS-003",534,"5c5bb59f-f081-4341-9e09-fb987bffef70"
"4543",2025,"Teller","T5",1,"2025-05-18","Emma Heydenberk","Kara_Beer","WIPT",1,0,0,1,"08:18","V",51,NA,"0",NA,NA,"","521","GPS-003",535,"5c5bb59f-f081-4341-9e09-fb987bffef70"
"4544",2025,"Teller","T5",1,"2025-05-18","Emma Heydenberk","Kara_Beer","WIPT",0,1,0,2,"08:21","V",51,"80","19",NA,NA,"","522","GPS-003",536,"5c5bb59f-f081-4341-9e09-fb987bffef70"
"4545",2025,"Teller","T5",1,"2025-05-18","Emma Heydenberk","Kara_Beer","WIPT",1,0,0,1,"08:23","V",51,"40","75",NA,NA,"","523","GPS-003",537,"5c5bb59f-f081-4341-9e09-fb987bffef70"
"4546",2025,"Teller","T5",1,"2025-05-18","Emma Heydenberk","Kara_Beer","WIPT",1,1,0,3,"08:24","V",51,"40","9",NA,NA,"","524","GPS-003",538,"5c5bb59f-f081-4341-9e09-fb987bffef70"
"4547",2025,"Teller","T5",1,"2025-05-18","Emma Heydenberk","Kara_Beer","WIPT",1,0,0,1,"08:25","V",52,"270","65",NA,NA,"","525","GPS-003",539,"5c5bb59f-f081-4341-9e09-fb987bffef70"
"4548",2025,"Teller","T5",1,"2025-05-18","Emma Heydenberk","Kara_Beer","WIPT",1,0,0,1,"08:27","V",52,"15","39",NA,NA,"","526","GPS-003",540,"5c5bb59f-f081-4341-9e09-fb987bffef70"
"4549",2025,"Teller","T5",1,"2025-05-18","Emma Heydenberk","Kara_Beer","WIPT",1,0,0,1,"08:28","V",52,"120","226",NA,NA,"","527","GPS-003",541,"5c5bb59f-f081-4341-9e09-fb987bffef70"
"4550",2025,"Teller","T5",1,"2025-05-18","Emma Heydenberk","Kara_Beer","WIPT",1,0,0,1,"08:29","V",52,"70","23",NA,NA,"","528","GPS-003",542,"5c5bb59f-f081-4341-9e09-fb987bffef70"
"4551",2025,"Teller","T5",1,"2025-05-18","Emma Heydenberk","Kara_Beer","WIPT",1,0,0,1,"08:33","V",52,"350","147",NA,NA,"","528","GPS-003",543,"5c5bb59f-f081-4341-9e09-fb987bffef70"
"4552",2025,"Teller","T5",1,"2025-05-18","Emma Heydenberk","Kara_Beer","WIPT",1,0,0,1,"08:35","V",52,NA,"0",NA,NA,"","530","GPS-003",544,"5c5bb59f-f081-4341-9e09-fb987bffef70"
"4553",2025,"Teller","T5",1,"2025-05-18","Emma Heydenberk","Kara_Beer","WIPT",1,0,0,1,"08:36","V",52,"30","76",NA,NA,"","531","GPS-003",545,"5c5bb59f-f081-4341-9e09-fb987bffef70"
"4554",2025,"Teller","T5",1,"2025-05-18","Emma Heydenberk","Kara_Beer","WIPT",1,0,0,1,"08:43","V",54,"230","140",NA,NA,"","532","GPS-003",546,"5c5bb59f-f081-4341-9e09-fb987bffef70"
"4555",2025,"Teller","T5",1,"2025-05-18","Emma Heydenberk","Kara_Beer","WIPT",1,0,0,1,"08:45","V",54,NA,"0",NA,NA,"","533","GPS-003",547,"5c5bb59f-f081-4341-9e09-fb987bffef70"
"4556",2025,"Teller","T5",1,"2025-05-18","Emma Heydenberk","Kara_Beer","WIPT",1,0,0,1,"08:47","V",55,"300","125",NA,NA,"","534","GPS-003",548,"5c5bb59f-f081-4341-9e09-fb987bffef70"
"4557",2025,"Teller","T5",1,"2025-05-18","Emma Heydenberk","Kara_Beer","WIPT",1,0,0,1,"08:49","V",55,NA,"0",NA,NA,"","535","GPS-003",549,"5c5bb59f-f081-4341-9e09-fb987bffef70"
"4558",2025,"Teller","T5",1,"2025-05-18","Emma Heydenberk","Kara_Beer","WIPT",1,0,0,1,"08:51","V",56,NA,"0",NA,NA,"","536","GPS-003",550,"5c5bb59f-f081-4341-9e09-fb987bffef70"
"4559",2025,"Teller","T5",1,"2025-05-18","Emma Heydenberk","Kara_Beer","WIPT",1,0,0,1,"08:53","V",56,"110","42",NA,NA,"","537","GPS-003",551,"5c5bb59f-f081-4341-9e09-fb987bffef70"
"4560",2025,"Teller","T5",1,"2025-05-18","Emma Heydenberk","Kara_Beer","WIPT",1,0,0,1,"08:59","V",57,"10","133",NA,NA,"","538","GPS-003",552,"5c5bb59f-f081-4341-9e09-fb987bffef70"
"4561",2025,"Teller","T6",1,"2025-05-18","Emma Heydenberk","Kara_Beer","WIPT",1,0,0,1,"09:09","V",59,"170","63",NA,NA,"","539","GPS-003",553,"6f9958fa-ca5b-487c-a936-66f5f5267fd8"
"4562",2025,"Teller","T6",1,"2025-05-18","Emma Heydenberk","Kara_Beer","WIPT",1,0,0,1,"09:11","V",59,"0","36",NA,NA,"","540","GPS-003",554,"6f9958fa-ca5b-487c-a936-66f5f5267fd8"
"4563",2025,"Teller","T6",1,"2025-05-18","Emma Heydenberk","Kara_Beer","WIPT",1,0,0,1,"09:16","V",60,"230","36",NA,NA,"","541","GPS-003",555,"6f9958fa-ca5b-487c-a936-66f5f5267fd8"
"4564",2025,"Teller","T6",1,"2025-05-18","Emma Heydenberk","Kara_Beer","WIPT",1,0,0,1,"09:30","V",63,"290","79",NA,NA,"","542","GPS-003",556,"6f9958fa-ca5b-487c-a936-66f5f5267fd8"
"4565",2025,"Teller","T6",1,"2025-05-18","Emma Heydenberk","Kara_Beer","WIPT",1,0,0,1,"09:37","V",64,"10","79",NA,NA,"","543","GPS-003",557,"6f9958fa-ca5b-487c-a936-66f5f5267fd8"
"4566",2025,"Teller","T6",1,"2025-05-18","Emma Heydenberk","Kara_Beer","GOPL",0,0,2,0,"09:41","V",65,"290","28",NA,NA,"","544","GPS-003",558,"6f9958fa-ca5b-487c-a936-66f5f5267fd8"
"4567",2025,"Teller","T6",1,"2025-05-18","Emma Heydenberk","Kara_Beer","WIPT",1,0,0,1,"09:47","V",66,"40","27",NA,NA,"","545","GPS-003",559,"6f9958fa-ca5b-487c-a936-66f5f5267fd8"
"4568",2025,"Teller","T6",1,"2025-05-18","Emma Heydenberk","Kara_Beer","WIPT",1,0,0,1,"09:56","V",68,"210","55",NA,NA,"","546","GPS-003",560,"6f9958fa-ca5b-487c-a936-66f5f5267fd8"
"4569",2025,"Kougarok","K3",2,"2025-05-19","Emma Heydenberk","Kara_Beer","WIPT",1,0,0,1,"07:59","V",43,"308","159",NA,NA,"","549","GPS-003",561,"678780d9-d861-4108-b923-e1ee314fad9a"
"4570",2025,"Kougarok","K3",2,"2025-05-19","Emma Heydenberk","Kara_Beer","WIPT",1,0,0,1,"08:06","V",42,"300","112",NA,NA,"","550","GPS-003",562,"678780d9-d861-4108-b923-e1ee314fad9a"
"4571",2025,"Kougarok","K3",2,"2025-05-19","Emma Heydenberk","Kara_Beer","WIPT",1,0,0,1,"08:09","V",42,"150","127",NA,NA,"","551","GPS-003",563,"678780d9-d861-4108-b923-e1ee314fad9a"
"4572",2025,"Kougarok","K3",2,"2025-05-19","Emma Heydenberk","Kara_Beer","WIPT",1,0,0,1,"08:11","V",42,"150","18",NA,NA,"","552","GPS-003",564,"678780d9-d861-4108-b923-e1ee314fad9a"
"4573",2025,"Kougarok","K3",2,"2025-05-19","Emma Heydenberk","Kara_Beer","WIPT",1,0,0,1,"08:15","V",41,"350","38",NA,NA,"","553","GPS-003",565,"678780d9-d861-4108-b923-e1ee314fad9a"
"4574",2025,"Kougarok","K3",2,"2025-05-19","Emma Heydenberk","Kara_Beer","WIPT",1,0,0,1,"08:16","A",41,"180","20",NA,NA,"","554","GPS-003",566,"678780d9-d861-4108-b923-e1ee314fad9a"
"4575",2025,"Kougarok","K3",2,"2025-05-19","Emma Heydenberk","Kara_Beer","WISN",0,0,1,0,"08:17","A",41,"190","20",NA,NA,"","555","GPS-003",567,"678780d9-d861-4108-b923-e1ee314fad9a"
"4576",2025,"Kougarok","K3",2,"2025-05-19","Emma Heydenberk","Kara_Beer","WISN",0,0,1,0,"08:18","V",41,"200","14",NA,NA,"","556","GPS-003",568,"678780d9-d861-4108-b923-e1ee314fad9a"
"4577",2025,"Kougarok","K3",2,"2025-05-19","Emma Heydenberk","Kara_Beer","WIPT",1,0,0,1,"08:19","V",41,"190","86",NA,NA,"","557","GPS-003",569,"678780d9-d861-4108-b923-e1ee314fad9a"
"4578",2025,"Kougarok","K3",2,"2025-05-19","Emma Heydenberk","Kara_Beer","WIPT",1,0,0,1,"08:20","V",40,"205","14",NA,NA,"","558","GPS-003",570,"678780d9-d861-4108-b923-e1ee314fad9a"
"4579",2025,"Kougarok","K3",2,"2025-05-19","Emma Heydenberk","Kara_Beer","WISN",0,0,1,0,"08:21","V",40,"20","27",NA,NA,"","559","GPS-003",571,"678780d9-d861-4108-b923-e1ee314fad9a"
"4580",2025,"Kougarok","K3",2,"2025-05-19","Emma Heydenberk","Kara_Beer","WIPT",1,0,0,1,"08:22","V",40,"340","154",NA,NA,"","560","GPS-003",572,"678780d9-d861-4108-b923-e1ee314fad9a"
"4581",2025,"Kougarok","K3",2,"2025-05-19","Emma Heydenberk","Kara_Beer","WIPT",1,0,0,1,"08:25","V",40,"210","59",NA,NA,"","561","GPS-003",573,"678780d9-d861-4108-b923-e1ee314fad9a"
"4582",2025,"Kougarok","K3",2,"2025-05-19","Emma Heydenberk","Kara_Beer","WIPT",1,0,0,1,"08:26","V",40,"30","26",NA,NA,"","562","GPS-003",574,"678780d9-d861-4108-b923-e1ee314fad9a"
"4583",2025,"Kougarok","K3",2,"2025-05-19","Emma Heydenberk","Kara_Beer","WIPT",1,1,0,3,"08:27","V",40,"89","2",NA,NA,"","563","GPS-003",575,"678780d9-d861-4108-b923-e1ee314fad9a"
"4584",2025,"Kougarok","K3",2,"2025-05-19","Emma Heydenberk","Kara_Beer","WIPT",1,0,0,1,"08:30","V",39,"110","2",NA,NA,"","564","GPS-003",576,"678780d9-d861-4108-b923-e1ee314fad9a"
"4585",2025,"Kougarok","K3",2,"2025-05-19","Emma Heydenberk","Kara_Beer","WIPT",1,0,0,1,"08:32","V",39,"270","147",NA,NA,"","565","GPS-003",577,"678780d9-d861-4108-b923-e1ee314fad9a"
"4586",2025,"Kougarok","K3",2,"2025-05-19","Emma Heydenberk","Kara_Beer","WIPT",1,1,0,3,"08:33","V",39,NA,"0",NA,NA,"","566","GPS-003",578,"678780d9-d861-4108-b923-e1ee314fad9a"
"4587",2025,"Kougarok","K3",2,"2025-05-19","Emma Heydenberk","Kara_Beer","WIPT",1,0,0,1,"08:34","V",39,NA,"0",NA,NA,"","567","GPS-003",579,"678780d9-d861-4108-b923-e1ee314fad9a"
"4588",2025,"Kougarok","K3",2,"2025-05-19","Emma Heydenberk","Kara_Beer","WIPT",1,0,0,1,"08:34","V",39,"120","54",NA,NA,"","568","GPS-003",580,"678780d9-d861-4108-b923-e1ee314fad9a"
"4589",2025,"Kougarok","K3",2,"2025-05-19","Emma Heydenberk","Kara_Beer","WIPT",1,0,0,1,"08:36","V",39,"120","14",NA,NA,"","569","GPS-003",581,"678780d9-d861-4108-b923-e1ee314fad9a"
"4590",2025,"Kougarok","K3",2,"2025-05-19","Emma Heydenberk","Kara_Beer","WIPT",1,0,0,1,"08:37","V",39,"300","167",NA,NA,"","570","GPS-003",582,"678780d9-d861-4108-b923-e1ee314fad9a"
"4591",2025,"Kougarok","K3",2,"2025-05-19","Emma Heydenberk","Kara_Beer","WIPT",2,0,0,2,"08:38","V",39,"280","535",NA,NA,"","571","GPS-003",583,"678780d9-d861-4108-b923-e1ee314fad9a"
"4592",2025,"Kougarok","K3",2,"2025-05-19","Emma Heydenberk","Kara_Beer","WIPT",1,0,0,1,"08:38","V",39,"280","535",NA,NA,"","572","GPS-003",584,"678780d9-d861-4108-b923-e1ee314fad9a"
"4593",2025,"Kougarok","K3",2,"2025-05-19","Emma Heydenberk","Kara_Beer","WIPT",1,0,0,1,"08:39","V",39,"110","2",NA,NA,"","573","GPS-003",585,"678780d9-d861-4108-b923-e1ee314fad9a"
"4594",2025,"Kougarok","K3",2,"2025-05-19","Emma Heydenberk","Kara_Beer","WIPT",1,0,0,1,"08:41","V",38,"120","13",NA,NA,"","574","GPS-003",586,"678780d9-d861-4108-b923-e1ee314fad9a"
"4595",2025,"Kougarok","K3",2,"2025-05-19","Emma Heydenberk","Kara_Beer","WIPT",1,0,0,1,"08:44","V",38,"280","33",NA,NA,"","575","GPS-003",587,"678780d9-d861-4108-b923-e1ee314fad9a"
"4596",2025,"Kougarok","K3",2,"2025-05-19","Emma Heydenberk","Kara_Beer","WIPT",1,0,0,1,"08:57","V",36,"92","17",NA,NA,"","576","GPS-003",588,"678780d9-d861-4108-b923-e1ee314fad9a"
"4597",2025,"Kougarok","K3",2,"2025-05-19","Emma Heydenberk","Kara_Beer","WISN",0,0,2,0,"08:57","A",36,NA,"0",NA,NA,"","577","GPS-003",589,"678780d9-d861-4108-b923-e1ee314fad9a"
"4598",2025,"Kougarok","K3",2,"2025-05-19","Emma Heydenberk","Kara_Beer","WIPT",1,0,0,1,"08:59","V",35,"270","48",NA,NA,"","578","GPS-003",590,"678780d9-d861-4108-b923-e1ee314fad9a"
"4599",2025,"Kougarok","K3",2,"2025-05-19","Emma Heydenberk","Kara_Beer","WIPT",1,0,0,1,"09:03","V",35,"296","11",NA,NA,"","579","GPS-003",591,"678780d9-d861-4108-b923-e1ee314fad9a"
"4600",2025,"Kougarok","K3",2,"2025-05-19","Emma Heydenberk","Kara_Beer","WIPT",1,0,0,1,"09:09","V",33,"130","10",NA,NA,"","580","GPS-003",592,"678780d9-d861-4108-b923-e1ee314fad9a"
"4601",2025,"Kougarok","K3",2,"2025-05-19","Emma Heydenberk","Kara_Beer","WIPT",1,0,0,1,"09:10","V",33,"330","5",NA,NA,"","581","GPS-003",593,"678780d9-d861-4108-b923-e1ee314fad9a"
"4602",2025,"Kougarok","K2",2,"2025-05-19","Emma Heydenberk","Kara_Beer","WIPT",0,0,0,0,"09:19","V",32,"210","11",NA,NA,"","582","GPS-003",594,"ef7f3c19-266d-481d-89d4-bab7e06f7203"
"4603",2025,"Kougarok","K2",2,"2025-05-19","Emma Heydenberk","Kara_Beer","AGSQ",0,0,1,0,"09:22","V",32,"340","78",NA,NA,"","583","GPS-003",595,"ef7f3c19-266d-481d-89d4-bab7e06f7203"
"4604",2025,"Kougarok","K2",2,"2025-05-19","Emma Heydenberk","Kara_Beer","WIPT",1,0,0,1,"09:25","V",31,"300","78",NA,NA,"","584","GPS-003",596,"ef7f3c19-266d-481d-89d4-bab7e06f7203"
"4605",2025,"Kougarok","K2",2,"2025-05-19","Emma Heydenberk","Kara_Beer","WIPT",1,0,0,1,"09:26","V",31,NA,"0",NA,NA,"","585","GPS-003",597,"ef7f3c19-266d-481d-89d4-bab7e06f7203"
"4606",2025,"Kougarok","K2",2,"2025-05-19","Emma Heydenberk","Kara_Beer","WIPT",1,0,0,1,"09:28","V",31,"300","125",NA,NA,"","586","GPS-003",598,"ef7f3c19-266d-481d-89d4-bab7e06f7203"
"4607",2025,"Kougarok","K2",2,"2025-05-19","Emma Heydenberk","Kara_Beer","WIPT",1,0,0,1,"09:31","V",31,"105","268",NA,NA,"","587","GPS-003",599,"ef7f3c19-266d-481d-89d4-bab7e06f7203"
"4608",2025,"Kougarok","K2",2,"2025-05-19","Emma Heydenberk","Kara_Beer","WIPT",1,0,0,1,"09:33","V",31,"270","76",NA,NA,"","588","GPS-003",600,"ef7f3c19-266d-481d-89d4-bab7e06f7203"
"4609",2025,"Kougarok","K2",2,"2025-05-19","Emma Heydenberk","Kara_Beer","WIPT",1,0,0,1,"09:35","V",30,"300","360",NA,NA,"","589","GPS-003",601,"ef7f3c19-266d-481d-89d4-bab7e06f7203"
"4610",2025,"Kougarok","K2",2,"2025-05-19","Emma Heydenberk","Kara_Beer","WIPT",1,0,0,1,"09:37","V",30,"275","24",NA,NA,"","590","GPS-003",602,"ef7f3c19-266d-481d-89d4-bab7e06f7203"
"4611",2025,"Kougarok","K2",2,"2025-05-19","Emma Heydenberk","Kara_Beer","WIPT",1,0,0,1,"09:38","V",30,"255","63",NA,NA,"","591","GPS-003",603,"ef7f3c19-266d-481d-89d4-bab7e06f7203"
"4612",2025,"Kougarok","K2",2,"2025-05-19","Emma Heydenberk","Kara_Beer","ROPT",1,0,0,1,"09:40","V",30,"265","78",NA,NA,"","592","GPS-003",604,"ef7f3c19-266d-481d-89d4-bab7e06f7203"
"4613",2025,"Kougarok","K2",2,"2025-05-19","Emma Heydenberk","Kara_Beer","WIPT",1,0,0,1,"09:41","V",30,"295","24",NA,NA,"","593","GPS-003",605,"ef7f3c19-266d-481d-89d4-bab7e06f7203"
"4614",2025,"Kougarok","K2",2,"2025-05-19","Emma Heydenberk","Kara_Beer","WIPT",2,0,0,2,"09:41","V",30,"250","48",NA,NA,"","594","GPS-003",606,"ef7f3c19-266d-481d-89d4-bab7e06f7203"
"4615",2025,"Kougarok","K2",2,"2025-05-19","Emma Heydenberk","Kara_Beer","WIPT",1,0,0,1,"09:43","V",29,"265","66",NA,NA,"","595","GPS-003",607,"ef7f3c19-266d-481d-89d4-bab7e06f7203"
"4616",2025,"Kougarok","K2",2,"2025-05-19","Emma Heydenberk","Kara_Beer","WIPT",1,0,0,1,"09:44","V",29,"273","36",NA,NA,"","596","GPS-003",608,"ef7f3c19-266d-481d-89d4-bab7e06f7203"
"4617",2025,"Kougarok","K2",2,"2025-05-19","Emma Heydenberk","Kara_Beer","WIPT",1,0,0,1,"09:46","V",29,"96","113",NA,NA,"","597","GPS-003",609,"ef7f3c19-266d-481d-89d4-bab7e06f7203"
"4618",2025,"Kougarok","K2",2,"2025-05-19","Emma Heydenberk","Kara_Beer","WIPT",0,1,0,2,"09:48","V",28,NA,"0",NA,NA,"","598","GPS-003",610,"ef7f3c19-266d-481d-89d4-bab7e06f7203"
"4619",2025,"Kougarok","K2",2,"2025-05-19","Emma Heydenberk","Kara_Beer","WIPT",1,0,0,1,"09:49","V",28,"92","21",NA,NA,"","599","GPS-003",611,"ef7f3c19-266d-481d-89d4-bab7e06f7203"
"4620",2025,"Kougarok","K2",2,"2025-05-19","Emma Heydenberk","Kara_Beer","SEOW",0,0,1,0,"09:50","V",28,"105","50",NA,NA,"","600","GPS-003",612,"ef7f3c19-266d-481d-89d4-bab7e06f7203"
"4621",2025,"Kougarok","K2",2,"2025-05-19","Emma Heydenberk","Kara_Beer","WIPT",1,0,0,1,"09:53","V",28,"68","66",NA,NA,"","601","GPS-003",613,"ef7f3c19-266d-481d-89d4-bab7e06f7203"
"4622",2025,"Kougarok","K2",2,"2025-05-19","Emma Heydenberk","Kara_Beer","SEOW",0,0,1,0,"09:56","V",28,NA,"0",NA,NA,"","602","GPS-003",614,"ef7f3c19-266d-481d-89d4-bab7e06f7203"
"4623",2025,"Kougarok","K2",2,"2025-05-19","Emma Heydenberk","Kara_Beer","WIPT",1,0,0,1,"09:57","V",28,"64","120",NA,NA,"","603","GPS-003",615,"ef7f3c19-266d-481d-89d4-bab7e06f7203"
"4624",2025,"Kougarok","K2",2,"2025-05-19","Emma Heydenberk","Kara_Beer","WIPT",1,0,0,1,"09:59","V",27,"68","90",NA,NA,"","604","GPS-003",616,"ef7f3c19-266d-481d-89d4-bab7e06f7203"
"4625",2025,"Kougarok","K2",2,"2025-05-19","Emma Heydenberk","Kara_Beer","WIPT",1,0,0,1,"10:02","V",27,"290","24",NA,NA,"","605","GPS-003",617,"ef7f3c19-266d-481d-89d4-bab7e06f7203"
"4626",2025,"Kougarok","K2",2,"2025-05-19","Emma Heydenberk","Kara_Beer","WIPT",1,0,0,1,"10:06","V",26,"95","150",NA,NA,"","606","GPS-003",618,"ef7f3c19-266d-481d-89d4-bab7e06f7203"
"4627",2025,"Kougarok","K2",2,"2025-05-19","Emma Heydenberk","Kara_Beer","WIPT",1,0,0,1,"10:09","V",26,"243","144",NA,NA,"","607","GPS-003",619,"ef7f3c19-266d-481d-89d4-bab7e06f7203"
"4628",2025,"Kougarok","K2",2,"2025-05-19","Emma Heydenberk","Kara_Beer","WISN",0,0,1,0,"10:10","A",26,"256","50",NA,NA,"","608","GPS-003",620,"ef7f3c19-266d-481d-89d4-bab7e06f7203"
"4629",2025,"Kougarok","K2",2,"2025-05-19","Emma Heydenberk","Kara_Beer","WIPT",1,0,0,1,"10:17","V",25,"104","22",NA,NA,"","609","GPS-003",621,"ef7f3c19-266d-481d-89d4-bab7e06f7203"
"4630",2025,"Kougarok","K2",2,"2025-05-19","Emma Heydenberk","Kara_Beer","WIPT",1,0,0,1,"10:18","V",24,"106","18",NA,NA,"","610","GPS-003",622,"ef7f3c19-266d-481d-89d4-bab7e06f7203"
"4631",2025,"Kougarok","K1",2,"2025-05-19","Kara_Beer","Emma Heydenberk","WIPT",1,0,0,1,"10:30","V",22,"237","14",NA,NA,"","611","GPS-003",623,"2c26bccc-9fc3-4e82-8431-dc52fd90f33a"
"4632",2025,"Kougarok","K1",2,"2025-05-19","Kara_Beer","Emma Heydenberk","WIPT",1,0,0,1,"10:37","V",21,"265","401",NA,NA,"","612","GPS-003",624,"2c26bccc-9fc3-4e82-8431-dc52fd90f33a"
"4633",2025,"Kougarok","K1",2,"2025-05-19","Kara_Beer","Emma Heydenberk","WIPT",1,0,0,1,"10:38","V",21,"97","30",NA,NA,"","613","GPS-003",625,"2c26bccc-9fc3-4e82-8431-dc52fd90f33a"
"4634",2025,"Kougarok","K1",2,"2025-05-19","Kara_Beer","Emma Heydenberk","WIPT",1,1,0,3,"10:41","V",20,NA,"0",NA,NA,"","614","GPS-003",626,"2c26bccc-9fc3-4e82-8431-dc52fd90f33a"
"4635",2025,"Kougarok","K1",2,"2025-05-19","Kara_Beer","Emma Heydenberk","WIPT",1,0,0,1,"10:42","V",20,"255","133",NA,NA,"","615","GPS-003",627,"2c26bccc-9fc3-4e82-8431-dc52fd90f33a"
"4636",2025,"Kougarok","K1",2,"2025-05-19","Kara_Beer","Emma Heydenberk","WIPT",1,0,0,1,"10:45","V",20,"120","35",NA,NA,"","616","GPS-003",628,"2c26bccc-9fc3-4e82-8431-dc52fd90f33a"
"4637",2025,"Kougarok","K1",2,"2025-05-19","Kara_Beer","Emma Heydenberk","WIPT",1,0,0,1,"10:47","V",19,"296","186",NA,NA,"","617","GPS-003",629,"2c26bccc-9fc3-4e82-8431-dc52fd90f33a"
"4638",2025,"Kougarok","K1",2,"2025-05-19","Kara_Beer","Emma Heydenberk","WIPT",1,0,0,1,"10:50","V",18,NA,"0",NA,NA,"","618","GPS-003",630,"2c26bccc-9fc3-4e82-8431-dc52fd90f33a"
"4639",2025,"Kougarok","K1",2,"2025-05-19","Kara_Beer","Emma Heydenberk","WIPT",1,0,0,1,"10:52","V",18,"117","56",NA,NA,"","619","GPS-003",631,"2c26bccc-9fc3-4e82-8431-dc52fd90f33a"
"4640",2025,"Kougarok","K1",2,"2025-05-19","Kara_Beer","Emma Heydenberk","WIPT",1,0,0,1,"10:52","V",18,"118","45",NA,NA,"","620","GPS-003",632,"2c26bccc-9fc3-4e82-8431-dc52fd90f33a"
"4641",2025,"Kougarok","K1",2,"2025-05-19","Kara_Beer","Emma Heydenberk","WIPT",1,0,0,1,"10:54","V",18,"116","38",NA,NA,"","621","GPS-003",633,"2c26bccc-9fc3-4e82-8431-dc52fd90f33a"
"4642",2025,"Kougarok","K1",2,"2025-05-19","Kara_Beer","Emma Heydenberk","WIPT",1,0,0,1,"10:56","V",18,"260","18",NA,NA,"","622","GPS-003",634,"2c26bccc-9fc3-4e82-8431-dc52fd90f33a"
"4643",2025,"Kougarok","K1",2,"2025-05-19","Kara_Beer","Emma Heydenberk","WIPT",1,0,0,1,"10:59","V",17,"270","406",NA,NA,"","623","GPS-003",635,"2c26bccc-9fc3-4e82-8431-dc52fd90f33a"
"4644",2025,"Kougarok","K1",2,"2025-05-19","Kara_Beer","Emma Heydenberk","WIPT",1,0,0,1,"11:02","V",17,"271","150",NA,NA,"","624","GPS-003",636,"2c26bccc-9fc3-4e82-8431-dc52fd90f33a"
"4645",2025,"Kougarok","K1",2,"2025-05-19","Kara_Beer","Emma Heydenberk","WIPT",1,0,0,1,"11:04","V",16,"246","185",NA,NA,"","625","GPS-003",637,"2c26bccc-9fc3-4e82-8431-dc52fd90f33a"
"4646",2025,"Kougarok","K1",2,"2025-05-19","Kara_Beer","Emma Heydenberk","WIPT",1,0,0,1,"11:05","V",16,"112","170",NA,NA,"","626","GPS-003",638,"2c26bccc-9fc3-4e82-8431-dc52fd90f33a"
"4647",2025,"Kougarok","K1",2,"2025-05-19","Kara_Beer","Emma Heydenberk","AGSQ",0,0,1,0,"11:07","V",17,NA,"0",NA,NA,"","627","GPS-003",639,"2c26bccc-9fc3-4e82-8431-dc52fd90f33a"
"4648",2025,"Kougarok","K1",2,"2025-05-19","Kara_Beer","Emma Heydenberk","WIPT",1,0,0,1,"11:08","V",16,"254","187",NA,NA,"","628","GPS-003",640,"2c26bccc-9fc3-4e82-8431-dc52fd90f33a"
"4649",2025,"Kougarok","K1",2,"2025-05-19","Kara_Beer","Emma Heydenberk","NOHA",1,0,0,1,"11:10","V",15,"92","124",NA,NA,"","629","GPS-003",641,"2c26bccc-9fc3-4e82-8431-dc52fd90f33a"
"4650",2025,"Kougarok","K1",2,"2025-05-19","Kara_Beer","Emma Heydenberk","WIPT",1,0,0,1,"11:14","V",14,"96","40",NA,NA,"","630","GPS-003",642,"2c26bccc-9fc3-4e82-8431-dc52fd90f33a"
"4651",2025,"Kougarok","K1",2,"2025-05-19","Kara_Beer","Emma Heydenberk","WIPT",2,0,0,2,"11:14","V",14,"273","229",NA,NA,"","631","GPS-003",643,"2c26bccc-9fc3-4e82-8431-dc52fd90f33a"
"4652",2025,"Kougarok","K1",2,"2025-05-19","Kara_Beer","Emma Heydenberk","WIPT",1,0,0,1,"11:16","V",14,"266","313",NA,NA,"","632","GPS-003",644,"2c26bccc-9fc3-4e82-8431-dc52fd90f33a"
"4653",2025,"Kougarok","K1",2,"2025-05-19","Kara_Beer","Emma Heydenberk","WIPT",1,0,0,1,"11:20","V",13,"240","298",NA,NA,"","633","GPS-003",645,"2c26bccc-9fc3-4e82-8431-dc52fd90f33a"
"4654",2025,"Teller","T6",2,"2025-05-20","Emma Heydenberk","Kara_Beer","GOPL",0,0,1,0,"08:02","A",68,"60","44",NA,NA,"","634","GPS-003",646,"7966ef54-a038-407b-908e-f5845c495ae3"
"4655",2025,"Teller","T6",2,"2025-05-20","Emma Heydenberk","Kara_Beer","LTJA",0,0,1,0,"08:13","V",66,"60","34",NA,NA,"","635","GPS-003",647,"7966ef54-a038-407b-908e-f5845c495ae3"
"4656",2025,"Teller","T6",2,"2025-05-20","Emma Heydenberk","Kara_Beer","WIPT",1,0,0,1,"08:14","V",66,"75","87",NA,NA,"","636","GPS-003",648,"7966ef54-a038-407b-908e-f5845c495ae3"
"4657",2025,"Teller","T6",2,"2025-05-20","Emma Heydenberk","Kara_Beer","WIPT",1,1,0,3,"08:20","V",64,"100","44",NA,NA,"","637","GPS-003",649,"7966ef54-a038-407b-908e-f5845c495ae3"
"4658",2025,"Teller","T6",2,"2025-05-20","Emma Heydenberk","Kara_Beer","WIPT",1,0,0,1,"08:31","V",61,"230","40",NA,NA,"","638","GPS-003",650,"7966ef54-a038-407b-908e-f5845c495ae3"
"4659",2025,"Teller","T6",2,"2025-05-20","Emma Heydenberk","Kara_Beer","WIPT",1,0,0,1,"08:35","V",61,"250","19",NA,NA,"","639","GPS-003",651,"7966ef54-a038-407b-908e-f5845c495ae3"
"4660",2025,"Teller","T6",2,"2025-05-20","Emma Heydenberk","Kara_Beer","WIPT",1,0,0,1,"08:37","V",61,"235","37",NA,NA,"","640","GPS-003",652,"7966ef54-a038-407b-908e-f5845c495ae3"
"4661",2025,"Teller","T6",2,"2025-05-20","Emma Heydenberk","Kara_Beer","WIPT",1,0,0,1,"08:43","V",60,"255","89",NA,NA,"","642","GPS-003",653,"7966ef54-a038-407b-908e-f5845c495ae3"
"4662",2025,"Teller","T5",2,"2025-05-20","Emma Heydenberk","Kara_Beer","WIPT",1,1,0,3,"08:59","A",58,"50","28",NA,NA,"","642","GPS-003",654,"7e9e630d-0138-4639-8252-d557661db9f1"
"4663",2025,"Teller","T5",2,"2025-05-20","Emma Heydenberk","Kara_Beer","WIPT",1,0,0,1,"09:02","V",56,"243","42",NA,NA,"","643","GPS-003",655,"7e9e630d-0138-4639-8252-d557661db9f1"
"4664",2025,"Teller","T5",2,"2025-05-20","Emma Heydenberk","Kara_Beer","WIPT",1,0,0,1,"09:04","V",55,"222","37",NA,NA,"","644","GPS-003",656,"7e9e630d-0138-4639-8252-d557661db9f1"
"4665",2025,"Teller","T5",2,"2025-05-20","Emma Heydenberk","Kara_Beer","WIPT",2,0,0,2,"09:06","V",55,"90","355",NA,NA,"","645","GPS-003",657,"7e9e630d-0138-4639-8252-d557661db9f1"
"4666",2025,"Teller","T5",2,"2025-05-20","Emma Heydenberk","Kara_Beer","WIPT",1,0,0,1,"09:10","V",54,NA,"0",NA,NA,"","646","GPS-003",658,"7e9e630d-0138-4639-8252-d557661db9f1"
"4667",2025,"Teller","T5",2,"2025-05-20","Emma Heydenberk","Kara_Beer","WIPT",1,0,0,1,"09:14","V",53,"95","113",NA,NA,"","647","GPS-003",659,"7e9e630d-0138-4639-8252-d557661db9f1"
"4668",2025,"Teller","T5",2,"2025-05-20","Emma Heydenberk","Kara_Beer","WISN",0,0,1,0,"09:14","A",53,"60","40",NA,NA,"","648","GPS-003",660,"7e9e630d-0138-4639-8252-d557661db9f1"
"4669",2025,"Teller","T5",2,"2025-05-20","Emma Heydenberk","Kara_Beer","WIPT",1,0,0,1,"09:18","V",53,NA,"0",NA,NA,"","649","GPS-003",661,"7e9e630d-0138-4639-8252-d557661db9f1"
"4670",2025,"Teller","T5",2,"2025-05-20","Emma Heydenberk","Kara_Beer","SEOW",0,0,1,0,"09:22","V",52,"80","232",NA,NA,"","650","GPS-003",662,"7e9e630d-0138-4639-8252-d557661db9f1"
"4671",2025,"Teller","T5",2,"2025-05-20","Emma Heydenberk","Kara_Beer","WIPT",1,0,0,1,"09:24","V",52,"65","118",NA,NA,"","651","GPS-003",663,"7e9e630d-0138-4639-8252-d557661db9f1"
"4672",2025,"Teller","T5",2,"2025-05-20","Emma Heydenberk","Kara_Beer","WIPT",1,0,0,1,"09:25","V",52,"82","41",NA,NA,"","652","GPS-003",664,"7e9e630d-0138-4639-8252-d557661db9f1"
"4673",2025,"Teller","T5",2,"2025-05-20","Emma Heydenberk","Kara_Beer","WIPT",1,0,0,1,"09:26","V",52,"250","12",NA,NA,"","653","GPS-003",665,"7e9e630d-0138-4639-8252-d557661db9f1"
"4674",2025,"Teller","T5",2,"2025-05-20","Emma Heydenberk","Kara_Beer","WISN",0,0,1,0,"09:26","A",52,"100","40",NA,NA,"","654","GPS-003",666,"7e9e630d-0138-4639-8252-d557661db9f1"
"4675",2025,"Teller","T5",2,"2025-05-20","Emma Heydenberk","Kara_Beer","WIPT",1,1,0,3,"09:27","V",52,"90","13",NA,NA,"","655","GPS-003",667,"7e9e630d-0138-4639-8252-d557661db9f1"
"4676",2025,"Teller","T5",2,"2025-05-20","Emma Heydenberk","Kara_Beer","WIPT",1,0,0,1,"09:29","V",52,"85","111",NA,NA,"","565","GPS-003",668,"7e9e630d-0138-4639-8252-d557661db9f1"
"4677",2025,"Teller","T5",2,"2025-05-20","Emma Heydenberk","Kara_Beer","WIPT",1,0,0,1,"09:32","V",51,"100","75",NA,NA,"","657","GPS-003",669,"7e9e630d-0138-4639-8252-d557661db9f1"
"4678",2025,"Teller","T5",2,"2025-05-20","Emma Heydenberk","Kara_Beer","WIPT",1,0,0,1,"09:34","V",51,"252","18",NA,NA,"","658","GPS-003",670,"7e9e630d-0138-4639-8252-d557661db9f1"
"4679",2025,"Teller","T5",2,"2025-05-20","Emma Heydenberk","Kara_Beer","WIPT",1,0,0,1,"09:36","V",50,"245","150",NA,NA,"","659","GPS-003",671,"7e9e630d-0138-4639-8252-d557661db9f1"
"4680",2025,"Teller","T5",2,"2025-05-20","Emma Heydenberk","Kara_Beer","WIPT",1,0,0,1,"09:39","V",50,"80","41",NA,NA,"","660","GPS-003",672,"7e9e630d-0138-4639-8252-d557661db9f1"
"4681",2025,"Teller","T5",2,"2025-05-20","Emma Heydenberk","Kara_Beer","WIPT",1,0,0,1,"09:40","V",50,"95","19",NA,NA,"","661","GPS-003",673,"7e9e630d-0138-4639-8252-d557661db9f1"
"4682",2025,"Teller","T5",2,"2025-05-20","Emma Heydenberk","Kara_Beer","WIPT",1,0,0,1,"09:41","V",50,"253","86",NA,NA,"","662","GPS-003",674,"7e9e630d-0138-4639-8252-d557661db9f1"
"4683",2025,"Teller","T5",2,"2025-05-20","Emma Heydenberk","Kara_Beer","WIPT",1,0,0,1,"09:42","V",50,"100","205",NA,NA,"","663","GPS-003",675,"7e9e630d-0138-4639-8252-d557661db9f1"
"4684",2025,"Teller","T5",2,"2025-05-20","Emma Heydenberk","Kara_Beer","WIPT",1,0,0,1,"09:44","V",50,"72","2",NA,NA,"","664","GPS-003",676,"7e9e630d-0138-4639-8252-d557661db9f1"
"4685",2025,"Teller","T5",2,"2025-05-20","Emma Heydenberk","Kara_Beer","WIPT",1,0,0,1,"09:46","V",50,"91","40",NA,NA,"","665","GPS-003",677,"7e9e630d-0138-4639-8252-d557661db9f1"
"4686",2025,"Teller","T5",2,"2025-05-20","Emma Heydenberk","Kara_Beer","WIPT",1,0,0,1,"09:47","V",50,"130","1",NA,NA,"","666","GPS-003",678,"7e9e630d-0138-4639-8252-d557661db9f1"
"4687",2025,"Teller","T5",2,"2025-05-20","Emma Heydenberk","Kara_Beer","WIPT",1,0,0,1,"09:48","V",50,"90","135",NA,NA,"","667","GPS-003",679,"7e9e630d-0138-4639-8252-d557661db9f1"
"4688",2025,"Teller","T5",2,"2025-05-20","Emma Heydenberk","Kara_Beer","WIPT",1,0,0,1,"09:50","V",49,"93","19",NA,NA,"","668","GPS-003",680,"7e9e630d-0138-4639-8252-d557661db9f1"
"4689",2025,"Teller","T5",2,"2025-05-20","Emma Heydenberk","Kara_Beer","WIPT",1,0,0,1,"09:51","V",49,"250","33",NA,NA,"","669","GPS-003",681,"7e9e630d-0138-4639-8252-d557661db9f1"
"4690",2025,"Teller","T5",2,"2025-05-20","Emma Heydenberk","Kara_Beer","WIPT",1,0,0,1,"09:55","V",49,"110","72",NA,NA,"","670","GPS-003",682,"7e9e630d-0138-4639-8252-d557661db9f1"
"4691",2025,"Teller","T4",2,"2025-05-20","Emma Heydenberk","Kara_Beer","WIPT",1,0,0,1,"10:07","V",48,"80","113",NA,NA,"","672","GPS-003",683,"98a2b762-b40e-4f1e-aa4a-acc4acea32d6"
"4692",2025,"Teller","T4",2,"2025-05-20","Emma Heydenberk","Kara_Beer","WIPT",1,0,0,1,"10:09","V",47,"258","38",NA,NA,"","672","GPS-003",684,"98a2b762-b40e-4f1e-aa4a-acc4acea32d6"
"4693",2025,"Teller","T4",2,"2025-05-20","Emma Heydenberk","Kara_Beer","ROPT",0,1,0,2,"10:10","V",47,"100","81",NA,NA,"","673","GPS-003",685,"98a2b762-b40e-4f1e-aa4a-acc4acea32d6"
"4694",2025,"Teller","T4",2,"2025-05-20","Emma Heydenberk","Kara_Beer","ROPT",1,0,0,1,"10:12","V",47,"93","282",NA,NA,"","674","GPS-003",686,"98a2b762-b40e-4f1e-aa4a-acc4acea32d6"
"4695",2025,"Teller","T4",2,"2025-05-20","Emma Heydenberk","Kara_Beer","WIPT",1,0,0,1,"10:14","V",47,"90","37",NA,NA,"","675","GPS-003",687,"98a2b762-b40e-4f1e-aa4a-acc4acea32d6"
"4696",2025,"Teller","T4",2,"2025-05-20","Emma Heydenberk","Kara_Beer","WIPT",1,0,0,1,"10:15","V",46,"253","47",NA,NA,"","676","GPS-003",688,"98a2b762-b40e-4f1e-aa4a-acc4acea32d6"
"4697",2025,"Teller","T4",2,"2025-05-20","Emma Heydenberk","Kara_Beer","WIPT",1,0,0,1,"10:16","A",46,"55","28",NA,NA,"","677","GPS-003",689,"98a2b762-b40e-4f1e-aa4a-acc4acea32d6"
"4698",2025,"Teller","T4",2,"2025-05-20","Emma Heydenberk","Kara_Beer","WIPT",1,0,0,1,"10:16","V",46,"80","197",NA,NA,"","678","GPS-003",690,"98a2b762-b40e-4f1e-aa4a-acc4acea32d6"
"4699",2025,"Teller","T4",2,"2025-05-20","Emma Heydenberk","Kara_Beer","ROPT",1,1,0,3,"10:17","V",46,"275","17",NA,NA,"","679","GPS-003",691,"98a2b762-b40e-4f1e-aa4a-acc4acea32d6"
"4700",2025,"Teller","T4",2,"2025-05-20","Emma Heydenberk","Kara_Beer","ROPT",1,1,0,3,"10:19","V",46,"260","10",NA,NA,"","680","GPS-003",692,"98a2b762-b40e-4f1e-aa4a-acc4acea32d6"
"4701",2025,"Teller","T4",2,"2025-05-20","Emma Heydenberk","Kara_Beer","ROPT",2,0,0,2,"10:19","V",45,"75","354",NA,NA,"","681","GPS-003",693,"98a2b762-b40e-4f1e-aa4a-acc4acea32d6"
"4702",2025,"Teller","T4",2,"2025-05-20","Emma Heydenberk","Kara_Beer","ROPT",1,0,0,1,"10:20","V",45,"240","24",NA,NA,"","682","GPS-003",694,"98a2b762-b40e-4f1e-aa4a-acc4acea32d6"
"4703",2025,"Teller","T4",2,"2025-05-20","Emma Heydenberk","Kara_Beer","ROPT",1,0,0,1,"10:20","V",45,NA,"0",NA,NA,"","683","GPS-003",695,"98a2b762-b40e-4f1e-aa4a-acc4acea32d6"
"4704",2025,"Teller","T4",2,"2025-05-20","Emma Heydenberk","Kara_Beer","ROPT",1,0,0,1,"10:21","V",45,"80","310",NA,NA,"","684","GPS-003",696,"98a2b762-b40e-4f1e-aa4a-acc4acea32d6"
"4705",2025,"Teller","T4",2,"2025-05-20","Emma Heydenberk","Kara_Beer","WIPT",1,0,0,1,"10:22","V",45,"80","170",NA,NA,"","685","GPS-003",697,"98a2b762-b40e-4f1e-aa4a-acc4acea32d6"
"4706",2025,"Teller","T4",2,"2025-05-20","Emma Heydenberk","Kara_Beer","ROPT",1,1,0,3,"10:22","V",45,NA,"0",NA,NA,"","686","GPS-003",698,"98a2b762-b40e-4f1e-aa4a-acc4acea32d6"
"4707",2025,"Teller","T4",2,"2025-05-20","Emma Heydenberk","Kara_Beer","WIPT",1,0,0,1,"10:24","V",45,"80","170",NA,NA,"","687","GPS-003",699,"98a2b762-b40e-4f1e-aa4a-acc4acea32d6"
"4708",2025,"Teller","T4",2,"2025-05-20","Emma Heydenberk","Kara_Beer","ROPT",1,1,0,3,"10:25","V",45,"300","10",NA,NA,"","688","GPS-003",700,"98a2b762-b40e-4f1e-aa4a-acc4acea32d6"
"4709",2025,"Teller","T4",2,"2025-05-20","Emma Heydenberk","Kara_Beer","WIPT",1,0,0,1,"10:26","V",45,"55","37",NA,NA,"Fighting with the male rock ptarmigan from the previous observation","689","GPS-003",701,"98a2b762-b40e-4f1e-aa4a-acc4acea32d6"
"4710",2025,"Teller","T4",2,"2025-05-20","Emma Heydenberk","Kara_Beer","WIPT",1,0,0,1,"10:28","V",45,"85","231",NA,NA,"","690","GPS-003",702,"98a2b762-b40e-4f1e-aa4a-acc4acea32d6"
"4711",2025,"Teller","T4",2,"2025-05-20","Emma Heydenberk","Kara_Beer","WIPT",1,0,0,1,"10:29","V",44,"90","48",NA,NA,"","691","GPS-003",703,"98a2b762-b40e-4f1e-aa4a-acc4acea32d6"
"4712",2025,"Teller","T4",2,"2025-05-20","Emma Heydenberk","Kara_Beer","WIPT",1,0,0,1,"10:32","V",44,"80","95",NA,NA,"","692","GPS-003",704,"98a2b762-b40e-4f1e-aa4a-acc4acea32d6"
"4713",2025,"Teller","T4",2,"2025-05-20","Emma Heydenberk","Kara_Beer","WIPT",1,0,0,1,"10:33","V",44,"260","53",NA,NA,"","693","GPS-003",705,"98a2b762-b40e-4f1e-aa4a-acc4acea32d6"
"4714",2025,"Teller","T4",2,"2025-05-20","Emma Heydenberk","Kara_Beer","WIPT",1,0,0,1,"10:34","V",44,"250","37",NA,NA,"","694","GPS-003",706,"98a2b762-b40e-4f1e-aa4a-acc4acea32d6"
"4715",2025,"Teller","T4",2,"2025-05-20","Emma Heydenberk","Kara_Beer","WIPT",1,0,0,1,"10:34","V",44,"85","83",NA,NA,"","695","GPS-003",707,"98a2b762-b40e-4f1e-aa4a-acc4acea32d6"
"4716",2025,"Teller","T4",2,"2025-05-20","Emma Heydenberk","Kara_Beer","WIPT",1,0,0,1,"10:36","V",43,"80","93",NA,NA,"","696","GPS-003",708,"98a2b762-b40e-4f1e-aa4a-acc4acea32d6"
"4717",2025,"Teller","T4",2,"2025-05-20","Emma Heydenberk","Kara_Beer","WIPT",1,0,0,1,"10:37","V",43,"63","68",NA,NA,"","697","GPS-003",709,"98a2b762-b40e-4f1e-aa4a-acc4acea32d6"
"4718",2025,"Teller","T4",2,"2025-05-20","Emma Heydenberk","Kara_Beer","LTJA",0,0,1,0,"10:38","V",43,"130","137",NA,NA,"","698","GPS-003",710,"98a2b762-b40e-4f1e-aa4a-acc4acea32d6"
"4719",2025,"Teller","T4",2,"2025-05-20","Emma Heydenberk","Kara_Beer","WIPT",1,0,0,1,"10:39","V",43,"45","34",NA,NA,"","699","GPS-003",711,"98a2b762-b40e-4f1e-aa4a-acc4acea32d6"
"4720",2025,"Teller","T4",2,"2025-05-20","Emma Heydenberk","Kara_Beer","WIPT",1,0,0,1,"10:39","V",43,"45","54",NA,NA,"","700","GPS-003",712,"98a2b762-b40e-4f1e-aa4a-acc4acea32d6"
"4721",2025,"Teller","T4",2,"2025-05-20","Emma Heydenberk","Kara_Beer","WIPT",1,0,0,1,"10:42","V",43,NA,"0",NA,NA,"","701","GPS-003",713,"98a2b762-b40e-4f1e-aa4a-acc4acea32d6"
"4722",2025,"Teller","T4",2,"2025-05-20","Emma Heydenberk","Kara_Beer","WIPT",1,0,0,1,"10:47","V",41,"72","44",NA,NA,"","702","GPS-003",714,"98a2b762-b40e-4f1e-aa4a-acc4acea32d6"
"4723",2025,"Teller","T4",2,"2025-05-20","Emma Heydenberk","Kara_Beer","WIPT",1,0,0,1,"10:48","V",41,"235","28",NA,NA,"","703","GPS-003",715,"98a2b762-b40e-4f1e-aa4a-acc4acea32d6"
"4724",2025,"Teller","T4",2,"2025-05-20","Emma Heydenberk","Kara_Beer","GOPL",0,0,3,0,"10:51","V",41,"50","50",NA,NA,"","704","GPS-003",716,"98a2b762-b40e-4f1e-aa4a-acc4acea32d6"
"4725",2025,"Teller","T4",2,"2025-05-20","Emma Heydenberk","Kara_Beer","ROPT",1,0,0,1,"10:54","V",40,"285","35",NA,NA,"","705","GPS-003",717,"98a2b762-b40e-4f1e-aa4a-acc4acea32d6"
"4726",2025,"Teller","T4",2,"2025-05-20","Emma Heydenberk","Kara_Beer","WIPT",1,0,0,1,"10:57","V",40,"218","78",NA,NA,"","706","GPS-003",718,"98a2b762-b40e-4f1e-aa4a-acc4acea32d6"
"4727",2025,"Teller","T4",2,"2025-05-20","Emma Heydenberk","Kara_Beer","WIPT",1,0,0,1,"10:59","V",39,NA,"0",NA,NA,"","707","GPS-003",719,"98a2b762-b40e-4f1e-aa4a-acc4acea32d6"
"4728",2025,"Teller","T4",2,"2025-05-20","Emma Heydenberk","Kara_Beer","WIPT",1,0,0,1,"11:03","V",39,"240","28",NA,NA,"","708","GPS-003",720,"98a2b762-b40e-4f1e-aa4a-acc4acea32d6"
"4729",2025,"Teller","T4",2,"2025-05-20","Emma Heydenberk","Kara_Beer","ROPT",1,0,0,1,"11:05","V",39,"80","103",NA,NA,"","709","GPS-003",721,"98a2b762-b40e-4f1e-aa4a-acc4acea32d6"
"4730",2025,"Teller","T4",2,"2025-05-20","Emma Heydenberk","Kara_Beer","WIPT",1,0,0,1,"11:06","V",39,"72","37",NA,NA,"","710","GPS-003",722,"98a2b762-b40e-4f1e-aa4a-acc4acea32d6"
"4731",2025,"Teller","T4",2,"2025-05-20","Emma Heydenberk","Kara_Beer","ROPT",1,0,0,1,"11:08","V",39,"80","157",NA,NA,"","711","GPS-003",723,"98a2b762-b40e-4f1e-aa4a-acc4acea32d6"
"4732",2025,"Teller","T4",2,"2025-05-20","Emma Heydenberk","Kara_Beer","GOPL",0,0,1,0,"11:09","V",39,"250","39",NA,NA,"","712","GPS-003",724,"98a2b762-b40e-4f1e-aa4a-acc4acea32d6"
"4733",2025,"Teller","T4",2,"2025-05-20","Emma Heydenberk","Kara_Beer","GOPL",0,0,1,0,"11:10","V",39,"260","35",NA,NA,"","713","GPS-003",725,"98a2b762-b40e-4f1e-aa4a-acc4acea32d6"
"4734",2025,"Teller","T4",2,"2025-05-20","Emma Heydenberk","Kara_Beer","ROPT",1,0,0,1,"11:11","V",39,"80","211",NA,NA,"","714","GPS-003",726,"98a2b762-b40e-4f1e-aa4a-acc4acea32d6"
"4735",2025,"Teller","T4",2,"2025-05-20","Emma Heydenberk","Kara_Beer","ROPT",1,1,0,3,"11:15","V",38,"70","18",NA,NA,"","715","GPS-003",727,"98a2b762-b40e-4f1e-aa4a-acc4acea32d6"
"4736",2025,"Council","C2",2,"2025-05-21","Emma Heydenberk","Kara_Beer","ROPT",1,1,0,3,"09:45","V",52,"255","12",NA,NA,"","716","GPS-003",728,"6eafa886-7c1e-4315-abc5-667c01135652"
"4737",2025,"Council","C2",2,"2025-05-21","Emma Heydenberk","Kara_Beer","ROPT",1,0,0,1,"09:48","V",52,"260","71",NA,NA,"","717","GPS-003",729,"6eafa886-7c1e-4315-abc5-667c01135652"
"4738",2025,"Council","C2",2,"2025-05-21","Emma Heydenberk","Kara_Beer","ROPT",1,0,0,1,"09:49","V",52,"255","71",NA,NA,"","718","GPS-003",730,"6eafa886-7c1e-4315-abc5-667c01135652"
"4739",2025,"Council","C2",2,"2025-05-21","Emma Heydenberk","Kara_Beer","LTJA",0,0,1,0,"09:50","V",52,"130","239",NA,NA,"","719","GPS-003",731,"6eafa886-7c1e-4315-abc5-667c01135652"
"4740",2025,"Council","C2",2,"2025-05-21","Emma Heydenberk","Kara_Beer","WISN",0,0,1,0,"09:55","A",51,"270","20",NA,NA,"","720","GPS-003",732,"6eafa886-7c1e-4315-abc5-667c01135652"
"4741",2025,"Council","C2",2,"2025-05-21","Emma Heydenberk","Kara_Beer","ROPT",1,0,0,1,"10:00","V",50,"143","16",NA,NA,"","721","GPS-003",733,"6eafa886-7c1e-4315-abc5-667c01135652"
"4742",2025,"Council","C2",2,"2025-05-21","Emma Heydenberk","Kara_Beer","WIPT",1,0,0,1,"10:04","V",50,"310","307",NA,NA,"","722","GPS-003",734,"6eafa886-7c1e-4315-abc5-667c01135652"
"4743",2025,"Council","C2",2,"2025-05-21","Emma Heydenberk","Kara_Beer","ROPT",1,0,0,1,"10:04","V",50,"300","380",NA,NA,"","723","GPS-003",735,"6eafa886-7c1e-4315-abc5-667c01135652"
"4744",2025,"Council","C2",2,"2025-05-21","Emma Heydenberk","Kara_Beer","ROPT",1,0,0,1,"10:06","V",50,"140","350",NA,NA,"","724","GPS-003",736,"6eafa886-7c1e-4315-abc5-667c01135652"
"4745",2025,"Council","C2",2,"2025-05-21","Emma Heydenberk","Kara_Beer","WIPT",1,0,0,1,"10:07","V",50,"280","42",NA,NA,"","725","GPS-003",737,"6eafa886-7c1e-4315-abc5-667c01135652"
"4746",2025,"Council","C2",2,"2025-05-21","Emma Heydenberk","Kara_Beer","WIPT",1,0,0,1,"10:18","V",48,"260","9",NA,NA,"","726","GPS-003",738,"6eafa886-7c1e-4315-abc5-667c01135652"
"4747",2025,"Council","C2",2,"2025-05-21","Emma Heydenberk","Kara_Beer","WIPT",1,0,0,1,"10:20","V",47,NA,"0",NA,NA,"","727","GPS-003",739,"6eafa886-7c1e-4315-abc5-667c01135652"
"4748",2025,"Council","C2",2,"2025-05-21","Emma Heydenberk","Kara_Beer","WIPT",1,0,0,1,"10:22","V",47,"276","15",NA,NA,"","728","GPS-003",740,"6eafa886-7c1e-4315-abc5-667c01135652"
"4749",2025,"Council","C2",2,"2025-05-21","Emma Heydenberk","Kara_Beer","WISN",0,0,1,0,"10:25","A",47,"110","20",NA,NA,"","729","GPS-003",741,"6eafa886-7c1e-4315-abc5-667c01135652"
"4750",2025,"Council","C2",2,"2025-05-21","Emma Heydenberk","Kara_Beer","WIPT",1,0,0,1,"10:29","V",46,"162","414",NA,NA,"","730","GPS-003",742,"6eafa886-7c1e-4315-abc5-667c01135652"
"4751",2025,"Council","C2",2,"2025-05-21","Emma Heydenberk","Kara_Beer","NOHA",0,0,1,0,"10:32","V",46,"135","350",NA,NA,"","731","GPS-003",743,"6eafa886-7c1e-4315-abc5-667c01135652"
"4752",2025,"Council","C2",2,"2025-05-21","Emma Heydenberk","Kara_Beer","WIPT",3,0,0,3,"10:33","V",46,"140","20",NA,NA,"","732","GPS-003",744,"6eafa886-7c1e-4315-abc5-667c01135652"
"4753",2025,"Council","C2",2,"2025-05-21","Emma Heydenberk","Kara_Beer","WIPT",1,0,0,1,"10:39","V",45,"240","240",NA,NA,"","733","GPS-003",745,"6eafa886-7c1e-4315-abc5-667c01135652"
"4754",2025,"Council","C2",2,"2025-05-21","Emma Heydenberk","Kara_Beer","ROPT",1,0,0,1,"10:42","V",45,"250","332",NA,NA,"","734","GPS-003",746,"6eafa886-7c1e-4315-abc5-667c01135652"
"4755",2025,"Teller","T2",2,"2025-05-23","Emma Heydenberk","Kara_Beer","WIPT",1,0,0,1,"08:35","V",28,"110","35",NA,NA,"","735","GPS-003",747,"7e4a377e-d666-4c18-a065-6abc5cdf90b4"
"4756",2025,"Teller","T2",2,"2025-05-23","Emma Heydenberk","Kara_Beer","LTJA",0,0,2,0,"08:38","V",28,"130","102",NA,NA,"","736","GPS-003",748,"7e4a377e-d666-4c18-a065-6abc5cdf90b4"
"4757",2025,"Teller","T2",2,"2025-05-23","Emma Heydenberk","Kara_Beer","WIPT",2,0,0,2,"08:39","V",28,"90","118",NA,NA,"","737","GPS-003",749,"7e4a377e-d666-4c18-a065-6abc5cdf90b4"
"4758",2025,"Teller","T2",2,"2025-05-23","Emma Heydenberk","Kara_Beer","WIPT",1,0,0,1,"08:41","V",28,"245","242",NA,NA,"","738","GPS-003",750,"7e4a377e-d666-4c18-a065-6abc5cdf90b4"
"4759",2025,"Teller","T2",2,"2025-05-23","Emma Heydenberk","Kara_Beer","WIPT",1,0,0,1,"08:43","V",28,"90","52",NA,NA,"","739","GPS-003",751,"7e4a377e-d666-4c18-a065-6abc5cdf90b4"
"4760",2025,"Teller","T2",2,"2025-05-23","Emma Heydenberk","Kara_Beer","WIPT",1,0,0,1,"08:44","V",27,"87","49",NA,NA,"","740","GPS-003",752,"7e4a377e-d666-4c18-a065-6abc5cdf90b4"
"4761",2025,"Teller","T2",2,"2025-05-23","Emma Heydenberk","Kara_Beer","WIPT",1,0,0,1,"08:45","V",27,"87","40",NA,NA,"","741","GPS-003",753,"7e4a377e-d666-4c18-a065-6abc5cdf90b4"
"4762",2025,"Teller","T2",2,"2025-05-23","Emma Heydenberk","Kara_Beer","WISN",0,0,3,0,"08:46","V",27,"100","20",NA,NA,"","742","GPS-003",754,"7e4a377e-d666-4c18-a065-6abc5cdf90b4"
"4763",2025,"Teller","T2",2,"2025-05-23","Emma Heydenberk","Kara_Beer","WIPT",1,0,0,1,"08:47","V",27,"240","98",NA,NA,"","743","GPS-003",755,"7e4a377e-d666-4c18-a065-6abc5cdf90b4"
"4764",2025,"Teller","T2",2,"2025-05-23","Emma Heydenberk","Kara_Beer","WIPT",1,0,0,1,"08:47","V",27,"118","143",NA,NA,"","744","GPS-003",756,"7e4a377e-d666-4c18-a065-6abc5cdf90b4"
"4765",2025,"Teller","T2",2,"2025-05-23","Emma Heydenberk","Kara_Beer","WIPT",1,0,0,1,"08:49","V",27,"90","355",NA,NA,"","745","GPS-003",757,"7e4a377e-d666-4c18-a065-6abc5cdf90b4"
"4766",2025,"Teller","T2",2,"2025-05-23","Emma Heydenberk","Kara_Beer","WIPT",1,0,0,1,"08:50","V",27,"90","57",NA,NA,"","746","GPS-003",758,"7e4a377e-d666-4c18-a065-6abc5cdf90b4"
"4767",2025,"Teller","T2",2,"2025-05-23","Emma Heydenberk","Kara_Beer","WISN",0,0,2,0,"08:50","A",27,"90","25",NA,NA,"","747","GPS-003",759,"7e4a377e-d666-4c18-a065-6abc5cdf90b4"
"4768",2025,"Teller","T2",2,"2025-05-23","Emma Heydenberk","Kara_Beer","WIPT",1,0,0,1,"08:51","V",27,"86","400",NA,NA,"","748","GPS-003",760,"7e4a377e-d666-4c18-a065-6abc5cdf90b4"
"4769",2025,"Teller","T2",2,"2025-05-23","Emma Heydenberk","Kara_Beer","WIPT",1,0,0,1,"08:52","A",27,"90","29",NA,NA,"","749","GPS-003",761,"7e4a377e-d666-4c18-a065-6abc5cdf90b4"
"4770",2025,"Teller","T2",2,"2025-05-23","Emma Heydenberk","Kara_Beer","WISN",0,0,1,0,"08:53","A",27,"60","20",NA,NA,"","750","GPS-003",762,"7e4a377e-d666-4c18-a065-6abc5cdf90b4"
"4771",2025,"Teller","T2",2,"2025-05-23","Emma Heydenberk","Kara_Beer","WIPT",1,0,0,1,"08:54","V",27,"280","26",NA,NA,"","751","GPS-003",763,"7e4a377e-d666-4c18-a065-6abc5cdf90b4"
"4772",2025,"Teller","T2",2,"2025-05-23","Emma Heydenberk","Kara_Beer","LTJA",0,0,1,0,"08:54","V",26,NA,"0",NA,NA,"","752","GPS-003",764,"7e4a377e-d666-4c18-a065-6abc5cdf90b4"
"4773",2025,"Teller","T2",2,"2025-05-23","Emma Heydenberk","Kara_Beer","WISN",0,0,4,0,"08:55","A",26,NA,"0",NA,NA,"","753","GPS-003",765,"7e4a377e-d666-4c18-a065-6abc5cdf90b4"
"4774",2025,"Teller","T2",2,"2025-05-23","Emma Heydenberk","Kara_Beer","WIPT",1,0,0,1,"08:56","V",26,"87","310",NA,NA,"","754","GPS-003",766,"7e4a377e-d666-4c18-a065-6abc5cdf90b4"
"4775",2025,"Teller","T2",2,"2025-05-23","Emma Heydenberk","Kara_Beer","WIPT",1,0,0,1,"08:57","V",26,"267","31",NA,NA,"","755","GPS-003",767,"7e4a377e-d666-4c18-a065-6abc5cdf90b4"
"4776",2025,"Teller","T2",2,"2025-05-23","Emma Heydenberk","Kara_Beer","WIPT",1,0,0,1,"08:58","V",26,"85","63",NA,NA,"","756","GPS-003",768,"7e4a377e-d666-4c18-a065-6abc5cdf90b4"
"4777",2025,"Teller","T2",2,"2025-05-23","Emma Heydenberk","Kara_Beer","WIPT",1,0,0,1,"09:03","V",25,"6","47",NA,NA,"","757","GPS-003",769,"7e4a377e-d666-4c18-a065-6abc5cdf90b4"
"4778",2025,"Teller","T2",2,"2025-05-23","Emma Heydenberk","Kara_Beer","WIPT",1,0,0,1,"09:04","V",25,"340","19",NA,NA,"","758","GPS-003",770,"7e4a377e-d666-4c18-a065-6abc5cdf90b4"
"4779",2025,"Teller","T2",2,"2025-05-23","Emma Heydenberk","Kara_Beer","WIPT",1,1,0,3,"09:05","V",25,"210","13",NA,NA,"","759","GPS-003",771,"7e4a377e-d666-4c18-a065-6abc5cdf90b4"
"4780",2025,"Teller","T2",2,"2025-05-23","Emma Heydenberk","Kara_Beer","WIPT",1,0,0,1,"09:06","V",25,"210","15",NA,NA,"","760","GPS-003",772,"7e4a377e-d666-4c18-a065-6abc5cdf90b4"
"4781",2025,"Teller","T2",2,"2025-05-23","Emma Heydenberk","Kara_Beer","WIPT",1,0,0,1,"09:07","V",25,"0","70",NA,NA,"","761","GPS-003",773,"7e4a377e-d666-4c18-a065-6abc5cdf90b4"
"4782",2025,"Teller","T2",2,"2025-05-23","Emma Heydenberk","Kara_Beer","WISN",0,0,1,0,"09:08","A",25,"10","20",NA,NA,"","762","GPS-003",774,"7e4a377e-d666-4c18-a065-6abc5cdf90b4"
"4783",2025,"Teller","T2",2,"2025-05-23","Emma Heydenberk","Kara_Beer","SEOW",0,0,1,0,"09:08","V",25,"15","5",NA,NA,"","763","GPS-003",775,"7e4a377e-d666-4c18-a065-6abc5cdf90b4"
"4784",2025,"Teller","T2",2,"2025-05-23","Emma Heydenberk","Kara_Beer","WIPT",1,0,0,1,"09:10","A",25,"350","40",NA,NA,"","764","GPS-003",776,"7e4a377e-d666-4c18-a065-6abc5cdf90b4"
"4785",2025,"Teller","T2",2,"2025-05-23","Emma Heydenberk","Kara_Beer","WIPT",1,0,0,1,"09:11","V",25,"0","19",NA,NA,"","765","GPS-003",777,"7e4a377e-d666-4c18-a065-6abc5cdf90b4"
"4786",2025,"Teller","T2",2,"2025-05-23","Emma Heydenberk","Kara_Beer","WIPT",1,0,0,1,"09:12","V",24,"180","7",NA,NA,"","766","GPS-003",778,"7e4a377e-d666-4c18-a065-6abc5cdf90b4"
"4787",2025,"Teller","T2",2,"2025-05-23","Emma Heydenberk","Kara_Beer","GOPL",0,0,2,0,"09:13","V",24,NA,"0",NA,NA,"","767","GPS-003",779,"7e4a377e-d666-4c18-a065-6abc5cdf90b4"
"4788",2025,"Teller","T2",2,"2025-05-23","Emma Heydenberk","Kara_Beer","WIPT",1,0,0,1,"09:15","V",24,"70","39",NA,NA,"","768","GPS-003",780,"7e4a377e-d666-4c18-a065-6abc5cdf90b4"
"4789",2025,"Teller","T2",2,"2025-05-23","Emma Heydenberk","Kara_Beer","LTJA",0,0,1,0,"09:15","V",24,"0","23",NA,NA,"","769","GPS-003",781,"7e4a377e-d666-4c18-a065-6abc5cdf90b4"
"4790",2025,"Teller","T2",2,"2025-05-23","Emma Heydenberk","Kara_Beer","WIPT",1,0,0,1,"09:17","V",24,"345","163",NA,NA,"","770","GPS-003",782,"7e4a377e-d666-4c18-a065-6abc5cdf90b4"
"4791",2025,"Teller","T2",2,"2025-05-23","Emma Heydenberk","Kara_Beer","WIPT",1,0,0,1,"09:18","V",24,"10","206",NA,NA,"","771","GPS-003",783,"7e4a377e-d666-4c18-a065-6abc5cdf90b4"
"4792",2025,"Teller","T2",2,"2025-05-23","Emma Heydenberk","Kara_Beer","WIPT",1,0,0,1,"09:22","V",23,"140","22",NA,NA,"","772","GPS-003",784,"7e4a377e-d666-4c18-a065-6abc5cdf90b4"
"4793",2025,"Teller","T2",2,"2025-05-23","Emma Heydenberk","Kara_Beer","LTJA",0,0,1,0,"09:24","V",23,"355","111",NA,NA,"","773","GPS-003",785,"7e4a377e-d666-4c18-a065-6abc5cdf90b4"
"4794",2025,"Teller","T2",2,"2025-05-23","Emma Heydenberk","Kara_Beer","WIPT",2,0,0,2,"09:26","V",23,"140","370",NA,NA,"","774","GPS-003",786,"7e4a377e-d666-4c18-a065-6abc5cdf90b4"
"4795",2025,"Teller","T2",2,"2025-05-23","Emma Heydenberk","Kara_Beer","WIPT",1,0,0,1,"09:27","V",23,NA,"0",NA,NA,"","775","GPS-003",787,"7e4a377e-d666-4c18-a065-6abc5cdf90b4"
"4796",2025,"Teller","T2",2,"2025-05-23","Emma Heydenberk","Kara_Beer","LTJA",0,0,1,0,"09:29","V",23,"350","50",NA,NA,"","776","GPS-003",788,"7e4a377e-d666-4c18-a065-6abc5cdf90b4"
"4797",2025,"Teller","T2",2,"2025-05-23","Emma Heydenberk","Kara_Beer","WIPT",1,0,0,1,"09:30","V",23,"345","24",NA,NA,"","777","GPS-003",789,"7e4a377e-d666-4c18-a065-6abc5cdf90b4"
"4798",2025,"Teller","T2",2,"2025-05-23","Emma Heydenberk","Kara_Beer","WIPT",1,0,0,1,"09:30","A",23,"150","40",NA,NA,"","778","GPS-003",790,"7e4a377e-d666-4c18-a065-6abc5cdf90b4"
"4799",2025,"Teller","T2",2,"2025-05-23","Emma Heydenberk","Kara_Beer","WIPT",1,0,0,1,"09:31","V",22,"160","85",NA,NA,"","779","GPS-003",791,"7e4a377e-d666-4c18-a065-6abc5cdf90b4"
"4800",2025,"Teller","T2",2,"2025-05-23","Emma Heydenberk","Kara_Beer","WIPT",2,0,0,2,"09:32","V",22,NA,"0",NA,NA,"","780","GPS-003",792,"7e4a377e-d666-4c18-a065-6abc5cdf90b4"
"4801",2025,"Teller","T2",2,"2025-05-23","Emma Heydenberk","Kara_Beer","WIPT",1,0,0,1,"09:33","V",22,"260","48",NA,NA,"","781","GPS-003",793,"7e4a377e-d666-4c18-a065-6abc5cdf90b4"
"4802",2025,"Teller","T2",2,"2025-05-23","Emma Heydenberk","Kara_Beer","WIPT",1,0,0,1,"09:35","V",22,"250","273",NA,NA,"","782","GPS-003",794,"7e4a377e-d666-4c18-a065-6abc5cdf90b4"
"4803",2025,"Teller","T2",2,"2025-05-23","Emma Heydenberk","Kara_Beer","WIPT",1,0,0,1,"09:35","V",22,"265","61",NA,NA,"","783","GPS-003",795,"7e4a377e-d666-4c18-a065-6abc5cdf90b4"
"4804",2025,"Teller","T2",2,"2025-05-23","Emma Heydenberk","Kara_Beer","WIPT",1,0,0,1,"09:36","V",22,"85","93",NA,NA,"","784","GPS-003",796,"7e4a377e-d666-4c18-a065-6abc5cdf90b4"
"4805",2025,"Teller","T2",2,"2025-05-23","Emma Heydenberk","Kara_Beer","WIPT",1,0,0,1,"09:37","V",22,"250","220",NA,NA,"","785","GPS-003",797,"7e4a377e-d666-4c18-a065-6abc5cdf90b4"
"4806",2025,"Teller","T2",2,"2025-05-23","Emma Heydenberk","Kara_Beer","WIPT",1,0,0,1,"09:38","V",22,"265","137",NA,NA,"","786","GPS-003",798,"7e4a377e-d666-4c18-a065-6abc5cdf90b4"
"4807",2025,"Teller","T2",2,"2025-05-23","Emma Heydenberk","Kara_Beer","WIPT",1,0,0,1,"09:39","V",22,"270","15",NA,NA,"","787","GPS-003",799,"7e4a377e-d666-4c18-a065-6abc5cdf90b4"
"4808",2025,"Teller","T2",2,"2025-05-23","Emma Heydenberk","Kara_Beer","WISN",0,0,1,0,"09:40","V",22,"80","10",NA,NA,"","788","GPS-003",800,"7e4a377e-d666-4c18-a065-6abc5cdf90b4"
"4809",2025,"Teller","T2",2,"2025-05-23","Emma Heydenberk","Kara_Beer","WIPT",1,1,0,3,"09:41","V",22,"272","8",NA,NA,"","789","GPS-003",801,"7e4a377e-d666-4c18-a065-6abc5cdf90b4"
"4810",2025,"Teller","T2",2,"2025-05-23","Emma Heydenberk","Kara_Beer","WIPT",1,0,0,1,"09:42","V",21,"250","110",NA,NA,"","790","GPS-003",802,"7e4a377e-d666-4c18-a065-6abc5cdf90b4"
"4811",2025,"Teller","T2",2,"2025-05-23","Emma Heydenberk","Kara_Beer","WIPT",1,0,0,1,"09:43","V",21,"270","260",NA,NA,"","791","GPS-003",803,"7e4a377e-d666-4c18-a065-6abc5cdf90b4"
"4812",2025,"Teller","T2",2,"2025-05-23","Emma Heydenberk","Kara_Beer","WIPT",1,0,0,1,"09:46","V",21,"268","21",NA,NA,"","792","GPS-003",804,"7e4a377e-d666-4c18-a065-6abc5cdf90b4"
"4813",2025,"Teller","T2",2,"2025-05-23","Emma Heydenberk","Kara_Beer","WIPT",1,0,0,1,"09:46","V",21,"70","42",NA,NA,"","793","GPS-003",805,"7e4a377e-d666-4c18-a065-6abc5cdf90b4"
"4814",2025,"Teller","T2",2,"2025-05-23","Emma Heydenberk","Kara_Beer","WISN",0,0,1,0,"09:47","A",21,"70","20",NA,NA,"","794","GPS-003",806,"7e4a377e-d666-4c18-a065-6abc5cdf90b4"
"4815",2025,"Teller","T2",2,"2025-05-23","Emma Heydenberk","Kara_Beer","SEOW",0,0,1,0,"09:48","V",21,"70","52",NA,NA,"","795","GPS-003",807,"7e4a377e-d666-4c18-a065-6abc5cdf90b4"
"4816",2025,"Teller","T2",2,"2025-05-23","Emma Heydenberk","Kara_Beer","WIPT",1,0,0,1,"09:51","V",21,"190","39",NA,NA,"","796","GPS-003",808,"7e4a377e-d666-4c18-a065-6abc5cdf90b4"
"4817",2025,"Teller","T2",2,"2025-05-23","Emma Heydenberk","Kara_Beer","WIPT",1,0,0,1,"09:53","V",21,"30","106",NA,NA,"","797","GPS-003",809,"7e4a377e-d666-4c18-a065-6abc5cdf90b4"
"4818",2025,"Teller","T2",2,"2025-05-23","Emma Heydenberk","Kara_Beer","WIPT",0,0,1,0,"09:53","V",21,"190","227",NA,NA,"","798","GPS-003",810,"7e4a377e-d666-4c18-a065-6abc5cdf90b4"
"4819",2025,"Teller","T2",2,"2025-05-23","Emma Heydenberk","Kara_Beer","WISN",0,0,1,0,"09:54","V",20,"0","24",NA,NA,"","799","GPS-003",811,"7e4a377e-d666-4c18-a065-6abc5cdf90b4"
"4820",2025,"Teller","T2",2,"2025-05-23","Emma Heydenberk","Kara_Beer","WIPT",2,0,0,2,"09:55","V",20,"210","357",NA,NA,"","800","GPS-003",812,"7e4a377e-d666-4c18-a065-6abc5cdf90b4"
"4821",2025,"Teller","T2",2,"2025-05-23","Emma Heydenberk","Kara_Beer","SEOW",0,0,1,0,"09:56","V",20,"160","40",NA,NA,"","801","GPS-003",813,"7e4a377e-d666-4c18-a065-6abc5cdf90b4"
"4822",2025,"Teller","T2",2,"2025-05-23","Emma Heydenberk","Kara_Beer","WIPT",1,1,0,3,"09:58","V",20,NA,"0",NA,NA,"","802","GPS-003",814,"7e4a377e-d666-4c18-a065-6abc5cdf90b4"
"4823",2025,"Teller","T2",2,"2025-05-23","Emma Heydenberk","Kara_Beer","WIPT",1,0,0,1,"10:00","V",20,NA,"0",NA,NA,"","803","GPS-003",815,"7e4a377e-d666-4c18-a065-6abc5cdf90b4"
"4824",2025,"Teller","T2",2,"2025-05-23","Emma Heydenberk","Kara_Beer","WIPT",1,0,0,1,"10:02","V",20,"60","55",NA,NA,"","804","GPS-003",816,"7e4a377e-d666-4c18-a065-6abc5cdf90b4"
"4825",2025,"Teller","T2",2,"2025-05-23","Emma Heydenberk","Kara_Beer","WIPT",1,0,0,1,"10:07","V",19,"250","28",NA,NA,"","805","GPS-003",817,"7e4a377e-d666-4c18-a065-6abc5cdf90b4"
"4826",2025,"Teller","T2",2,"2025-05-23","Emma Heydenberk","Kara_Beer","WISN",0,0,3,0,"10:09","V",19,NA,"0",NA,NA,"","806","GPS-003",818,"7e4a377e-d666-4c18-a065-6abc5cdf90b4"
"4827",2025,"Teller","T2",2,"2025-05-23","Emma Heydenberk","Kara_Beer","LTJA",0,0,1,0,"10:10","V",19,NA,"0",NA,NA,"","807","GPS-003",819,"7e4a377e-d666-4c18-a065-6abc5cdf90b4"
"4828",2025,"Teller","T2",2,"2025-05-23","Emma Heydenberk","Kara_Beer","WIPT",1,0,0,1,"10:11","V",18,"240","65",NA,NA,"","808","GPS-003",820,"7e4a377e-d666-4c18-a065-6abc5cdf90b4"
"4829",2025,"Teller","T2",2,"2025-05-23","Emma Heydenberk","Kara_Beer","GOPL",0,0,1,0,"10:13","V",18,"70","16",NA,NA,"","809","GPS-003",821,"7e4a377e-d666-4c18-a065-6abc5cdf90b4"
"4830",2025,"Teller","T2",2,"2025-05-23","Emma Heydenberk","Kara_Beer","WIPT",1,0,0,1,"10:14","V",18,"240","61",NA,NA,"","810","GPS-003",822,"7e4a377e-d666-4c18-a065-6abc5cdf90b4"
"4831",2025,"Teller","T2",2,"2025-05-23","Emma Heydenberk","Kara_Beer","WIPT",1,0,0,1,"10:16","V",18,NA,"0",NA,NA,"","811","GPS-003",823,"7e4a377e-d666-4c18-a065-6abc5cdf90b4"
"4832",2025,"Teller","T2",2,"2025-05-23","Emma Heydenberk","Kara_Beer","WIPT",1,0,0,1,"10:16","V",18,"190","165",NA,NA,"","812","GPS-003",824,"7e4a377e-d666-4c18-a065-6abc5cdf90b4"
"4833",2025,"Teller","T1",2,"2025-05-23","Kara_Beer","Emma Heydenberk","WIPT",0,0,0,0,"10:24","V",18,"260","198",NA,NA,"","813","GPS-003",825,"a0241b36-c001-4301-9270-26331ba0d87a"
"4834",2025,"Teller","T1",2,"2025-05-23","Kara_Beer","Emma Heydenberk","WIPT",1,0,0,1,"10:26","V",18,"240","119",NA,NA,"","814","GPS-003",826,"a0241b36-c001-4301-9270-26331ba0d87a"
"4835",2025,"Teller","T1",2,"2025-05-23","Kara_Beer","Emma Heydenberk","WIPT",1,0,0,1,"10:30","V",18,"230","17",NA,NA,"","815","GPS-003",827,"a0241b36-c001-4301-9270-26331ba0d87a"
"4836",2025,"Teller","T1",2,"2025-05-23","Kara_Beer","Emma Heydenberk","WIPT",1,0,0,1,"10:31","V",17,"85","140",NA,NA,"","816","GPS-003",828,"a0241b36-c001-4301-9270-26331ba0d87a"
"4837",2025,"Teller","T1",2,"2025-05-23","Kara_Beer","Emma Heydenberk","WIPT",1,0,0,1,"10:32","V",17,"240","160",NA,NA,"","817","GPS-003",829,"a0241b36-c001-4301-9270-26331ba0d87a"
"4838",2025,"Teller","T1",2,"2025-05-23","Kara_Beer","Emma Heydenberk","WIPT",1,0,0,1,"10:34","V",17,"90","48",NA,NA,"","818","GPS-003",830,"a0241b36-c001-4301-9270-26331ba0d87a"
"4839",2025,"Teller","T1",2,"2025-05-23","Kara_Beer","Emma Heydenberk","WIPT",1,0,0,1,"10:35","V",17,"250","137",NA,NA,"","819","GPS-003",831,"a0241b36-c001-4301-9270-26331ba0d87a"
"4840",2025,"Teller","T1",2,"2025-05-23","Kara_Beer","Emma Heydenberk","WIPT",1,0,0,1,"10:35","V",17,NA,"0",NA,NA,"","820","GPS-003",832,"a0241b36-c001-4301-9270-26331ba0d87a"
"4841",2025,"Teller","T1",2,"2025-05-23","Kara_Beer","Emma Heydenberk","WIPT",1,0,0,1,"10:35","V",17,"90","138",NA,NA,"","821","GPS-003",833,"a0241b36-c001-4301-9270-26331ba0d87a"
"4842",2025,"Teller","T1",2,"2025-05-23","Kara_Beer","Emma Heydenberk","WIPT",1,0,0,1,"10:36","V",17,"95","139",NA,NA,"","822","GPS-003",834,"a0241b36-c001-4301-9270-26331ba0d87a"
"4843",2025,"Teller","T1",2,"2025-05-23","Kara_Beer","Emma Heydenberk","LTJA",0,0,2,0,"10:37","V",17,"215","169",NA,NA,"","823","GPS-003",835,"a0241b36-c001-4301-9270-26331ba0d87a"
"4844",2025,"Teller","T1",2,"2025-05-23","Kara_Beer","Emma Heydenberk","WIPT",1,0,0,1,"10:38","V",17,"240","46",NA,NA,"","824","GPS-003",836,"a0241b36-c001-4301-9270-26331ba0d87a"
"4845",2025,"Teller","T1",2,"2025-05-23","Kara_Beer","Emma Heydenberk","WIPT",1,0,0,1,"10:40","V",17,"240","12",NA,NA,"","825","GPS-003",837,"a0241b36-c001-4301-9270-26331ba0d87a"
"4846",2025,"Teller","T1",2,"2025-05-23","Kara_Beer","Emma Heydenberk","WISN",0,0,3,0,"10:40","V",17,"9","0",NA,NA,"","825","GPS-003",838,"a0241b36-c001-4301-9270-26331ba0d87a"
"4847",2025,"Teller","T1",2,"2025-05-23","Kara_Beer","Emma Heydenberk","WIPT",1,0,0,1,"10:41","V",17,NA,"0",NA,NA,"","826","GPS-003",839,"a0241b36-c001-4301-9270-26331ba0d87a"
"4848",2025,"Teller","T1",2,"2025-05-23","Kara_Beer","Emma Heydenberk","WIPT",1,0,0,1,"10:43","V",17,NA,"0",NA,NA,"","827","GPS-003",840,"a0241b36-c001-4301-9270-26331ba0d87a"
"4849",2025,"Teller","T1",2,"2025-05-23","Kara_Beer","Emma Heydenberk","SEOW",0,0,1,0,"10:46","V",16,NA,"0",NA,NA,"","828","GPS-003",841,"a0241b36-c001-4301-9270-26331ba0d87a"
"4850",2025,"Teller","T1",2,"2025-05-23","Kara_Beer","Emma Heydenberk","WIPT",1,0,0,1,"10:47","V",16,"60","9",NA,NA,"","829","GPS-003",842,"a0241b36-c001-4301-9270-26331ba0d87a"
"4851",2025,"Teller","T1",2,"2025-05-23","Kara_Beer","Emma Heydenberk","WIPT",1,0,0,1,"10:51","V",15,"270","308",NA,NA,"","830","GPS-003",843,"a0241b36-c001-4301-9270-26331ba0d87a"
"4852",2025,"Teller","T1",2,"2025-05-23","Kara_Beer","Emma Heydenberk","WIPT",1,0,0,1,"10:51","V",15,"260","107",NA,NA,"","831","GPS-003",844,"a0241b36-c001-4301-9270-26331ba0d87a"
"4853",2025,"Teller","T1",2,"2025-05-23","Kara_Beer","Emma Heydenberk","WIPT",1,0,0,1,"10:54","V",14,NA,"0",NA,NA,"","832","GPS-003",845,"a0241b36-c001-4301-9270-26331ba0d87a"
"4854",2025,"Teller","T1",2,"2025-05-23","Kara_Beer","Emma Heydenberk","WIPT",1,0,0,1,"10:58","V",14,"260","182",NA,NA,"","833","GPS-003",846,"a0241b36-c001-4301-9270-26331ba0d87a"
"4855",2025,"Teller","T1",2,"2025-05-23","Kara_Beer","Emma Heydenberk","WIPT",1,0,0,1,"11:00","V",14,"250","43",NA,NA,"","834","GPS-003",847,"a0241b36-c001-4301-9270-26331ba0d87a"
"4856",2025,"Teller","T1",2,"2025-05-23","Kara_Beer","Emma Heydenberk","WIPT",1,0,0,1,"11:01","V",14,"60","147",NA,NA,"","835","GPS-003",848,"a0241b36-c001-4301-9270-26331ba0d87a"
"4857",2025,"Teller","T1",2,"2025-05-23","Kara_Beer","Emma Heydenberk","WIPT",1,0,0,1,"11:08","V",13,"210","92",NA,NA,"","836","GPS-003",849,"a0241b36-c001-4301-9270-26331ba0d87a"
"4858",2025,"Teller","T1",2,"2025-05-23","Kara_Beer","Emma Heydenberk","WIPT",1,0,0,1,"11:08","V",13,"210","309",NA,NA,"","837","GPS-003",850,"a0241b36-c001-4301-9270-26331ba0d87a"
"4859",2025,"Teller","T1",2,"2025-05-23","Kara_Beer","Emma Heydenberk","WIPT",1,0,0,1,"11:33","V",8,"100","18",NA,NA,"","838","GPS-003",851,"a0241b36-c001-4301-9270-26331ba0d87a"
"4860",2025,"Kougarok","K5",2,"2025-05-25","Emma Heydenberk","Kara_Beer","SSHA",0,0,1,0,"08:53","V",62,NA,"0",NA,NA,"","839","GPS-003",852,"80f2ee9a-1453-49a4-b583-c45d6486f9c0"
"4861",2025,"Kougarok","K5",2,"2025-05-25","Emma Heydenberk","Kara_Beer","SSHA",0,0,1,0,"08:56","V",62,"250","13",NA,NA,"","840","GPS-003",853,"80f2ee9a-1453-49a4-b583-c45d6486f9c0"
"4862",2025,"Kougarok","K5",2,"2025-05-25","Emma Heydenberk","Kara_Beer","SSHA",0,0,2,0,"08:57","V",62,"220","18",NA,NA,"","841","GPS-003",854,"80f2ee9a-1453-49a4-b583-c45d6486f9c0"
"4863",2025,"Kougarok","K5",2,"2025-05-25","Emma Heydenberk","Kara_Beer","SSHA",0,0,1,0,"09:10","V",59,NA,"0",NA,NA,"","842","GPS-003",855,"80f2ee9a-1453-49a4-b583-c45d6486f9c0"
"4864",2025,"Kougarok","K5",2,"2025-05-25","Emma Heydenberk","Kara_Beer","SSHA",0,0,1,0,"09:12","V",59,"250","10",NA,NA,"","843","GPS-003",856,"80f2ee9a-1453-49a4-b583-c45d6486f9c0"
"4865",2025,"Kougarok","K5",2,"2025-05-25","Emma Heydenberk","Kara_Beer","SSHA",0,0,1,0,"09:17","V",58,NA,"0",NA,NA,"","844","GPS-003",857,"80f2ee9a-1453-49a4-b583-c45d6486f9c0"
"4866",2025,"Kougarok","K5",2,"2025-05-25","Emma Heydenberk","Kara_Beer","WIPT",1,0,0,1,"09:19","V",58,"270","22",NA,NA,"","845","GPS-003",858,"80f2ee9a-1453-49a4-b583-c45d6486f9c0"
"4867",2025,"Kougarok","K5",2,"2025-05-25","Emma Heydenberk","Kara_Beer","WIPT",1,0,0,1,"09:24","V",27,"110","55",NA,NA,"","846","GPS-003",859,"80f2ee9a-1453-49a4-b583-c45d6486f9c0"
"4868",2025,"Kougarok","K5",2,"2025-05-25","Emma Heydenberk","Kara_Beer","SSHA",0,0,1,0,"09:26","V",27,"60","26",NA,NA,"","847","GPS-003",860,"80f2ee9a-1453-49a4-b583-c45d6486f9c0"
"4869",2025,"Kougarok","K5",2,"2025-05-25","Emma Heydenberk","Kara_Beer","SSHA",0,0,1,0,"09:26","V",27,"260","15",NA,NA,"","848","GPS-003",861,"80f2ee9a-1453-49a4-b583-c45d6486f9c0"
"4870",2025,"Kougarok","K5",2,"2025-05-25","Emma Heydenberk","Kara_Beer","WIPT",1,0,0,1,"09:27","V",27,"290","26",NA,NA,"","849","GPS-003",862,"80f2ee9a-1453-49a4-b583-c45d6486f9c0"
"4871",2025,"Kougarok","K5",2,"2025-05-25","Emma Heydenberk","Kara_Beer","WIPT",2,0,0,2,"09:31","V",56,"315","17",NA,NA,"","850","GPS-003",863,"80f2ee9a-1453-49a4-b583-c45d6486f9c0"
"4872",2025,"Kougarok","K5",2,"2025-05-25","Emma Heydenberk","Kara_Beer","WIPT",1,0,0,1,"09:34","V",56,"350","30",NA,NA,"","851","GPS-003",864,"80f2ee9a-1453-49a4-b583-c45d6486f9c0"
"4873",2025,"Kougarok","K5",2,"2025-05-25","Emma Heydenberk","Kara_Beer","WIPT",1,0,0,1,"09:36","V",55,"330","15",NA,NA,"","852","GPS-003",865,"80f2ee9a-1453-49a4-b583-c45d6486f9c0"
"4874",2025,"Kougarok","K5",2,"2025-05-25","Emma Heydenberk","Kara_Beer","WIPT",1,0,0,1,"09:38","V",55,"330","37",NA,NA,"","853","GPS-003",866,"80f2ee9a-1453-49a4-b583-c45d6486f9c0"
"4875",2025,"Kougarok","K5",2,"2025-05-25","Emma Heydenberk","Kara_Beer","WIPT",1,0,0,1,"09:39","V",55,"170","147",NA,NA,"","854","GPS-003",867,"80f2ee9a-1453-49a4-b583-c45d6486f9c0"
"4876",2025,"Kougarok","K5",2,"2025-05-25","Emma Heydenberk","Kara_Beer","WIPT",1,0,0,1,"09:42","V",54,"330","25",NA,NA,"","855","GPS-003",868,"80f2ee9a-1453-49a4-b583-c45d6486f9c0"
"4877",2025,"Kougarok","K5",2,"2025-05-25","Emma Heydenberk","Kara_Beer","WIPT",0,1,0,2,"09:43","V",54,NA,"0",NA,NA,"","856","GPS-003",869,"80f2ee9a-1453-49a4-b583-c45d6486f9c0"
"4878",2025,"Kougarok","K5",2,"2025-05-25","Emma Heydenberk","Kara_Beer","WIPT",1,1,0,3,"09:44","V",54,NA,"0",NA,NA,"","857","GPS-003",870,"80f2ee9a-1453-49a4-b583-c45d6486f9c0"
"4879",2025,"Kougarok","K5",2,"2025-05-25","Emma Heydenberk","Kara_Beer","WIPT",0,1,0,2,"09:49","V",53,NA,"0",NA,NA,"","858","GPS-003",871,"80f2ee9a-1453-49a4-b583-c45d6486f9c0"
"4880",2025,"Kougarok","K4",2,"2025-05-25","Emma Heydenberk","Kara_Beer","WIPT",1,0,0,1,"09:59","V",52,"95","12",NA,NA,"","859","GPS-003",872,"5a9946c2-5cd2-46ac-aaa9-a5a7abd0689b"
"4881",2025,"Kougarok","K4",2,"2025-05-25","Emma Heydenberk","Kara_Beer","WIPT",1,1,0,3,"10:01","V",52,"265","18",NA,NA,"","860","GPS-003",873,"5a9946c2-5cd2-46ac-aaa9-a5a7abd0689b"
"4882",2025,"Kougarok","K4",2,"2025-05-25","Emma Heydenberk","Kara_Beer","WISN",0,0,1,0,"10:05","A",50,"300","10",NA,NA,"","861","GPS-003",874,"5a9946c2-5cd2-46ac-aaa9-a5a7abd0689b"
"4883",2025,"Kougarok","K4",2,"2025-05-25","Emma Heydenberk","Kara_Beer","LTJA",0,0,1,0,"10:06","V",50,NA,"0",NA,NA,"","862","GPS-003",875,"5a9946c2-5cd2-46ac-aaa9-a5a7abd0689b"
"4884",2025,"Kougarok","K4",2,"2025-05-25","Emma Heydenberk","Kara_Beer","WIPT",1,0,0,1,"10:08","V",50,"120","84",NA,NA,"","863","GPS-003",876,"5a9946c2-5cd2-46ac-aaa9-a5a7abd0689b"
"4885",2025,"Kougarok","K4",2,"2025-05-25","Emma Heydenberk","Kara_Beer","WIPT",1,0,0,1,"10:08","V",50,"307","29",NA,NA,"","864","GPS-003",877,"5a9946c2-5cd2-46ac-aaa9-a5a7abd0689b"
"4886",2025,"Kougarok","K4",2,"2025-05-25","Emma Heydenberk","Kara_Beer","WIPT",1,0,0,1,"10:09","V",50,"310","296",NA,NA,"","865","GPS-003",878,"5a9946c2-5cd2-46ac-aaa9-a5a7abd0689b"
"4887",2025,"Kougarok","K4",2,"2025-05-25","Emma Heydenberk","Kara_Beer","ROPT",1,0,0,1,"10:10","V",50,NA,"0",NA,NA,"","866","GPS-003",879,"5a9946c2-5cd2-46ac-aaa9-a5a7abd0689b"
"4888",2025,"Kougarok","K4",2,"2025-05-25","Emma Heydenberk","Kara_Beer","ROPT",1,0,0,1,"10:11","V",50,"315","41",NA,NA,"","867","GPS-003",880,"5a9946c2-5cd2-46ac-aaa9-a5a7abd0689b"
"4889",2025,"Kougarok","K4",2,"2025-05-25","Emma Heydenberk","Kara_Beer","ROPT",1,0,0,1,"10:13","V",50,"305","127",NA,NA,"","868","GPS-003",881,"5a9946c2-5cd2-46ac-aaa9-a5a7abd0689b"
"4890",2025,"Kougarok","K4",2,"2025-05-25","Emma Heydenberk","Kara_Beer","ROPT",1,0,0,1,"10:15","V",50,"30","50",NA,NA,"","869","GPS-003",882,"5a9946c2-5cd2-46ac-aaa9-a5a7abd0689b"
"4891",2025,"Kougarok","K4",2,"2025-05-25","Emma Heydenberk","Kara_Beer","ROPT",1,0,0,1,"10:16","V",49,"340","56",NA,NA,"","870","GPS-003",883,"5a9946c2-5cd2-46ac-aaa9-a5a7abd0689b"
"4892",2025,"Kougarok","K4",2,"2025-05-25","Emma Heydenberk","Kara_Beer","WIPT",1,0,0,1,"10:18","V",48,"315","192",NA,NA,"","871","GPS-003",884,"5a9946c2-5cd2-46ac-aaa9-a5a7abd0689b"
"4893",2025,"Kougarok","K4",2,"2025-05-25","Emma Heydenberk","Kara_Beer","WIPT",1,0,0,1,"10:19","V",48,"320","28",NA,NA,"","872","GPS-003",885,"5a9946c2-5cd2-46ac-aaa9-a5a7abd0689b"
"4894",2025,"Kougarok","K4",2,"2025-05-25","Emma Heydenberk","Kara_Beer","WIPT",1,0,0,1,"10:20","V",48,"340","27",NA,NA,"","873","GPS-003",886,"5a9946c2-5cd2-46ac-aaa9-a5a7abd0689b"
"4895",2025,"Kougarok","K4",2,"2025-05-25","Emma Heydenberk","Kara_Beer","WIPT",1,0,0,1,"10:21","V",48,"0","23",NA,NA,"","874","GPS-003",887,"5a9946c2-5cd2-46ac-aaa9-a5a7abd0689b"
"4896",2025,"Kougarok","K4",2,"2025-05-25","Emma Heydenberk","Kara_Beer","WIPT",1,0,0,1,"10:22","V",48,"330","27",NA,NA,"","875","GPS-003",888,"5a9946c2-5cd2-46ac-aaa9-a5a7abd0689b"
"4897",2025,"Kougarok","K4",2,"2025-05-25","Emma Heydenberk","Kara_Beer","WIPT",1,0,0,1,"10:23","V",47,"130","73",NA,NA,"","876","GPS-003",889,"5a9946c2-5cd2-46ac-aaa9-a5a7abd0689b"
"4898",2025,"Kougarok","K4",2,"2025-05-25","Emma Heydenberk","Kara_Beer","WIPT",1,0,0,1,"10:24","V",47,"330","279",NA,NA,"","877","GPS-003",890,"5a9946c2-5cd2-46ac-aaa9-a5a7abd0689b"
"4899",2025,"Kougarok","K4",2,"2025-05-25","Emma Heydenberk","Kara_Beer","WIPT",1,0,0,1,"10:28","V",47,"150","19",NA,NA,"","878","GPS-003",891,"5a9946c2-5cd2-46ac-aaa9-a5a7abd0689b"
"4900",2025,"Kougarok","K4",2,"2025-05-25","Emma Heydenberk","Kara_Beer","WIPT",1,0,0,1,"10:29","V",47,"330","21",NA,NA,"","879","GPS-003",892,"5a9946c2-5cd2-46ac-aaa9-a5a7abd0689b"
"4901",2025,"Kougarok","K4",2,"2025-05-25","Emma Heydenberk","Kara_Beer","WIPT",1,0,0,1,"10:35","V",46,"170","64",NA,NA,"","880","GPS-003",893,"5a9946c2-5cd2-46ac-aaa9-a5a7abd0689b"
"4902",2025,"Kougarok","K4",2,"2025-05-25","Emma Heydenberk","Kara_Beer","SSHA",0,0,1,0,"10:39","V",46,NA,"0",NA,NA,"","881","GPS-003",894,"5a9946c2-5cd2-46ac-aaa9-a5a7abd0689b"
"4903",2025,"Kougarok","K4",2,"2025-05-25","Emma Heydenberk","Kara_Beer","SSHA",0,0,1,0,"10:40","V",45,NA,"0",NA,NA,"","882","GPS-003",895,"5a9946c2-5cd2-46ac-aaa9-a5a7abd0689b"
"4904",2025,"Kougarok","K4",2,"2025-05-25","Emma Heydenberk","Kara_Beer","WIPT",1,0,0,1,"10:42","V",45,"145","19",NA,NA,"","883","GPS-003",896,"5a9946c2-5cd2-46ac-aaa9-a5a7abd0689b"
"4905",2025,"Kougarok","K4",2,"2025-05-25","Emma Heydenberk","Kara_Beer","WIPT",1,0,0,1,"10:43","V",45,NA,"0",NA,NA,"","884","GPS-003",897,"5a9946c2-5cd2-46ac-aaa9-a5a7abd0689b"
"4906",2025,"Kougarok","K4",2,"2025-05-25","Emma Heydenberk","Kara_Beer","WIPT",1,0,0,1,"10:44","V",45,NA,"0",NA,NA,"","885","GPS-003",898,"5a9946c2-5cd2-46ac-aaa9-a5a7abd0689b"
"4907",2025,"Kougarok","K4",2,"2025-05-25","Emma Heydenberk","Kara_Beer","WIPT",1,0,0,1,"10:47","V",44,"130","11",NA,NA,"","886","GPS-003",899,"5a9946c2-5cd2-46ac-aaa9-a5a7abd0689b"
"4908",2025,"Kougarok","K4",2,"2025-05-25","Emma Heydenberk","Kara_Beer","WIPT",1,0,0,1,"10:49","V",44,NA,"0",NA,NA,"","887","GPS-003",900,"5a9946c2-5cd2-46ac-aaa9-a5a7abd0689b"
"4909",2025,"Kougarok","K4",2,"2025-05-27","Emma Heydenberk","Kara_Beer","WIPT",1,0,0,1,"08:24","V",43,"30","78",NA,NA,"","888","GPS-003",901,"b9021088-e75c-4f50-9e8b-900a30881059"
"4910",2025,"Kougarok","K4",2,"2025-05-27","Emma Heydenberk","Kara_Beer","WIPT",1,0,0,1,"20:34","V",43,"150","28",NA,NA,"","889","GPS-003",902,"b9021088-e75c-4f50-9e8b-900a30881059"
"4911",2025,"Kougarok","K4",2,"2025-05-27","Emma Heydenberk","Kara_Beer","SSHA",0,0,1,0,"08:37","V",44,"8","16",NA,NA,"","890","GPS-003",903,"b9021088-e75c-4f50-9e8b-900a30881059"
"4912",2025,"Kougarok","K4",2,"2025-05-27","Emma Heydenberk","Kara_Beer","WIPT",1,0,0,1,"08:37","V",45,"350","79",NA,NA,"","891","GPS-003",904,"b9021088-e75c-4f50-9e8b-900a30881059"
"4913",2025,"Kougarok","K4",2,"2025-05-27","Emma Heydenberk","Kara_Beer","SSHA",0,0,1,0,"08:43","V",45,NA,"0",NA,NA,"","892","GPS-003",905,"b9021088-e75c-4f50-9e8b-900a30881059"
"4914",2025,"Kougarok","K4",2,"2025-05-27","Emma Heydenberk","Kara_Beer","SSHA",0,0,1,0,"20:44","V",45,NA,"0",NA,NA,"","893","GPS-003",906,"b9021088-e75c-4f50-9e8b-900a30881059"
"4915",2025,"Kougarok","K4",2,"2025-05-27","Emma Heydenberk","Kara_Beer","SSHA",0,0,2,0,"08:45","V",45,NA,"0",NA,NA,"","894","GPS-003",907,"b9021088-e75c-4f50-9e8b-900a30881059"
"4916",2025,"Kougarok","K4",2,"2025-05-27","Emma Heydenberk","Kara_Beer","SSHA",0,0,1,0,"08:47","V",46,NA,"0",NA,NA,"","895","GPS-003",908,"b9021088-e75c-4f50-9e8b-900a30881059"
"4917",2025,"Kougarok","K4",2,"2025-05-27","Emma Heydenberk","Kara_Beer","SSHA",0,0,1,0,"08:47","V",46,"10","14",NA,NA,"","896","GPS-003",909,"b9021088-e75c-4f50-9e8b-900a30881059"
"4918",2025,"Kougarok","K4",2,"2025-05-27","Emma Heydenberk","Kara_Beer","SSHA",0,0,1,0,"08:49","V",46,NA,"0",NA,NA,"","897","GPS-003",910,"b9021088-e75c-4f50-9e8b-900a30881059"
"4919",2025,"Kougarok","K4",2,"2025-05-27","Emma Heydenberk","Kara_Beer","WIPT",1,0,0,1,"08:50","V",46,NA,"0",NA,NA,"","898","GPS-003",911,"b9021088-e75c-4f50-9e8b-900a30881059"
"4920",2025,"Kougarok","K4",2,"2025-05-27","Emma Heydenberk","Kara_Beer","WIPT",1,0,0,1,"08:52","V",46,"150","25",NA,NA,"","899","GPS-003",912,"b9021088-e75c-4f50-9e8b-900a30881059"
"4921",2025,"Kougarok","K4",2,"2025-05-27","Emma Heydenberk","Kara_Beer","WIPT",1,0,0,1,"08:52","V",46,"25","47",NA,NA,"","900","GPS-003",913,"b9021088-e75c-4f50-9e8b-900a30881059"
"4922",2025,"Kougarok","K4",2,"2025-05-27","Emma Heydenberk","Kara_Beer","WIPT",1,0,0,1,"08:55","V",47,"145","38",NA,NA,"","901","GPS-003",914,"b9021088-e75c-4f50-9e8b-900a30881059"
"4923",2025,"Kougarok","K4",2,"2025-05-27","Emma Heydenberk","Kara_Beer","WIPT",1,0,0,1,"08:56","V",47,"350","22",NA,NA,"","902","GPS-003",915,"b9021088-e75c-4f50-9e8b-900a30881059"
"4924",2025,"Kougarok","K4",2,"2025-05-27","Emma Heydenberk","Kara_Beer","WIPT",1,0,0,1,"20:57","V",47,"335","65",NA,NA,"","903","GPS-003",916,"b9021088-e75c-4f50-9e8b-900a30881059"
"4925",2025,"Kougarok","K4",2,"2025-05-27","Emma Heydenberk","Kara_Beer","SSHA",0,0,1,0,"09:02","V",48,NA,"0",NA,NA,"","904","GPS-003",917,"b9021088-e75c-4f50-9e8b-900a30881059"
"4926",2025,"Kougarok","K4",2,"2025-05-27","Emma Heydenberk","Kara_Beer","WIPT",1,0,0,1,"09:02","V",48,"350","49",NA,NA,"","905","GPS-003",918,"b9021088-e75c-4f50-9e8b-900a30881059"
"4927",2025,"Kougarok","K4",2,"2025-05-27","Emma Heydenberk","Kara_Beer","WIPT",1,0,0,1,"09:04","V",48,"350","48",NA,NA,"","906","GPS-003",919,"b9021088-e75c-4f50-9e8b-900a30881059"
"4928",2025,"Kougarok","K4",2,"2025-05-27","Emma Heydenberk","Kara_Beer","SSHA",0,0,1,0,"09:04","V",48,NA,"0",NA,NA,"","907","GPS-003",920,"b9021088-e75c-4f50-9e8b-900a30881059"
"4929",2025,"Kougarok","K4",2,"2025-05-27","Emma Heydenberk","Kara_Beer","WIPT",1,0,0,1,"09:05","V",48,"178","20",NA,NA,"","908","GPS-003",921,"b9021088-e75c-4f50-9e8b-900a30881059"
"4930",2025,"Kougarok","K4",2,"2025-05-27","Emma Heydenberk","Kara_Beer","WIPT",1,1,0,3,"09:05","V",48,NA,"0",NA,NA,"","909","GPS-003",922,"b9021088-e75c-4f50-9e8b-900a30881059"
"4931",2025,"Kougarok","K4",2,"2025-05-27","Emma Heydenberk","Kara_Beer","WIPT",1,0,0,1,"09:07","V",48,NA,"0",NA,NA,"","910","GPS-003",923,"b9021088-e75c-4f50-9e8b-900a30881059"
"4932",2025,"Kougarok","K4",2,"2025-05-27","Emma Heydenberk","Kara_Beer","WIPT",1,0,0,1,"09:09","V",48,NA,"0",NA,NA,"","911","GPS-003",924,"b9021088-e75c-4f50-9e8b-900a30881059"
"4933",2025,"Kougarok","K4",2,"2025-05-27","Emma Heydenberk","Kara_Beer","ROPT",1,0,0,1,"09:09","V",48,NA,"0",NA,NA,"","912","GPS-003",925,"b9021088-e75c-4f50-9e8b-900a30881059"
"4934",2025,"Kougarok","K4",2,"2025-05-27","Emma Heydenberk","Kara_Beer","WIPT",1,0,0,1,"09:10","V",48,"340","63",NA,NA,"","913","GPS-003",926,"b9021088-e75c-4f50-9e8b-900a30881059"
"4935",2025,"Kougarok","K4",2,"2025-05-27","Emma Heydenberk","Kara_Beer","WIPT",1,0,0,1,"09:12","V",49,"325","21",NA,NA,"","914","GPS-003",927,"b9021088-e75c-4f50-9e8b-900a30881059"
"4936",2025,"Kougarok","K4",2,"2025-05-27","Emma Heydenberk","Kara_Beer","ROPT",1,0,0,1,"09:14","V",49,"0","508",NA,NA,"","915","GPS-003",928,"b9021088-e75c-4f50-9e8b-900a30881059"
"4937",2025,"Kougarok","K4",2,"2025-05-27","Emma Heydenberk","Kara_Beer","PTAR",1,0,0,1,"09:15","V",49,"6","264",NA,NA,"","916","GPS-003",929,"b9021088-e75c-4f50-9e8b-900a30881059"
"4938",2025,"Kougarok","K4",2,"2025-05-27","Emma Heydenberk","Kara_Beer","WIPT",1,0,0,1,"09:17","V",49,"340","37",NA,NA,"","917","GPS-003",930,"b9021088-e75c-4f50-9e8b-900a30881059"
"4939",2025,"Kougarok","K4",2,"2025-05-27","Emma Heydenberk","Kara_Beer","ROPT",1,0,0,1,"09:18","V",49,"0","19",NA,NA,"","918","GPS-003",931,"b9021088-e75c-4f50-9e8b-900a30881059"
"4940",2025,"Kougarok","K4",2,"2025-05-27","Emma Heydenberk","Kara_Beer","ROPT",1,0,0,1,"09:20","V",49,"0","69",NA,NA,"","919","GPS-003",932,"b9021088-e75c-4f50-9e8b-900a30881059"
"4941",2025,"Kougarok","K4",2,"2025-05-27","Emma Heydenberk","Kara_Beer","WIPT",1,0,0,1,"09:20","V",49,"150","105",NA,NA,"","920","GPS-003",933,"b9021088-e75c-4f50-9e8b-900a30881059"
"4942",2025,"Kougarok","K4",2,"2025-05-27","Emma Heydenberk","Kara_Beer","ROPT",1,0,0,1,"09:21","V",49,"170","18",NA,NA,"","921","GPS-003",934,"b9021088-e75c-4f50-9e8b-900a30881059"
"4943",2025,"Kougarok","K4",2,"2025-05-27","Emma Heydenberk","Kara_Beer","ROPT",1,0,0,1,"09:22","V",49,"350","74",NA,NA,"","922","GPS-003",935,"b9021088-e75c-4f50-9e8b-900a30881059"
"4944",2025,"Kougarok","K4",2,"2025-05-27","Emma Heydenberk","Kara_Beer","WIPT",1,0,0,1,"09:23","V",50,"150","27",NA,NA,"","923","GPS-003",936,"b9021088-e75c-4f50-9e8b-900a30881059"
"4945",2025,"Kougarok","K4",2,"2025-05-27","Emma Heydenberk","Kara_Beer","WIPT",1,0,0,1,"09:25","V",50,"330","136",NA,NA,"","924","GPS-003",937,"b9021088-e75c-4f50-9e8b-900a30881059"
"4946",2025,"Kougarok","K4",2,"2025-05-27","Emma Heydenberk","Kara_Beer","ROPT",1,0,0,1,"09:25","V",50,"312","208",NA,NA,"","925","GPS-003",938,"b9021088-e75c-4f50-9e8b-900a30881059"
"4947",2025,"Kougarok","K4",2,"2025-05-27","Emma Heydenberk","Kara_Beer","ROPT",1,0,0,1,"09:26","V",50,"330","84",NA,NA,"","926","GPS-003",939,"b9021088-e75c-4f50-9e8b-900a30881059"
"4948",2025,"Kougarok","K4",2,"2025-05-27","Emma Heydenberk","Kara_Beer","WIPT",1,0,0,1,"09:31","V",51,"330","9",NA,NA,"","927","GPS-003",940,"b9021088-e75c-4f50-9e8b-900a30881059"
"4949",2025,"Kougarok","K4",2,"2025-05-27","Emma Heydenberk","Kara_Beer","ROPT",1,0,0,1,"09:32","V",51,"325","17",NA,NA,"","928","GPS-003",941,"b9021088-e75c-4f50-9e8b-900a30881059"
"4950",2025,"Kougarok","K4",2,"2025-05-27","Emma Heydenberk","Kara_Beer","ROPT",1,0,0,1,"09:34","V",51,"315","65",NA,NA,"","929","GPS-003",942,"b9021088-e75c-4f50-9e8b-900a30881059"
"4951",2025,"Kougarok","K4",2,"2025-05-27","Emma Heydenberk","Kara_Beer","WIPT",1,0,0,1,"09:39","V",52,"15","9",NA,NA,"","930","GPS-003",943,"b9021088-e75c-4f50-9e8b-900a30881059"
"4952",2025,"Kougarok","K4",2,"2025-05-27","Emma Heydenberk","Kara_Beer","WIPT",1,0,0,1,"09:40","V",52,"208","40",NA,NA,"","931","GPS-003",944,"b9021088-e75c-4f50-9e8b-900a30881059"
"4953",2025,"Kougarok","K4",2,"2025-05-27","Emma Heydenberk","Kara_Beer","WIPT",1,0,0,1,"09:41","V",52,"210","37",NA,NA,"","932","GPS-003",945,"b9021088-e75c-4f50-9e8b-900a30881059"
"4954",2025,"Kougarok","K5",1,"2025-05-27","Emma Heydenberk","Kara_Beer","WIPT",1,0,0,1,"09:50","V",53,"10","13",NA,NA,"","933","GPS-003",946,"ddfa2fc4-7a6f-4cf9-a01f-176e66f0fff7"
"4955",2025,"Kougarok","K5",1,"2025-05-27","Emma Heydenberk","Kara_Beer","PTAR",0,1,0,2,"09:55","V",54,"120","10",NA,NA,"","934","GPS-003",947,"ddfa2fc4-7a6f-4cf9-a01f-176e66f0fff7"
"4956",2025,"Kougarok","K5",1,"2025-05-27","Emma Heydenberk","Kara_Beer","WIPT",1,0,0,1,"09:57","V",55,NA,"0",NA,NA,"","935","GPS-003",948,"ddfa2fc4-7a6f-4cf9-a01f-176e66f0fff7"
"4957",2025,"Kougarok","K5",1,"2025-05-27","Emma Heydenberk","Kara_Beer","WIPT",1,0,0,1,"09:58","V",55,"6","34",NA,NA,"","936","GPS-003",949,"ddfa2fc4-7a6f-4cf9-a01f-176e66f0fff7"
"4958",2025,"Kougarok","K5",1,"2025-05-27","Emma Heydenberk","Kara_Beer","WIPT",1,0,0,1,"10:03","V",56,"335","29",NA,NA,"","937","GPS-003",950,"ddfa2fc4-7a6f-4cf9-a01f-176e66f0fff7"
"4959",2025,"Kougarok","K5",1,"2025-05-27","Emma Heydenberk","Kara_Beer","WIPT",1,1,0,3,"10:04","V",56,"120","8",NA,NA,"","938","GPS-003",951,"ddfa2fc4-7a6f-4cf9-a01f-176e66f0fff7"
"4960",2025,"Kougarok","K5",1,"2025-05-27","Emma Heydenberk","Kara_Beer","WIPT",1,0,0,1,"10:04","V",56,"325","38",NA,NA,"","939","GPS-003",952,"ddfa2fc4-7a6f-4cf9-a01f-176e66f0fff7"
"4961",2025,"Kougarok","K5",1,"2025-05-27","Emma Heydenberk","Kara_Beer","WIPT",0,1,0,2,"10:05","V",56,NA,"0",NA,NA,"","940","GPS-003",953,"ddfa2fc4-7a6f-4cf9-a01f-176e66f0fff7"
"4962",2025,"Kougarok","K5",1,"2025-05-27","Emma Heydenberk","Kara_Beer","WIPT",1,0,0,1,"10:06","V",56,"120","34",NA,NA,"","941","GPS-003",954,"ddfa2fc4-7a6f-4cf9-a01f-176e66f0fff7"
"4963",2025,"Kougarok","K5",1,"2025-05-27","Emma Heydenberk","Kara_Beer","WIPT",1,1,0,3,"10:07","V",56,"290","27",NA,NA,"","942","GPS-003",955,"ddfa2fc4-7a6f-4cf9-a01f-176e66f0fff7"
"4964",2025,"Kougarok","K5",1,"2025-05-27","Emma Heydenberk","Kara_Beer","SSHA",0,0,1,0,"10:12","V",57,NA,"0",NA,NA,"","943","GPS-003",956,"ddfa2fc4-7a6f-4cf9-a01f-176e66f0fff7"
"4965",2025,"Kougarok","K5",1,"2025-05-27","Emma Heydenberk","Kara_Beer","WIPT",1,0,0,1,"10:13","V",57,NA,"0",NA,NA,"","944","GPS-003",957,"ddfa2fc4-7a6f-4cf9-a01f-176e66f0fff7"
"4966",2025,"Kougarok","K5",1,"2025-05-27","Emma Heydenberk","Kara_Beer","SSHA",0,0,1,0,"10:14","V",57,NA,"0",NA,NA,"","945","GPS-003",958,"ddfa2fc4-7a6f-4cf9-a01f-176e66f0fff7"
"4967",2025,"Kougarok","K5",1,"2025-05-27","Emma Heydenberk","Kara_Beer","WIPT",1,0,0,1,"10:17","V",58,"15","22",NA,NA,"","946","GPS-003",959,"ddfa2fc4-7a6f-4cf9-a01f-176e66f0fff7"
"4968",2025,"Kougarok","K5",1,"2025-05-27","Emma Heydenberk","Kara_Beer","SSHA",0,0,1,0,"10:20","V",58,NA,"0",NA,NA,"","947","GPS-003",960,"ddfa2fc4-7a6f-4cf9-a01f-176e66f0fff7"
"4969",2025,"Kougarok","K5",1,"2025-05-27","Emma Heydenberk","Kara_Beer","SSHA",0,0,1,0,"10:20","V",58,NA,"0",NA,NA,"","948","GPS-003",961,"ddfa2fc4-7a6f-4cf9-a01f-176e66f0fff7"
"4970",2025,"Kougarok","K5",1,"2025-05-27","Emma Heydenberk","Kara_Beer","WIPT",2,0,0,2,"10:21","V",58,"230","203",NA,NA,"","949","GPS-003",962,"ddfa2fc4-7a6f-4cf9-a01f-176e66f0fff7"
"4971",2025,"Kougarok","K5",1,"2025-05-27","Emma Heydenberk","Kara_Beer","SSHA",0,0,1,0,"10:22","V",58,NA,"0",NA,NA,"","950","GPS-003",963,"ddfa2fc4-7a6f-4cf9-a01f-176e66f0fff7"
"4972",2025,"Kougarok","K5",1,"2025-05-27","Emma Heydenberk","Kara_Beer","WIPT",1,0,0,1,"10:23","V",58,"210","59",NA,NA,"","951","GPS-003",964,"ddfa2fc4-7a6f-4cf9-a01f-176e66f0fff7"
"4973",2025,"Kougarok","K5",1,"2025-05-27","Emma Heydenberk","Kara_Beer","SSHA",0,0,1,0,"10:24","V",59,NA,"0",NA,NA,"","952","GPS-003",965,"ddfa2fc4-7a6f-4cf9-a01f-176e66f0fff7"
"4974",2025,"Kougarok","K5",1,"2025-05-27","Emma Heydenberk","Kara_Beer","WIPT",1,0,0,1,"10:28","V",59,"235","174",NA,NA,"","953","GPS-003",966,"ddfa2fc4-7a6f-4cf9-a01f-176e66f0fff7"
"4975",2025,"Kougarok","K5",1,"2025-05-27","Emma Heydenberk","Kara_Beer","SSHA",0,0,1,0,"10:40","V",62,NA,"0",NA,NA,"","954","GPS-003",967,"ddfa2fc4-7a6f-4cf9-a01f-176e66f0fff7"
"4976",2025,"Kougarok","K5",1,"2025-05-27","Emma Heydenberk","Kara_Beer","SSHA",0,0,1,0,"10:40","V",62,NA,"0",NA,NA,"","955","GPS-003",968,"ddfa2fc4-7a6f-4cf9-a01f-176e66f0fff7"
"4977",2025,"Kougarok","K7",2,"2025-05-29","Emma Heydenberk","Kara_Beer","WIPT",1,0,0,1,"08:20","V",83,"250","105",NA,NA,"","956","GPS-003",969,"0f12da23-c375-4f4d-8fab-3e1f2432892d"
"4978",2025,"Kougarok","K7",2,"2025-05-29","Emma Heydenberk","Kara_Beer","WIPT",1,0,0,1,"08:23","V",82,"270","102",NA,NA,"","957","GPS-003",970,"0f12da23-c375-4f4d-8fab-3e1f2432892d"
"4979",2025,"Kougarok","K7",2,"2025-05-29","Emma Heydenberk","Kara_Beer","WIPT",1,0,0,1,"08:30","V",81,NA,"0",NA,NA,"","958","GPS-003",971,"0f12da23-c375-4f4d-8fab-3e1f2432892d"
"4980",2025,"Kougarok","K7",2,"2025-05-29","Emma Heydenberk","Kara_Beer","WIPT",1,0,0,1,"08:31","V",81,"300","115",NA,NA,"","959","GPS-003",972,"0f12da23-c375-4f4d-8fab-3e1f2432892d"
"4981",2025,"Kougarok","K7",2,"2025-05-29","Emma Heydenberk","Kara_Beer","WIPT",1,0,0,1,"08:32","V",81,"120","50",NA,NA,"","960","GPS-003",973,"0f12da23-c375-4f4d-8fab-3e1f2432892d"
"4982",2025,"Kougarok","K7",2,"2025-05-29","Emma Heydenberk","Kara_Beer","WIPT",1,0,0,1,"08:40","V",79,"80","30",NA,NA,"","961","GPS-003",974,"0f12da23-c375-4f4d-8fab-3e1f2432892d"
"4983",2025,"Kougarok","K7",2,"2025-05-29","Emma Heydenberk","Kara_Beer","WIPT",1,0,0,1,"08:40","V",79,"300","52",NA,NA,"","962","GPS-003",975,"0f12da23-c375-4f4d-8fab-3e1f2432892d"
"4984",2025,"Kougarok","K7",2,"2025-05-29","Emma Heydenberk","Kara_Beer","WIPT",1,0,0,1,"08:45","V",78,"300","9",NA,NA,"","963","GPS-003",976,"0f12da23-c375-4f4d-8fab-3e1f2432892d"
"4985",2025,"Kougarok","K7",2,"2025-05-29","Emma Heydenberk","Kara_Beer","WIPT",1,0,0,1,"08:50","V",77,"120","53",NA,NA,"","964","GPS-003",977,"0f12da23-c375-4f4d-8fab-3e1f2432892d"
"4986",2025,"Kougarok","K7",2,"2025-05-29","Emma Heydenberk","Kara_Beer","WIPT",1,0,0,1,"08:51","V",57,"300","15",NA,NA,"","965","GPS-003",978,"0f12da23-c375-4f4d-8fab-3e1f2432892d"
"4987",2025,"Kougarok","K7",2,"2025-05-29","Emma Heydenberk","Kara_Beer","WIPT",1,0,0,1,"09:02","V",75,"280","90",NA,NA,"","966","GPS-003",979,"0f12da23-c375-4f4d-8fab-3e1f2432892d"
"4988",2025,"Kougarok","K7",2,"2025-05-29","Emma Heydenberk","Kara_Beer","WIPT",1,0,0,1,"09:08","V",73,NA,"0",NA,NA,"","967","GPS-003",980,"0f12da23-c375-4f4d-8fab-3e1f2432892d"
"4989",2025,"Kougarok","K7",2,"2025-05-29","Emma Heydenberk","Kara_Beer","WIPT",1,0,0,1,"09:09","V",73,"120","10",NA,NA,"","968","GPS-003",981,"0f12da23-c375-4f4d-8fab-3e1f2432892d"
"4990",2025,"Kougarok","K6",2,"2025-05-29","Emma Heydenberk","Kara_Beer","WIPT",1,0,0,1,"09:15","V",73,"330","32",NA,NA,"","969","GPS-003",982,"287af65c-db28-4130-b5fd-8564361b79e9"
"4991",2025,"Kougarok","K6",2,"2025-05-29","Emma Heydenberk","Kara_Beer","WIPT",1,0,0,1,"09:16","V",73,"145","17",NA,NA,"","970","GPS-003",983,"287af65c-db28-4130-b5fd-8564361b79e9"
"4992",2025,"Kougarok","K6",2,"2025-05-29","Emma Heydenberk","Kara_Beer","WIPT",1,0,0,1,"09:18","V",72,"330","9",NA,NA,"","971","GPS-003",984,"287af65c-db28-4130-b5fd-8564361b79e9"
"4993",2025,"Kougarok","K6",2,"2025-05-29","Emma Heydenberk","Kara_Beer","WIPT",1,0,0,1,"09:19","V",72,"160","84",NA,NA,"","972","GPS-003",985,"287af65c-db28-4130-b5fd-8564361b79e9"
"4994",2025,"Kougarok","K6",2,"2025-05-29","Emma Heydenberk","Kara_Beer","WIPT",1,0,0,1,"09:20","V",72,"150","39",NA,NA,"","973","GPS-003",986,"287af65c-db28-4130-b5fd-8564361b79e9"
"4995",2025,"Kougarok","K6",2,"2025-05-29","Emma Heydenberk","Kara_Beer","WIPT",1,0,0,1,"09:22","V",72,"275","18",NA,NA,"","974","GPS-003",987,"287af65c-db28-4130-b5fd-8564361b79e9"
"4996",2025,"Kougarok","K6",2,"2025-05-29","Emma Heydenberk","Kara_Beer","SEOW",0,0,1,0,"09:23","V",72,"100","253",NA,NA,"","975","GPS-003",988,"287af65c-db28-4130-b5fd-8564361b79e9"
"4997",2025,"Kougarok","K6",2,"2025-05-29","Emma Heydenberk","Kara_Beer","WIPT",1,0,0,1,"09:27","V",71,NA,"0",NA,NA,"","976","GPS-003",989,"287af65c-db28-4130-b5fd-8564361b79e9"
"4998",2025,"Kougarok","K6",2,"2025-05-29","Emma Heydenberk","Kara_Beer","WIPT",1,1,0,3,"09:29","V",70,NA,"0",NA,NA,"","977","GPS-003",990,"287af65c-db28-4130-b5fd-8564361b79e9"
"4999",2025,"Kougarok","K6",2,"2025-05-29","Emma Heydenberk","Kara_Beer","SSHA",0,0,1,0,"09:44","V",68,NA,"0",NA,NA,"","978","GPS-003",991,"287af65c-db28-4130-b5fd-8564361b79e9"
"5000",2025,"Kougarok","K6",2,"2025-05-29","Emma Heydenberk","Kara_Beer","SSHA",0,0,1,0,"09:45","V",68,"15","10",NA,NA,"","979","GPS-003",992,"287af65c-db28-4130-b5fd-8564361b79e9"
"5001",2025,"Kougarok","K6",2,"2025-05-29","Emma Heydenberk","Kara_Beer","GOPL",0,0,4,0,"09:54","V",65,"170","43",NA,NA,"","980","GPS-003",993,"287af65c-db28-4130-b5fd-8564361b79e9"
"5002",2025,"Kougarok","K6",2,"2025-05-29","Emma Heydenberk","Kara_Beer","WIPT",1,0,0,1,"10:00","V",64,"15","48",NA,NA,"","981","GPS-003",994,"287af65c-db28-4130-b5fd-8564361b79e9"
"5003",2025,"Kougarok","K6",1,"2025-05-30","Emma Heydenberk","Kara_Beer","WIPT",1,0,0,1,"08:29","V",55,NA,"0",NA,NA,"","982","GPS-003",995,"fc721744-68f5-4ae7-9263-0f177ba41c5e"
"5004",2025,"Kougarok","K6",1,"2025-05-30","Emma Heydenberk","Kara_Beer","GOPL",0,0,1,0,"08:33","V",56,"270","39",NA,NA,"","983","GPS-003",996,"fc721744-68f5-4ae7-9263-0f177ba41c5e"
"5005",2025,"Kougarok","K6",1,"2025-05-30","Emma Heydenberk","Kara_Beer","NOHA",0,0,1,0,"08:43","V",58,"270","202",NA,NA,"","984","GPS-003",997,"fc721744-68f5-4ae7-9263-0f177ba41c5e"
"5006",2025,"Kougarok","K6",1,"2025-05-30","Emma Heydenberk","Kara_Beer","SEOW",0,0,2,0,"08:45","V",58,"65","10",NA,NA,"","985","GPS-003",998,"fc721744-68f5-4ae7-9263-0f177ba41c5e"
"5007",2025,"Kougarok","K6",1,"2025-05-30","Emma Heydenberk","Kara_Beer","WIPT",1,0,0,1,"08:57","V",71,"90","99",NA,NA,"","986","GPS-003",999,"fc721744-68f5-4ae7-9263-0f177ba41c5e"
"5008",2025,"Kougarok","K6",1,"2025-05-30","Emma Heydenberk","Kara_Beer","SEOW",0,0,1,0,"09:03","V",72,"350","215",NA,NA,"","987","GPS-003",1000,"fc721744-68f5-4ae7-9263-0f177ba41c5e"
"5009",2025,"Kougarok","K6",1,"2025-05-30","Emma Heydenberk","Kara_Beer","WIPT",1,0,0,1,"09:04","V",72,NA,"0",NA,NA,"","988","GPS-003",1001,"fc721744-68f5-4ae7-9263-0f177ba41c5e"
"5010",2025,"Kougarok","K6",1,"2025-05-30","Emma Heydenberk","Kara_Beer","WIPT",1,0,0,1,"09:06","V",72,"300","6",NA,NA,"","989","GPS-003",1002,"fc721744-68f5-4ae7-9263-0f177ba41c5e"
"5011",2025,"Kougarok","K6",1,"2025-05-30","Emma Heydenberk","Kara_Beer","WIPT",1,0,0,1,"09:17","V",73,"0","86",NA,NA,"","990","GPS-003",1003,"fc721744-68f5-4ae7-9263-0f177ba41c5e"
"5012",2025,"Kougarok","K7",1,"2025-05-30","Emma Heydenberk","Kara_Beer","WIPT",2,0,0,2,"09:18","V",73,"350","71",NA,NA,"","991","GPS-003",1004,"8211e1ef-ceb8-4667-b63b-bdb646d90157"
"5013",2025,"Kougarok","K7",1,"2025-05-30","Emma Heydenberk","Kara_Beer","WIPT",1,0,0,1,"09:26","V",73,NA,"0",NA,NA,"","992","GPS-003",1005,"8211e1ef-ceb8-4667-b63b-bdb646d90157"
"5014",2025,"Kougarok","K7",1,"2025-05-30","Emma Heydenberk","Kara_Beer","WIPT",1,0,0,1,"09:27","V",74,"150","37",NA,NA,"","993","GPS-003",1006,"8211e1ef-ceb8-4667-b63b-bdb646d90157"
"5015",2025,"Kougarok","K7",1,"2025-05-30","Emma Heydenberk","Kara_Beer","WIPT",1,0,0,1,"09:28","V",74,"350","49",NA,NA,"","994","GPS-003",1007,"8211e1ef-ceb8-4667-b63b-bdb646d90157"
"5016",2025,"Kougarok","K7",1,"2025-05-30","Emma Heydenberk","Kara_Beer","WIPT",1,0,0,1,"09:29","V",74,"0","39",NA,NA,"","995","GPS-003",1008,"8211e1ef-ceb8-4667-b63b-bdb646d90157"
"5017",2025,"Kougarok","K7",1,"2025-05-30","Emma Heydenberk","Kara_Beer","WIPT",1,0,0,1,"09:29","V",74,"0","110",NA,NA,"","996","GPS-003",1009,"8211e1ef-ceb8-4667-b63b-bdb646d90157"
"5018",2025,"Kougarok","K7",1,"2025-05-30","Emma Heydenberk","Kara_Beer","WIPT",1,0,0,1,"09:30","V",74,"0","101",NA,NA,"","997","GPS-003",1010,"8211e1ef-ceb8-4667-b63b-bdb646d90157"
"5019",2025,"Kougarok","K7",1,"2025-05-30","Emma Heydenberk","Kara_Beer","WIPT",1,0,0,1,"09:31","V",74,"170","33",NA,NA,"","998","GPS-003",1011,"8211e1ef-ceb8-4667-b63b-bdb646d90157"
"5020",2025,"Kougarok","K7",1,"2025-05-30","Emma Heydenberk","Kara_Beer","SEOW",0,0,1,0,"09:37","V",75,"60","6",NA,NA,"","999","GPS-003",1012,"8211e1ef-ceb8-4667-b63b-bdb646d90157"
"5021",2025,"Kougarok","K7",1,"2025-05-30","Emma Heydenberk","Kara_Beer","WIPT",1,0,0,1,"09:44","V",76,"210","16",NA,NA,"","1000","GPS-003",1013,"8211e1ef-ceb8-4667-b63b-bdb646d90157"
"5022",2025,"Kougarok","K7",1,"2025-05-30","Emma Heydenberk","Kara_Beer","WIPT",1,0,0,1,"09:47","V",77,"20","46",NA,NA,"","1001","GPS-003",1014,"8211e1ef-ceb8-4667-b63b-bdb646d90157"
"5023",2025,"Kougarok","K7",1,"2025-05-30","Emma Heydenberk","Kara_Beer","WIPT",1,0,0,1,"09:51","V",78,"30","24",NA,NA,"","1002","GPS-003",1015,"8211e1ef-ceb8-4667-b63b-bdb646d90157"
"5024",2025,"Kougarok","K7",1,"2025-05-30","Emma Heydenberk","Kara_Beer","WIPT",1,0,0,1,"09:56","V",79,"350","20",NA,NA,"","1003","GPS-003",1016,"8211e1ef-ceb8-4667-b63b-bdb646d90157"
"5025",2025,"Kougarok","K7",1,"2025-05-30","Emma Heydenberk","Kara_Beer","LTJA",0,0,1,0,"09:58","V",79,"0","355",NA,NA,"","1004","GPS-003",1017,"8211e1ef-ceb8-4667-b63b-bdb646d90157"
"5026",2025,"Kougarok","K7",1,"2025-05-30","Emma Heydenberk","Kara_Beer","LTJA",0,0,1,0,"10:01","V",80,"0","55",NA,NA,"","1005","GPS-003",1018,"8211e1ef-ceb8-4667-b63b-bdb646d90157"
"5027",2025,"Kougarok","K7",1,"2025-05-30","Emma Heydenberk","Kara_Beer","WIPT",1,0,0,1,"10:02","V",80,NA,"0",NA,NA,"","1006","GPS-003",1019,"8211e1ef-ceb8-4667-b63b-bdb646d90157"
"5028",2025,"Kougarok","K7",1,"2025-05-30","Emma Heydenberk","Kara_Beer","WIPT",1,0,0,1,"10:04","V",80,"200","6",NA,NA,"","1007","GPS-003",1020,"8211e1ef-ceb8-4667-b63b-bdb646d90157"
"5029",2025,"Kougarok","K7",1,"2025-05-30","Emma Heydenberk","Kara_Beer","WIPT",1,1,0,3,"10:05","V",81,NA,"0",NA,NA,"","1008","GPS-003",1021,"8211e1ef-ceb8-4667-b63b-bdb646d90157"
"5030",2025,"Kougarok","K7",1,"2025-05-30","Emma Heydenberk","Kara_Beer","WIPT",1,0,0,1,"10:06","V",81,NA,"0",NA,NA,"","1009","GPS-003",1022,"8211e1ef-ceb8-4667-b63b-bdb646d90157"
"5031",2025,"Kougarok","K7",1,"2025-05-30","Emma Heydenberk","Kara_Beer","WIPT",1,0,0,1,"10:08","V",81,"207","40",NA,NA,"","1010","GPS-003",1023,"8211e1ef-ceb8-4667-b63b-bdb646d90157"
"5032",2025,"Kougarok","K7",1,"2025-05-30","Emma Heydenberk","Kara_Beer","WIPT",1,1,0,3,"10:11","V",81,"180","12",NA,NA,"","1011","GPS-003",1024,"8211e1ef-ceb8-4667-b63b-bdb646d90157"
"5033",2025,"Kougarok","K7",1,"2025-05-30","Emma Heydenberk","Kara_Beer","WIPT",1,0,0,1,"10:16","V",83,"350","314",NA,NA,"","1012","GPS-003",1025,"8211e1ef-ceb8-4667-b63b-bdb646d90157"
"5034",2025,"Council","C1",2,"2025-05-31","Emma Heydenberk","Kara_Beer","WIPT",1,0,0,1,"09:50","V",43,"120","119",NA,NA,"","1013","GPS-003",1026,"ecf5e0be-f68a-4be5-ab2d-41bb032b5c16"
"5035",2025,"Council","C1",2,"2025-05-31","Emma Heydenberk","Kara_Beer","WIPT",1,0,0,1,"09:53","V",43,"310","24",NA,NA,"","1014","GPS-003",1027,"ecf5e0be-f68a-4be5-ab2d-41bb032b5c16"
"5036",2025,"Council","C1",2,"2025-05-31","Emma Heydenberk","Kara_Beer","WIPT",1,0,0,1,"09:54","V",43,NA,"0",NA,NA,"","1015","GPS-003",1028,"ecf5e0be-f68a-4be5-ab2d-41bb032b5c16"
"5037",2025,"Council","C1",2,"2025-05-31","Emma Heydenberk","Kara_Beer","PTAR",1,0,0,1,"09:57","V",42,NA,"0",NA,NA,"","1016","GPS-003",1029,"ecf5e0be-f68a-4be5-ab2d-41bb032b5c16"
"5038",2025,"Council","C1",2,"2025-05-31","Emma Heydenberk","Kara_Beer","WIPT",1,0,0,1,"09:58","V",42,"200","19",NA,NA,"","1017","GPS-003",1030,"ecf5e0be-f68a-4be5-ab2d-41bb032b5c16"
"5039",2025,"Council","C1",2,"2025-05-31","Emma Heydenberk","Kara_Beer","WIPT",1,0,0,1,"10:31","V",35,NA,"0",NA,NA,"","1018","GPS-003",1031,"ecf5e0be-f68a-4be5-ab2d-41bb032b5c16"
