ObjectID,GlobalID,parent_transect,parent_round,parent_survey_date,obs_time,species,males,WIPT_male_num,ROPT_male_num,females,WIPT_female_num,ROPT_female_num,unknowns,detection_type,nearest_mile_marker,bearing,distance,waypoint,device,notes,ParentGlobalID,CreationDate,Creator,EditDate,Editor
1,cc57a5af-502b-4b7a-8402-3f30e528390d,K1,1,1778616000000,06:57,WIPT,1,1,,0,0,,0,Visual,13,130,380,1019,GPS-003,,4a328b69-8f0e-439f-a119-0ed6977dbb57,5/12/2026 9:00:07 PM,KARABEER@boisestate.edu_boisestate,5/12/2026 9:00:07 PM,KARABEER@boisestate.edu_boisestate
2,1234b628-6d65-4eda-aa2c-56fcccae5afc,K1,1,1778616000000,07:05,WIPT,1,1,,0,0,,0,Visual,14,230,305,1020,GPS-003,,4a328b69-8f0e-439f-a119-0ed6977dbb57,5/12/2026 9:00:07 PM,KARABEER@boisestate.edu_boisestate,5/12/2026 9:00:07 PM,KARABEER@boisestate.edu_boisestate
3,8813e19c-cbd5-42d6-be39-a1a5d279c76b,K1,1,1778616000000,07:09,WIPT,1,1,,0,0,,0,Audio,14,29,215,1021,GPS-003,,4a328b69-8f0e-439f-a119-0ed6977dbb57,5/12/2026 9:00:07 PM,KARABEER@boisestate.edu_boisestate,5/12/2026 9:00:07 PM,KARABEER@boisestate.edu_boisestate
4,6271ecbd-81f5-4b49-abc6-78db1548daf6,K1,1,1778616000000,07:16,WIPT,1,1,,0,0,,0,Visual,14,64,24,1022,GPS-003,,4a328b69-8f0e-439f-a119-0ed6977dbb57,5/12/2026 9:00:07 PM,KARABEER@boisestate.edu_boisestate,5/12/2026 9:00:07 PM,KARABEER@boisestate.edu_boisestate
5,4d0b4d15-68cb-4fe6-b819-c0461b19c571,K1,1,1778616000000,07:19,WIPT,1,1,,0,0,,0,Visual,15,32,92,1023,GPS-003,,4a328b69-8f0e-439f-a119-0ed6977dbb57,5/12/2026 9:00:07 PM,KARABEER@boisestate.edu_boisestate,5/12/2026 9:00:07 PM,KARABEER@boisestate.edu_boisestate
6,2d0d47ff-a5b3-46e2-85a7-d61d62b2969b,K1,1,1778616000000,07:23,WIPT,1,1,,0,0,,0,Visual,16,25,293,1024,GPS-003,,4a328b69-8f0e-439f-a119-0ed6977dbb57,5/12/2026 9:00:07 PM,KARABEER@boisestate.edu_boisestate,5/12/2026 9:00:07 PM,KARABEER@boisestate.edu_boisestate
7,3a557254-94d0-4d0e-b2ef-39d453ccf4a5,K1,1,1778616000000,07:27,WISN,0,,,0,,,1,Visual,16,-99,0,1025,GPS-003,,4a328b69-8f0e-439f-a119-0ed6977dbb57,5/12/2026 9:00:07 PM,KARABEER@boisestate.edu_boisestate,5/12/2026 9:00:07 PM,KARABEER@boisestate.edu_boisestate
8,77e4f98b-9d4e-43bc-82dc-2908f4bff6fb,K1,1,1778616000000,07:33,WISN,0,,,0,,,1,Audio,17,0,10,1026,GPS-003,,4a328b69-8f0e-439f-a119-0ed6977dbb57,5/12/2026 9:00:07 PM,KARABEER@boisestate.edu_boisestate,5/12/2026 9:00:07 PM,KARABEER@boisestate.edu_boisestate
9,7ab4cd2c-935b-42d3-97cc-b57a7df18c6f,K1,1,1778616000000,07:37,ROPT,2,,2,0,,0,0,Visual,17,21,10,1027,GPS-003,,4a328b69-8f0e-439f-a119-0ed6977dbb57,5/12/2026 9:00:07 PM,KARABEER@boisestate.edu_boisestate,5/12/2026 9:00:07 PM,KARABEER@boisestate.edu_boisestate
10,8974ce94-73ff-493a-9230-b7cc515fcb6d,K1,1,1778616000000,07:38,WIPT,1,1,,0,0,,0,Visual,17,60,139,1028,GPS-003,,4a328b69-8f0e-439f-a119-0ed6977dbb57,5/12/2026 9:00:07 PM,KARABEER@boisestate.edu_boisestate,5/12/2026 9:00:07 PM,KARABEER@boisestate.edu_boisestate
11,913cddf4-0411-4818-b365-b89120efea1a,K1,1,1778616000000,07:42,WIPT,1,1,,1,1,,0,Visual,18,102,35,1029,GPS-003,,4a328b69-8f0e-439f-a119-0ed6977dbb57,5/12/2026 9:00:07 PM,KARABEER@boisestate.edu_boisestate,5/12/2026 9:00:07 PM,KARABEER@boisestate.edu_boisestate
12,c13985aa-fd5e-4a76-a21d-9aa3cca9b702,K1,1,1778616000000,07:45,WISN,0,,,0,,,1,Audio,18,60,20,1030,GPS-003,,4a328b69-8f0e-439f-a119-0ed6977dbb57,5/12/2026 9:00:07 PM,KARABEER@boisestate.edu_boisestate,5/12/2026 9:00:07 PM,KARABEER@boisestate.edu_boisestate
13,d0f626b5-9d68-4a35-a62f-d6de8a802521,K1,1,1778616000000,07:47,WIPT,1,1,,0,0,,0,Visual,19,-99,0,1031,GPS-003,,4a328b69-8f0e-439f-a119-0ed6977dbb57,5/12/2026 9:00:07 PM,KARABEER@boisestate.edu_boisestate,5/12/2026 9:00:07 PM,KARABEER@boisestate.edu_boisestate
14,8e452ed3-1d43-4cd4-a98f-0372c17589a0,K1,1,1778616000000,07:51,WIPT,3,3,,0,0,,0,Visual,19,82,217,1032,GPS-003,,4a328b69-8f0e-439f-a119-0ed6977dbb57,5/12/2026 9:00:07 PM,KARABEER@boisestate.edu_boisestate,5/12/2026 9:00:07 PM,KARABEER@boisestate.edu_boisestate
15,0a043b8c-99c3-4069-8d34-9fc48bd48865,K1,1,1778616000000,07:56,WIPT,1,1,,1,1,,0,Visual,19,138,42,1033,GPS-003,,4a328b69-8f0e-439f-a119-0ed6977dbb57,5/12/2026 9:00:07 PM,KARABEER@boisestate.edu_boisestate,5/12/2026 9:00:07 PM,KARABEER@boisestate.edu_boisestate
16,f08fae8d-309d-460c-992e-8d52bae2b800,K1,1,1778616000000,07:57,WIPT,1,1,,1,1,,0,Audio,20,83,84,1034,GPS-003,,4a328b69-8f0e-439f-a119-0ed6977dbb57,5/12/2026 9:00:07 PM,KARABEER@boisestate.edu_boisestate,5/12/2026 9:00:07 PM,KARABEER@boisestate.edu_boisestate
17,9965f850-83a4-48e5-9027-8e65471af6ac,K1,1,1778616000000,08:00,WIPT,0,0,,0,0,,1,Audio,20,50,15,1035,GPS-003,,4a328b69-8f0e-439f-a119-0ed6977dbb57,5/12/2026 9:00:07 PM,KARABEER@boisestate.edu_boisestate,5/12/2026 9:00:07 PM,KARABEER@boisestate.edu_boisestate
18,5c3bd309-3aab-4af9-8a37-39c502673f4d,K1,1,1778616000000,08:02,WIPT,1,1,,1,1,,0,Visual,20,-99,0,1036,GPS-003,,4a328b69-8f0e-439f-a119-0ed6977dbb57,5/12/2026 9:00:07 PM,KARABEER@boisestate.edu_boisestate,5/12/2026 9:00:07 PM,KARABEER@boisestate.edu_boisestate
19,ac3748e5-d207-4740-be75-ba9c11141575,K1,1,1778616000000,08:04,WIPT,2,1,,1,1,,0,Visual,21,63,42,1037,GPS-003,,4a328b69-8f0e-439f-a119-0ed6977dbb57,5/12/2026 9:00:07 PM,KARABEER@boisestate.edu_boisestate,5/12/2026 9:00:07 PM,KARABEER@boisestate.edu_boisestate
20,cfefe2d6-f350-4501-bc52-7dd91cabd96e,K1,1,1778616000000,08:09,WIPT,0,0,,1,1,,0,Visual,21,82,63,1038,GPS-003,,4a328b69-8f0e-439f-a119-0ed6977dbb57,5/12/2026 9:00:07 PM,KARABEER@boisestate.edu_boisestate,5/12/2026 9:00:07 PM,KARABEER@boisestate.edu_boisestate
21,5593b60f-7807-43d9-a1cc-03d23fbc55c4,K1,1,1778616000000,08:10,WISN,0,,,0,,,1,Visual,22,-99,0,1039,GPS-003,,4a328b69-8f0e-439f-a119-0ed6977dbb57,5/12/2026 9:00:07 PM,KARABEER@boisestate.edu_boisestate,5/12/2026 9:00:07 PM,KARABEER@boisestate.edu_boisestate
22,7a209e77-dfb0-43a9-9fae-09114b83e2dc,K1,1,1778616000000,08:14,WIPT,1,1,,0,0,,0,Visual,22,45,110,1040,GPS-003,,4a328b69-8f0e-439f-a119-0ed6977dbb57,5/12/2026 9:00:07 PM,KARABEER@boisestate.edu_boisestate,5/12/2026 9:00:07 PM,KARABEER@boisestate.edu_boisestate
23,06a07c40-6b80-4e23-a565-9925ce142f1b,K1,1,1778616000000,08:18,WIPT,1,1,,0,0,,0,Visual,22,45,40,1041,GPS-003,,4a328b69-8f0e-439f-a119-0ed6977dbb57,5/12/2026 9:00:07 PM,KARABEER@boisestate.edu_boisestate,5/12/2026 9:00:07 PM,KARABEER@boisestate.edu_boisestate
24,ed0b85e3-43bf-4a9c-bf37-49b27629cd0b,K1,1,1778616000000,08:19,WISN,0,,,0,,,1,Visual,22,90,2,1042,GPS-003,,4a328b69-8f0e-439f-a119-0ed6977dbb57,5/12/2026 9:00:07 PM,KARABEER@boisestate.edu_boisestate,5/12/2026 9:00:07 PM,KARABEER@boisestate.edu_boisestate
25,2cf2831e-2d0d-4412-8a9e-a8d39271c16a,K2,1,1778616000000,08:25,WIPT,0,0,,0,0,,1,Audio,23,310,156,1043,GPS-003,,db116e63-c6f0-4bd3-a91a-a7dd0409749a,5/12/2026 9:00:08 PM,KARABEER@boisestate.edu_boisestate,5/12/2026 9:00:08 PM,KARABEER@boisestate.edu_boisestate
26,57be41d9-f4f0-41d6-ac77-ff8347327d09,K2,1,1778616000000,08:34,WIPT,1,1,,0,0,,0,Visual,23,213,420,1044,GPS-003,,db116e63-c6f0-4bd3-a91a-a7dd0409749a,5/12/2026 9:00:08 PM,KARABEER@boisestate.edu_boisestate,5/12/2026 9:00:08 PM,KARABEER@boisestate.edu_boisestate
27,e7cee1bb-1af9-4f0f-8c39-db2a5f634294,K2,1,1778616000000,08:40,NOHA,1,,,0,,,0,Visual,23,270,10,1045,GPS-003,,db116e63-c6f0-4bd3-a91a-a7dd0409749a,5/12/2026 9:00:08 PM,KARABEER@boisestate.edu_boisestate,5/12/2026 9:00:08 PM,KARABEER@boisestate.edu_boisestate
28,cd323d0d-8647-4bb1-82c9-bfa1c7893be6,K2,1,1778616000000,08:43,WISN,0,,,0,,,1,Audio,23,80,20,1046,GPS-003,,db116e63-c6f0-4bd3-a91a-a7dd0409749a,5/12/2026 9:00:08 PM,KARABEER@boisestate.edu_boisestate,5/12/2026 9:00:08 PM,KARABEER@boisestate.edu_boisestate
29,9e0e0ab8-022e-4afc-90dd-e8db3f798fcd,K2,1,1778616000000,08:47,WIPT,1,1,,0,0,,0,Visual,24,150,59,1047,GPS-003,,db116e63-c6f0-4bd3-a91a-a7dd0409749a,5/12/2026 9:00:08 PM,KARABEER@boisestate.edu_boisestate,5/12/2026 9:00:08 PM,KARABEER@boisestate.edu_boisestate
30,dc1e87bc-f58c-4b55-804b-5b8da3d81d2d,K2,1,1778616000000,09:06,ROPT,1,,1,0,,0,0,Visual,27,45,475,1048,GPS-003,,db116e63-c6f0-4bd3-a91a-a7dd0409749a,5/12/2026 9:00:08 PM,KARABEER@boisestate.edu_boisestate,5/12/2026 9:00:08 PM,KARABEER@boisestate.edu_boisestate
31,1b5e04fe-3d2b-4e33-8f02-ff4f811f3709,K2,1,1778616000000,09:09,WIPT,1,1,,0,0,,0,Visual,27,48,33,1049,GPS-003,,db116e63-c6f0-4bd3-a91a-a7dd0409749a,5/12/2026 9:00:08 PM,KARABEER@boisestate.edu_boisestate,5/12/2026 9:00:08 PM,KARABEER@boisestate.edu_boisestate
32,2d06b86d-9695-4c92-800b-084a33849896,K2,1,1778616000000,09:10,WIPT,1,1,,0,0,,0,Visual,27,15,37,1050,GPS-003,,db116e63-c6f0-4bd3-a91a-a7dd0409749a,5/12/2026 9:00:08 PM,KARABEER@boisestate.edu_boisestate,5/12/2026 9:00:08 PM,KARABEER@boisestate.edu_boisestate
33,1f04f8df-0ffc-4150-90c0-b7f2802354ed,K2,1,1778616000000,09:14,WIPT,1,1,,0,0,,0,Audio,28,15,54,1051,GPS-003,,db116e63-c6f0-4bd3-a91a-a7dd0409749a,5/12/2026 9:00:08 PM,KARABEER@boisestate.edu_boisestate,5/12/2026 9:00:08 PM,KARABEER@boisestate.edu_boisestate
34,23e7d9a5-29b6-482e-9dec-157eae999ca0,K2,1,1778616000000,09:15,WIPT,1,1,,1,1,,0,Visual,28,-99,0,1052,GPS-003,,db116e63-c6f0-4bd3-a91a-a7dd0409749a,5/12/2026 9:00:08 PM,KARABEER@boisestate.edu_boisestate,5/12/2026 9:00:08 PM,KARABEER@boisestate.edu_boisestate
35,827baae9-534f-451c-bba4-60fb4970eb72,K2,1,1778616000000,09:17,WIPT,1,1,,0,0,,0,Visual,28,235,32,1053,GPS-003,,db116e63-c6f0-4bd3-a91a-a7dd0409749a,5/12/2026 9:00:08 PM,KARABEER@boisestate.edu_boisestate,5/12/2026 9:00:08 PM,KARABEER@boisestate.edu_boisestate
36,b033205d-ac05-463e-822b-132f179adaa2,K2,1,1778616000000,09:18,WIPT,1,1,,1,1,,0,Visual,28,260,82,1054,GPS-003,,db116e63-c6f0-4bd3-a91a-a7dd0409749a,5/12/2026 9:00:08 PM,KARABEER@boisestate.edu_boisestate,5/12/2026 9:00:08 PM,KARABEER@boisestate.edu_boisestate
37,7ecd6503-e21c-4a90-8d5c-3aa48a2c52bd,K2,1,1778616000000,09:21,WIPT,1,1,,1,1,,0,Visual,28,95,44,1055,GPS-003,,db116e63-c6f0-4bd3-a91a-a7dd0409749a,5/12/2026 9:00:08 PM,KARABEER@boisestate.edu_boisestate,5/12/2026 9:00:08 PM,KARABEER@boisestate.edu_boisestate
38,7960dd3a-74e8-4154-9b8a-f2b5972b766a,K2,1,1778616000000,09:23,WIPT,0,0,,1,1,,0,Visual,28,-99,0,1056,GPS-003,,db116e63-c6f0-4bd3-a91a-a7dd0409749a,5/12/2026 9:00:08 PM,KARABEER@boisestate.edu_boisestate,5/12/2026 9:00:08 PM,KARABEER@boisestate.edu_boisestate
39,fca970bd-5837-4499-ba80-48dbad52788d,K2,1,1778616000000,09:23,WIPT,1,1,,0,0,,0,Visual,28,270,67,1057,GPS-003,,db116e63-c6f0-4bd3-a91a-a7dd0409749a,5/12/2026 9:00:08 PM,KARABEER@boisestate.edu_boisestate,5/12/2026 9:00:08 PM,KARABEER@boisestate.edu_boisestate
40,484b5954-3a3d-4b90-8bbe-317021732aa8,K2,1,1778616000000,09:27,WIPT,1,1,,0,0,,0,Visual,29,85,29,1058,GPS-003,,db116e63-c6f0-4bd3-a91a-a7dd0409749a,5/12/2026 9:00:08 PM,KARABEER@boisestate.edu_boisestate,5/12/2026 9:00:08 PM,KARABEER@boisestate.edu_boisestate
41,8cfc1ecb-b7a4-4589-b5de-a6cf0b28a672,K2,1,1778616000000,09:28,WIPT,1,1,,0,0,,0,Visual,29,90,20,1059,GPS-003,,db116e63-c6f0-4bd3-a91a-a7dd0409749a,5/12/2026 9:00:08 PM,KARABEER@boisestate.edu_boisestate,5/12/2026 9:00:08 PM,KARABEER@boisestate.edu_boisestate
42,dabd1dbe-c9c6-452f-8eab-d6461bdf275e,K2,1,1778616000000,09:33,WIPT,1,1,,0,0,,0,Visual,29,45,180,1060,GPS-003,,db116e63-c6f0-4bd3-a91a-a7dd0409749a,5/12/2026 9:00:08 PM,KARABEER@boisestate.edu_boisestate,5/12/2026 9:00:08 PM,KARABEER@boisestate.edu_boisestate
43,082bcd42-d308-485c-a1fa-5a35082f7cae,K2,1,1778616000000,09:34,WISN,0,,,0,,,2,Audio,29,45,80,1061,GPS-003,,db116e63-c6f0-4bd3-a91a-a7dd0409749a,5/12/2026 9:00:08 PM,KARABEER@boisestate.edu_boisestate,5/12/2026 9:00:08 PM,KARABEER@boisestate.edu_boisestate
44,c068ad93-f0ed-4343-9640-1d69645b708a,K2,1,1778616000000,09:35,WIPT,1,1,,0,0,,0,Visual,29,280,33,1062,GPS-003,,db116e63-c6f0-4bd3-a91a-a7dd0409749a,5/12/2026 9:00:08 PM,KARABEER@boisestate.edu_boisestate,5/12/2026 9:00:08 PM,KARABEER@boisestate.edu_boisestate
45,cfe7a02e-d63a-41b3-96fa-cc2adf1e6525,K2,1,1778616000000,09:36,WIPT,1,1,,0,0,,0,Visual,29,90,30,1063,GPS-003,,db116e63-c6f0-4bd3-a91a-a7dd0409749a,5/12/2026 9:00:08 PM,KARABEER@boisestate.edu_boisestate,5/12/2026 9:00:08 PM,KARABEER@boisestate.edu_boisestate
46,e174a020-be3a-4d07-ae53-9af3ca6baea2,K2,1,1778616000000,09:37,WISN,0,,,0,,,1,Visual,29,-99,0,1064,GPS-003,,db116e63-c6f0-4bd3-a91a-a7dd0409749a,5/12/2026 9:00:08 PM,KARABEER@boisestate.edu_boisestate,5/12/2026 9:00:08 PM,KARABEER@boisestate.edu_boisestate
47,c098dc9b-df6d-4eb1-a521-4e815e955e20,K2,1,1778616000000,09:40,WISN,0,,,0,,,1,Audio,30,90,25,1065,GPS-003,,db116e63-c6f0-4bd3-a91a-a7dd0409749a,5/12/2026 9:00:08 PM,KARABEER@boisestate.edu_boisestate,5/12/2026 9:00:08 PM,KARABEER@boisestate.edu_boisestate
48,b4099121-158a-44f2-8b91-fd651873236d,K2,1,1778616000000,09:41,WIPT,1,1,,0,0,,0,Visual,30,285,17,1066,GPS-003,,db116e63-c6f0-4bd3-a91a-a7dd0409749a,5/12/2026 9:00:08 PM,KARABEER@boisestate.edu_boisestate,5/12/2026 9:00:08 PM,KARABEER@boisestate.edu_boisestate
49,7726a5b8-0921-4030-83fe-ff9e643a94b2,K2,1,1778616000000,09:43,WIPT,0,0,,1,1,,0,Visual,30,270,10,1067,GPS-003,,db116e63-c6f0-4bd3-a91a-a7dd0409749a,5/12/2026 9:00:08 PM,KARABEER@boisestate.edu_boisestate,5/12/2026 9:00:08 PM,KARABEER@boisestate.edu_boisestate
50,b8e4cf69-a1dd-4269-afe8-6d45965531c6,K2,1,1778616000000,09:43,WIPT,1,1,,1,1,,0,Visual,30,80,47,1068,GPS-003,,db116e63-c6f0-4bd3-a91a-a7dd0409749a,5/12/2026 9:00:08 PM,KARABEER@boisestate.edu_boisestate,5/12/2026 9:00:08 PM,KARABEER@boisestate.edu_boisestate
51,84e8001c-9328-4139-a47e-b894b34835fe,K2,1,1778616000000,09:44,WISN,0,,,0,,,1,Audio,30,75,30,1069,GPS-003,,db116e63-c6f0-4bd3-a91a-a7dd0409749a,5/12/2026 9:00:08 PM,KARABEER@boisestate.edu_boisestate,5/12/2026 9:00:08 PM,KARABEER@boisestate.edu_boisestate
52,1639b741-9267-49be-9a27-46b68949b29b,K2,1,1778616000000,09:46,WIPT,2,2,,0,0,,0,Visual,30,140,15,1070,GPS-003,,db116e63-c6f0-4bd3-a91a-a7dd0409749a,5/12/2026 9:00:08 PM,KARABEER@boisestate.edu_boisestate,5/12/2026 9:00:08 PM,KARABEER@boisestate.edu_boisestate
53,cf128447-2215-409b-9c8e-2054132336ca,K2,1,1778616000000,09:48,WIPT,1,1,,0,0,,0,Visual,30,325,31,1071,GPS-003,,db116e63-c6f0-4bd3-a91a-a7dd0409749a,5/12/2026 9:00:08 PM,KARABEER@boisestate.edu_boisestate,5/12/2026 9:00:08 PM,KARABEER@boisestate.edu_boisestate
54,400f61ac-f3e9-49dd-85fc-bcbfc76c04ba,K2,1,1778616000000,09:50,WIPT,0,0,,1,1,,0,Visual,30,125,38,1072,GPS-003,,db116e63-c6f0-4bd3-a91a-a7dd0409749a,5/12/2026 9:00:08 PM,KARABEER@boisestate.edu_boisestate,5/12/2026 9:00:08 PM,KARABEER@boisestate.edu_boisestate
55,861bb36a-f5b8-4b1d-864f-c1a661fb2e3b,K2,1,1778616000000,10:03,AGSQ,0,,,0,,,1,Visual,32,180,150,1073,GPS-003,,db116e63-c6f0-4bd3-a91a-a7dd0409749a,5/12/2026 9:00:08 PM,KARABEER@boisestate.edu_boisestate,5/12/2026 9:00:08 PM,KARABEER@boisestate.edu_boisestate
56,82a96e13-edba-47f9-89f6-b713344a344c,K2,1,1778616000000,10:05,AGSQ,0,,,0,,,1,Visual,32,0,93,1074,GPS-003,,db116e63-c6f0-4bd3-a91a-a7dd0409749a,5/12/2026 9:00:08 PM,KARABEER@boisestate.edu_boisestate,5/12/2026 9:00:08 PM,KARABEER@boisestate.edu_boisestate
57,92ff8d59-0fbd-47ba-8210-1711ef44e206,K2,1,1778616000000,10:05,WIPT,1,1,,1,1,,0,Visual,32,350,450,1074,GPS-003,,db116e63-c6f0-4bd3-a91a-a7dd0409749a,5/12/2026 9:00:08 PM,KARABEER@boisestate.edu_boisestate,5/12/2026 9:00:08 PM,KARABEER@boisestate.edu_boisestate
58,bbccf52e-f97d-4b81-81d8-8066faa1bcf3,K2,1,1778616000000,10:09,WIPT,1,1,,0,0,,0,Visual,33,40,10,1075,GPS-003,,db116e63-c6f0-4bd3-a91a-a7dd0409749a,5/12/2026 9:00:08 PM,KARABEER@boisestate.edu_boisestate,5/12/2026 9:00:08 PM,KARABEER@boisestate.edu_boisestate
59,93ba84ad-7905-4b43-bdd6-bc0b2b9d05ba,K2,1,1778616000000,10:12,AGSQ,0,,,0,,,1,Visual,33,160,119,1076,GPS-003,,db116e63-c6f0-4bd3-a91a-a7dd0409749a,5/12/2026 9:00:08 PM,KARABEER@boisestate.edu_boisestate,5/12/2026 9:00:08 PM,KARABEER@boisestate.edu_boisestate
60,bf76ed85-6622-4335-ac50-b7f8c39b1ceb,K3,1,1778616000000,10:18,WIPT,1,1,,0,0,,0,Visual,33,350,59,1077,GPS-003,,f0a52b5a-6471-45ee-84f4-c9b17773e8ef,5/12/2026 9:00:09 PM,KARABEER@boisestate.edu_boisestate,5/12/2026 9:00:09 PM,KARABEER@boisestate.edu_boisestate
61,4a37e37e-8f5b-4ff5-8307-c5f9cbe46b74,K3,1,1778616000000,10:24,WIPT,1,1,,0,0,,0,Visual,34,0,18,1078,GPS-003,,f0a52b5a-6471-45ee-84f4-c9b17773e8ef,5/12/2026 9:00:09 PM,KARABEER@boisestate.edu_boisestate,5/12/2026 9:00:09 PM,KARABEER@boisestate.edu_boisestate
62,7dce9d27-afd5-43c8-a002-b19683d97818,K3,1,1778616000000,10:27,WISN,0,,,0,,,2,Audio,34,-99,0,1079,GPS-003,,f0a52b5a-6471-45ee-84f4-c9b17773e8ef,5/12/2026 9:00:09 PM,KARABEER@boisestate.edu_boisestate,5/12/2026 9:00:09 PM,KARABEER@boisestate.edu_boisestate
63,55e37ff8-3fc9-4841-a988-918b382b2593,K3,1,1778616000000,10:32,WIPT,0,0,,1,1,,0,Visual,35,180,15,1080,GPS-003,,f0a52b5a-6471-45ee-84f4-c9b17773e8ef,5/12/2026 9:00:09 PM,KARABEER@boisestate.edu_boisestate,5/12/2026 9:00:09 PM,KARABEER@boisestate.edu_boisestate
64,7138b3d2-e4fd-46a2-a88f-e601d669f497,K3,1,1778616000000,10:33,WIPT,1,1,,0,0,,0,Visual,35,340,98,1081,GPS-003,,f0a52b5a-6471-45ee-84f4-c9b17773e8ef,5/12/2026 9:00:09 PM,KARABEER@boisestate.edu_boisestate,5/12/2026 9:00:09 PM,KARABEER@boisestate.edu_boisestate
65,c2d93453-59ed-44aa-bdaa-fbd1e610430d,K3,1,1778616000000,10:35,WIPT,1,1,,0,0,,0,Visual,35,180,131,1082,GPS-003,,f0a52b5a-6471-45ee-84f4-c9b17773e8ef,5/12/2026 9:00:09 PM,KARABEER@boisestate.edu_boisestate,5/12/2026 9:00:09 PM,KARABEER@boisestate.edu_boisestate
66,90142fcb-4f69-4060-8cd6-0b28c222187f,K3,1,1778616000000,10:39,PTAR,0,,,0,,,1,Visual,35,-99,0,1083,GPS-003,,f0a52b5a-6471-45ee-84f4-c9b17773e8ef,5/12/2026 9:00:09 PM,KARABEER@boisestate.edu_boisestate,5/12/2026 9:00:09 PM,KARABEER@boisestate.edu_boisestate
67,e64a645e-56b1-45cd-bc81-f09d20b194db,K3,1,1778616000000,10:40,NOHA,1,,,0,,,0,Visual,35,10,264,1084,GPS-003,,f0a52b5a-6471-45ee-84f4-c9b17773e8ef,5/12/2026 9:00:09 PM,KARABEER@boisestate.edu_boisestate,5/12/2026 9:00:09 PM,KARABEER@boisestate.edu_boisestate
68,fb69396f-b5af-4110-9aca-e52e55d9db06,K3,1,1778616000000,10:41,WISN,0,,,0,,,1,Audio,35,-99,0,1084,GPS-003,,f0a52b5a-6471-45ee-84f4-c9b17773e8ef,5/12/2026 9:00:09 PM,KARABEER@boisestate.edu_boisestate,5/12/2026 9:00:09 PM,KARABEER@boisestate.edu_boisestate
69,bd0e52a3-f369-41c0-aedf-00975d73cc86,K3,1,1778616000000,10:52,WIPT,1,1,,0,0,,0,Visual,37,10,22,1085,GPS-003,,f0a52b5a-6471-45ee-84f4-c9b17773e8ef,5/12/2026 9:00:09 PM,KARABEER@boisestate.edu_boisestate,5/12/2026 9:00:09 PM,KARABEER@boisestate.edu_boisestate
70,37e7117d-0f38-49df-a12c-41539afee949,K3,1,1778616000000,10:53,WIPT,1,1,,0,0,,0,Visual,37,180,45,1086,GPS-003,,f0a52b5a-6471-45ee-84f4-c9b17773e8ef,5/12/2026 9:00:09 PM,KARABEER@boisestate.edu_boisestate,5/12/2026 9:00:09 PM,KARABEER@boisestate.edu_boisestate
71,d787ae8b-fae8-4b8b-a337-30dcfa7ced21,K3,1,1778616000000,10:57,WIPT,1,1,,0,0,,0,Visual,38,15,44,1087,GPS-003,,f0a52b5a-6471-45ee-84f4-c9b17773e8ef,5/12/2026 9:00:09 PM,KARABEER@boisestate.edu_boisestate,5/12/2026 9:00:09 PM,KARABEER@boisestate.edu_boisestate
72,552b7e97-f640-463f-9f06-22abc57e5f97,K3,1,1778616000000,11:01,WIPT,1,1,,1,1,,0,Visual,38,15,92,1088,GPS-003,,f0a52b5a-6471-45ee-84f4-c9b17773e8ef,5/12/2026 9:00:09 PM,KARABEER@boisestate.edu_boisestate,5/12/2026 9:00:09 PM,KARABEER@boisestate.edu_boisestate
73,ec57a8ba-aaee-4b84-8e2c-bc741a9a260e,K3,1,1778616000000,11:02,WIPT,1,1,,0,0,,0,Visual,38,330,314,1089,GPS-003,,f0a52b5a-6471-45ee-84f4-c9b17773e8ef,5/12/2026 9:00:09 PM,KARABEER@boisestate.edu_boisestate,5/12/2026 9:00:09 PM,KARABEER@boisestate.edu_boisestate
74,16d199c4-31fb-4691-9465-5da6171b5902,K3,1,1778616000000,11:05,WIPT,1,1,,0,0,,0,Visual,39,100,117,1090,GPS-003,,f0a52b5a-6471-45ee-84f4-c9b17773e8ef,5/12/2026 9:00:09 PM,KARABEER@boisestate.edu_boisestate,5/12/2026 9:00:09 PM,KARABEER@boisestate.edu_boisestate
75,01f71248-b1bf-4e51-8bb1-c860e1dcc1c4,K3,1,1778616000000,11:06,WIPT,1,1,,1,1,,0,Visual,39,-99,0,1091,GPS-003,,f0a52b5a-6471-45ee-84f4-c9b17773e8ef,5/12/2026 9:00:09 PM,KARABEER@boisestate.edu_boisestate,5/12/2026 9:00:09 PM,KARABEER@boisestate.edu_boisestate
76,ace8eb0f-34fd-4a33-9e73-ad52e6d716fa,K3,1,1778616000000,11:07,WIPT,1,1,,0,0,,0,Visual,39,120,64,1092,GPS-003,,f0a52b5a-6471-45ee-84f4-c9b17773e8ef,5/12/2026 9:00:09 PM,KARABEER@boisestate.edu_boisestate,5/12/2026 9:00:09 PM,KARABEER@boisestate.edu_boisestate
77,c6643ffb-9c45-4b8f-b8dd-5fcc30dd031f,K3,1,1778616000000,11:08,WIPT,1,1,,1,1,,0,Visual,39,135,32,1093,GPS-003,,f0a52b5a-6471-45ee-84f4-c9b17773e8ef,5/12/2026 9:00:09 PM,KARABEER@boisestate.edu_boisestate,5/12/2026 9:00:09 PM,KARABEER@boisestate.edu_boisestate
78,96673d7b-db5a-435e-b3f3-c7f6fa08390c,K3,1,1778616000000,11:10,AGSQ,0,,,0,,,1,Visual,39,130,159,1094,GPS-003,,f0a52b5a-6471-45ee-84f4-c9b17773e8ef,5/12/2026 9:00:09 PM,KARABEER@boisestate.edu_boisestate,5/12/2026 9:00:09 PM,KARABEER@boisestate.edu_boisestate
79,89b8f4ef-6584-46d6-b054-cb6954270dee,K3,1,1778616000000,11:11,WIPT,1,1,,0,0,,0,Visual,39,-99,0,1095,GPS-003,,f0a52b5a-6471-45ee-84f4-c9b17773e8ef,5/12/2026 9:00:09 PM,KARABEER@boisestate.edu_boisestate,5/12/2026 9:00:09 PM,KARABEER@boisestate.edu_boisestate
80,e6b8f132-cf06-4e01-a327-793e7a691be3,K3,1,1778616000000,11:12,WIPT,0,0,,1,1,,0,Visual,39,320,27,1096,GPS-003,,f0a52b5a-6471-45ee-84f4-c9b17773e8ef,5/12/2026 9:00:09 PM,KARABEER@boisestate.edu_boisestate,5/12/2026 9:00:09 PM,KARABEER@boisestate.edu_boisestate
81,19274518-6df5-4df6-8ab0-6721fd29d788,K3,1,1778616000000,11:13,WIPT,1,1,,0,0,,0,Visual,39,350,86,1097,GPS-003,,f0a52b5a-6471-45ee-84f4-c9b17773e8ef,5/12/2026 9:00:09 PM,KARABEER@boisestate.edu_boisestate,5/12/2026 9:00:09 PM,KARABEER@boisestate.edu_boisestate
82,bb6ef7e4-bdec-42f3-a7b1-be1a480ae250,K3,1,1778616000000,11:15,WIPT,1,1,,1,1,,0,Visual,39,330,9,1098,GPS-003,,f0a52b5a-6471-45ee-84f4-c9b17773e8ef,5/12/2026 9:00:09 PM,KARABEER@boisestate.edu_boisestate,5/12/2026 9:00:09 PM,KARABEER@boisestate.edu_boisestate
83,6f258e76-4c31-4ab0-94a1-b4462fd4347d,K3,1,1778616000000,11:15,WIPT,1,1,,1,1,,0,Visual,40,-99,0,1099,GPS-003,,f0a52b5a-6471-45ee-84f4-c9b17773e8ef,5/12/2026 9:00:09 PM,KARABEER@boisestate.edu_boisestate,5/12/2026 9:00:09 PM,KARABEER@boisestate.edu_boisestate
84,6667d542-4138-44c8-8cf0-5fce56d1c28d,K3,1,1778616000000,11:20,WIPT,1,1,,0,0,,0,Visual,40,100,66,1100,GPS-003,,f0a52b5a-6471-45ee-84f4-c9b17773e8ef,5/12/2026 9:00:09 PM,KARABEER@boisestate.edu_boisestate,5/12/2026 9:00:09 PM,KARABEER@boisestate.edu_boisestate
85,09fd3370-e507-41f8-90e5-f8ce71272417,K3,1,1778616000000,11:21,WIPT,1,1,,1,1,,0,Visual,40,-99,0,1101,GPS-003,,f0a52b5a-6471-45ee-84f4-c9b17773e8ef,5/12/2026 9:00:09 PM,KARABEER@boisestate.edu_boisestate,5/12/2026 9:00:09 PM,KARABEER@boisestate.edu_boisestate
86,13c4032d-d883-41fb-9f1e-969bb3d33c25,K3,1,1778616000000,11:23,WISN,0,,,0,,,1,Visual,40,0,57,1102,GPS-003,,f0a52b5a-6471-45ee-84f4-c9b17773e8ef,5/12/2026 9:00:09 PM,KARABEER@boisestate.edu_boisestate,5/12/2026 9:00:09 PM,KARABEER@boisestate.edu_boisestate
87,ef12a769-e549-486d-a392-ed462538e7f2,K3,1,1778616000000,11:24,WIPT,1,1,,0,0,,0,Visual,40,230,8,1103,GPS-003,,f0a52b5a-6471-45ee-84f4-c9b17773e8ef,5/12/2026 9:00:09 PM,KARABEER@boisestate.edu_boisestate,5/12/2026 9:00:09 PM,KARABEER@boisestate.edu_boisestate
88,68c4c497-8efe-48c0-8f2a-72a87edc095e,K3,1,1778616000000,11:26,WIPT,1,1,,0,0,,0,Visual,41,180,29,1104,GPS-003,,f0a52b5a-6471-45ee-84f4-c9b17773e8ef,5/12/2026 9:00:09 PM,KARABEER@boisestate.edu_boisestate,5/12/2026 9:00:09 PM,KARABEER@boisestate.edu_boisestate
89,e7a2d5b0-d17c-427a-81d9-791437512d85,K3,1,1778616000000,11:29,WIPT,0,0,,0,0,,1,Audio,41,15,25,1105,GPS-003,,f0a52b5a-6471-45ee-84f4-c9b17773e8ef,5/12/2026 9:00:09 PM,KARABEER@boisestate.edu_boisestate,5/12/2026 9:00:09 PM,KARABEER@boisestate.edu_boisestate
90,16293669-12e3-4fc1-8a83-2ccfb0627c1f,K3,1,1778616000000,11:31,WIPT,0,0,,1,1,,0,Visual,41,180,26,1106,GPS-003,,f0a52b5a-6471-45ee-84f4-c9b17773e8ef,5/12/2026 9:00:09 PM,KARABEER@boisestate.edu_boisestate,5/12/2026 9:00:09 PM,KARABEER@boisestate.edu_boisestate
91,ca0bfd6b-ad36-4f33-b177-3286604bad69,K3,1,1778616000000,11:32,WIPT,1,1,,0,0,,0,Visual,41,110,30,1106,GPS-003,,f0a52b5a-6471-45ee-84f4-c9b17773e8ef,5/12/2026 9:00:09 PM,KARABEER@boisestate.edu_boisestate,5/12/2026 9:00:09 PM,KARABEER@boisestate.edu_boisestate
92,bb2993ab-0c3f-4be6-a6ce-74832231c544,K3,1,1778616000000,11:32,WIPT,0,0,,0,0,,2,Visual,41,120,70,1106,GPS-003,,f0a52b5a-6471-45ee-84f4-c9b17773e8ef,5/12/2026 9:00:09 PM,KARABEER@boisestate.edu_boisestate,5/12/2026 9:00:09 PM,KARABEER@boisestate.edu_boisestate
93,fea766c2-9cfa-455a-9495-b5d134636c98,K3,1,1778616000000,11:35,WIPT,0,0,,0,0,,1,Audio,41,30,50,1107,GPS-003,,f0a52b5a-6471-45ee-84f4-c9b17773e8ef,5/12/2026 9:00:09 PM,KARABEER@boisestate.edu_boisestate,5/12/2026 9:00:09 PM,KARABEER@boisestate.edu_boisestate
94,2641cd5f-f588-450a-8054-684ea47f0ec1,K3,1,1778616000000,11:40,WIPT,1,1,,0,0,,0,Visual,42,0,50,1108,GPS-003,,f0a52b5a-6471-45ee-84f4-c9b17773e8ef,5/12/2026 9:00:09 PM,KARABEER@boisestate.edu_boisestate,5/12/2026 9:00:09 PM,KARABEER@boisestate.edu_boisestate
95,f426ff25-86fe-4249-8003-82e3ab85e7e6,K3,1,1778616000000,11:45,WIPT,2,2,,0,0,,0,Visual,43,110,47,1109,GPS-003,,f0a52b5a-6471-45ee-84f4-c9b17773e8ef,5/12/2026 9:00:09 PM,KARABEER@boisestate.edu_boisestate,5/12/2026 9:00:09 PM,KARABEER@boisestate.edu_boisestate
96,da833a54-f80b-4a24-951f-169114af45ba,K3,1,1778616000000,11:47,WIPT,2,2,,0,0,,0,Audio,43,210,36,1110,GPS-003,,f0a52b5a-6471-45ee-84f4-c9b17773e8ef,5/12/2026 9:00:09 PM,KARABEER@boisestate.edu_boisestate,5/12/2026 9:00:09 PM,KARABEER@boisestate.edu_boisestate
97,2673e78a-301a-4028-bafa-9770811be4c5,T1,1,1778702400000,06:17,WIPT,1,1,,0,0,,0,Visual,8,350,16,1111,GPS-003,,d81720b7-a97b-4a97-9bcc-9b9987b8e6a5,5/13/2026 8:54:26 PM,KARABEER@boisestate.edu_boisestate,5/13/2026 8:54:26 PM,KARABEER@boisestate.edu_boisestate
98,2453eabc-82be-4554-8dd4-385abce68e49,T1,1,1778702400000,06:30,WIPT,1,1,,1,1,,0,Visual,9,325,174,1112,GPS-003,,d81720b7-a97b-4a97-9bcc-9b9987b8e6a5,5/13/2026 8:54:26 PM,KARABEER@boisestate.edu_boisestate,5/13/2026 8:54:26 PM,KARABEER@boisestate.edu_boisestate
99,048a6c66-a388-4695-9de1-80242bdb04dc,T1,1,1778702400000,06:34,WIPT,1,1,,0,0,,0,Visual,10,130,101,1113,GPS-003,,d81720b7-a97b-4a97-9bcc-9b9987b8e6a5,5/13/2026 8:54:26 PM,KARABEER@boisestate.edu_boisestate,5/13/2026 8:54:26 PM,KARABEER@boisestate.edu_boisestate
100,6d82c96d-2489-46e4-ba98-87db012445b1,T1,1,1778702400000,06:40,WIPT,1,1,,0,0,,0,Visual,10,-99,0,1114,GPS-003,,d81720b7-a97b-4a97-9bcc-9b9987b8e6a5,5/13/2026 8:54:26 PM,KARABEER@boisestate.edu_boisestate,5/13/2026 8:54:26 PM,KARABEER@boisestate.edu_boisestate
101,a960c42b-aa26-4c87-81b6-3fa66bb807e8,T1,1,1778702400000,06:42,WIPT,1,1,,1,1,,0,Visual,10,0,13,1115,GPS-003,,d81720b7-a97b-4a97-9bcc-9b9987b8e6a5,5/13/2026 8:54:26 PM,KARABEER@boisestate.edu_boisestate,5/13/2026 8:54:26 PM,KARABEER@boisestate.edu_boisestate
102,d65abd1f-44b7-493d-a7e3-12b319cb9673,T1,1,1778702400000,06:43,WIPT,1,1,,1,0,,0,Visual,11,240,31,1116,GPS-003,,d81720b7-a97b-4a97-9bcc-9b9987b8e6a5,5/13/2026 8:54:26 PM,KARABEER@boisestate.edu_boisestate,5/13/2026 8:54:26 PM,KARABEER@boisestate.edu_boisestate
103,5bb438ee-c34e-4316-9cd2-2642424dcaa5,T1,1,1778702400000,06:44,WIPT,1,1,,1,1,,0,Audio,11,30,45,1117,GPS-003,,d81720b7-a97b-4a97-9bcc-9b9987b8e6a5,5/13/2026 8:54:26 PM,KARABEER@boisestate.edu_boisestate,5/13/2026 8:54:26 PM,KARABEER@boisestate.edu_boisestate
104,2503cf63-39d9-45b7-a9bb-6e5e0a57d96a,T1,1,1778702400000,06:51,WIPT,2,2,,0,0,,0,Visual,11,20,46,1118,GPS-003,,d81720b7-a97b-4a97-9bcc-9b9987b8e6a5,5/13/2026 8:54:26 PM,KARABEER@boisestate.edu_boisestate,5/13/2026 8:54:26 PM,KARABEER@boisestate.edu_boisestate
105,8b538797-edee-4e90-8e55-d0405ee7ed85,T1,1,1778702400000,06:53,WIPT,1,1,,1,1,,0,Visual,12,30,15,1119,GPS-003,,d81720b7-a97b-4a97-9bcc-9b9987b8e6a5,5/13/2026 8:54:26 PM,KARABEER@boisestate.edu_boisestate,5/13/2026 8:54:26 PM,KARABEER@boisestate.edu_boisestate
106,e82c5e41-9555-4b43-a67b-f9f4e8526f8c,T1,1,1778702400000,06:55,WIPT,1,1,,0,0,,0,Visual,12,260,146,1120,GPS-003,,d81720b7-a97b-4a97-9bcc-9b9987b8e6a5,5/13/2026 8:54:26 PM,KARABEER@boisestate.edu_boisestate,5/13/2026 8:54:26 PM,KARABEER@boisestate.edu_boisestate
107,6d1d9ba5-22f6-4fd3-9a33-37b20de5531b,T1,1,1778702400000,06:55,WIPT,1,1,,0,0,,0,Visual,12,210,177,1120,GPS-003,,d81720b7-a97b-4a97-9bcc-9b9987b8e6a5,5/13/2026 8:54:26 PM,KARABEER@boisestate.edu_boisestate,5/13/2026 8:54:26 PM,KARABEER@boisestate.edu_boisestate
108,afd62f65-4bf8-497c-a3cc-08292c54c8ae,T1,1,1778702400000,07:02,WIPT,1,1,,0,0,,0,Visual,13,85,13,1121,GPS-003,,d81720b7-a97b-4a97-9bcc-9b9987b8e6a5,5/13/2026 8:54:26 PM,KARABEER@boisestate.edu_boisestate,5/13/2026 8:54:26 PM,KARABEER@boisestate.edu_boisestate
109,3dbb0a44-9b03-421d-99d6-2c3e1a6ee699,T1,1,1778702400000,07:03,WIPT,1,1,,0,0,,0,Visual,13,80,52,1122,GPS-003,,d81720b7-a97b-4a97-9bcc-9b9987b8e6a5,5/13/2026 8:54:26 PM,KARABEER@boisestate.edu_boisestate,5/13/2026 8:54:26 PM,KARABEER@boisestate.edu_boisestate
110,1ce0bd61-a46c-4585-a2cc-7f420808553b,T1,1,1778702400000,07:04,WIPT,1,1,,0,0,,0,Visual,13,295,369,1123,GPS-003,,d81720b7-a97b-4a97-9bcc-9b9987b8e6a5,5/13/2026 8:54:26 PM,KARABEER@boisestate.edu_boisestate,5/13/2026 8:54:26 PM,KARABEER@boisestate.edu_boisestate
111,142bd2cd-d540-4014-a3e5-5e8d85ffb793,T1,1,1778702400000,07:09,WISN,0,,,0,,,1,Audio,13,-99,0,1124,GPS-003,,d81720b7-a97b-4a97-9bcc-9b9987b8e6a5,5/13/2026 8:54:26 PM,KARABEER@boisestate.edu_boisestate,5/13/2026 8:54:26 PM,KARABEER@boisestate.edu_boisestate
112,c5aba497-71cf-4887-b4a0-e3a0ad89b659,T1,1,1778702400000,07:09,WIPT,0,0,,0,0,,1,Visual,13,220,105,1124,GPS-003,,d81720b7-a97b-4a97-9bcc-9b9987b8e6a5,5/13/2026 8:54:26 PM,KARABEER@boisestate.edu_boisestate,5/13/2026 8:54:26 PM,KARABEER@boisestate.edu_boisestate
113,dbbd5573-ef6f-4978-843d-c7d0f1853580,T1,1,1778702400000,07:09,WIPT,1,1,,0,0,,0,Audio,13,230,14,1125,GPS-003,,d81720b7-a97b-4a97-9bcc-9b9987b8e6a5,5/13/2026 8:54:26 PM,KARABEER@boisestate.edu_boisestate,5/13/2026 8:54:26 PM,KARABEER@boisestate.edu_boisestate
114,f2399a05-dd11-43d8-a998-a2426215dd4c,T1,1,1778702400000,07:16,ROPT,1,,1,0,,0,0,Visual,14,60,420,1126,GPS-003,,d81720b7-a97b-4a97-9bcc-9b9987b8e6a5,5/13/2026 8:54:26 PM,KARABEER@boisestate.edu_boisestate,5/13/2026 8:54:26 PM,KARABEER@boisestate.edu_boisestate
115,ef687b2d-ae2e-452b-89c6-917169722d83,T1,1,1778702400000,07:17,WIPT,1,1,,0,0,,0,Visual,14,260,330,1127,GPS-003,,d81720b7-a97b-4a97-9bcc-9b9987b8e6a5,5/13/2026 8:54:26 PM,KARABEER@boisestate.edu_boisestate,5/13/2026 8:54:26 PM,KARABEER@boisestate.edu_boisestate
116,dba5ba15-7cc0-4428-afed-a6c7d91937a0,T1,1,1778702400000,07:18,WIPT,1,1,,0,0,,0,Visual,14,70,80,1128,GPS-003,,d81720b7-a97b-4a97-9bcc-9b9987b8e6a5,5/13/2026 8:54:26 PM,KARABEER@boisestate.edu_boisestate,5/13/2026 8:54:26 PM,KARABEER@boisestate.edu_boisestate
117,e98998c6-cb8e-43e0-a947-3c61b5c1d948,T1,1,1778702400000,07:22,WIPT,1,1,,0,0,,0,Audio,15,280,7,1129,GPS-003,,d81720b7-a97b-4a97-9bcc-9b9987b8e6a5,5/13/2026 8:54:26 PM,KARABEER@boisestate.edu_boisestate,5/13/2026 8:54:26 PM,KARABEER@boisestate.edu_boisestate
118,f156c180-76fc-46e7-b949-d1abb9d8e5f9,T1,1,1778702400000,07:26,WIPT,1,1,,0,0,,0,Visual,16,250,125,1130,GPS-003,,d81720b7-a97b-4a97-9bcc-9b9987b8e6a5,5/13/2026 8:54:26 PM,KARABEER@boisestate.edu_boisestate,5/13/2026 8:54:26 PM,KARABEER@boisestate.edu_boisestate
119,8503a9aa-a808-437c-a2be-d8e8a1fd6fbe,T1,1,1778702400000,07:28,WIPT,1,1,,1,1,,0,Visual,16,30,94,1131,GPS-003,,d81720b7-a97b-4a97-9bcc-9b9987b8e6a5,5/13/2026 8:54:26 PM,KARABEER@boisestate.edu_boisestate,5/13/2026 8:54:26 PM,KARABEER@boisestate.edu_boisestate
120,13f416c9-1bfa-4a2f-a77c-e8fd93cd52af,T1,1,1778702400000,07:30,WIPT,2,2,,0,0,,0,Visual,16,50,155,1132,GPS-003,,d81720b7-a97b-4a97-9bcc-9b9987b8e6a5,5/13/2026 8:54:26 PM,KARABEER@boisestate.edu_boisestate,5/13/2026 8:54:26 PM,KARABEER@boisestate.edu_boisestate
121,619015a5-254d-4d1b-9165-2a25f43194f6,T1,1,1778702400000,07:33,WIPT,1,1,,1,1,,0,Visual,16,0,163,1133,GPS-003,,d81720b7-a97b-4a97-9bcc-9b9987b8e6a5,5/13/2026 8:54:26 PM,KARABEER@boisestate.edu_boisestate,5/13/2026 8:54:26 PM,KARABEER@boisestate.edu_boisestate
122,d1506bb8-1269-4465-9420-fad16dfce73d,T1,1,1778702400000,07:35,WIPT,2,2,,0,0,,0,Visual,16,240,146,1134,GPS-003,,d81720b7-a97b-4a97-9bcc-9b9987b8e6a5,5/13/2026 8:54:26 PM,KARABEER@boisestate.edu_boisestate,5/13/2026 8:54:26 PM,KARABEER@boisestate.edu_boisestate
123,f34e3de4-ba30-4dcc-8bef-b6d96575ab5e,T1,1,1778702400000,07:36,WIPT,0,0,,1,1,,0,Visual,17,230,46,1135,GPS-003,,d81720b7-a97b-4a97-9bcc-9b9987b8e6a5,5/13/2026 8:54:26 PM,KARABEER@boisestate.edu_boisestate,5/13/2026 8:54:26 PM,KARABEER@boisestate.edu_boisestate
124,1b5bcfb3-5ce9-46bd-b2b0-b38c91973e79,T1,1,1778702400000,07:38,WIPT,1,1,,0,0,,0,Visual,17,250,68,1136,GPS-003,,d81720b7-a97b-4a97-9bcc-9b9987b8e6a5,5/13/2026 8:54:26 PM,KARABEER@boisestate.edu_boisestate,5/13/2026 8:54:26 PM,KARABEER@boisestate.edu_boisestate
125,4397fcf3-fe1a-449d-95ca-c7ece96471b9,T1,1,1778702400000,07:39,WIPT,1,1,,1,1,,0,Visual,17,10,85,1136,GPS-003,,d81720b7-a97b-4a97-9bcc-9b9987b8e6a5,5/13/2026 8:54:26 PM,KARABEER@boisestate.edu_boisestate,5/13/2026 8:54:26 PM,KARABEER@boisestate.edu_boisestate
126,58f9b63b-c847-4cdc-bb4f-aea3d5343bcf,T1,1,1778702400000,07:39,WIPT,1,1,,0,0,,0,Visual,17,90,350,1137,GPS-003,,d81720b7-a97b-4a97-9bcc-9b9987b8e6a5,5/13/2026 8:54:26 PM,KARABEER@boisestate.edu_boisestate,5/13/2026 8:54:26 PM,KARABEER@boisestate.edu_boisestate
127,0781ee11-ec61-4495-ab0b-898340a175ef,T1,1,1778702400000,07:42,WIPT,1,1,,0,0,,0,Visual,17,300,201,1138,GPS-003,,d81720b7-a97b-4a97-9bcc-9b9987b8e6a5,5/13/2026 8:54:26 PM,KARABEER@boisestate.edu_boisestate,5/13/2026 8:54:26 PM,KARABEER@boisestate.edu_boisestate
128,d6b21858-6b5e-4126-8aa1-9c584bee9ad6,T1,1,1778702400000,07:43,WIPT,1,1,,0,0,,0,Visual,17,270,32,1139,GPS-003,,d81720b7-a97b-4a97-9bcc-9b9987b8e6a5,5/13/2026 8:54:26 PM,KARABEER@boisestate.edu_boisestate,5/13/2026 8:54:26 PM,KARABEER@boisestate.edu_boisestate
129,1ffd025b-fc16-4607-af3b-d17dcf56feae,T1,1,1778702400000,07:44,WISN,0,,,0,,,1,Audio,17,-99,0,1139,GPS-003,,d81720b7-a97b-4a97-9bcc-9b9987b8e6a5,5/13/2026 8:54:26 PM,KARABEER@boisestate.edu_boisestate,5/13/2026 8:54:26 PM,KARABEER@boisestate.edu_boisestate
130,91d2c609-9e31-4b2d-a975-da77f2f339e3,T1,1,1778702400000,07:45,WIPT,1,1,,0,0,,0,Visual,17,280,139,1140,GPS-003,,d81720b7-a97b-4a97-9bcc-9b9987b8e6a5,5/13/2026 8:54:26 PM,KARABEER@boisestate.edu_boisestate,5/13/2026 8:54:26 PM,KARABEER@boisestate.edu_boisestate
131,44d388b2-1e33-4fb8-ba24-74a12491b109,T1,1,1778702400000,07:46,WIPT,1,1,,0,0,,1,Visual,17,300,100,1140,GPS-003,,d81720b7-a97b-4a97-9bcc-9b9987b8e6a5,5/13/2026 8:54:26 PM,KARABEER@boisestate.edu_boisestate,5/13/2026 8:54:26 PM,KARABEER@boisestate.edu_boisestate
132,b364f182-fbad-4c78-991e-25efbc21295d,T1,1,1778702400000,07:47,WIPT,1,1,,0,0,,0,Visual,17,290,298,1140,GPS-003,,d81720b7-a97b-4a97-9bcc-9b9987b8e6a5,5/13/2026 8:54:26 PM,KARABEER@boisestate.edu_boisestate,5/13/2026 8:54:26 PM,KARABEER@boisestate.edu_boisestate
133,58ddedfc-395f-4ada-92c3-a6ecf652d70a,T1,1,1778702400000,07:50,WIPT,1,1,,0,0,,0,Visual,18,55,247,1141,GPS-003,,d81720b7-a97b-4a97-9bcc-9b9987b8e6a5,5/13/2026 8:54:26 PM,KARABEER@boisestate.edu_boisestate,5/13/2026 8:54:26 PM,KARABEER@boisestate.edu_boisestate
134,b1593951-acd7-4d01-a39d-2968d43b16a6,T1,1,1778702400000,07:51,WIPT,1,1,,0,0,,0,Audio,18,25,113,1141,GPS-003,,d81720b7-a97b-4a97-9bcc-9b9987b8e6a5,5/13/2026 8:54:26 PM,KARABEER@boisestate.edu_boisestate,5/13/2026 8:54:26 PM,KARABEER@boisestate.edu_boisestate
135,5d613454-d2ae-4d7f-8769-d1748e3cc658,T1,1,1778702400000,07:52,WIPT,1,1,,0,0,,0,Visual,18,50,127,1142,GPS-003,,d81720b7-a97b-4a97-9bcc-9b9987b8e6a5,5/13/2026 8:54:26 PM,KARABEER@boisestate.edu_boisestate,5/13/2026 8:54:26 PM,KARABEER@boisestate.edu_boisestate
136,24059587-1900-4071-9b8b-1e1903bdfcc6,T1,1,1778702400000,07:54,WIPT,1,1,,0,0,,0,Visual,18,310,111,1143,GPS-003,,d81720b7-a97b-4a97-9bcc-9b9987b8e6a5,5/13/2026 8:54:26 PM,KARABEER@boisestate.edu_boisestate,5/13/2026 8:54:26 PM,KARABEER@boisestate.edu_boisestate
137,af1ee692-ccff-4dde-a80c-483cb34065b3,T1,1,1778702400000,07:55,WIPT,1,1,,0,0,,0,Visual,18,320,230,1144,GPS-003,,d81720b7-a97b-4a97-9bcc-9b9987b8e6a5,5/13/2026 8:54:26 PM,KARABEER@boisestate.edu_boisestate,5/13/2026 8:54:26 PM,KARABEER@boisestate.edu_boisestate
138,6dbc9176-0e50-40ec-ad7b-607c0826a108,T2,1,1778702400000,08:04,WIPT,1,1,,0,0,,0,Visual,18,310,66,1145,GPS-003,,dbeea9e4-c2ac-406e-8374-f6961a2e42dd,5/13/2026 8:54:27 PM,KARABEER@boisestate.edu_boisestate,5/13/2026 8:54:27 PM,KARABEER@boisestate.edu_boisestate
139,3596d3fe-dc4f-42f1-b3cc-ca58e7660bd7,T2,1,1778702400000,08:06,WIPT,1,1,,0,0,,0,Visual,18,320,240,1146,GPS-003,,dbeea9e4-c2ac-406e-8374-f6961a2e42dd,5/13/2026 8:54:27 PM,KARABEER@boisestate.edu_boisestate,5/13/2026 8:54:27 PM,KARABEER@boisestate.edu_boisestate
140,f2605da0-6a94-4905-8e1f-f95d9716af98,T2,1,1778702400000,08:07,WIPT,1,1,,0,0,,0,Audio,18,90,35,1147,GPS-003,,dbeea9e4-c2ac-406e-8374-f6961a2e42dd,5/13/2026 8:54:27 PM,KARABEER@boisestate.edu_boisestate,5/13/2026 8:54:27 PM,KARABEER@boisestate.edu_boisestate
141,14fe76b0-4a2b-40fc-8dcd-1fd49aa30239,T2,1,1778702400000,08:08,WIPT,1,1,,0,0,,0,Visual,18,320,563,1148,GPS-003,,dbeea9e4-c2ac-406e-8374-f6961a2e42dd,5/13/2026 8:54:27 PM,KARABEER@boisestate.edu_boisestate,5/13/2026 8:54:27 PM,KARABEER@boisestate.edu_boisestate
142,5a408533-da27-4b2b-85c0-000822b3636d,T2,1,1778702400000,08:09,WIPT,1,1,,0,0,,0,Visual,18,-99,0,1149,GPS-003,,dbeea9e4-c2ac-406e-8374-f6961a2e42dd,5/13/2026 8:54:27 PM,KARABEER@boisestate.edu_boisestate,5/13/2026 8:54:27 PM,KARABEER@boisestate.edu_boisestate
143,592a3184-1b54-4e67-8adc-c234de4b3240,T2,1,1778702400000,08:10,WISN,0,,,0,,,1,Visual,18,300,43,1149,GPS-003,,dbeea9e4-c2ac-406e-8374-f6961a2e42dd,5/13/2026 8:54:27 PM,KARABEER@boisestate.edu_boisestate,5/13/2026 8:54:27 PM,KARABEER@boisestate.edu_boisestate
144,7d53ea5d-5ac1-4117-8990-ebfa09dc9636,T2,1,1778702400000,08:10,WISN,0,,,0,,,1,Audio,18,-99,0,1149,GPS-003,,dbeea9e4-c2ac-406e-8374-f6961a2e42dd,5/13/2026 8:54:27 PM,KARABEER@boisestate.edu_boisestate,5/13/2026 8:54:27 PM,KARABEER@boisestate.edu_boisestate
145,c9081773-b882-4877-a0a4-453d8e16c514,T2,1,1778702400000,08:10,WIPT,1,1,,0,0,,0,Audio,18,310,59,1149,GPS-003,,dbeea9e4-c2ac-406e-8374-f6961a2e42dd,5/13/2026 8:54:27 PM,KARABEER@boisestate.edu_boisestate,5/13/2026 8:54:27 PM,KARABEER@boisestate.edu_boisestate
146,dbd6c33e-63cb-4598-a4aa-19f9421d236b,T2,1,1778702400000,08:12,WIPT,1,1,,0,0,,0,Visual,19,320,263,1150,GPS-003,,dbeea9e4-c2ac-406e-8374-f6961a2e42dd,5/13/2026 8:54:27 PM,KARABEER@boisestate.edu_boisestate,5/13/2026 8:54:27 PM,KARABEER@boisestate.edu_boisestate
147,069b09b0-52f2-4600-8430-209f972fa0c1,T2,1,1778702400000,08:13,WIPT,1,1,,1,1,,0,Visual,19,-99,0,1151,GPS-003,,dbeea9e4-c2ac-406e-8374-f6961a2e42dd,5/13/2026 8:54:27 PM,KARABEER@boisestate.edu_boisestate,5/13/2026 8:54:27 PM,KARABEER@boisestate.edu_boisestate
148,20103461-b598-40be-90ec-9fad6eb724dd,T2,1,1778702400000,08:13,WIPT,1,1,,1,1,,0,Visual,19,-99,0,1152,GPS-003,,dbeea9e4-c2ac-406e-8374-f6961a2e42dd,5/13/2026 8:54:27 PM,KARABEER@boisestate.edu_boisestate,5/13/2026 8:54:27 PM,KARABEER@boisestate.edu_boisestate
149,b395f8ed-94f9-41b6-9d38-c32af70eeb3a,T2,1,1778702400000,08:15,WIPT,2,2,,0,0,,0,Visual,19,290,129,1153,GPS-003,,dbeea9e4-c2ac-406e-8374-f6961a2e42dd,5/13/2026 8:54:27 PM,KARABEER@boisestate.edu_boisestate,5/13/2026 8:54:27 PM,KARABEER@boisestate.edu_boisestate
150,23750f7b-2a54-44c6-9db0-78345a1c29df,T2,1,1778702400000,08:16,WIPT,1,1,,0,0,,0,Visual,19,-99,0,1154,GPS-003,,dbeea9e4-c2ac-406e-8374-f6961a2e42dd,5/13/2026 8:54:27 PM,KARABEER@boisestate.edu_boisestate,5/13/2026 8:54:27 PM,KARABEER@boisestate.edu_boisestate
151,ccc0fb17-1479-4090-910f-b6dd95c9ae20,T2,1,1778702400000,08:17,WIPT,2,2,,0,0,,0,Visual,19,95,124,1155,GPS-003,,dbeea9e4-c2ac-406e-8374-f6961a2e42dd,5/13/2026 8:54:27 PM,KARABEER@boisestate.edu_boisestate,5/13/2026 8:54:27 PM,KARABEER@boisestate.edu_boisestate
152,aacded1f-8dbd-4379-a356-cc35320b977d,T2,1,1778702400000,08:18,WIPT,1,1,,0,0,,0,Visual,19,220,45,1156,GPS-003,,dbeea9e4-c2ac-406e-8374-f6961a2e42dd,5/13/2026 8:54:27 PM,KARABEER@boisestate.edu_boisestate,5/13/2026 8:54:27 PM,KARABEER@boisestate.edu_boisestate
153,05faddd3-ca45-497d-a896-43d2dfb1699e,T2,1,1778702400000,08:19,WIPT,1,1,,0,0,,0,Visual,19,90,75,1157,GPS-003,,dbeea9e4-c2ac-406e-8374-f6961a2e42dd,5/13/2026 8:54:27 PM,KARABEER@boisestate.edu_boisestate,5/13/2026 8:54:27 PM,KARABEER@boisestate.edu_boisestate
154,ed4ba8ee-8c06-4028-bbb9-8453326c3004,T2,1,1778702400000,08:20,SEOW,0,,,0,,,1,Visual,19,48,600,1157,GPS-003,,dbeea9e4-c2ac-406e-8374-f6961a2e42dd,5/13/2026 8:54:27 PM,KARABEER@boisestate.edu_boisestate,5/13/2026 8:54:27 PM,KARABEER@boisestate.edu_boisestate
155,e100a8ed-9e01-4120-9940-139d418eae94,T2,1,1778702400000,08:22,WIPT,1,1,,1,1,,0,Visual,19,250,69,1158,GPS-003,,dbeea9e4-c2ac-406e-8374-f6961a2e42dd,5/13/2026 8:54:27 PM,KARABEER@boisestate.edu_boisestate,5/13/2026 8:54:27 PM,KARABEER@boisestate.edu_boisestate
156,39acaf07-f391-4aae-9ed8-1e5f5a51b6af,T2,1,1778702400000,08:25,WIPT,0,0,,1,1,,0,Visual,19,250,28,1159,GPS-003,,dbeea9e4-c2ac-406e-8374-f6961a2e42dd,5/13/2026 8:54:27 PM,KARABEER@boisestate.edu_boisestate,5/13/2026 8:54:27 PM,KARABEER@boisestate.edu_boisestate
157,f2240f44-34e2-4443-98bc-1a23af23088a,T2,1,1778702400000,08:25,SEOW,0,,,0,,,2,Visual,19,210,20,1159,GPS-003,,dbeea9e4-c2ac-406e-8374-f6961a2e42dd,5/13/2026 8:54:27 PM,KARABEER@boisestate.edu_boisestate,5/13/2026 8:54:27 PM,KARABEER@boisestate.edu_boisestate
158,45bc21a3-5b15-45cb-bf00-dd59d579bafe,T2,1,1778702400000,08:26,WIPT,0,0,,0,0,,2,Visual,19,220,500,1159,GPS-003,,dbeea9e4-c2ac-406e-8374-f6961a2e42dd,5/13/2026 8:54:27 PM,KARABEER@boisestate.edu_boisestate,5/13/2026 8:54:27 PM,KARABEER@boisestate.edu_boisestate
159,471e640e-dbff-426a-b44a-b8166ed623ba,T2,1,1778702400000,08:27,WIPT,1,1,,1,1,,0,Audio,19,30,45,1159,GPS-003,,dbeea9e4-c2ac-406e-8374-f6961a2e42dd,5/13/2026 8:54:27 PM,KARABEER@boisestate.edu_boisestate,5/13/2026 8:54:27 PM,KARABEER@boisestate.edu_boisestate
160,4b29a6db-eb16-4a7d-ab20-ba3ae5adec84,T2,1,1778702400000,08:27,WISN,0,,,0,,,1,Audio,19,-99,0,1159,GPS-003,,dbeea9e4-c2ac-406e-8374-f6961a2e42dd,5/13/2026 8:54:27 PM,KARABEER@boisestate.edu_boisestate,5/13/2026 8:54:27 PM,KARABEER@boisestate.edu_boisestate
161,535f7f67-4e70-485c-ab96-e9f2642c869b,T2,1,1778702400000,08:29,WIPT,1,1,,0,0,,0,Visual,19,250,20,1159,GPS-003,,dbeea9e4-c2ac-406e-8374-f6961a2e42dd,5/13/2026 8:54:27 PM,KARABEER@boisestate.edu_boisestate,5/13/2026 8:54:27 PM,KARABEER@boisestate.edu_boisestate
162,72f011a6-c062-4239-8545-87417dcc83d8,T2,1,1778702400000,08:29,WIPT,1,1,,0,0,,0,Visual,20,240,123,1160,GPS-003,,dbeea9e4-c2ac-406e-8374-f6961a2e42dd,5/13/2026 8:54:27 PM,KARABEER@boisestate.edu_boisestate,5/13/2026 8:54:27 PM,KARABEER@boisestate.edu_boisestate
163,5e87e179-332a-41bc-9ec7-22257890a478,T2,1,1778702400000,08:31,WIPT,1,1,,1,1,,0,Audio,20,50,41,1160,GPS-003,,dbeea9e4-c2ac-406e-8374-f6961a2e42dd,5/13/2026 8:54:27 PM,KARABEER@boisestate.edu_boisestate,5/13/2026 8:54:27 PM,KARABEER@boisestate.edu_boisestate
164,c18f0217-ef64-45d6-89b2-5df4e3a9dc29,T2,1,1778702400000,08:31,WIPT,1,1,,0,0,,0,Visual,20,250,191,1160,GPS-003,,dbeea9e4-c2ac-406e-8374-f6961a2e42dd,5/13/2026 8:54:27 PM,KARABEER@boisestate.edu_boisestate,5/13/2026 8:54:27 PM,KARABEER@boisestate.edu_boisestate
165,615bec67-8b64-4a3e-8d01-b56961082d59,T2,1,1778702400000,08:33,WIPT,1,1,,1,1,,0,Visual,20,-99,0,1161,GPS-003,,dbeea9e4-c2ac-406e-8374-f6961a2e42dd,5/13/2026 8:54:27 PM,KARABEER@boisestate.edu_boisestate,5/13/2026 8:54:27 PM,KARABEER@boisestate.edu_boisestate
166,ec08c524-5201-4f94-8ae3-668650d90ad1,T2,1,1778702400000,08:36,WIPT,1,1,,1,1,,0,Visual,20,20,44,1162,GPS-003,,dbeea9e4-c2ac-406e-8374-f6961a2e42dd,5/13/2026 8:54:27 PM,KARABEER@boisestate.edu_boisestate,5/13/2026 8:54:27 PM,KARABEER@boisestate.edu_boisestate
167,38ef5295-be27-45e5-8089-1becc9ea12ff,T2,1,1778702400000,08:36,WISN,0,,,0,,,1,Visual,20,-99,0,1163,GPS-003,,dbeea9e4-c2ac-406e-8374-f6961a2e42dd,5/13/2026 8:54:27 PM,KARABEER@boisestate.edu_boisestate,5/13/2026 8:54:27 PM,KARABEER@boisestate.edu_boisestate
168,edcd6319-d557-4c10-966d-ac917d1ecfb6,T2,1,1778702400000,08:37,WISN,0,,,0,,,1,Audio,20,-99,0,1164,GPS-003,,dbeea9e4-c2ac-406e-8374-f6961a2e42dd,5/13/2026 8:54:27 PM,KARABEER@boisestate.edu_boisestate,5/13/2026 8:54:27 PM,KARABEER@boisestate.edu_boisestate
169,d5f2b197-f77e-4fe5-804d-c31360317e60,T2,1,1778702400000,08:40,WIPT,1,1,,0,0,,0,Visual,21,220,301,1165,GPS-003,,dbeea9e4-c2ac-406e-8374-f6961a2e42dd,5/13/2026 8:54:27 PM,KARABEER@boisestate.edu_boisestate,5/13/2026 8:54:27 PM,KARABEER@boisestate.edu_boisestate
170,d7d64d99-589c-4267-b1fe-a5837cab3154,T2,1,1778702400000,08:41,WIPT,1,1,,0,0,,0,Visual,21,25,70,1165,GPS-003,,dbeea9e4-c2ac-406e-8374-f6961a2e42dd,5/13/2026 8:54:27 PM,KARABEER@boisestate.edu_boisestate,5/13/2026 8:54:27 PM,KARABEER@boisestate.edu_boisestate
171,32ee8046-8ab6-45a1-8519-55441daaa0e9,T2,1,1778702400000,08:47,WIPT,1,1,,0,0,,0,Visual,21,50,86,1166,GPS-003,,dbeea9e4-c2ac-406e-8374-f6961a2e42dd,5/13/2026 8:54:27 PM,KARABEER@boisestate.edu_boisestate,5/13/2026 8:54:27 PM,KARABEER@boisestate.edu_boisestate
172,b82cf5bc-e149-4777-9968-8b7f3f12c781,T2,1,1778702400000,08:49,WIPT,1,1,,0,0,,0,Visual,21,70,37,1167,GPS-003,,dbeea9e4-c2ac-406e-8374-f6961a2e42dd,5/13/2026 8:54:27 PM,KARABEER@boisestate.edu_boisestate,5/13/2026 8:54:27 PM,KARABEER@boisestate.edu_boisestate
173,182e59cb-94fd-4651-bcb0-798c9572b7ba,T2,1,1778702400000,08:50,WIPT,1,1,,0,0,,0,Visual,21,47,87,1168,GPS-003,,dbeea9e4-c2ac-406e-8374-f6961a2e42dd,5/13/2026 8:54:27 PM,KARABEER@boisestate.edu_boisestate,5/13/2026 8:54:27 PM,KARABEER@boisestate.edu_boisestate
174,bbfa0f74-a2dd-464c-81ab-6085d10303f3,T2,1,1778702400000,08:51,WIPT,1,1,,1,1,,0,Visual,21,40,36,1169,GPS-003,,dbeea9e4-c2ac-406e-8374-f6961a2e42dd,5/13/2026 8:54:27 PM,KARABEER@boisestate.edu_boisestate,5/13/2026 8:54:27 PM,KARABEER@boisestate.edu_boisestate
175,faaa9fdf-2cdb-4b23-9109-303d48c9b2ac,T2,1,1778702400000,08:53,WIPT,1,1,,0,0,,0,Visual,22,270,68,1170,GPS-003,,dbeea9e4-c2ac-406e-8374-f6961a2e42dd,5/13/2026 8:54:27 PM,KARABEER@boisestate.edu_boisestate,5/13/2026 8:54:27 PM,KARABEER@boisestate.edu_boisestate
176,f30c16c2-01b4-41da-995d-a8e780b631a3,T2,1,1778702400000,08:54,WIPT,1,1,,0,0,,0,Visual,22,40,43,1171,GPS-003,,dbeea9e4-c2ac-406e-8374-f6961a2e42dd,5/13/2026 8:54:27 PM,KARABEER@boisestate.edu_boisestate,5/13/2026 8:54:27 PM,KARABEER@boisestate.edu_boisestate
177,6377db40-d1dc-4021-98d6-e56ed447158b,T2,1,1778702400000,08:55,WISN,0,,,0,,,1,Visual,22,10,32,1172,GPS-003,,dbeea9e4-c2ac-406e-8374-f6961a2e42dd,5/13/2026 8:54:27 PM,KARABEER@boisestate.edu_boisestate,5/13/2026 8:54:27 PM,KARABEER@boisestate.edu_boisestate
178,6a75f3a1-0722-41bb-8772-50e30a96c893,T2,1,1778702400000,08:56,WIPT,1,1,,1,1,,0,Visual,22,10,47,1172,GPS-003,,dbeea9e4-c2ac-406e-8374-f6961a2e42dd,5/13/2026 8:54:27 PM,KARABEER@boisestate.edu_boisestate,5/13/2026 8:54:27 PM,KARABEER@boisestate.edu_boisestate
179,3cbc9b47-ce1a-4ddc-98b6-50512c7ca931,T2,1,1778702400000,08:56,WIPT,1,1,,0,0,,0,Visual,22,240,190,1173,GPS-003,,dbeea9e4-c2ac-406e-8374-f6961a2e42dd,5/13/2026 8:54:27 PM,KARABEER@boisestate.edu_boisestate,5/13/2026 8:54:27 PM,KARABEER@boisestate.edu_boisestate
180,5dc6b1f1-9822-49bc-9c93-921f1889447d,T2,1,1778702400000,08:58,WIPT,1,1,,1,0,,0,Visual,22,40,15,1174,GPS-003,,dbeea9e4-c2ac-406e-8374-f6961a2e42dd,5/13/2026 8:54:27 PM,KARABEER@boisestate.edu_boisestate,5/13/2026 8:54:27 PM,KARABEER@boisestate.edu_boisestate
181,848faa9e-1c4b-4fc9-a575-e10ce5bf9b90,T2,1,1778702400000,08:58,WIPT,1,1,,0,0,,0,Visual,22,250,207,1174,GPS-003,,dbeea9e4-c2ac-406e-8374-f6961a2e42dd,5/13/2026 8:54:27 PM,KARABEER@boisestate.edu_boisestate,5/13/2026 8:54:27 PM,KARABEER@boisestate.edu_boisestate
182,8121fca9-b6b6-40b8-9b33-ba59ab2a7634,T2,1,1778702400000,08:59,WIPT,1,1,,1,1,,0,Visual,22,220,89,1174,GPS-003,,dbeea9e4-c2ac-406e-8374-f6961a2e42dd,5/13/2026 8:54:27 PM,KARABEER@boisestate.edu_boisestate,5/13/2026 8:54:27 PM,KARABEER@boisestate.edu_boisestate
183,02730609-b83e-4abd-b95f-8fa88987cd04,T2,1,1778702400000,09:00,WIPT,1,1,,0,0,,0,Visual,22,250,32,1175,GPS-003,,dbeea9e4-c2ac-406e-8374-f6961a2e42dd,5/13/2026 8:54:27 PM,KARABEER@boisestate.edu_boisestate,5/13/2026 8:54:27 PM,KARABEER@boisestate.edu_boisestate
184,d66ae800-1f75-4f66-aa8f-c93229bf2083,T2,1,1778702400000,09:01,WIPT,1,1,,1,1,,0,Audio,22,30,76,1175,GPS-003,,dbeea9e4-c2ac-406e-8374-f6961a2e42dd,5/13/2026 8:54:27 PM,KARABEER@boisestate.edu_boisestate,5/13/2026 8:54:27 PM,KARABEER@boisestate.edu_boisestate
185,e2c21d7f-3dd3-4535-9180-0f1fd812f2ba,T2,1,1778702400000,09:01,WIPT,1,1,,0,0,,0,Visual,22,30,98,1176,GPS-003,,dbeea9e4-c2ac-406e-8374-f6961a2e42dd,5/13/2026 8:54:27 PM,KARABEER@boisestate.edu_boisestate,5/13/2026 8:54:27 PM,KARABEER@boisestate.edu_boisestate
186,eacdea06-4d52-4b0a-ae74-579dcdce91b9,T2,1,1778702400000,09:03,WIPT,1,1,,0,0,,0,Visual,22,260,92,1177          ,GPS-003,,dbeea9e4-c2ac-406e-8374-f6961a2e42dd,5/13/2026 8:54:27 PM,KARABEER@boisestate.edu_boisestate,5/13/2026 8:54:27 PM,KARABEER@boisestate.edu_boisestate
187,72349f23-6d23-4d80-9be9-dcabe68d9d7d,T2,1,1778702400000,09:03,WIPT,1,1,,0,0,,0,Visual,22,0,58,1177,GPS-003,,dbeea9e4-c2ac-406e-8374-f6961a2e42dd,5/13/2026 8:54:27 PM,KARABEER@boisestate.edu_boisestate,5/13/2026 8:54:27 PM,KARABEER@boisestate.edu_boisestate
188,e2efefa9-251b-44f2-8fdc-4301eb680144,T2,1,1778702400000,09:05,WIPT,2,2,,1,1,,0,Visual,22,-99,0,1178,GPS-003,,dbeea9e4-c2ac-406e-8374-f6961a2e42dd,5/13/2026 8:54:27 PM,KARABEER@boisestate.edu_boisestate,5/13/2026 8:54:27 PM,KARABEER@boisestate.edu_boisestate
189,86be94cd-35db-4f77-9131-0e5ecf1e2e44,T2,1,1778702400000,09:05,WISN,0,,,0,,,1,Visual,22,-99,0,1179,GPS-003,,dbeea9e4-c2ac-406e-8374-f6961a2e42dd,5/13/2026 8:54:27 PM,KARABEER@boisestate.edu_boisestate,5/13/2026 8:54:27 PM,KARABEER@boisestate.edu_boisestate
190,8977bc42-7620-43c9-8dff-bf71ae3151b5,T2,1,1778702400000,09:08,WIPT,1,1,,1,1,,0,Visual,23,20,43,1180,GPS-003,,dbeea9e4-c2ac-406e-8374-f6961a2e42dd,5/13/2026 8:54:27 PM,KARABEER@boisestate.edu_boisestate,5/13/2026 8:54:27 PM,KARABEER@boisestate.edu_boisestate
191,979926d6-eab8-47c1-bcd9-48c7c9f4676e,T2,1,1778702400000,09:08,WIPT,1,1,,0,0,,0,Visual,23,230,74,1181,GPS-003,,dbeea9e4-c2ac-406e-8374-f6961a2e42dd,5/13/2026 8:54:27 PM,KARABEER@boisestate.edu_boisestate,5/13/2026 8:54:27 PM,KARABEER@boisestate.edu_boisestate
192,2f74c2a3-8cb0-4668-9ecf-667dc8b4fa9e,T2,1,1778702400000,09:09,WIPT,1,1,,1,1,,0,Visual,23,230,22,1182,GPS-003,,dbeea9e4-c2ac-406e-8374-f6961a2e42dd,5/13/2026 8:54:27 PM,KARABEER@boisestate.edu_boisestate,5/13/2026 8:54:27 PM,KARABEER@boisestate.edu_boisestate
193,913acfc7-c9f8-486a-a683-dda856f4eb65,T2,1,1778702400000,09:11,WIPT,1,1,,0,0,,0,Visual,23,190,77,1183,GPS-003,,dbeea9e4-c2ac-406e-8374-f6961a2e42dd,5/13/2026 8:54:27 PM,KARABEER@boisestate.edu_boisestate,5/13/2026 8:54:27 PM,KARABEER@boisestate.edu_boisestate
194,ae53dcf2-3bed-485c-8acb-b4f80177a5bf,T2,1,1778702400000,09:13,WIPT,0,0,,1,1,,0,Visual,23,10,38,1184,GPS-003,,dbeea9e4-c2ac-406e-8374-f6961a2e42dd,5/13/2026 8:54:27 PM,KARABEER@boisestate.edu_boisestate,5/13/2026 8:54:27 PM,KARABEER@boisestate.edu_boisestate
195,6c5c4330-4a04-4710-9eb9-645ef03e8246,T2,1,1778702400000,09:13,WISN,0,,,0,,,1,Audio,23,-99,0,1184,GPS-003,,dbeea9e4-c2ac-406e-8374-f6961a2e42dd,5/13/2026 8:54:27 PM,KARABEER@boisestate.edu_boisestate,5/13/2026 8:54:27 PM,KARABEER@boisestate.edu_boisestate
196,df1003b9-6ae3-491c-b35f-9220fce61edf,T2,1,1778702400000,09:13,WIPT,1,1,,0,0,,0,Visual,23,-99,0,1185,GPS-003,,dbeea9e4-c2ac-406e-8374-f6961a2e42dd,5/13/2026 8:54:27 PM,KARABEER@boisestate.edu_boisestate,5/13/2026 8:54:27 PM,KARABEER@boisestate.edu_boisestate
197,1983e7d5-d1b7-4720-afd9-bba5e9fd206f,T2,1,1778702400000,09:14,WIPT,1,1,,0,0,,0,Visual,23,350,81,1186,GPS-003,,dbeea9e4-c2ac-406e-8374-f6961a2e42dd,5/13/2026 8:54:27 PM,KARABEER@boisestate.edu_boisestate,5/13/2026 8:54:27 PM,KARABEER@boisestate.edu_boisestate
198,82e91607-731a-4a36-a192-178da3d6a613,T2,1,1778702400000,09:15,WISN,0,,,0,,,2,Visual,23,200,40,1187,GPS-003,,dbeea9e4-c2ac-406e-8374-f6961a2e42dd,5/13/2026 8:54:27 PM,KARABEER@boisestate.edu_boisestate,5/13/2026 8:54:27 PM,KARABEER@boisestate.edu_boisestate
199,2ee0a1f9-f2d6-4f6b-93f9-37fa5e4df0ff,T2,1,1778702400000,09:16,WIPT,1,1,,0,0,,0,Visual,23,340,87,1188,GPS-003,,dbeea9e4-c2ac-406e-8374-f6961a2e42dd,5/13/2026 8:54:27 PM,KARABEER@boisestate.edu_boisestate,5/13/2026 8:54:27 PM,KARABEER@boisestate.edu_boisestate
200,171a93db-5804-48c9-aa5c-20dde96d917e,T2,1,1778702400000,09:17,WIPT,0,0,,1,1,,0,Visual,23,20,38,1189,GPS-003,,dbeea9e4-c2ac-406e-8374-f6961a2e42dd,5/13/2026 8:54:27 PM,KARABEER@boisestate.edu_boisestate,5/13/2026 8:54:27 PM,KARABEER@boisestate.edu_boisestate
201,90198672-2563-48e8-9b8e-66aaa7d086a9,T2,1,1778702400000,09:18,WIPT,1,1,,1,1,,0,Visual,23,190,13,1190,GPS-003,,dbeea9e4-c2ac-406e-8374-f6961a2e42dd,5/13/2026 8:54:27 PM,KARABEER@boisestate.edu_boisestate,5/13/2026 8:54:27 PM,KARABEER@boisestate.edu_boisestate
202,da8088c3-5dc2-475c-b30f-828af1e69710,T2,1,1778702400000,09:19,WIPT,1,1,,1,1,,0,Visual,23,350,50,1191,GPS-003,,dbeea9e4-c2ac-406e-8374-f6961a2e42dd,5/13/2026 8:54:27 PM,KARABEER@boisestate.edu_boisestate,5/13/2026 8:54:27 PM,KARABEER@boisestate.edu_boisestate
203,fdcf86c2-0d0e-4d26-a693-1a5052b44dcd,T2,1,1778702400000,09:20,WIPT,1,1,,0,0,,0,Visual,23,10,33,1192,GPS-003,,dbeea9e4-c2ac-406e-8374-f6961a2e42dd,5/13/2026 8:54:27 PM,KARABEER@boisestate.edu_boisestate,5/13/2026 8:54:27 PM,KARABEER@boisestate.edu_boisestate
204,eee41cd6-4505-4b55-b1cf-8f7990a06181,T2,1,1778702400000,09:20,WIPT,1,1,,1,1,,0,Visual,23,190,21,1192,GPS-003,,dbeea9e4-c2ac-406e-8374-f6961a2e42dd,5/13/2026 8:54:27 PM,KARABEER@boisestate.edu_boisestate,5/13/2026 8:54:27 PM,KARABEER@boisestate.edu_boisestate
205,eae9fe5d-8f35-4fe0-bed9-65ccc14a4eb2,T2,1,1778702400000,09:21,WIPT,1,1,,0,0,,0,Visual,23,340,103,1192,GPS-003,,dbeea9e4-c2ac-406e-8374-f6961a2e42dd,5/13/2026 8:54:27 PM,KARABEER@boisestate.edu_boisestate,5/13/2026 8:54:27 PM,KARABEER@boisestate.edu_boisestate
206,cd96abe1-c6ee-47d1-9d20-8b06c0eded10,T2,1,1778702400000,09:22,WIPT,1,1,,1,1,,0,Visual,23,220,54,1193,GPS-003,,dbeea9e4-c2ac-406e-8374-f6961a2e42dd,5/13/2026 8:54:27 PM,KARABEER@boisestate.edu_boisestate,5/13/2026 8:54:27 PM,KARABEER@boisestate.edu_boisestate
207,7b54b4c9-fb87-457a-bdb4-ab92e7a025c1,T2,1,1778702400000,09:22,WIPT,2,2,,0,0,,0,Visual,23,330,83,1194,GPS-003,,dbeea9e4-c2ac-406e-8374-f6961a2e42dd,5/13/2026 8:54:27 PM,KARABEER@boisestate.edu_boisestate,5/13/2026 8:54:27 PM,KARABEER@boisestate.edu_boisestate
208,3a305069-9c41-466e-90e6-bb31c6ba050c,T2,1,1778702400000,09:24,WIPT,1,1,,1,1,,0,Visual,24,220,145,1195,GPS-003,,dbeea9e4-c2ac-406e-8374-f6961a2e42dd,5/13/2026 8:54:27 PM,KARABEER@boisestate.edu_boisestate,5/13/2026 8:54:27 PM,KARABEER@boisestate.edu_boisestate
209,2a6496d2-2a68-4f28-9c9e-ccb0877fd658,T2,1,1778702400000,09:25,WIPT,1,1,,0,0,,0,Visual,24,220,201,1195,GPS-003,,dbeea9e4-c2ac-406e-8374-f6961a2e42dd,5/13/2026 8:54:27 PM,KARABEER@boisestate.edu_boisestate,5/13/2026 8:54:27 PM,KARABEER@boisestate.edu_boisestate
210,f5662bb1-97c9-47fa-a03a-3160bd9aaf4a,T2,1,1778702400000,09:28,WIPT,1,1,,1,1,,0,Visual,24,230,34,1196,GPS-003,,dbeea9e4-c2ac-406e-8374-f6961a2e42dd,5/13/2026 8:54:27 PM,KARABEER@boisestate.edu_boisestate,5/13/2026 8:54:27 PM,KARABEER@boisestate.edu_boisestate
211,682bf5a1-c660-46af-8d1c-95f7d51eddf7,T2,1,1778702400000,09:29,WIPT,1,1,,1,1,,0,Visual,24,350,35,1197,GPS-003,,dbeea9e4-c2ac-406e-8374-f6961a2e42dd,5/13/2026 8:54:27 PM,KARABEER@boisestate.edu_boisestate,5/13/2026 8:54:27 PM,KARABEER@boisestate.edu_boisestate
212,464eb8f0-ce0a-41a3-b09a-dd85f57eb6d5,T2,1,1778702400000,09:30,SEOW,0,,,0,,,1,Visual,24,200,123,1198,GPS-003,,dbeea9e4-c2ac-406e-8374-f6961a2e42dd,5/13/2026 8:54:27 PM,KARABEER@boisestate.edu_boisestate,5/13/2026 8:54:27 PM,KARABEER@boisestate.edu_boisestate
213,1504f2d4-aa15-454d-b6a9-5b3d9a963f29,T2,1,1778702400000,09:30,WISN,0,,,0,,,1,Audio,24,-99,0,1198,GPS-003,,dbeea9e4-c2ac-406e-8374-f6961a2e42dd,5/13/2026 8:54:27 PM,KARABEER@boisestate.edu_boisestate,5/13/2026 8:54:27 PM,KARABEER@boisestate.edu_boisestate
214,ea81b984-c25e-4ac6-8f56-7f7d41f2deb2,T2,1,1778702400000,09:31,WIPT,1,1,,1,1,,0,Visual,24,200,109,1199,GPS-003,,dbeea9e4-c2ac-406e-8374-f6961a2e42dd,5/13/2026 8:54:27 PM,KARABEER@boisestate.edu_boisestate,5/13/2026 8:54:27 PM,KARABEER@boisestate.edu_boisestate
215,1c5ed22c-4556-409d-8481-b5e01b0618f2,T2,1,1778702400000,09:32,WIPT,1,1,,2,2,,0,Visual,24,350,74,1200,GPS-003,,dbeea9e4-c2ac-406e-8374-f6961a2e42dd,5/13/2026 8:54:27 PM,KARABEER@boisestate.edu_boisestate,5/13/2026 8:54:27 PM,KARABEER@boisestate.edu_boisestate
216,bcf4ffe2-8d39-4abc-bfe7-fae619b5048c,T2,1,1778702400000,09:34,WIPT,1,1,,0,0,,0,Visual,24,340,182,1200,GPS-003,,dbeea9e4-c2ac-406e-8374-f6961a2e42dd,5/13/2026 8:54:27 PM,KARABEER@boisestate.edu_boisestate,5/13/2026 8:54:27 PM,KARABEER@boisestate.edu_boisestate
217,89608775-b1f8-43f6-8bd2-20adb12369d5,T2,1,1778702400000,09:34,WIPT,1,1,,0,0,,0,Visual,24,320,139,1200,GPS-003,,dbeea9e4-c2ac-406e-8374-f6961a2e42dd,5/13/2026 8:54:27 PM,KARABEER@boisestate.edu_boisestate,5/13/2026 8:54:27 PM,KARABEER@boisestate.edu_boisestate
218,fd1a9fac-74d3-47a7-aab9-32d2a1a96673,T2,1,1778702400000,09:34,WIPT,1,1,,1,1,,0,Visual,24,-99,0,1201,GPS-003,,dbeea9e4-c2ac-406e-8374-f6961a2e42dd,5/13/2026 8:54:27 PM,KARABEER@boisestate.edu_boisestate,5/13/2026 8:54:27 PM,KARABEER@boisestate.edu_boisestate
219,37a9ef06-9fe9-495b-b87e-8b326084346b,T2,1,1778702400000,09:36,LTJA,0,,,0,,,1,Visual,24,180,237,1202,GPS-003,,dbeea9e4-c2ac-406e-8374-f6961a2e42dd,5/13/2026 8:54:27 PM,KARABEER@boisestate.edu_boisestate,5/13/2026 8:54:27 PM,KARABEER@boisestate.edu_boisestate
220,fd12d3e1-f212-4baa-81b7-02c5f4768da3,T2,1,1778702400000,09:37,WIPT,1,1,,0,0,,0,Visual,24,340,145,1202,GPS-003,,dbeea9e4-c2ac-406e-8374-f6961a2e42dd,5/13/2026 8:54:27 PM,KARABEER@boisestate.edu_boisestate,5/13/2026 8:54:27 PM,KARABEER@boisestate.edu_boisestate
221,3c921a33-7e24-4711-904b-02055ce62913,T2,1,1778702400000,09:37,WIPT,1,1,,1,1,,0,Visual,24,-99,0,1203,GPS-003,,dbeea9e4-c2ac-406e-8374-f6961a2e42dd,5/13/2026 8:54:27 PM,KARABEER@boisestate.edu_boisestate,5/13/2026 8:54:27 PM,KARABEER@boisestate.edu_boisestate
222,640ea41e-f258-4e12-b0df-a4fbef969e57,T2,1,1778702400000,09:38,WIPT,1,1,,0,0,,0,Visual,24,80,158,1204,GPS-003,,dbeea9e4-c2ac-406e-8374-f6961a2e42dd,5/13/2026 8:54:27 PM,KARABEER@boisestate.edu_boisestate,5/13/2026 8:54:27 PM,KARABEER@boisestate.edu_boisestate
223,42943709-8100-4365-82c2-05289401cb6c,T2,1,1778702400000,09:39,WIPT,1,1,,0,0,,0,Visual,24,60,204,1204,GPS-003,,dbeea9e4-c2ac-406e-8374-f6961a2e42dd,5/13/2026 8:54:27 PM,KARABEER@boisestate.edu_boisestate,5/13/2026 8:54:27 PM,KARABEER@boisestate.edu_boisestate
224,9bae5eb5-a479-490e-83a1-da8fa672123e,T2,1,1778702400000,09:41,WIPT,1,1,,1,1,,0,Visual,24,330,49,1204,GPS-003,,dbeea9e4-c2ac-406e-8374-f6961a2e42dd,5/13/2026 8:54:27 PM,KARABEER@boisestate.edu_boisestate,5/13/2026 8:54:27 PM,KARABEER@boisestate.edu_boisestate
225,3fdf7096-f183-4d5d-9230-ecb64c7da47b,T2,1,1778702400000,09:41,WIPT,1,1,,0,0,,1,Visual,24,330,356,1204,GPS-003,,dbeea9e4-c2ac-406e-8374-f6961a2e42dd,5/13/2026 8:54:27 PM,KARABEER@boisestate.edu_boisestate,5/13/2026 8:54:27 PM,KARABEER@boisestate.edu_boisestate
226,95d824f9-bafe-4c73-bd1f-5433d0a55b36,T2,1,1778702400000,09:42,WIPT,0,0,,0,0,,1,Visual,24,330,696,1204,GPS-003,,dbeea9e4-c2ac-406e-8374-f6961a2e42dd,5/13/2026 8:54:27 PM,KARABEER@boisestate.edu_boisestate,5/13/2026 8:54:27 PM,KARABEER@boisestate.edu_boisestate
227,5c146327-64c0-4b62-88b8-03746e3601a2,T2,1,1778702400000,09:42,WIPT,0,0,,0,0,,2,Visual,24,330,269,1204,GPS-003,,dbeea9e4-c2ac-406e-8374-f6961a2e42dd,5/13/2026 8:54:27 PM,KARABEER@boisestate.edu_boisestate,5/13/2026 8:54:27 PM,KARABEER@boisestate.edu_boisestate
228,5fc35d4f-639a-4dbf-b3c4-09ed43070dbf,T2,1,1778702400000,09:43,WIPT,1,1,,0,0,,0,Visual,24,-99,0,1205,GPS-003,,dbeea9e4-c2ac-406e-8374-f6961a2e42dd,5/13/2026 8:54:27 PM,KARABEER@boisestate.edu_boisestate,5/13/2026 8:54:27 PM,KARABEER@boisestate.edu_boisestate
229,d9776600-d574-449b-a655-cf39be2f5934,T2,1,1778702400000,09:44,WIPT,0,0,,1,1,,0,Visual,24,350,12,1206,GPS-003,,dbeea9e4-c2ac-406e-8374-f6961a2e42dd,5/13/2026 8:54:27 PM,KARABEER@boisestate.edu_boisestate,5/13/2026 8:54:27 PM,KARABEER@boisestate.edu_boisestate
230,4101e854-75ef-4579-8033-5108705ccf90,T2,1,1778702400000,09:44,WIPT,1,1,,1,1,,0,Visual,24,350,41,1207,GPS-003,,dbeea9e4-c2ac-406e-8374-f6961a2e42dd,5/13/2026 8:54:27 PM,KARABEER@boisestate.edu_boisestate,5/13/2026 8:54:27 PM,KARABEER@boisestate.edu_boisestate
231,54c25c17-33b6-4613-8068-3e218def8380,T2,1,1778702400000,09:45,WIPT,1,1,,1,1,,0,Visual,24,200,117,1208,GPS-003,,dbeea9e4-c2ac-406e-8374-f6961a2e42dd,5/13/2026 8:54:27 PM,KARABEER@boisestate.edu_boisestate,5/13/2026 8:54:27 PM,KARABEER@boisestate.edu_boisestate
232,7f4d8929-4a94-42aa-b3db-f25c973b4b70,T2,1,1778702400000,09:46,WISN,0,,,0,,,1,Audio,24,-99,0,1208,GPS-003,,dbeea9e4-c2ac-406e-8374-f6961a2e42dd,5/13/2026 8:54:27 PM,KARABEER@boisestate.edu_boisestate,5/13/2026 8:54:27 PM,KARABEER@boisestate.edu_boisestate
233,2cf653ad-89bd-4de1-8d00-cb9a0fc3d909,T2,1,1778702400000,09:46,WIPT,1,1,,0,0,,0,Visual,24,310,166,1208,GPS-003,,dbeea9e4-c2ac-406e-8374-f6961a2e42dd,5/13/2026 8:54:27 PM,KARABEER@boisestate.edu_boisestate,5/13/2026 8:54:27 PM,KARABEER@boisestate.edu_boisestate
234,3bbf58ad-094b-4f91-aa18-e11c26f7e638,T2,1,1778702400000,09:47,WIPT,1,1,,1,1,,0,Visual,24,-99,0,1209,GPS-003,,dbeea9e4-c2ac-406e-8374-f6961a2e42dd,5/13/2026 8:54:27 PM,KARABEER@boisestate.edu_boisestate,5/13/2026 8:54:27 PM,KARABEER@boisestate.edu_boisestate
235,f8a9c68e-863e-4659-8798-bc077b7690ed,T2,1,1778702400000,09:48,WIPT,1,1,,0,0,,0,Visual,24,190,211,1209,GPS-003,,dbeea9e4-c2ac-406e-8374-f6961a2e42dd,5/13/2026 8:54:27 PM,KARABEER@boisestate.edu_boisestate,5/13/2026 8:54:27 PM,KARABEER@boisestate.edu_boisestate
236,319778bc-7d51-49df-97b1-8db4c432dac2,T2,1,1778702400000,09:50,WIPT,1,1,,0,0,,0,Visual,24,210,136,1210,GPS-003,,dbeea9e4-c2ac-406e-8374-f6961a2e42dd,5/13/2026 8:54:27 PM,KARABEER@boisestate.edu_boisestate,5/13/2026 8:54:27 PM,KARABEER@boisestate.edu_boisestate
237,94cb75a1-115c-465d-aa23-579af4a7bb6e,T2,1,1778702400000,09:50,SEOW,0,,,0,,,1,Visual,24,340,60,1210,GPS-003,,dbeea9e4-c2ac-406e-8374-f6961a2e42dd,5/13/2026 8:54:27 PM,KARABEER@boisestate.edu_boisestate,5/13/2026 8:54:27 PM,KARABEER@boisestate.edu_boisestate
238,bdee1b2f-ad3b-4702-8999-1982fdda8a52,T2,1,1778702400000,09:50,WIPT,1,1,,0,0,,0,Visual,24,190,273,1211,GPS-003,,dbeea9e4-c2ac-406e-8374-f6961a2e42dd,5/13/2026 8:54:27 PM,KARABEER@boisestate.edu_boisestate,5/13/2026 8:54:27 PM,KARABEER@boisestate.edu_boisestate
239,8a113268-5b6e-4312-9f41-78b480c265d9,T2,1,1778702400000,09:52,WIPT,2,2,,0,0,,0,Visual,24,340,150,1211,GPS-003,,dbeea9e4-c2ac-406e-8374-f6961a2e42dd,5/13/2026 8:54:27 PM,KARABEER@boisestate.edu_boisestate,5/13/2026 8:54:27 PM,KARABEER@boisestate.edu_boisestate
240,9b4dc6e4-b466-4b7e-8919-c05a1ee92516,T2,1,1778702400000,09:53,WIPT,1,1,,1,1,,0,Audio,24,-99,0,1212,GPS-003,,dbeea9e4-c2ac-406e-8374-f6961a2e42dd,5/13/2026 8:54:27 PM,KARABEER@boisestate.edu_boisestate,5/13/2026 8:54:27 PM,KARABEER@boisestate.edu_boisestate
241,00e893c3-6391-42b0-8790-89cc0bb69e18,T2,1,1778702400000,09:54,WIPT,2,2,,1,1,,0,Visual,24,230,120,1212,GPS-003,,dbeea9e4-c2ac-406e-8374-f6961a2e42dd,5/13/2026 8:54:27 PM,KARABEER@boisestate.edu_boisestate,5/13/2026 8:54:27 PM,KARABEER@boisestate.edu_boisestate
242,0df9bf3e-0dff-4706-83e6-a929065af8ab,T2,1,1778702400000,09:54,WIPT,1,1,,0,0,,0,Visual,24,240,165,1212,GPS-003,,dbeea9e4-c2ac-406e-8374-f6961a2e42dd,5/13/2026 8:54:27 PM,KARABEER@boisestate.edu_boisestate,5/13/2026 8:54:27 PM,KARABEER@boisestate.edu_boisestate
243,1abed897-d126-418a-82e8-350a1b0622c1,T2,1,1778702400000,09:57,WIPT,2,2,,0,0,,0,Visual,25,350,115,1213,GPS-003,,dbeea9e4-c2ac-406e-8374-f6961a2e42dd,5/13/2026 8:54:27 PM,KARABEER@boisestate.edu_boisestate,5/13/2026 8:54:27 PM,KARABEER@boisestate.edu_boisestate
244,d3fb8c20-3770-4ef3-a57b-7f3b614277f3,T2,1,1778702400000,09:58,WIPT,1,1,,0,0,,0,Visual,25,10,75,1214,GPS-003,,dbeea9e4-c2ac-406e-8374-f6961a2e42dd,5/13/2026 8:54:27 PM,KARABEER@boisestate.edu_boisestate,5/13/2026 8:54:27 PM,KARABEER@boisestate.edu_boisestate
245,14b3a51b-95bf-4c10-b66c-347a37c1a03e,T2,1,1778702400000,09:59,WIPT,1,1,,1,1,,0,Visual,25,350,21,1215,GPS-003,,dbeea9e4-c2ac-406e-8374-f6961a2e42dd,5/13/2026 8:54:27 PM,KARABEER@boisestate.edu_boisestate,5/13/2026 8:54:27 PM,KARABEER@boisestate.edu_boisestate
246,7adfe2ba-83b3-442c-889f-9a6a8ffd93d2,T2,1,1778702400000,10:00,WIPT,1,1,,0,0,,0,Visual,25,220,32,1216,GPS-003,,dbeea9e4-c2ac-406e-8374-f6961a2e42dd,5/13/2026 8:54:27 PM,KARABEER@boisestate.edu_boisestate,5/13/2026 8:54:27 PM,KARABEER@boisestate.edu_boisestate
247,72bed6b9-219a-478e-bdc7-b9f6a5c8bc36,T2,1,1778702400000,10:01,WIPT,0,0,,1,1,,0,Visual,25,-99,0,1217,GPS-003,,dbeea9e4-c2ac-406e-8374-f6961a2e42dd,5/13/2026 8:54:27 PM,KARABEER@boisestate.edu_boisestate,5/13/2026 8:54:27 PM,KARABEER@boisestate.edu_boisestate
248,152906ad-7f0c-436c-800b-3de88d477526,T2,1,1778702400000,10:02,WIPT,0,0,,1,1,,0,Visual,25,180,12,1218,GPS-003,,dbeea9e4-c2ac-406e-8374-f6961a2e42dd,5/13/2026 8:54:27 PM,KARABEER@boisestate.edu_boisestate,5/13/2026 8:54:27 PM,KARABEER@boisestate.edu_boisestate
249,55bff8be-a1cf-4ff9-a4d5-6984f1ae4087,T2,1,1778702400000,10:03,WISN,0,,,0,,,1,Audio,25,-99,0,1218,GPS-003,,dbeea9e4-c2ac-406e-8374-f6961a2e42dd,5/13/2026 8:54:27 PM,KARABEER@boisestate.edu_boisestate,5/13/2026 8:54:27 PM,KARABEER@boisestate.edu_boisestate
250,19fed8bc-d983-49d2-9625-d926f4c38396,T2,1,1778702400000,10:03,WIPT,1,1,,0,0,,0,Visual,25,170,50,1218,GPS-003,,dbeea9e4-c2ac-406e-8374-f6961a2e42dd,5/13/2026 8:54:27 PM,KARABEER@boisestate.edu_boisestate,5/13/2026 8:54:27 PM,KARABEER@boisestate.edu_boisestate
251,23c29a1d-5b29-4a8f-947a-12369440630b,T2,1,1778702400000,10:05,WIPT,1,1,,1,1,,0,Visual,25,-99,0,1219,GPS-003,,dbeea9e4-c2ac-406e-8374-f6961a2e42dd,5/13/2026 8:54:27 PM,KARABEER@boisestate.edu_boisestate,5/13/2026 8:54:27 PM,KARABEER@boisestate.edu_boisestate
252,215ae1a2-c5e3-4d18-89ec-0cfdeaa3835e,T2,1,1778702400000,10:05,WIPT,1,1,,0,0,,0,Visual,25,330,122,1219,GPS-003,,dbeea9e4-c2ac-406e-8374-f6961a2e42dd,5/13/2026 8:54:27 PM,KARABEER@boisestate.edu_boisestate,5/13/2026 8:54:27 PM,KARABEER@boisestate.edu_boisestate
253,418d0deb-87eb-40b8-9d1a-328a43ee85d4,T2,1,1778702400000,10:05,WIPT,0,0,,1,1,,0,Visual,25,-99,0,1220,GPS-003,,dbeea9e4-c2ac-406e-8374-f6961a2e42dd,5/13/2026 8:54:27 PM,KARABEER@boisestate.edu_boisestate,5/13/2026 8:54:27 PM,KARABEER@boisestate.edu_boisestate
254,060d2347-f7f5-44eb-bbad-799e1201f0b2,T2,1,1778702400000,10:06,WIPT,1,1,,1,1,,0,Visual,25,180,9,1221,GPS-003,,dbeea9e4-c2ac-406e-8374-f6961a2e42dd,5/13/2026 8:54:27 PM,KARABEER@boisestate.edu_boisestate,5/13/2026 8:54:27 PM,KARABEER@boisestate.edu_boisestate
255,1c1b27aa-facc-4ab3-aef8-db4fa58a3b0a,T2,1,1778702400000,10:07,WIPT,1,1,,0,0,,0,Visual,25,190,85,1222,GPS-003,,dbeea9e4-c2ac-406e-8374-f6961a2e42dd,5/13/2026 8:54:27 PM,KARABEER@boisestate.edu_boisestate,5/13/2026 8:54:27 PM,KARABEER@boisestate.edu_boisestate
256,0d8f525f-966d-4aec-b21d-4cf0fac78255,T2,1,1778702400000,10:08,WIPT,1,1,,0,0,,0,Visual,26,200,112,1223,GPS-003,,dbeea9e4-c2ac-406e-8374-f6961a2e42dd,5/13/2026 8:54:27 PM,KARABEER@boisestate.edu_boisestate,5/13/2026 8:54:27 PM,KARABEER@boisestate.edu_boisestate
257,baa36e6a-3151-412b-add3-311d28b4c96c,T2,1,1778702400000,10:09,WIPT,1,1,,0,0,,0,Visual,26,230,94,1223,GPS-003,,dbeea9e4-c2ac-406e-8374-f6961a2e42dd,5/13/2026 8:54:27 PM,KARABEER@boisestate.edu_boisestate,5/13/2026 8:54:27 PM,KARABEER@boisestate.edu_boisestate
258,b430a9d9-8b82-432c-852f-b34801d599b9,T2,1,1778702400000,10:10,WIPT,1,1,,1,1,,0,Visual,26,30,62,1224,GPS-003,,dbeea9e4-c2ac-406e-8374-f6961a2e42dd,5/13/2026 8:54:27 PM,KARABEER@boisestate.edu_boisestate,5/13/2026 8:54:27 PM,KARABEER@boisestate.edu_boisestate
259,02d19117-03c3-44ca-b851-fe6d14851136,T2,1,1778702400000,10:14,WIPT,1,1,,0,0,,0,Visual,26,30,35,1225,GPS-003,,dbeea9e4-c2ac-406e-8374-f6961a2e42dd,5/13/2026 8:54:27 PM,KARABEER@boisestate.edu_boisestate,5/13/2026 8:54:27 PM,KARABEER@boisestate.edu_boisestate
260,753d160e-9032-4296-9ddb-15d00365f083,T2,1,1778702400000,10:15,WIPT,1,1,,0,0,,0,Visual,26,220,80,1226,GPS-003,,dbeea9e4-c2ac-406e-8374-f6961a2e42dd,5/13/2026 8:54:27 PM,KARABEER@boisestate.edu_boisestate,5/13/2026 8:54:27 PM,KARABEER@boisestate.edu_boisestate
261,3558c9d1-92b3-4ac4-a921-e6077c9ca67e,T2,1,1778702400000,10:16,WIPT,1,1,,1,1,,0,Visual,26,340,109,1227,GPS-003,,dbeea9e4-c2ac-406e-8374-f6961a2e42dd,5/13/2026 8:54:27 PM,KARABEER@boisestate.edu_boisestate,5/13/2026 8:54:27 PM,KARABEER@boisestate.edu_boisestate
262,fd55bd16-ea61-4c4c-a25e-18f2e32b919b,T2,1,1778702400000,10:17,WIPT,1,1,,1,1,,0,Visual,26,-99,0,1228,GPS-003,,dbeea9e4-c2ac-406e-8374-f6961a2e42dd,5/13/2026 8:54:27 PM,KARABEER@boisestate.edu_boisestate,5/13/2026 8:54:27 PM,KARABEER@boisestate.edu_boisestate
263,b8e9d858-e114-44ea-9020-b79a6db82966,T2,1,1778702400000,10:18,WIPT,1,1,,0,0,,0,Visual,26,220,143,1228,GPS-003,,dbeea9e4-c2ac-406e-8374-f6961a2e42dd,5/13/2026 8:54:27 PM,KARABEER@boisestate.edu_boisestate,5/13/2026 8:54:27 PM,KARABEER@boisestate.edu_boisestate
264,191f8025-6221-4dec-8699-fcfeb143dbb4,T2,1,1778702400000,10:19,WIPT,1,1,,0,0,,0,Visual,26,0,400,1228,GPS-003,,dbeea9e4-c2ac-406e-8374-f6961a2e42dd,5/13/2026 8:54:27 PM,KARABEER@boisestate.edu_boisestate,5/13/2026 8:54:27 PM,KARABEER@boisestate.edu_boisestate
265,f4134408-64de-4b5d-8083-639b77e2e323,T2,1,1778702400000,10:19,WIPT,0,0,,0,0,,2,Visual,26,220,790,1228,GPS-003,,dbeea9e4-c2ac-406e-8374-f6961a2e42dd,5/13/2026 8:54:27 PM,KARABEER@boisestate.edu_boisestate,5/13/2026 8:54:27 PM,KARABEER@boisestate.edu_boisestate
266,e8457a7b-2635-4849-802b-8d44bcac31f2,T2,1,1778702400000,10:19,WIPT,1,1,,0,0,,0,Visual,26,250,100,1229,GPS-003,,dbeea9e4-c2ac-406e-8374-f6961a2e42dd,5/13/2026 8:54:27 PM,KARABEER@boisestate.edu_boisestate,5/13/2026 8:54:27 PM,KARABEER@boisestate.edu_boisestate
267,001bc0da-91a0-453b-b4f3-3efce83efee9,T2,1,1778702400000,10:21,WIPT,1,1,,1,1,,0,Visual,26,10,164,1230,GPS-003,,dbeea9e4-c2ac-406e-8374-f6961a2e42dd,5/13/2026 8:54:27 PM,KARABEER@boisestate.edu_boisestate,5/13/2026 8:54:27 PM,KARABEER@boisestate.edu_boisestate
268,e522e250-cf66-479e-b735-cdd6a4cea258,T2,1,1778702400000,10:22,WIPT,1,1,,0,0,,0,Visual,26,280,82,1230,GPS-003,,dbeea9e4-c2ac-406e-8374-f6961a2e42dd,5/13/2026 8:54:27 PM,KARABEER@boisestate.edu_boisestate,5/13/2026 8:54:27 PM,KARABEER@boisestate.edu_boisestate
269,4908123e-6aa4-467f-a942-36ba36c376d9,T2,1,1778702400000,10:22,WIPT,1,1,,0,0,,0,Visual,26,20,211,1230,GPS-003,,dbeea9e4-c2ac-406e-8374-f6961a2e42dd,5/13/2026 8:54:27 PM,KARABEER@boisestate.edu_boisestate,5/13/2026 8:54:27 PM,KARABEER@boisestate.edu_boisestate
270,dd7d6b84-e6c3-427d-be31-1d1bd415c915,T2,1,1778702400000,10:23,WIPT,1,1,,0,0,,0,Visual,26,20,350,1230,GPS-003,,dbeea9e4-c2ac-406e-8374-f6961a2e42dd,5/13/2026 8:54:27 PM,KARABEER@boisestate.edu_boisestate,5/13/2026 8:54:27 PM,KARABEER@boisestate.edu_boisestate
271,e2a98087-e93c-4581-b529-cc8aed3ad3ec,T2,1,1778702400000,10:25,LTJA,0,,,0,,,1,Visual,27,340,80,1231,GPS-003,,dbeea9e4-c2ac-406e-8374-f6961a2e42dd,5/13/2026 8:54:27 PM,KARABEER@boisestate.edu_boisestate,5/13/2026 8:54:27 PM,KARABEER@boisestate.edu_boisestate
272,ba617b18-16e4-4376-87d8-4cd9c0d1dae6,T2,1,1778702400000,10:26,WIPT,1,1,,1,1,,0,Visual,27,300,29,1232,GPS-003,,dbeea9e4-c2ac-406e-8374-f6961a2e42dd,5/13/2026 8:54:27 PM,KARABEER@boisestate.edu_boisestate,5/13/2026 8:54:27 PM,KARABEER@boisestate.edu_boisestate
273,bc466de2-69df-4b94-895d-d6898ea3b7ae,T2,1,1778702400000,10:27,WIPT,1,1,,0,0,,0,Visual,27,80,47,1232,GPS-003,,dbeea9e4-c2ac-406e-8374-f6961a2e42dd,5/13/2026 8:54:27 PM,KARABEER@boisestate.edu_boisestate,5/13/2026 8:54:27 PM,KARABEER@boisestate.edu_boisestate
274,d5ed7af8-cea0-4f96-ae11-27e1fc198712,T2,1,1778702400000,10:28,WIPT,1,1,,0,0,,0,Visual,27,300,77,1233,GPS-003,,dbeea9e4-c2ac-406e-8374-f6961a2e42dd,5/13/2026 8:54:27 PM,KARABEER@boisestate.edu_boisestate,5/13/2026 8:54:27 PM,KARABEER@boisestate.edu_boisestate
275,57fb7412-5c7f-4064-a184-434683b393d0,T2,1,1778702400000,10:28,WIPT,1,1,,0,0,,0,Visual,27,50,120,1233,GPS-003,,dbeea9e4-c2ac-406e-8374-f6961a2e42dd,5/13/2026 8:54:27 PM,KARABEER@boisestate.edu_boisestate,5/13/2026 8:54:27 PM,KARABEER@boisestate.edu_boisestate
276,0536d4d6-c294-4a73-a32f-a057fc37ead7,T2,1,1778702400000,10:29,WIPT,1,1,,1,1,,0,Visual,27,80,117,1234,GPS-003,,dbeea9e4-c2ac-406e-8374-f6961a2e42dd,5/13/2026 8:54:27 PM,KARABEER@boisestate.edu_boisestate,5/13/2026 8:54:27 PM,KARABEER@boisestate.edu_boisestate
277,109635fe-0a38-4f0d-b354-2c55179bfd57,T2,1,1778702400000,10:30,WIPT,1,1,,0,0,,0,Visual,27,90,55,1235,GPS-003,,dbeea9e4-c2ac-406e-8374-f6961a2e42dd,5/13/2026 8:54:27 PM,KARABEER@boisestate.edu_boisestate,5/13/2026 8:54:27 PM,KARABEER@boisestate.edu_boisestate
278,5718ba07-bcc6-4df6-9a79-d99b92b9e798,T2,1,1778702400000,10:30,WIPT,1,1,,0,0,,0,Visual,27,350,39,1234,GPS-003,,dbeea9e4-c2ac-406e-8374-f6961a2e42dd,5/13/2026 8:54:27 PM,KARABEER@boisestate.edu_boisestate,5/13/2026 8:54:27 PM,KARABEER@boisestate.edu_boisestate
279,9504a4cd-58bd-47da-848b-285b7c7dedd4,T2,1,1778702400000,10:31,WIPT,0,0,,1,1,,0,Visual,27,80,38,1236,GPS-003,,dbeea9e4-c2ac-406e-8374-f6961a2e42dd,5/13/2026 8:54:27 PM,KARABEER@boisestate.edu_boisestate,5/13/2026 8:54:27 PM,KARABEER@boisestate.edu_boisestate
280,601d1228-a29f-4f0b-984c-41079e9f63c5,T2,1,1778702400000,10:33,WIPT,1,1,,0,0,,0,Visual,27,290,16,1237,GPS-003,,dbeea9e4-c2ac-406e-8374-f6961a2e42dd,5/13/2026 8:54:27 PM,KARABEER@boisestate.edu_boisestate,5/13/2026 8:54:27 PM,KARABEER@boisestate.edu_boisestate
281,f5365513-0e39-43f3-9381-c6ab4eb8855d,T2,1,1778702400000,10:34,WISN,0,,,0,,,1,Audio,27,270,20,1237,GPS-003,,dbeea9e4-c2ac-406e-8374-f6961a2e42dd,5/13/2026 8:54:27 PM,KARABEER@boisestate.edu_boisestate,5/13/2026 8:54:27 PM,KARABEER@boisestate.edu_boisestate
282,b1ac15c6-fdae-4af3-8c9c-084c435fc415,T2,1,1778702400000,10:34,WISN,0,,,0,,,2,Visual,27,-99,0,1238,GPS-003,,dbeea9e4-c2ac-406e-8374-f6961a2e42dd,5/13/2026 8:54:27 PM,KARABEER@boisestate.edu_boisestate,5/13/2026 8:54:27 PM,KARABEER@boisestate.edu_boisestate
283,89aefbe7-1080-4b10-8273-a291db43c849,T2,1,1778702400000,10:35,WIPT,1,1,,0,0,,0,Visual,27,300,82,1239,GPS-003,,dbeea9e4-c2ac-406e-8374-f6961a2e42dd,5/13/2026 8:54:27 PM,KARABEER@boisestate.edu_boisestate,5/13/2026 8:54:27 PM,KARABEER@boisestate.edu_boisestate
284,a838aa7f-6f02-478e-83b2-9afb024b1d73,T2,1,1778702400000,10:37,WIPT,1,1,,0,0,,0,Visual,27,250,236,1240,GPS-003,,dbeea9e4-c2ac-406e-8374-f6961a2e42dd,5/13/2026 8:54:27 PM,KARABEER@boisestate.edu_boisestate,5/13/2026 8:54:27 PM,KARABEER@boisestate.edu_boisestate
285,b4420ffe-87a3-43cc-9c4b-ef1d90127945,T2,1,1778702400000,10:38,WIPT,1,1,,0,0,,0,Visual,27,110,45,1241,GPS-003,,dbeea9e4-c2ac-406e-8374-f6961a2e42dd,5/13/2026 8:54:27 PM,KARABEER@boisestate.edu_boisestate,5/13/2026 8:54:27 PM,KARABEER@boisestate.edu_boisestate
286,60b29d5a-9784-45af-8246-d841b670075e,T2,1,1778702400000,10:39,WIPT,2,2,,0,0,,0,Visual,27,80,167,1242,GPS-003,,dbeea9e4-c2ac-406e-8374-f6961a2e42dd,5/13/2026 8:54:27 PM,KARABEER@boisestate.edu_boisestate,5/13/2026 8:54:27 PM,KARABEER@boisestate.edu_boisestate
287,615ba130-053d-41f7-896a-77cb8d829532,T2,1,1778702400000,10:40,WIPT,1,1,,1,1,,0,Visual,27,60,83,1243,GPS-003,,dbeea9e4-c2ac-406e-8374-f6961a2e42dd,5/13/2026 8:54:27 PM,KARABEER@boisestate.edu_boisestate,5/13/2026 8:54:27 PM,KARABEER@boisestate.edu_boisestate
288,38173b81-a2da-49fa-ada0-62ab55d896f6,T2,1,1778702400000,10:41,WIPT,1,1,,1,1,,0,Visual,28,90,16,1244,GPS-003,,dbeea9e4-c2ac-406e-8374-f6961a2e42dd,5/13/2026 8:54:27 PM,KARABEER@boisestate.edu_boisestate,5/13/2026 8:54:27 PM,KARABEER@boisestate.edu_boisestate
289,8763786d-4aea-4281-b0fc-007c2649bc69,T2,1,1778702400000,10:42,WIPT,1,1,,0,0,,0,Visual,28,290,128,1244,GPS-003,,dbeea9e4-c2ac-406e-8374-f6961a2e42dd,5/13/2026 8:54:27 PM,KARABEER@boisestate.edu_boisestate,5/13/2026 8:54:27 PM,KARABEER@boisestate.edu_boisestate
290,cf7083f1-cff8-4931-8a8a-d666c957853c,T2,1,1778702400000,10:42,WIPT,1,1,,0,0,,0,Visual,28,300,105,1245,GPS-003,,dbeea9e4-c2ac-406e-8374-f6961a2e42dd,5/13/2026 8:54:27 PM,KARABEER@boisestate.edu_boisestate,5/13/2026 8:54:27 PM,KARABEER@boisestate.edu_boisestate
291,02e4b27a-e872-4815-84d5-4b5e84c88939,T2,1,1778702400000,10:43,WIPT,1,1,,0,0,,0,Visual,28,310,206,1245,GPS-003,,dbeea9e4-c2ac-406e-8374-f6961a2e42dd,5/13/2026 8:54:27 PM,KARABEER@boisestate.edu_boisestate,5/13/2026 8:54:27 PM,KARABEER@boisestate.edu_boisestate
292,6099d920-8974-4cd7-82e0-7678763022fe,T2,1,1778702400000,10:44,WIPT,1,1,,1,1,,0,Visual,28,90,14,1246,GPS-003,,dbeea9e4-c2ac-406e-8374-f6961a2e42dd,5/13/2026 8:54:27 PM,KARABEER@boisestate.edu_boisestate,5/13/2026 8:54:27 PM,KARABEER@boisestate.edu_boisestate
293,4cca20b8-6c98-4e4f-9751-3dbb6d29a92c,T2,1,1778702400000,10:46,WISN,0,,,0,,,2,Visual,28,270,51,1247,GPS-003,,dbeea9e4-c2ac-406e-8374-f6961a2e42dd,5/13/2026 8:54:27 PM,KARABEER@boisestate.edu_boisestate,5/13/2026 8:54:27 PM,KARABEER@boisestate.edu_boisestate
294,eeec084b-3925-43fd-a6d6-6a07a2c6338b,T2,1,1778702400000,10:46,WIPT,1,1,,1,1,,0,Visual,28,50,57,1248,GPS-003,,dbeea9e4-c2ac-406e-8374-f6961a2e42dd,5/13/2026 8:54:27 PM,KARABEER@boisestate.edu_boisestate,5/13/2026 8:54:27 PM,KARABEER@boisestate.edu_boisestate
295,15bcdadc-3b90-445c-aa9f-f8f1bb667591,T2,1,1778702400000,10:48,WIPT,1,1,,1,1,,0,Visual,28,280,15,1249,GPS-003,,dbeea9e4-c2ac-406e-8374-f6961a2e42dd,5/13/2026 8:54:27 PM,KARABEER@boisestate.edu_boisestate,5/13/2026 8:54:27 PM,KARABEER@boisestate.edu_boisestate
296,b0075a40-4c4b-4aa0-adb8-38fd6d852c1f,K3,2,1778788800000,06:53,WIPT,1,1,,1,1,,0,Visual,43,355,9,1250,GPS-003,,1c493993-f93e-4304-b760-97374f0f8797,5/14/2026 6:59:08 PM,KARABEER@boisestate.edu_boisestate,5/14/2026 6:59:08 PM,KARABEER@boisestate.edu_boisestate
297,629a38f7-2eb4-4fd9-a164-9c4e975d5d27,K3,2,1778788800000,06:59,WIPT,1,1,,0,0,,0,Visual,43,-99,0,1251,GPS-003,,1c493993-f93e-4304-b760-97374f0f8797,5/14/2026 6:59:08 PM,KARABEER@boisestate.edu_boisestate,5/14/2026 6:59:08 PM,KARABEER@boisestate.edu_boisestate
298,2cfdc831-4a04-4d23-ab03-0d113e141a37,K3,2,1778788800000,07:00,WIPT,1,1,,0,0,,0,Audio,43,40,87,1251,GPS-003,,1c493993-f93e-4304-b760-97374f0f8797,5/14/2026 6:59:08 PM,KARABEER@boisestate.edu_boisestate,5/14/2026 6:59:08 PM,KARABEER@boisestate.edu_boisestate
299,4405f423-aa16-417a-a41e-fe0606243327,K3,2,1778788800000,07:01,WIPT,1,1,,1,1,,0,Visual,43,30,52,1252,GPS-003,,1c493993-f93e-4304-b760-97374f0f8797,5/14/2026 6:59:08 PM,KARABEER@boisestate.edu_boisestate,5/14/2026 6:59:08 PM,KARABEER@boisestate.edu_boisestate
300,d351ecf5-bcd8-42f4-ba8c-e4a20556f127,K3,2,1778788800000,07:02,WIPT,1,1,,0,0,,0,Visual,43,320,243,1253,GPS-003,,1c493993-f93e-4304-b760-97374f0f8797,5/14/2026 6:59:08 PM,KARABEER@boisestate.edu_boisestate,5/14/2026 6:59:08 PM,KARABEER@boisestate.edu_boisestate
301,fe874e0a-a035-4f2f-81b0-93f5f21e301e,K3,2,1778788800000,07:04,WISN,0,,,0,,,1,Audio,43,-99,0,1253,GPS-003,,1c493993-f93e-4304-b760-97374f0f8797,5/14/2026 6:59:08 PM,KARABEER@boisestate.edu_boisestate,5/14/2026 6:59:08 PM,KARABEER@boisestate.edu_boisestate
302,af8568a0-21ba-47c8-a4b4-684c12264600,K3,2,1778788800000,07:05,WIPT,0,0,,1,1,,0,Visual,43,-99,0,1254,GPS-003,,1c493993-f93e-4304-b760-97374f0f8797,5/14/2026 6:59:08 PM,KARABEER@boisestate.edu_boisestate,5/14/2026 6:59:08 PM,KARABEER@boisestate.edu_boisestate
303,32cbf452-a6fe-401e-8217-b0481022c30e,K3,2,1778788800000,07:06,WIPT,1,1,,0,0,,0,Visual,43,355,12,1255,GPS-003,,1c493993-f93e-4304-b760-97374f0f8797,5/14/2026 6:59:08 PM,KARABEER@boisestate.edu_boisestate,5/14/2026 6:59:08 PM,KARABEER@boisestate.edu_boisestate
304,e298d948-8514-4c0c-8d28-07f6830c49a0,K3,2,1778788800000,07:07,WIPT,1,1,,1,1,,0,Visual,43,190,63,1256,GPS-003,,1c493993-f93e-4304-b760-97374f0f8797,5/14/2026 6:59:08 PM,KARABEER@boisestate.edu_boisestate,5/14/2026 6:59:08 PM,KARABEER@boisestate.edu_boisestate
305,0eb8a4f8-63cd-48b2-a3a3-6b478ba71fff,K3,2,1778788800000,07:08,WIPT,1,1,,1,1,,0,Visual,42,200,40,1257,GPS-003,,1c493993-f93e-4304-b760-97374f0f8797,5/14/2026 6:59:08 PM,KARABEER@boisestate.edu_boisestate,5/14/2026 6:59:08 PM,KARABEER@boisestate.edu_boisestate
306,78e95a63-25f7-4c1a-b3b5-8abeebbb6672,K3,2,1778788800000,07:12,PTAR,0,,,0,,,2,Visual,42,0,412,1258,GPS-003,,1c493993-f93e-4304-b760-97374f0f8797,5/14/2026 6:59:08 PM,KARABEER@boisestate.edu_boisestate,5/14/2026 6:59:08 PM,KARABEER@boisestate.edu_boisestate
307,ef30fddc-a5a9-4c5e-8612-59bdbf9644e0,K3,2,1778788800000,07:14,WIPT,0,0,,0,0,,1,Visual,42,15,204,1259,GPS-003,,1c493993-f93e-4304-b760-97374f0f8797,5/14/2026 6:59:08 PM,KARABEER@boisestate.edu_boisestate,5/14/2026 6:59:08 PM,KARABEER@boisestate.edu_boisestate
308,197d8c22-b641-48ea-98e2-23e22f3b7091,K3,2,1778788800000,07:15,WIPT,0,0,,0,0,,1,Audio,42,230,30,1259,GPS-003,,1c493993-f93e-4304-b760-97374f0f8797,5/14/2026 6:59:08 PM,KARABEER@boisestate.edu_boisestate,5/14/2026 6:59:08 PM,KARABEER@boisestate.edu_boisestate
309,2fe74d8b-e630-4859-a0f6-848f30eb5e7b,K3,2,1778788800000,07:16,WIPT,1,1,,0,0,,0,Visual,42,18,87,1260,GPS-003,,1c493993-f93e-4304-b760-97374f0f8797,5/14/2026 6:59:08 PM,KARABEER@boisestate.edu_boisestate,5/14/2026 6:59:08 PM,KARABEER@boisestate.edu_boisestate
310,463b3aab-e0c0-4d81-980b-bd642d65edf3,K3,2,1778788800000,07:16,WIPT,1,1,,1,1,,0,Visual,42,-99,0,1261,GPS-003,,1c493993-f93e-4304-b760-97374f0f8797,5/14/2026 6:59:08 PM,KARABEER@boisestate.edu_boisestate,5/14/2026 6:59:08 PM,KARABEER@boisestate.edu_boisestate
311,4dfbe3f2-5588-4735-9c8e-28d8079da1fd,K3,2,1778788800000,07:18,WIPT,1,1,,0,0,,0,Visual,42,70,100,1262,GPS-003,,1c493993-f93e-4304-b760-97374f0f8797,5/14/2026 6:59:08 PM,KARABEER@boisestate.edu_boisestate,5/14/2026 6:59:08 PM,KARABEER@boisestate.edu_boisestate
312,39679974-133d-40a3-a161-25dd1e668cbf,K3,2,1778788800000,07:20,WIPT,1,1,,0,0,,0,Visual,41,350,199,1263,GPS-003,,1c493993-f93e-4304-b760-97374f0f8797,5/14/2026 6:59:08 PM,KARABEER@boisestate.edu_boisestate,5/14/2026 6:59:08 PM,KARABEER@boisestate.edu_boisestate
313,3959aaaf-a50e-4a20-9758-2bb1f9be2497,K3,2,1778788800000,07:21,WIPT,2,2,,0,0,,0,Visual,41,210,30,1264,GPS-003,,1c493993-f93e-4304-b760-97374f0f8797,5/14/2026 6:59:08 PM,KARABEER@boisestate.edu_boisestate,5/14/2026 6:59:08 PM,KARABEER@boisestate.edu_boisestate
314,415fe439-0c75-4f42-8c86-49b1e603851a,K3,2,1778788800000,07:23,WIPT,1,1,,0,0,,0,Visual,41,210,32,1265,GPS-003,,1c493993-f93e-4304-b760-97374f0f8797,5/14/2026 6:59:08 PM,KARABEER@boisestate.edu_boisestate,5/14/2026 6:59:08 PM,KARABEER@boisestate.edu_boisestate
315,a2ee50c2-61fb-492f-9999-40960d840884,K3,2,1778788800000,07:24,WIPT,1,1,,0,0,,1,Visual,41,35,433,1266,GPS-003,,1c493993-f93e-4304-b760-97374f0f8797,5/14/2026 6:59:08 PM,KARABEER@boisestate.edu_boisestate,5/14/2026 6:59:08 PM,KARABEER@boisestate.edu_boisestate
316,1ea862e6-5fa7-4665-8f3f-b10902a49e7c,K3,2,1778788800000,07:25,WIPT,1,1,,1,1,,0,Visual,41,-99,0,1267,GPS-003,,1c493993-f93e-4304-b760-97374f0f8797,5/14/2026 6:59:08 PM,KARABEER@boisestate.edu_boisestate,5/14/2026 6:59:08 PM,KARABEER@boisestate.edu_boisestate
317,3216f3b4-30ad-4fe1-a04b-e7a05a879bc4,K3,2,1778788800000,07:26,WIPT,1,1,,0,0,,0,Visual,41,280,197,1268,GPS-003,,1c493993-f93e-4304-b760-97374f0f8797,5/14/2026 6:59:08 PM,KARABEER@boisestate.edu_boisestate,5/14/2026 6:59:08 PM,KARABEER@boisestate.edu_boisestate
318,f64d2513-24bb-458d-ae7a-124b16b5241e,K3,2,1778788800000,07:27,WIPT,1,1,,0,0,,0,Visual,41,280,147,1269,GPS-003,,1c493993-f93e-4304-b760-97374f0f8797,5/14/2026 6:59:08 PM,KARABEER@boisestate.edu_boisestate,5/14/2026 6:59:08 PM,KARABEER@boisestate.edu_boisestate
319,fc4c3035-bd27-482b-b580-b45c84d5ecf3,K3,2,1778788800000,07:27,WIPT,1,1,,0,0,,0,Visual,41,150,48,1269,GPS-003,,1c493993-f93e-4304-b760-97374f0f8797,5/14/2026 6:59:08 PM,KARABEER@boisestate.edu_boisestate,5/14/2026 6:59:08 PM,KARABEER@boisestate.edu_boisestate
320,538cc166-a7df-4b74-b2f5-99a81a875b7f,K3,2,1778788800000,07:29,WIPT,1,1,,1,1,,0,Visual,41,-99,0,1270,GPS-003,,1c493993-f93e-4304-b760-97374f0f8797,5/14/2026 6:59:08 PM,KARABEER@boisestate.edu_boisestate,5/14/2026 6:59:08 PM,KARABEER@boisestate.edu_boisestate
321,300a3fd4-2010-48a4-8bf4-47fcfa2a5ea0,K3,2,1778788800000,07:29,WIPT,1,1,,1,1,,0,Visual,41,150,117,1271,GPS-003,,1c493993-f93e-4304-b760-97374f0f8797,5/14/2026 6:59:08 PM,KARABEER@boisestate.edu_boisestate,5/14/2026 6:59:08 PM,KARABEER@boisestate.edu_boisestate
322,9852e891-05e2-4f78-8e63-f04285dfa732,K3,2,1778788800000,07:30,WIPT,1,1,,0,0,,0,Visual,41,135,35,1272,GPS-003,,1c493993-f93e-4304-b760-97374f0f8797,5/14/2026 6:59:08 PM,KARABEER@boisestate.edu_boisestate,5/14/2026 6:59:08 PM,KARABEER@boisestate.edu_boisestate
323,1e9fb2f4-d08f-40b8-815b-4f23a1bba8ce,K3,2,1778788800000,07:32,WIPT,1,1,,0,0,,0,Visual,41,330,280,1273,GPS-003,,1c493993-f93e-4304-b760-97374f0f8797,5/14/2026 6:59:08 PM,KARABEER@boisestate.edu_boisestate,5/14/2026 6:59:08 PM,KARABEER@boisestate.edu_boisestate
324,eccfb443-874b-42a1-8ef3-21b9851343eb,K3,2,1778788800000,07:33,WIPT,1,1,,1,1,,0,Visual,41,-99,0,1274,GPS-003,,1c493993-f93e-4304-b760-97374f0f8797,5/14/2026 6:59:08 PM,KARABEER@boisestate.edu_boisestate,5/14/2026 6:59:08 PM,KARABEER@boisestate.edu_boisestate
325,069c3c32-8996-4c20-b65b-09446fb17027,K3,2,1778788800000,07:34,WISN,0,,,0,,,1,Audio,41,0,50,1275,GPS-003,,1c493993-f93e-4304-b760-97374f0f8797,5/14/2026 6:59:08 PM,KARABEER@boisestate.edu_boisestate,5/14/2026 6:59:08 PM,KARABEER@boisestate.edu_boisestate
326,d823d40d-aa1c-4b74-a7f8-5930a0f6cade,K3,2,1778788800000,07:35,WIPT,1,1,,0,0,,0,Visual,41,25,150,1276,GPS-003,,1c493993-f93e-4304-b760-97374f0f8797,5/14/2026 6:59:08 PM,KARABEER@boisestate.edu_boisestate,5/14/2026 6:59:08 PM,KARABEER@boisestate.edu_boisestate
327,fb3c52b7-ce05-4a31-a8d3-6d198484c648,K3,2,1778788800000,07:37,WIPT,0,0,,0,0,,1,Visual,41,350,490,1277,GPS-003,,1c493993-f93e-4304-b760-97374f0f8797,5/14/2026 6:59:08 PM,KARABEER@boisestate.edu_boisestate,5/14/2026 6:59:08 PM,KARABEER@boisestate.edu_boisestate
328,1eb5ca6d-9062-456a-91f8-88f5a5e07467,K3,2,1778788800000,07:38,WIPT,1,1,,1,1,,0,Visual,41,310,270,1278,GPS-003,,1c493993-f93e-4304-b760-97374f0f8797,5/14/2026 6:59:08 PM,KARABEER@boisestate.edu_boisestate,5/14/2026 6:59:08 PM,KARABEER@boisestate.edu_boisestate
329,d6f20796-5287-4f0b-abba-25361d1c9118,K3,2,1778788800000,07:38,WIPT,1,1,,0,0,,0,Visual,41,10,16,1279,GPS-003,,1c493993-f93e-4304-b760-97374f0f8797,5/14/2026 6:59:08 PM,KARABEER@boisestate.edu_boisestate,5/14/2026 6:59:08 PM,KARABEER@boisestate.edu_boisestate
330,e1759cb5-7109-404a-b0c4-21a9f2c3e155,K3,2,1778788800000,07:39,WIPT,1,1,,0,0,,0,Visual,41,350,50,1280,GPS-003,,1c493993-f93e-4304-b760-97374f0f8797,5/14/2026 6:59:08 PM,KARABEER@boisestate.edu_boisestate,5/14/2026 6:59:08 PM,KARABEER@boisestate.edu_boisestate
331,a8f549f5-fca9-477b-b016-59a2de2394c5,K3,2,1778788800000,07:41,NOHA,1,,,0,,,0,Visual,41,300,700,1281,GPS-003,,1c493993-f93e-4304-b760-97374f0f8797,5/14/2026 6:59:08 PM,KARABEER@boisestate.edu_boisestate,5/14/2026 6:59:08 PM,KARABEER@boisestate.edu_boisestate
332,e1278870-0778-434f-8064-3310f0f90c2e,K3,2,1778788800000,07:42,WIPT,1,1,,0,0,,0,Visual,41,355,60,1282,GPS-003,,1c493993-f93e-4304-b760-97374f0f8797,5/14/2026 6:59:08 PM,KARABEER@boisestate.edu_boisestate,5/14/2026 6:59:08 PM,KARABEER@boisestate.edu_boisestate
333,ca29251d-48da-43d4-84b6-7db78a4442d7,K3,2,1778788800000,07:43,WIPT,0,0,,0,0,,1,Visual,40,300,382,1283,GPS-003,,1c493993-f93e-4304-b760-97374f0f8797,5/14/2026 6:59:08 PM,KARABEER@boisestate.edu_boisestate,5/14/2026 6:59:08 PM,KARABEER@boisestate.edu_boisestate
334,4de7474a-8f23-4543-bf4a-b672a58865a7,K3,2,1778788800000,07:44,WISN,0,,,0,,,1,Audio,40,300,60,1283,GPS-003,,1c493993-f93e-4304-b760-97374f0f8797,5/14/2026 6:59:08 PM,KARABEER@boisestate.edu_boisestate,5/14/2026 6:59:08 PM,KARABEER@boisestate.edu_boisestate
335,70d222b2-51b2-44d6-bea1-8a73531a5f43,K3,2,1778788800000,07:45,WIPT,1,1,,0,0,,0,Visual,39,100,87,1284,GPS-003,,1c493993-f93e-4304-b760-97374f0f8797,5/14/2026 6:59:08 PM,KARABEER@boisestate.edu_boisestate,5/14/2026 6:59:08 PM,KARABEER@boisestate.edu_boisestate
336,5f1c44f0-d3bd-4f34-a6ee-21bd82e349c7,K3,2,1778788800000,07:47,WIPT,1,1,,0,0,,0,Visual,39,-99,0,1285,GPS-003,,1c493993-f93e-4304-b760-97374f0f8797,5/14/2026 6:59:08 PM,KARABEER@boisestate.edu_boisestate,5/14/2026 6:59:08 PM,KARABEER@boisestate.edu_boisestate
337,5424ae41-01c0-4a46-b47a-62064ec73972,K3,2,1778788800000,07:47,WIPT,1,1,,0,0,,0,Visual,39,175,61,1285,GPS-003,,1c493993-f93e-4304-b760-97374f0f8797,5/14/2026 6:59:08 PM,KARABEER@boisestate.edu_boisestate,5/14/2026 6:59:08 PM,KARABEER@boisestate.edu_boisestate
338,bc81764e-fa6a-40f8-82bd-799b81b92a01,K3,2,1778788800000,07:48,WIPT,0,0,,1,1,,0,Visual,39,300,200,1286,GPS-003,,1c493993-f93e-4304-b760-97374f0f8797,5/14/2026 6:59:08 PM,KARABEER@boisestate.edu_boisestate,5/14/2026 6:59:08 PM,KARABEER@boisestate.edu_boisestate
339,6cecc985-312b-4150-8444-f9d94f52d8f4,K3,2,1778788800000,07:49,WISN,0,,,0,,,1,Audio,39,350,50,1286,GPS-003,,1c493993-f93e-4304-b760-97374f0f8797,5/14/2026 6:59:08 PM,KARABEER@boisestate.edu_boisestate,5/14/2026 6:59:08 PM,KARABEER@boisestate.edu_boisestate
340,b32314bd-5cc2-4fc1-b951-e65f617fd1bb,K3,2,1778788800000,07:50,WIPT,1,1,,0,0,,0,Visual,39,190,37,1286,GPS-003,,1c493993-f93e-4304-b760-97374f0f8797,5/14/2026 6:59:08 PM,KARABEER@boisestate.edu_boisestate,5/14/2026 6:59:08 PM,KARABEER@boisestate.edu_boisestate
341,87b964c7-4c2b-4e16-885b-6d3d21ebba7b,K3,2,1778788800000,07:51,WIPT,1,1,,0,0,,0,Visual,39,290,89,1287,GPS-003,,1c493993-f93e-4304-b760-97374f0f8797,5/14/2026 6:59:08 PM,KARABEER@boisestate.edu_boisestate,5/14/2026 6:59:08 PM,KARABEER@boisestate.edu_boisestate
342,7978bde8-9c89-4ada-99e6-6d7d52b2db50,K3,2,1778788800000,07:52,WIPT,0,0,,1,0,,0,Visual,39,270,102,1287,GPS-003,,1c493993-f93e-4304-b760-97374f0f8797,5/14/2026 6:59:08 PM,KARABEER@boisestate.edu_boisestate,5/14/2026 6:59:08 PM,KARABEER@boisestate.edu_boisestate
343,b0e0d531-af92-43c1-bb88-ba54a4ab0d72,K3,2,1778788800000,07:53,WISN,0,,,0,,,1,Visual,39,-99,0,1288,GPS-003,,1c493993-f93e-4304-b760-97374f0f8797,5/14/2026 6:59:08 PM,KARABEER@boisestate.edu_boisestate,5/14/2026 6:59:08 PM,KARABEER@boisestate.edu_boisestate
344,e69d8285-48a1-43a6-a19a-8e368e7cacb6,K3,2,1778788800000,07:54,WIPT,1,1,,0,0,,0,Visual,39,290,76,1289,GPS-003,,1c493993-f93e-4304-b760-97374f0f8797,5/14/2026 6:59:08 PM,KARABEER@boisestate.edu_boisestate,5/14/2026 6:59:08 PM,KARABEER@boisestate.edu_boisestate
345,0bb7dfd7-94db-4cd1-8f2a-273362622873,K3,2,1778788800000,07:55,WIPT,1,1,,1,1,,0,Visual,38,340,5,1290,GPS-003,,1c493993-f93e-4304-b760-97374f0f8797,5/14/2026 6:59:08 PM,KARABEER@boisestate.edu_boisestate,5/14/2026 6:59:08 PM,KARABEER@boisestate.edu_boisestate
346,777edda2-58d6-4a90-add8-5a63fabfcf16,K3,2,1778788800000,07:58,WIPT,1,1,,0,0,,0,Visual,38,310,26,1291,GPS-003,,1c493993-f93e-4304-b760-97374f0f8797,5/14/2026 6:59:08 PM,KARABEER@boisestate.edu_boisestate,5/14/2026 6:59:08 PM,KARABEER@boisestate.edu_boisestate
347,7c135296-b936-4326-85f9-a780d1a4374a,K3,2,1778788800000,07:59,GOPL,0,,,0,,,1,Audio,38,120,77,1291,GPS-003,,1c493993-f93e-4304-b760-97374f0f8797,5/14/2026 6:59:08 PM,KARABEER@boisestate.edu_boisestate,5/14/2026 6:59:08 PM,KARABEER@boisestate.edu_boisestate
348,9fc65000-b991-4554-8ffa-375e93dcd4af,K3,2,1778788800000,08:01,WIPT,1,1,,0,0,,0,Visual,38,180,70,1292,GPS-003,,1c493993-f93e-4304-b760-97374f0f8797,5/14/2026 6:59:08 PM,KARABEER@boisestate.edu_boisestate,5/14/2026 6:59:08 PM,KARABEER@boisestate.edu_boisestate
349,0c0df8de-02f3-4da7-9ee0-c969ec739341,K3,2,1778788800000,08:01,WIPT,1,1,,0,0,,0,Visual,38,335,50,1293,GPS-003,,1c493993-f93e-4304-b760-97374f0f8797,5/14/2026 6:59:08 PM,KARABEER@boisestate.edu_boisestate,5/14/2026 6:59:08 PM,KARABEER@boisestate.edu_boisestate
350,5a3eac9c-cc9a-49d2-a989-bb40ba5e4006,K3,2,1778788800000,08:03,WIPT,1,1,,0,0,,0,Visual,38,180,55,1294,GPS-003,,1c493993-f93e-4304-b760-97374f0f8797,5/14/2026 6:59:08 PM,KARABEER@boisestate.edu_boisestate,5/14/2026 6:59:08 PM,KARABEER@boisestate.edu_boisestate
351,6ea34c6e-31af-4641-bb38-c16323863d1d,K3,2,1778788800000,08:04,WIPT,1,1,,0,0,,0,Visual,38,280,204,1294,GPS-003,,1c493993-f93e-4304-b760-97374f0f8797,5/14/2026 6:59:08 PM,KARABEER@boisestate.edu_boisestate,5/14/2026 6:59:08 PM,KARABEER@boisestate.edu_boisestate
352,a24a971b-578c-48fc-a454-3931043e22a2,K3,2,1778788800000,08:05,WIPT,1,1,,0,0,,0,Visual,38,140,523,1295,GPS-003,,1c493993-f93e-4304-b760-97374f0f8797,5/14/2026 6:59:08 PM,KARABEER@boisestate.edu_boisestate,5/14/2026 6:59:08 PM,KARABEER@boisestate.edu_boisestate
353,fa05fd4a-f0e7-4b87-b39c-2047623d593e,K3,2,1778788800000,08:07,WIPT,1,1,,1,1,,0,Visual,38,355,355,1296,GPS-003,,1c493993-f93e-4304-b760-97374f0f8797,5/14/2026 6:59:08 PM,KARABEER@boisestate.edu_boisestate,5/14/2026 6:59:08 PM,KARABEER@boisestate.edu_boisestate
354,973f4f23-2ca4-4d64-a89c-cc698e5cd9ff,K3,2,1778788800000,08:07,WIPT,1,1,,0,0,,1,Visual,38,335,100,1297,GPS-003,,1c493993-f93e-4304-b760-97374f0f8797,5/14/2026 6:59:08 PM,KARABEER@boisestate.edu_boisestate,5/14/2026 6:59:08 PM,KARABEER@boisestate.edu_boisestate
355,56160082-cb51-408f-9cea-62bd4dafa5ea,K3,2,1778788800000,08:09,WIPT,1,1,,1,1,,0,Visual,38,0,5,1298,GPS-003,,1c493993-f93e-4304-b760-97374f0f8797,5/14/2026 6:59:08 PM,KARABEER@boisestate.edu_boisestate,5/14/2026 6:59:08 PM,KARABEER@boisestate.edu_boisestate
356,8bc11eee-e48c-41ce-993f-d2ce860be1fe,K3,2,1778788800000,08:10,WIPT,1,1,,0,0,,0,Visual,38,-99,0,1299,GPS-003,,1c493993-f93e-4304-b760-97374f0f8797,5/14/2026 6:59:08 PM,KARABEER@boisestate.edu_boisestate,5/14/2026 6:59:08 PM,KARABEER@boisestate.edu_boisestate
357,0df00153-ce5b-4549-ab2f-d26d3cfebcad,K3,2,1778788800000,08:12,WIPT,1,1,,0,0,,0,Visual,38,170,12,1300,GPS-003,,1c493993-f93e-4304-b760-97374f0f8797,5/14/2026 6:59:08 PM,KARABEER@boisestate.edu_boisestate,5/14/2026 6:59:08 PM,KARABEER@boisestate.edu_boisestate
358,d7308bef-da80-46c0-8bae-68467696e061,K3,2,1778788800000,08:16,NOHA,1,,,0,,,0,Visual,37,-99,0,1301,GPS-003,,1c493993-f93e-4304-b760-97374f0f8797,5/14/2026 6:59:08 PM,KARABEER@boisestate.edu_boisestate,5/14/2026 6:59:08 PM,KARABEER@boisestate.edu_boisestate
359,2fc9e06e-7642-43bc-932d-a676c6037e74,K3,2,1778788800000,08:18,WISN,0,,,0,,,2,Visual,37,-99,0,1302,GPS-003,,1c493993-f93e-4304-b760-97374f0f8797,5/14/2026 6:59:08 PM,KARABEER@boisestate.edu_boisestate,5/14/2026 6:59:08 PM,KARABEER@boisestate.edu_boisestate
360,c6a7d0d0-9dd1-4c91-95cf-3c5d31d47d2a,K3,2,1778788800000,08:19,WISN,0,,,0,,,2,Audio,37,350,20,1301,GPS-003,,1c493993-f93e-4304-b760-97374f0f8797,5/14/2026 6:59:08 PM,KARABEER@boisestate.edu_boisestate,5/14/2026 6:59:08 PM,KARABEER@boisestate.edu_boisestate
361,a9c96b21-2489-449f-85c7-c1cc3c141bf1,K3,2,1778788800000,08:22,WIPT,1,1,,0,0,,0,Visual,37,35,36,1304,GPS-003,,1c493993-f93e-4304-b760-97374f0f8797,5/14/2026 6:59:08 PM,KARABEER@boisestate.edu_boisestate,5/14/2026 6:59:08 PM,KARABEER@boisestate.edu_boisestate
362,616bda88-5f03-47e2-9263-268bc28e10e9,K3,2,1778788800000,08:23,WIPT,1,1,,0,0,,0,Visual,37,185,188,1305,GPS-003,,1c493993-f93e-4304-b760-97374f0f8797,5/14/2026 6:59:08 PM,KARABEER@boisestate.edu_boisestate,5/14/2026 6:59:08 PM,KARABEER@boisestate.edu_boisestate
363,81ea960e-b02c-435a-9430-30a30ab3c3d0,K3,2,1778788800000,08:25,WIPT,1,1,,1,1,,0,Visual,36,-99,0,1306,GPS-003,,1c493993-f93e-4304-b760-97374f0f8797,5/14/2026 6:59:08 PM,KARABEER@boisestate.edu_boisestate,5/14/2026 6:59:08 PM,KARABEER@boisestate.edu_boisestate
364,e695f7f3-3ae9-48f9-8b5d-d89780f21734,K3,2,1778788800000,08:27,WIPT,1,1,,0,0,,0,Visual,36,330,264,1307,GPS-003,,1c493993-f93e-4304-b760-97374f0f8797,5/14/2026 6:59:08 PM,KARABEER@boisestate.edu_boisestate,5/14/2026 6:59:08 PM,KARABEER@boisestate.edu_boisestate
365,bbeb2ff6-d9b4-47ee-8b43-ee886b24ce77,K3,2,1778788800000,08:29,WIPT,1,1,,0,0,,0,Visual,36,320,127,1308,GPS-003,,1c493993-f93e-4304-b760-97374f0f8797,5/14/2026 6:59:08 PM,KARABEER@boisestate.edu_boisestate,5/14/2026 6:59:08 PM,KARABEER@boisestate.edu_boisestate
366,6b348941-92f6-4e71-aad7-ef53432dc7b9,K3,2,1778788800000,08:30,WIPT,2,2,,0,0,,0,Visual,36,175,48,1308,GPS-003,,1c493993-f93e-4304-b760-97374f0f8797,5/14/2026 6:59:08 PM,KARABEER@boisestate.edu_boisestate,5/14/2026 6:59:08 PM,KARABEER@boisestate.edu_boisestate
367,7f13c320-b2d4-4178-91e3-31ca256167da,K3,2,1778788800000,08:31,WIPT,1,1,,0,0,,0,Visual,36,345,23,1309,GPS-003,,1c493993-f93e-4304-b760-97374f0f8797,5/14/2026 6:59:08 PM,KARABEER@boisestate.edu_boisestate,5/14/2026 6:59:08 PM,KARABEER@boisestate.edu_boisestate
368,b91ad352-b64a-4af9-99ba-d27f32345dd6,K3,2,1778788800000,08:34,WIPT,1,1,,0,0,,0,Visual,36,150,171,1510,GPS-003,,1c493993-f93e-4304-b760-97374f0f8797,5/14/2026 6:59:08 PM,KARABEER@boisestate.edu_boisestate,5/14/2026 6:59:08 PM,KARABEER@boisestate.edu_boisestate
369,0e4e206f-66cc-493d-ae14-3ed179265441,K3,2,1778788800000,08:35,WIPT,0,0,,0,0,,1,Audio,36,0,70,1311,GPS-003,,1c493993-f93e-4304-b760-97374f0f8797,5/14/2026 6:59:08 PM,KARABEER@boisestate.edu_boisestate,5/14/2026 6:59:08 PM,KARABEER@boisestate.edu_boisestate
370,e01ce0c9-0930-4cce-828a-3d84867d4a91,K3,2,1778788800000,08:35,WISN,0,,,0,,,1,Audio,36,150,1,1311,GPS-003,,1c493993-f93e-4304-b760-97374f0f8797,5/14/2026 6:59:08 PM,KARABEER@boisestate.edu_boisestate,5/14/2026 6:59:08 PM,KARABEER@boisestate.edu_boisestate
371,0c3f9d76-24a5-44a8-8f1b-76f0a89d69c9,K3,2,1778788800000,08:38,WIPT,0,0,,1,1,,0,Visual,36,220,8,1312,GPS-003,,1c493993-f93e-4304-b760-97374f0f8797,5/14/2026 6:59:08 PM,KARABEER@boisestate.edu_boisestate,5/14/2026 6:59:08 PM,KARABEER@boisestate.edu_boisestate
372,aefb1c6b-0989-4523-9d27-84bbff7e1ba0,K3,2,1778788800000,08:40,WIPT,1,1,,1,1,,0,Visual,36,340,13,1313,GPS-003,,1c493993-f93e-4304-b760-97374f0f8797,5/14/2026 6:59:08 PM,KARABEER@boisestate.edu_boisestate,5/14/2026 6:59:08 PM,KARABEER@boisestate.edu_boisestate
373,babaf068-a059-435d-a4cb-8fda8155cbcf,K3,2,1778788800000,08:41,WISN,0,,,0,,,1,Visual,36,160,40,1314,GPS-003,,1c493993-f93e-4304-b760-97374f0f8797,5/14/2026 6:59:08 PM,KARABEER@boisestate.edu_boisestate,5/14/2026 6:59:08 PM,KARABEER@boisestate.edu_boisestate
374,5bb4acc8-7372-47a8-808d-63aac1e530ea,K3,2,1778788800000,08:42,WIPT,1,1,,0,0,,0,Visual,35,145,10,1315,GPS-003,,1c493993-f93e-4304-b760-97374f0f8797,5/14/2026 6:59:08 PM,KARABEER@boisestate.edu_boisestate,5/14/2026 6:59:08 PM,KARABEER@boisestate.edu_boisestate
375,12b5ebf2-cf99-4886-91ac-4aad087d0967,K3,2,1778788800000,08:42,WIPT,1,1,,0,0,,0,Visual,35,210,11,1316,GPS-003,,1c493993-f93e-4304-b760-97374f0f8797,5/14/2026 6:59:08 PM,KARABEER@boisestate.edu_boisestate,5/14/2026 6:59:08 PM,KARABEER@boisestate.edu_boisestate
376,999df194-811c-440f-921f-730598ac6917,K3,2,1778788800000,08:43,WIPT,1,1,,1,1,,0,Visual,35,345,97,1317,GPS-003,,1c493993-f93e-4304-b760-97374f0f8797,5/14/2026 6:59:08 PM,KARABEER@boisestate.edu_boisestate,5/14/2026 6:59:08 PM,KARABEER@boisestate.edu_boisestate
377,527ae9ed-b05c-43ac-ac65-11c7c01c1c19,K3,2,1778788800000,08:45,WIPT,1,1,,1,1,,0,Visual,35,335,62,1318,GPS-003,,1c493993-f93e-4304-b760-97374f0f8797,5/14/2026 6:59:08 PM,KARABEER@boisestate.edu_boisestate,5/14/2026 6:59:08 PM,KARABEER@boisestate.edu_boisestate
378,e3376d22-40a9-4f65-8da2-13ba8a35bada,K3,2,1778788800000,08:46,WIPT,1,1,,0,0,,0,Visual,33,0,403,1319,GPS-003,1319,1c493993-f93e-4304-b760-97374f0f8797,5/14/2026 6:59:08 PM,KARABEER@boisestate.edu_boisestate,5/14/2026 6:59:08 PM,KARABEER@boisestate.edu_boisestate
379,ca21b76c-0d46-4073-bf09-406ec3d4cf26,K2,2,1778788800000,08:55,WIPT,1,1,,1,1,,0,Visual,33,15,40,1320,GPS-003,,d850d0a1-cb0c-407f-aab5-1bda6c260e33,5/14/2026 6:59:09 PM,KARABEER@boisestate.edu_boisestate,5/14/2026 6:59:09 PM,KARABEER@boisestate.edu_boisestate
380,5508a7f6-4bdd-478a-9281-9d62f11c0370,K2,2,1778788800000,09:02,WIPT,1,1,,0,0,,0,Visual,33,230,97,1320,GPS-003,,d850d0a1-cb0c-407f-aab5-1bda6c260e33,5/14/2026 6:59:09 PM,KARABEER@boisestate.edu_boisestate,5/14/2026 6:59:09 PM,KARABEER@boisestate.edu_boisestate
381,c6184f83-6e56-4f64-b23e-d42e5ca06d30,K2,2,1778788800000,09:04,WIPT,1,1,,0,0,,0,Visual,33,140,59,1321,GPS-003,,d850d0a1-cb0c-407f-aab5-1bda6c260e33,5/14/2026 6:59:09 PM,KARABEER@boisestate.edu_boisestate,5/14/2026 6:59:09 PM,KARABEER@boisestate.edu_boisestate
382,14d42913-5ff6-4b79-bbbd-4440a94bd59f,K2,2,1778788800000,09:10,WIPT,1,1,,0,0,,0,Visual,31,290,35,1322,GPS-003,,d850d0a1-cb0c-407f-aab5-1bda6c260e33,5/14/2026 6:59:09 PM,KARABEER@boisestate.edu_boisestate,5/14/2026 6:59:09 PM,KARABEER@boisestate.edu_boisestate
383,462b39c8-5d89-4b9e-8aee-6f664defc086,K2,2,1778788800000,09:10,SEOW,0,,,0,,,1,Visual,31,180,220,1322,GPS-003,,d850d0a1-cb0c-407f-aab5-1bda6c260e33,5/14/2026 6:59:09 PM,KARABEER@boisestate.edu_boisestate,5/14/2026 6:59:09 PM,KARABEER@boisestate.edu_boisestate
384,d4c7ea9e-75ec-42b6-a6d8-059f2183008d,K2,2,1778788800000,09:13,WISN,0,,,0,,,2,Audio,30,320,66,1323,GPS-003,,d850d0a1-cb0c-407f-aab5-1bda6c260e33,5/14/2026 6:59:09 PM,KARABEER@boisestate.edu_boisestate,5/14/2026 6:59:09 PM,KARABEER@boisestate.edu_boisestate
385,61214d10-8e03-4f6b-9ab4-1fdf12d71829,K2,2,1778788800000,09:17,WIPT,1,1,,0,0,,0,Visual,29,275,150,1324,GPS-003,,d850d0a1-cb0c-407f-aab5-1bda6c260e33,5/14/2026 6:59:09 PM,KARABEER@boisestate.edu_boisestate,5/14/2026 6:59:09 PM,KARABEER@boisestate.edu_boisestate
386,c9cfde3f-b6b1-498e-b1cd-20d0df56227d,K2,2,1778788800000,09:18,WIPT,0,0,,0,0,,1,Audio,29,100,30,1324,GPS-003,,d850d0a1-cb0c-407f-aab5-1bda6c260e33,5/14/2026 6:59:09 PM,KARABEER@boisestate.edu_boisestate,5/14/2026 6:59:09 PM,KARABEER@boisestate.edu_boisestate
387,398c2184-ecd3-4192-9603-a8c6c20be60e,K2,2,1778788800000,09:20,WIPT,1,1,,0,0,,0,Visual,29,240,31,1325,GPS-003,,d850d0a1-cb0c-407f-aab5-1bda6c260e33,5/14/2026 6:59:09 PM,KARABEER@boisestate.edu_boisestate,5/14/2026 6:59:09 PM,KARABEER@boisestate.edu_boisestate
388,ae6d66a2-60fb-4773-ab8b-ecbc1bb50cf3,K2,2,1778788800000,09:23,WIPT,1,1,,0,0,,0,Visual,28,85,50,1326,GPS-003,,d850d0a1-cb0c-407f-aab5-1bda6c260e33,5/14/2026 6:59:09 PM,KARABEER@boisestate.edu_boisestate,5/14/2026 6:59:09 PM,KARABEER@boisestate.edu_boisestate
389,e18c804d-71e8-43d5-bb5c-9bc9490250b7,K2,2,1778788800000,09:25,WIPT,1,1,,0,0,,0,Visual,28,280,480,1327,GPS-003,,d850d0a1-cb0c-407f-aab5-1bda6c260e33,5/14/2026 6:59:09 PM,KARABEER@boisestate.edu_boisestate,5/14/2026 6:59:09 PM,KARABEER@boisestate.edu_boisestate
390,90477243-ddf8-4cf9-ab12-e896d7010a53,K2,2,1778788800000,09:26,WIPT,0,0,,0,0,,2,Visual,28,190,129,1328,GPS-003,,d850d0a1-cb0c-407f-aab5-1bda6c260e33,5/14/2026 6:59:09 PM,KARABEER@boisestate.edu_boisestate,5/14/2026 6:59:09 PM,KARABEER@boisestate.edu_boisestate
391,386b0f49-79d0-4b91-b2a4-47fd0847d653,K2,2,1778788800000,09:28,WIPT,1,1,,0,0,,0,Visual,28,210,56,1329,GPS-003,,d850d0a1-cb0c-407f-aab5-1bda6c260e33,5/14/2026 6:59:09 PM,KARABEER@boisestate.edu_boisestate,5/14/2026 6:59:09 PM,KARABEER@boisestate.edu_boisestate
392,ba7e494a-67f4-4e71-832f-3a9b1b60af88,K2,2,1778788800000,09:29,WISN,0,,,0,,,1,Visual,28,60,95,1330,GPS-003,,d850d0a1-cb0c-407f-aab5-1bda6c260e33,5/14/2026 6:59:09 PM,KARABEER@boisestate.edu_boisestate,5/14/2026 6:59:09 PM,KARABEER@boisestate.edu_boisestate
393,6c9f4f9e-8515-4d44-a2e1-edf7a3b9ac8d,K2,2,1778788800000,09:30,WIPT,1,1,,0,0,,0,Visual,27,175,39,1331,GPS-003,,d850d0a1-cb0c-407f-aab5-1bda6c260e33,5/14/2026 6:59:09 PM,KARABEER@boisestate.edu_boisestate,5/14/2026 6:59:09 PM,KARABEER@boisestate.edu_boisestate
394,8d515f29-c9fc-419e-8a49-a139b71b412f,K2,2,1778788800000,09:33,WIPT,1,1,,0,0,,0,Visual,27,250,66,1332,GPS-003,,d850d0a1-cb0c-407f-aab5-1bda6c260e33,5/14/2026 6:59:09 PM,KARABEER@boisestate.edu_boisestate,5/14/2026 6:59:09 PM,KARABEER@boisestate.edu_boisestate
395,74bedd21-3272-4e22-b9c0-10ac09c1106b,K2,2,1778788800000,09:33,PTAR,0,,,0,,,2,Visual,27,240,234,1332,GPS-003,,d850d0a1-cb0c-407f-aab5-1bda6c260e33,5/14/2026 6:59:09 PM,KARABEER@boisestate.edu_boisestate,5/14/2026 6:59:09 PM,KARABEER@boisestate.edu_boisestate
396,3da9758b-3041-4135-b435-8050a9830df2,K2,2,1778788800000,09:34,WISN,0,,,0,,,1,Audio,27,340,66,1332,GPS-003,,d850d0a1-cb0c-407f-aab5-1bda6c260e33,5/14/2026 6:59:09 PM,KARABEER@boisestate.edu_boisestate,5/14/2026 6:59:09 PM,KARABEER@boisestate.edu_boisestate
397,c688a895-bd22-4208-a952-a640f0fce60e,K2,2,1778788800000,09:36,WIPT,1,1,,0,0,,0,Visual,26,230,76,1333,GPS-003,,d850d0a1-cb0c-407f-aab5-1bda6c260e33,5/14/2026 6:59:09 PM,KARABEER@boisestate.edu_boisestate,5/14/2026 6:59:09 PM,KARABEER@boisestate.edu_boisestate
398,df3f532a-d12f-42e1-97d7-f5ec9d0272e1,K2,2,1778788800000,09:37,WIPT,1,1,,0,0,,0,Visual,26,50,242,1334,GPS-003,,d850d0a1-cb0c-407f-aab5-1bda6c260e33,5/14/2026 6:59:09 PM,KARABEER@boisestate.edu_boisestate,5/14/2026 6:59:09 PM,KARABEER@boisestate.edu_boisestate
399,25aac238-d371-433b-9a44-5ed6f4113bd2,K2,2,1778788800000,09:46,WISN,0,,,0,,,1,Audio,24,100,15,1335,GPS-003,,d850d0a1-cb0c-407f-aab5-1bda6c260e33,5/14/2026 6:59:09 PM,KARABEER@boisestate.edu_boisestate,5/14/2026 6:59:09 PM,KARABEER@boisestate.edu_boisestate
400,fd8a8cb8-b8ca-48a4-ab70-fc48850532d5,K1,2,1778788800000,09:52,WIPT,1,1,,1,1,,0,Visual,21,100,44,1336l,GPS-003,,40859a38-c273-47ec-944e-e2ca0fb38605,5/14/2026 6:59:10 PM,KARABEER@boisestate.edu_boisestate,5/14/2026 6:59:10 PM,KARABEER@boisestate.edu_boisestate
401,bb0f2349-8805-4e08-825f-a06384024505,K1,2,1778788800000,10:08,WIPT,1,1,,0,0,,0,Visual,20,-99,0,1337,GPS-003,,40859a38-c273-47ec-944e-e2ca0fb38605,5/14/2026 6:59:10 PM,KARABEER@boisestate.edu_boisestate,5/14/2026 6:59:10 PM,KARABEER@boisestate.edu_boisestate
402,ffbecb5c-195e-4135-b62e-f0e3e27c20a8,K1,2,1778788800000,10:10,PTAR,0,,,0,,,2,Visual,20,140,60,1338,GPS-003,,40859a38-c273-47ec-944e-e2ca0fb38605,5/14/2026 6:59:10 PM,KARABEER@boisestate.edu_boisestate,5/14/2026 6:59:10 PM,KARABEER@boisestate.edu_boisestate
403,3d205c1b-554c-4ff4-b3f5-d37bba9a4802,K1,2,1778788800000,10:12,WIPT,1,1,,0,0,,0,Visual,20,120,104,1339,GPS-003,,40859a38-c273-47ec-944e-e2ca0fb38605,5/14/2026 6:59:10 PM,KARABEER@boisestate.edu_boisestate,5/14/2026 6:59:10 PM,KARABEER@boisestate.edu_boisestate
404,41659066-a512-4c9d-afce-db6d36d6913c,K1,2,1778788800000,10:16,WIPT,1,1,,0,0,,0,Visual,18,-99,0,1340,GPS-003,,40859a38-c273-47ec-944e-e2ca0fb38605,5/14/2026 6:59:10 PM,KARABEER@boisestate.edu_boisestate,5/14/2026 6:59:10 PM,KARABEER@boisestate.edu_boisestate
405,1b3f0857-9e92-4b2b-a837-4386bc8c0f15,K1,2,1778788800000,10:16,WISN,0,,,0,,,1,Audio,18,100,75,1340,GPS-003,,40859a38-c273-47ec-944e-e2ca0fb38605,5/14/2026 6:59:10 PM,KARABEER@boisestate.edu_boisestate,5/14/2026 6:59:10 PM,KARABEER@boisestate.edu_boisestate
406,55a71a1a-bb2d-4462-96fa-95acf56e38f6,K1,2,1778788800000,10:18,WIPT,1,1,,0,0,,0,Visual,18,-99,0,1341,GPS-003,,40859a38-c273-47ec-944e-e2ca0fb38605,5/14/2026 6:59:10 PM,KARABEER@boisestate.edu_boisestate,5/14/2026 6:59:10 PM,KARABEER@boisestate.edu_boisestate
407,22518b62-3586-4d61-aa2f-426a10645c45,K1,2,1778788800000,10:19,WIPT,1,1,,1,1,,0,Visual,18,100,40,1342,GPS-003,,40859a38-c273-47ec-944e-e2ca0fb38605,5/14/2026 6:59:10 PM,KARABEER@boisestate.edu_boisestate,5/14/2026 6:59:10 PM,KARABEER@boisestate.edu_boisestate
408,b0ef5c5c-c28d-4416-99c9-b8187e2c4da0,K1,2,1778788800000,10:20,WIPT,1,1,,1,1,,0,Visual,18,93,144,1343,GPS-003,,40859a38-c273-47ec-944e-e2ca0fb38605,5/14/2026 6:59:10 PM,KARABEER@boisestate.edu_boisestate,5/14/2026 6:59:10 PM,KARABEER@boisestate.edu_boisestate
409,b6b03be4-6e29-47f2-aa52-380e8dbea24a,K1,2,1778788800000,10:21,WIPT,1,1,,0,0,,0,Visual,18,70,34,1344,GPS-003,,40859a38-c273-47ec-944e-e2ca0fb38605,5/14/2026 6:59:10 PM,KARABEER@boisestate.edu_boisestate,5/14/2026 6:59:10 PM,KARABEER@boisestate.edu_boisestate
410,639baef0-2061-45fc-a161-ae268f79f452,K1,2,1778788800000,10:22,WIPT,1,1,,0,0,,0,Visual,18,270,135,1345,GPS-003,,40859a38-c273-47ec-944e-e2ca0fb38605,5/14/2026 6:59:10 PM,KARABEER@boisestate.edu_boisestate,5/14/2026 6:59:10 PM,KARABEER@boisestate.edu_boisestate
411,ff848603-4103-44c5-9e19-73da88968a37,K1,2,1778788800000,10:25,WISN,0,,,0,,,3,Visual,17,290,20,1346,GPS-003,,40859a38-c273-47ec-944e-e2ca0fb38605,5/14/2026 6:59:10 PM,KARABEER@boisestate.edu_boisestate,5/14/2026 6:59:10 PM,KARABEER@boisestate.edu_boisestate
412,c3cc6bab-d6b1-43b0-af3e-5eac64fe313e,K1,2,1778788800000,10:26,WIPT,0,0,,0,0,,1,Audio,17,300,20,1347,GPS-003,,40859a38-c273-47ec-944e-e2ca0fb38605,5/14/2026 6:59:10 PM,KARABEER@boisestate.edu_boisestate,5/14/2026 6:59:10 PM,KARABEER@boisestate.edu_boisestate
413,bcd8075e-f571-4154-992b-b25268d0d30f,K1,2,1778788800000,10:30,WIPT,1,1,,0,0,,0,Visual,16,260,140,1348,GPS-003,,40859a38-c273-47ec-944e-e2ca0fb38605,5/14/2026 6:59:10 PM,KARABEER@boisestate.edu_boisestate,5/14/2026 6:59:10 PM,KARABEER@boisestate.edu_boisestate
414,24b6af48-4208-4c31-95ef-259f2c6d8b98,K1,2,1778788800000,10:31,WIPT,1,1,,0,0,,0,Visual,16,110,38,1349,GPS-003,,40859a38-c273-47ec-944e-e2ca0fb38605,5/14/2026 6:59:10 PM,KARABEER@boisestate.edu_boisestate,5/14/2026 6:59:10 PM,KARABEER@boisestate.edu_boisestate
415,453d5d63-be4e-475d-b70b-26c79713c150,K1,2,1778788800000,10:35,WIPT,1,1,,0,0,,0,Visual,15,90,591,1350,GPS-003,,40859a38-c273-47ec-944e-e2ca0fb38605,5/14/2026 6:59:10 PM,KARABEER@boisestate.edu_boisestate,5/14/2026 6:59:10 PM,KARABEER@boisestate.edu_boisestate
416,169ad48a-aefd-4657-a492-e2b7cf7244a1,K1,2,1778788800000,10:37,WIPT,1,1,,0,0,,0,Visual,15,110,552,1351,GPS-003,,40859a38-c273-47ec-944e-e2ca0fb38605,5/14/2026 6:59:10 PM,KARABEER@boisestate.edu_boisestate,5/14/2026 6:59:10 PM,KARABEER@boisestate.edu_boisestate
417,3c9f57b7-a0d5-45d1-910d-67665ba91c37,K1,2,1778788800000,10:37,WISN,0,,,0,,,1,Audio,15,110,40,1351,GPS-003,,40859a38-c273-47ec-944e-e2ca0fb38605,5/14/2026 6:59:10 PM,KARABEER@boisestate.edu_boisestate,5/14/2026 6:59:10 PM,KARABEER@boisestate.edu_boisestate
418,02423ec2-9fd4-4e3a-99bd-16389794d10f,K1,2,1778788800000,10:39,WISN,0,,,0,,,1,Audio,14,130,70,1352,GPS-003,,40859a38-c273-47ec-944e-e2ca0fb38605,5/14/2026 6:59:10 PM,KARABEER@boisestate.edu_boisestate,5/14/2026 6:59:10 PM,KARABEER@boisestate.edu_boisestate
419,988c255c-4bac-4571-b09a-04c910f63ec5,K1,2,1778788800000,10:42,WIPT,1,1,,0,0,,0,Visual,14,110,607,1353,GPS-003,,40859a38-c273-47ec-944e-e2ca0fb38605,5/14/2026 6:59:10 PM,KARABEER@boisestate.edu_boisestate,5/14/2026 6:59:10 PM,KARABEER@boisestate.edu_boisestate
420,8be0b29a-30dd-40e7-af6b-cb301af5c3e8,K1,2,1778788800000,10:43,WIPT,1,1,,0,0,,0,Visual,14,230,311,1354,GPS-003,,40859a38-c273-47ec-944e-e2ca0fb38605,5/14/2026 6:59:10 PM,KARABEER@boisestate.edu_boisestate,5/14/2026 6:59:10 PM,KARABEER@boisestate.edu_boisestate
421,7a422a3e-ff3d-480c-9977-b189e6c3a439,K1,2,1778788800000,10:45,WIPT,1,1,,0,0,,0,Visual,13,-99,0,1355,GPS-003,,40859a38-c273-47ec-944e-e2ca0fb38605,5/14/2026 6:59:10 PM,KARABEER@boisestate.edu_boisestate,5/14/2026 6:59:10 PM,KARABEER@boisestate.edu_boisestate
422,6828fe7f-7d47-4bea-a021-df0f8ea0a774,K1,2,1778788800000,10:47,WIPT,1,1,,0,0,,0,Visual,13,130,172,1356,GPS-003,,40859a38-c273-47ec-944e-e2ca0fb38605,5/14/2026 6:59:10 PM,KARABEER@boisestate.edu_boisestate,5/14/2026 6:59:10 PM,KARABEER@boisestate.edu_boisestate
423,de87fc25-c769-47b7-bb45-43f44a375349,T4,2,1778875200000,06:52,WIPT,1,1,,0,0,,0,Visual,48,100,229,1357,GPS-003,,3f19a384-0a7b-409e-8d1a-1d4c7a9b78f6,5/15/2026 9:05:54 PM,KARABEER@boisestate.edu_boisestate,5/15/2026 9:05:54 PM,KARABEER@boisestate.edu_boisestate
424,ecaa4a9b-7eca-4e3d-ad44-39c85c8e216b,T4,2,1778875200000,06:55,WIPT,1,1,,0,0,,0,Visual,48,260,220,1358,GPS-003,,3f19a384-0a7b-409e-8d1a-1d4c7a9b78f6,5/15/2026 9:05:54 PM,KARABEER@boisestate.edu_boisestate,5/15/2026 9:05:54 PM,KARABEER@boisestate.edu_boisestate
425,decda145-a6db-497a-9267-1938f37f50d1,T4,2,1778875200000,06:55,ROPT,1,,1,0,,0,0,Visual,48,260,220,1358,GPS-003,,3f19a384-0a7b-409e-8d1a-1d4c7a9b78f6,5/15/2026 9:05:54 PM,KARABEER@boisestate.edu_boisestate,5/15/2026 9:05:54 PM,KARABEER@boisestate.edu_boisestate
426,a3c780ab-cb33-40aa-b019-28496ffe590a,T4,2,1778875200000,06:56,WIPT,1,1,,1,1,,0,Visual,48,-99,0,1359,GPS-003,,3f19a384-0a7b-409e-8d1a-1d4c7a9b78f6,5/15/2026 9:05:54 PM,KARABEER@boisestate.edu_boisestate,5/15/2026 9:05:54 PM,KARABEER@boisestate.edu_boisestate
427,3458439d-2cf0-4989-afc2-8eeb92c5a3bc,T4,2,1778875200000,06:57,ROPT,1,,1,0,,0,0,Visual,48,110,390,1359,GPS-003,,3f19a384-0a7b-409e-8d1a-1d4c7a9b78f6,5/15/2026 9:05:54 PM,KARABEER@boisestate.edu_boisestate,5/15/2026 9:05:54 PM,KARABEER@boisestate.edu_boisestate
428,e722934d-e1b3-44e5-92ff-3bdbf550f6f4,T4,2,1778875200000,06:58,WIPT,1,1,,1,1,,0,Visual,48,320,240,1360,GPS-003,,3f19a384-0a7b-409e-8d1a-1d4c7a9b78f6,5/15/2026 9:05:54 PM,KARABEER@boisestate.edu_boisestate,5/15/2026 9:05:54 PM,KARABEER@boisestate.edu_boisestate
429,0e95e6b7-b53b-43b1-bedb-6ab75e713e28,T4,2,1778875200000,07:00,WIPT,1,1,,1,1,,0,Visual,48,290,316,1361,GPS-003,,3f19a384-0a7b-409e-8d1a-1d4c7a9b78f6,5/15/2026 9:05:54 PM,KARABEER@boisestate.edu_boisestate,5/15/2026 9:05:54 PM,KARABEER@boisestate.edu_boisestate
430,fc46d53a-6478-4dd9-94bf-d1514a5d5422,T4,2,1778875200000,07:01,PTAR,0,,,0,,,1,Visual,48,100,350,1361,GPS-003,,3f19a384-0a7b-409e-8d1a-1d4c7a9b78f6,5/15/2026 9:05:54 PM,KARABEER@boisestate.edu_boisestate,5/15/2026 9:05:54 PM,KARABEER@boisestate.edu_boisestate
431,781c5534-e6ac-45e5-9fc0-aec221313d2e,T4,2,1778875200000,07:03,WIPT,0,0,,1,1,,0,Visual,48,95,70,1362,GPS-003,,3f19a384-0a7b-409e-8d1a-1d4c7a9b78f6,5/15/2026 9:05:54 PM,KARABEER@boisestate.edu_boisestate,5/15/2026 9:05:54 PM,KARABEER@boisestate.edu_boisestate
432,a7f83aff-b3cb-4c34-8d57-578f5be1fba9,T4,2,1778875200000,07:04,WIPT,0,0,,1,1,,0,Visual,48,270,75,1362,GPS-003,,3f19a384-0a7b-409e-8d1a-1d4c7a9b78f6,5/15/2026 9:05:54 PM,KARABEER@boisestate.edu_boisestate,5/15/2026 9:05:54 PM,KARABEER@boisestate.edu_boisestate
433,ed597c18-4196-40d9-887e-f01eed7797bb,T4,2,1778875200000,07:04,WIPT,1,1,,1,1,,0,Visual,48,270,500,1362,GPS-003,,3f19a384-0a7b-409e-8d1a-1d4c7a9b78f6,5/15/2026 9:05:54 PM,KARABEER@boisestate.edu_boisestate,5/15/2026 9:05:54 PM,KARABEER@boisestate.edu_boisestate
434,34001a45-86c0-40f2-88a0-b3449ea5f59a,T4,2,1778875200000,07:06,WIPT,1,1,,1,1,,0,Visual,48,295,700,1362,GPS-003,,3f19a384-0a7b-409e-8d1a-1d4c7a9b78f6,5/15/2026 9:05:54 PM,KARABEER@boisestate.edu_boisestate,5/15/2026 9:05:54 PM,KARABEER@boisestate.edu_boisestate
435,e45e92f9-b6b4-4e10-b0f5-0ac4ba3b0c83,T4,2,1778875200000,07:07,WIPT,1,1,,1,1,,0,Visual,48,-99,0,1363,GPS-003,,3f19a384-0a7b-409e-8d1a-1d4c7a9b78f6,5/15/2026 9:05:54 PM,KARABEER@boisestate.edu_boisestate,5/15/2026 9:05:54 PM,KARABEER@boisestate.edu_boisestate
436,d60781a7-ea12-4923-a357-1273f1e603ec,T4,2,1778875200000,07:08,WIPT,1,1,,0,0,,0,Visual,48,270,440,1364,GPS-003,,3f19a384-0a7b-409e-8d1a-1d4c7a9b78f6,5/15/2026 9:05:54 PM,KARABEER@boisestate.edu_boisestate,5/15/2026 9:05:54 PM,KARABEER@boisestate.edu_boisestate
437,78748c35-4512-4bda-8cac-ac46e30c7257,T4,2,1778875200000,07:09,WIPT,1,1,,0,0,,0,Visual,48,210,160,1365,GPS-003,,3f19a384-0a7b-409e-8d1a-1d4c7a9b78f6,5/15/2026 9:05:54 PM,KARABEER@boisestate.edu_boisestate,5/15/2026 9:05:54 PM,KARABEER@boisestate.edu_boisestate
438,52a8a813-d084-4191-8868-4394d60504f8,T4,2,1778875200000,07:10,WIPT,0,0,,1,1,,0,Visual,48,210,304,1365,GPS-003,,3f19a384-0a7b-409e-8d1a-1d4c7a9b78f6,5/15/2026 9:05:54 PM,KARABEER@boisestate.edu_boisestate,5/15/2026 9:05:54 PM,KARABEER@boisestate.edu_boisestate
439,e329a539-da2e-4ad2-a940-8e28c7a18061,T4,2,1778875200000,07:11,WIPT,1,1,,1,1,,0,Visual,48,265,408,1366,GPS-003,,3f19a384-0a7b-409e-8d1a-1d4c7a9b78f6,5/15/2026 9:05:54 PM,KARABEER@boisestate.edu_boisestate,5/15/2026 9:05:54 PM,KARABEER@boisestate.edu_boisestate
440,1399b671-8cae-4e9e-bf11-fca1646a588c,T4,2,1778875200000,07:12,WIPT,1,1,,1,1,,0,Visual,48,110,188,1367,GPS-003,,3f19a384-0a7b-409e-8d1a-1d4c7a9b78f6,5/15/2026 9:05:54 PM,KARABEER@boisestate.edu_boisestate,5/15/2026 9:05:54 PM,KARABEER@boisestate.edu_boisestate
441,966b6a22-4cb0-448b-98a1-1184f9504e19,T4,2,1778875200000,07:13,ROPT,0,,0,1,,1,0,Visual,48,90,38,1368,GPS-003,,3f19a384-0a7b-409e-8d1a-1d4c7a9b78f6,5/15/2026 9:05:54 PM,KARABEER@boisestate.edu_boisestate,5/15/2026 9:05:54 PM,KARABEER@boisestate.edu_boisestate
442,9374b244-a6cc-41ab-8c04-96c8b9da1a03,T4,2,1778875200000,07:14,WIPT,1,1,,1,1,,0,Visual,48,270,400,1368,GPS-003,,3f19a384-0a7b-409e-8d1a-1d4c7a9b78f6,5/15/2026 9:05:54 PM,KARABEER@boisestate.edu_boisestate,5/15/2026 9:05:54 PM,KARABEER@boisestate.edu_boisestate
443,983ce7b4-a414-4272-a0f0-2314430720c9,T4,2,1778875200000,07:15,ROPT,0,,0,0,,0,2,Visual,48,270,552,1368,GPS-003,,3f19a384-0a7b-409e-8d1a-1d4c7a9b78f6,5/15/2026 9:05:54 PM,KARABEER@boisestate.edu_boisestate,5/15/2026 9:05:54 PM,KARABEER@boisestate.edu_boisestate
444,e56b7bbe-2190-443d-ac0e-c2923e88c804,T4,2,1778875200000,07:17,WIPT,1,1,,1,1,,0,Visual,48,260,348,1369,GPS-003,,3f19a384-0a7b-409e-8d1a-1d4c7a9b78f6,5/15/2026 9:05:54 PM,KARABEER@boisestate.edu_boisestate,5/15/2026 9:05:54 PM,KARABEER@boisestate.edu_boisestate
445,22f4903a-9a05-4e85-9c5e-436a29a1ec9c,T4,2,1778875200000,07:19,PTAR,0,,,0,,,2,Visual,48,110,170,1370,GPS-003,,3f19a384-0a7b-409e-8d1a-1d4c7a9b78f6,5/15/2026 9:05:54 PM,KARABEER@boisestate.edu_boisestate,5/15/2026 9:05:54 PM,KARABEER@boisestate.edu_boisestate
446,642638a1-b44a-4cae-b83a-aa099c920bbb,T4,2,1778875200000,07:21,ROPT,0,,0,0,,0,1,Visual,47,100,34,1371,GPS-003,,3f19a384-0a7b-409e-8d1a-1d4c7a9b78f6,5/15/2026 9:05:54 PM,KARABEER@boisestate.edu_boisestate,5/15/2026 9:05:54 PM,KARABEER@boisestate.edu_boisestate
447,de685382-cddf-4890-b5bb-8282fdcf2d29,T4,2,1778875200000,07:22,WIPT,1,1,,0,0,,0,Visual,47,270,155,1372,GPS-003,,3f19a384-0a7b-409e-8d1a-1d4c7a9b78f6,5/15/2026 9:05:54 PM,KARABEER@boisestate.edu_boisestate,5/15/2026 9:05:54 PM,KARABEER@boisestate.edu_boisestate
448,620908a9-07c0-448a-b675-6b4f150fb658,T4,2,1778875200000,07:23,WIPT,1,1,,1,1,,0,Visual,47,250,226,1372,GPS-003,,3f19a384-0a7b-409e-8d1a-1d4c7a9b78f6,5/15/2026 9:05:54 PM,KARABEER@boisestate.edu_boisestate,5/15/2026 9:05:54 PM,KARABEER@boisestate.edu_boisestate
449,81ae1f94-27e7-4a33-af3f-beaa033f526b,T4,2,1778875200000,07:24,WIPT,1,1,,0,0,,0,Visual,47,-99,0,1373,GPS-003,,3f19a384-0a7b-409e-8d1a-1d4c7a9b78f6,5/15/2026 9:05:54 PM,KARABEER@boisestate.edu_boisestate,5/15/2026 9:05:54 PM,KARABEER@boisestate.edu_boisestate
450,09a611ab-2c83-4fa6-9264-2c89705afafc,T4,2,1778875200000,07:25,ROPT,0,,0,0,,0,1,Visual,47,230,86,1373,GPS-003,,3f19a384-0a7b-409e-8d1a-1d4c7a9b78f6,5/15/2026 9:05:54 PM,KARABEER@boisestate.edu_boisestate,5/15/2026 9:05:54 PM,KARABEER@boisestate.edu_boisestate
451,979657b9-8164-407e-9c0b-c72feb7d3e58,T4,2,1778875200000,07:26,ROPT,0,,0,0,,0,1,Visual,47,220,388,1373,GPS-003,,3f19a384-0a7b-409e-8d1a-1d4c7a9b78f6,5/15/2026 9:05:54 PM,KARABEER@boisestate.edu_boisestate,5/15/2026 9:05:54 PM,KARABEER@boisestate.edu_boisestate
452,071fed9d-b44d-4da9-829b-1c49e717b715,T4,2,1778875200000,07:28,WIPT,1,1,,1,1,,0,Visual,47,230,306,1373,GPS-003,,3f19a384-0a7b-409e-8d1a-1d4c7a9b78f6,5/15/2026 9:05:54 PM,KARABEER@boisestate.edu_boisestate,5/15/2026 9:05:54 PM,KARABEER@boisestate.edu_boisestate
453,d754197e-c5c4-4787-a1dc-1e984dbac79a,T4,2,1778875200000,07:28,ROPT,0,,0,0,,0,1,Visual,47,110,340,1373,GPS-003,,3f19a384-0a7b-409e-8d1a-1d4c7a9b78f6,5/15/2026 9:05:54 PM,KARABEER@boisestate.edu_boisestate,5/15/2026 9:05:54 PM,KARABEER@boisestate.edu_boisestate
454,d85b2ad7-6bf4-4e0a-a28e-d14b48519e9c,T4,2,1778875200000,07:29,WIPT,1,1,,1,1,,0,Visual,47,290,30,1374,GPS-003,,3f19a384-0a7b-409e-8d1a-1d4c7a9b78f6,5/15/2026 9:05:54 PM,KARABEER@boisestate.edu_boisestate,5/15/2026 9:05:54 PM,KARABEER@boisestate.edu_boisestate
455,b70f20cf-cfec-43fa-917a-89f5e4cb7d7b,T4,2,1778875200000,07:30,ROPT,0,,0,0,,0,1,Visual,47,-99,0,1375,GPS-003,,3f19a384-0a7b-409e-8d1a-1d4c7a9b78f6,5/15/2026 9:05:54 PM,KARABEER@boisestate.edu_boisestate,5/15/2026 9:05:54 PM,KARABEER@boisestate.edu_boisestate
456,80eaeb40-7b04-449f-bd1b-dc5ba74ef14f,T4,2,1778875200000,07:30,ROPT,0,,0,0,,0,3,Visual,47,120,210,1375,GPS-003,,3f19a384-0a7b-409e-8d1a-1d4c7a9b78f6,5/15/2026 9:05:54 PM,KARABEER@boisestate.edu_boisestate,5/15/2026 9:05:54 PM,KARABEER@boisestate.edu_boisestate
457,4aca9072-3297-4fe2-aa1a-acfb94a7b71b,T4,2,1778875200000,07:31,ROPT,0,,0,0,,0,1,Visual,47,-99,0,1376,GPS-003,,3f19a384-0a7b-409e-8d1a-1d4c7a9b78f6,5/15/2026 9:05:54 PM,KARABEER@boisestate.edu_boisestate,5/15/2026 9:05:54 PM,KARABEER@boisestate.edu_boisestate
458,29a0cd8d-af96-41e2-bfd8-2a2e0c50000c,T4,2,1778875200000,07:32,PTAR,0,,,0,,,1,Visual,47,220,437,1377,GPS-003,,3f19a384-0a7b-409e-8d1a-1d4c7a9b78f6,5/15/2026 9:05:54 PM,KARABEER@boisestate.edu_boisestate,5/15/2026 9:05:54 PM,KARABEER@boisestate.edu_boisestate
459,7bd65de7-9352-4a17-b170-5523ad25cf69,T4,2,1778875200000,07:33,WIPT,1,1,,0,0,,0,Visual,47,230,413,1377,GPS-003,,3f19a384-0a7b-409e-8d1a-1d4c7a9b78f6,5/15/2026 9:05:54 PM,KARABEER@boisestate.edu_boisestate,5/15/2026 9:05:54 PM,KARABEER@boisestate.edu_boisestate
460,df620adb-4235-4d0d-8b9c-e92fc1d86185,T4,2,1778875200000,07:33,WIPT,1,1,,0,0,,0,Visual,47,230,48,1377,GPS-003,,3f19a384-0a7b-409e-8d1a-1d4c7a9b78f6,5/15/2026 9:05:54 PM,KARABEER@boisestate.edu_boisestate,5/15/2026 9:05:54 PM,KARABEER@boisestate.edu_boisestate
461,4e5b4907-89ff-48c7-a875-e0917cfdb221,T4,2,1778875200000,07:33,WISN,0,,,0,,,1,Audio,47,280,70,1377,GPS-003,,3f19a384-0a7b-409e-8d1a-1d4c7a9b78f6,5/15/2026 9:05:54 PM,KARABEER@boisestate.edu_boisestate,5/15/2026 9:05:54 PM,KARABEER@boisestate.edu_boisestate
462,96b0f777-b9a3-423f-bcee-85106f976564,T4,2,1778875200000,07:34,WIPT,0,0,,1,1,,0,Visual,47,-99,0,1378,GPS-003,,3f19a384-0a7b-409e-8d1a-1d4c7a9b78f6,5/15/2026 9:05:54 PM,KARABEER@boisestate.edu_boisestate,5/15/2026 9:05:54 PM,KARABEER@boisestate.edu_boisestate
463,591966b1-9377-4eb3-92a2-512c237e3312,T4,2,1778875200000,07:36,ROPT,0,,0,0,,0,1,Visual,46,210,599,1379,GPS-003,,3f19a384-0a7b-409e-8d1a-1d4c7a9b78f6,5/15/2026 9:05:54 PM,KARABEER@boisestate.edu_boisestate,5/15/2026 9:05:54 PM,KARABEER@boisestate.edu_boisestate
464,eeace511-2ade-4791-a4d3-bc635b951fc0,T4,2,1778875200000,07:37,WIPT,1,1,,1,1,,0,Audio,46,90,450,1379,GPS-003,,3f19a384-0a7b-409e-8d1a-1d4c7a9b78f6,5/15/2026 9:05:54 PM,KARABEER@boisestate.edu_boisestate,5/15/2026 9:05:54 PM,KARABEER@boisestate.edu_boisestate
465,5b86a257-a516-4147-be6f-cb183c63411b,T4,2,1778875200000,07:38,WIPT,1,1,,1,1,,0,Visual,46,235,218,1379,GPS-003,,3f19a384-0a7b-409e-8d1a-1d4c7a9b78f6,5/15/2026 9:05:54 PM,KARABEER@boisestate.edu_boisestate,5/15/2026 9:05:54 PM,KARABEER@boisestate.edu_boisestate
466,65ca0908-0436-4eca-bc4e-88def7a900d6,T4,2,1778875200000,07:38,ROPT,0,,0,0,,0,1,Visual,46,-99,0,1380,GPS-003,,3f19a384-0a7b-409e-8d1a-1d4c7a9b78f6,5/15/2026 9:05:54 PM,KARABEER@boisestate.edu_boisestate,5/15/2026 9:05:54 PM,KARABEER@boisestate.edu_boisestate
467,8b659cfc-dc3c-4d72-8c06-60ca08815b48,T4,2,1778875200000,07:39,WIPT,1,1,,1,1,,0,Visual,46,20,138,1381,GPS-003,,3f19a384-0a7b-409e-8d1a-1d4c7a9b78f6,5/15/2026 9:05:54 PM,KARABEER@boisestate.edu_boisestate,5/15/2026 9:05:54 PM,KARABEER@boisestate.edu_boisestate
468,4d210b22-5ff8-47da-aa04-be0cd2d3177b,T4,2,1778875200000,07:40,WISN,0,,,0,,,1,Audio,46,90,15,1381,GPS-003,,3f19a384-0a7b-409e-8d1a-1d4c7a9b78f6,5/15/2026 9:05:54 PM,KARABEER@boisestate.edu_boisestate,5/15/2026 9:05:54 PM,KARABEER@boisestate.edu_boisestate
469,d8c2aa10-a10e-4d58-b129-ceb2fb33af84,T4,2,1778875200000,07:41,ROPT,1,,1,1,,1,0,Visual,46,-99,0,1382,GPS-003,,3f19a384-0a7b-409e-8d1a-1d4c7a9b78f6,5/15/2026 9:05:54 PM,KARABEER@boisestate.edu_boisestate,5/15/2026 9:05:54 PM,KARABEER@boisestate.edu_boisestate
470,92a00bc7-c5de-4576-803c-0ccdeeb7b0b1,T4,2,1778875200000,07:42,WIPT,1,1,,0,0,,0,Visual,46,95,76,1383,GPS-003,,3f19a384-0a7b-409e-8d1a-1d4c7a9b78f6,5/15/2026 9:05:54 PM,KARABEER@boisestate.edu_boisestate,5/15/2026 9:05:54 PM,KARABEER@boisestate.edu_boisestate
471,864dd553-bff3-4650-851b-4b971d24965b,T4,2,1778875200000,07:43,ROPT,0,,0,1,,1,0,Visual,46,255,65,1383,GPS-003,,3f19a384-0a7b-409e-8d1a-1d4c7a9b78f6,5/15/2026 9:05:54 PM,KARABEER@boisestate.edu_boisestate,5/15/2026 9:05:54 PM,KARABEER@boisestate.edu_boisestate
472,56670621-19a9-4837-b665-adb1db4f99f2,T4,2,1778875200000,07:44,ROPT,1,,1,0,,0,0,Visual,46,-99,0,1384,GPS-003,,3f19a384-0a7b-409e-8d1a-1d4c7a9b78f6,5/15/2026 9:05:54 PM,KARABEER@boisestate.edu_boisestate,5/15/2026 9:05:54 PM,KARABEER@boisestate.edu_boisestate
473,fe72a54e-b163-454a-bab1-e95a6e4f62d1,T4,2,1778875200000,07:44,ROPT,0,,0,1,,1,0,Visual,46,-99,0,1385,GPS-003,,3f19a384-0a7b-409e-8d1a-1d4c7a9b78f6,5/15/2026 9:05:54 PM,KARABEER@boisestate.edu_boisestate,5/15/2026 9:05:54 PM,KARABEER@boisestate.edu_boisestate
474,9e8c83c2-2cbd-4b20-96e5-5f6ec707bafb,T4,2,1778875200000,07:45,WIPT,1,1,,0,0,,0,Visual,46,100,89,1385,GPS-003,,3f19a384-0a7b-409e-8d1a-1d4c7a9b78f6,5/15/2026 9:05:54 PM,KARABEER@boisestate.edu_boisestate,5/15/2026 9:05:54 PM,KARABEER@boisestate.edu_boisestate
475,25e1afee-c95d-4238-bd5e-901b4c5e8c81,T4,2,1778875200000,07:46,ROPT,1,,1,0,,0,0,Visual,46,-99,0,1386,GPS-003,,3f19a384-0a7b-409e-8d1a-1d4c7a9b78f6,5/15/2026 9:05:54 PM,KARABEER@boisestate.edu_boisestate,5/15/2026 9:05:54 PM,KARABEER@boisestate.edu_boisestate
476,197f0527-718c-4c01-bdbe-95a1dd226b2a,T4,2,1778875200000,07:46,ROPT,0,,0,1,,1,0,Visual,46,270,51,1387,GPS-003,,3f19a384-0a7b-409e-8d1a-1d4c7a9b78f6,5/15/2026 9:05:54 PM,KARABEER@boisestate.edu_boisestate,5/15/2026 9:05:54 PM,KARABEER@boisestate.edu_boisestate
477,8a1a8c2f-2e60-4803-9616-d8239fb4ca14,T4,2,1778875200000,07:47,ROPT,1,,1,0,,0,0,Visual,46,100,71,1388,GPS-003,,3f19a384-0a7b-409e-8d1a-1d4c7a9b78f6,5/15/2026 9:05:54 PM,KARABEER@boisestate.edu_boisestate,5/15/2026 9:05:54 PM,KARABEER@boisestate.edu_boisestate
478,3123e721-83dd-448a-aa32-34155e400b8a,T4,2,1778875200000,07:48,ROPT,1,,1,1,,1,0,Visual,46,260,180,1389,GPS-003,,3f19a384-0a7b-409e-8d1a-1d4c7a9b78f6,5/15/2026 9:05:54 PM,KARABEER@boisestate.edu_boisestate,5/15/2026 9:05:54 PM,KARABEER@boisestate.edu_boisestate
479,32e783a2-7b5f-42f5-ac12-be84c448d4d0,T4,2,1778875200000,07:50,ROPT,1,,1,1,,1,0,Visual,45,-99,0,1390,GPS-003,,3f19a384-0a7b-409e-8d1a-1d4c7a9b78f6,5/15/2026 9:05:54 PM,KARABEER@boisestate.edu_boisestate,5/15/2026 9:05:54 PM,KARABEER@boisestate.edu_boisestate
480,39a2de00-359b-4853-b4ef-9159ae92b5d8,T4,2,1778875200000,07:51,ROPT,1,,1,0,,0,1,Visual,45,270,268,1391,GPS-003,,3f19a384-0a7b-409e-8d1a-1d4c7a9b78f6,5/15/2026 9:05:54 PM,KARABEER@boisestate.edu_boisestate,5/15/2026 9:05:54 PM,KARABEER@boisestate.edu_boisestate
481,f5888aaa-461c-467b-bc94-481efb1b44e1,T4,2,1778875200000,07:53,ROPT,0,,0,0,,0,2,Visual,45,270,141,1392,GPS-003,,3f19a384-0a7b-409e-8d1a-1d4c7a9b78f6,5/15/2026 9:05:54 PM,KARABEER@boisestate.edu_boisestate,5/15/2026 9:05:54 PM,KARABEER@boisestate.edu_boisestate
482,11508e99-1d65-4829-ac66-fb29830c5078,T4,2,1778875200000,07:54,ROPT,0,,0,0,,0,2,Visual,45,260,191,1393,GPS-003,,3f19a384-0a7b-409e-8d1a-1d4c7a9b78f6,5/15/2026 9:05:54 PM,KARABEER@boisestate.edu_boisestate,5/15/2026 9:05:54 PM,KARABEER@boisestate.edu_boisestate
483,865e276a-12a1-404d-8bbd-4b395af22456,T4,2,1778875200000,07:55,ROPT,0,,0,1,,1,0,Visual,45,-99,0,1394,GPS-003,,3f19a384-0a7b-409e-8d1a-1d4c7a9b78f6,5/15/2026 9:05:54 PM,KARABEER@boisestate.edu_boisestate,5/15/2026 9:05:54 PM,KARABEER@boisestate.edu_boisestate
484,6803e494-8e21-4cea-a5b7-7cb010057267,T4,2,1778875200000,07:56,ROPT,1,,1,1,,1,0,Visual,45,290,40,1395,GPS-003,,3f19a384-0a7b-409e-8d1a-1d4c7a9b78f6,5/15/2026 9:05:54 PM,KARABEER@boisestate.edu_boisestate,5/15/2026 9:05:54 PM,KARABEER@boisestate.edu_boisestate
485,51950710-b551-472c-bdcf-22d6d8c810cd,T4,2,1778875200000,07:58,ROPT,1,,1,1,,1,0,Visual,45,250,65,1396,GPS-003,,3f19a384-0a7b-409e-8d1a-1d4c7a9b78f6,5/15/2026 9:05:54 PM,KARABEER@boisestate.edu_boisestate,5/15/2026 9:05:54 PM,KARABEER@boisestate.edu_boisestate
486,b9ca0d87-a838-4585-82aa-f26326618de8,T4,2,1778875200000,08:00,ROPT,0,,0,1,,1,0,Visual,45,90,68,1397,GPS-003,,3f19a384-0a7b-409e-8d1a-1d4c7a9b78f6,5/15/2026 9:05:54 PM,KARABEER@boisestate.edu_boisestate,5/15/2026 9:05:54 PM,KARABEER@boisestate.edu_boisestate
487,e3e1fa36-af78-4e1c-9108-a453995ad51c,T4,2,1778875200000,08:02,ROPT,1,,1,0,,0,0,Visual,45,300,196,1398,GPS-003,,3f19a384-0a7b-409e-8d1a-1d4c7a9b78f6,5/15/2026 9:05:54 PM,KARABEER@boisestate.edu_boisestate,5/15/2026 9:05:54 PM,KARABEER@boisestate.edu_boisestate
488,540dafc0-6432-4af0-971b-9c114a9d72d1,T4,2,1778875200000,08:03,WIPT,2,2,,0,0,,0,Audio,45,130,189,1398,GPS-003,,3f19a384-0a7b-409e-8d1a-1d4c7a9b78f6,5/15/2026 9:05:54 PM,KARABEER@boisestate.edu_boisestate,5/15/2026 9:05:54 PM,KARABEER@boisestate.edu_boisestate
489,7e446ef6-35a2-473e-93e0-076071413a27,T4,2,1778875200000,08:04,WIPT,1,1,,0,0,,0,Visual,44,260,38,1399,GPS-003,,3f19a384-0a7b-409e-8d1a-1d4c7a9b78f6,5/15/2026 9:05:54 PM,KARABEER@boisestate.edu_boisestate,5/15/2026 9:05:54 PM,KARABEER@boisestate.edu_boisestate
490,988f78de-a5ff-4816-81b3-875071e5f471,T4,2,1778875200000,08:05,WIPT,1,1,,0,0,,0,Visual,44,-99,0,1400,GPS-003,,3f19a384-0a7b-409e-8d1a-1d4c7a9b78f6,5/15/2026 9:05:54 PM,KARABEER@boisestate.edu_boisestate,5/15/2026 9:05:54 PM,KARABEER@boisestate.edu_boisestate
491,d74f6e0e-7846-43c4-a3d3-5f132d33ef5c,T4,2,1778875200000,08:07,WIPT,2,2,,0,0,,0,Visual,44,300,240,1401,GPS-003,,3f19a384-0a7b-409e-8d1a-1d4c7a9b78f6,5/15/2026 9:05:54 PM,KARABEER@boisestate.edu_boisestate,5/15/2026 9:05:54 PM,KARABEER@boisestate.edu_boisestate
492,bce09050-fdc9-4a37-8a86-b6b52d2f9504,T4,2,1778875200000,08:08,WIPT,1,1,,0,0,,0,Visual,44,275,377,1402,GPS-003,,3f19a384-0a7b-409e-8d1a-1d4c7a9b78f6,5/15/2026 9:05:54 PM,KARABEER@boisestate.edu_boisestate,5/15/2026 9:05:54 PM,KARABEER@boisestate.edu_boisestate
493,74e7e815-b046-4742-b256-6062a338efab,T4,2,1778875200000,08:08,WIPT,1,1,,0,0,,0,Visual,44,275,461,1402,GPS-003,,3f19a384-0a7b-409e-8d1a-1d4c7a9b78f6,5/15/2026 9:05:54 PM,KARABEER@boisestate.edu_boisestate,5/15/2026 9:05:54 PM,KARABEER@boisestate.edu_boisestate
494,a4c66c1f-eb89-4eb1-ab78-e996340cd57b,T4,2,1778875200000,08:09,WIPT,1,1,,1,1,,0,Visual,44,260,43,1403,GPS-003,,3f19a384-0a7b-409e-8d1a-1d4c7a9b78f6,5/15/2026 9:05:54 PM,KARABEER@boisestate.edu_boisestate,5/15/2026 9:05:54 PM,KARABEER@boisestate.edu_boisestate
495,fbdbe5dd-59f3-47b5-b27e-ad35a2ee764f,T4,2,1778875200000,08:10,WIPT,1,1,,0,0,,0,Visual,44,225,223,1404,GPS-003,,3f19a384-0a7b-409e-8d1a-1d4c7a9b78f6,5/15/2026 9:05:54 PM,KARABEER@boisestate.edu_boisestate,5/15/2026 9:05:54 PM,KARABEER@boisestate.edu_boisestate
496,085a9f59-6495-4764-a59e-85b3c0f72d6a,T4,2,1778875200000,08:12,WIPT,1,1,,0,0,,0,Visual,44,265,27,1405,GPS-003,,3f19a384-0a7b-409e-8d1a-1d4c7a9b78f6,5/15/2026 9:05:54 PM,KARABEER@boisestate.edu_boisestate,5/15/2026 9:05:54 PM,KARABEER@boisestate.edu_boisestate
497,1b439f7b-1785-4108-a9b9-6d7dd4663d16,T4,2,1778875200000,08:12,WIPT,1,1,,0,0,,0,Visual,44,230,319,1405,GPS-003,,3f19a384-0a7b-409e-8d1a-1d4c7a9b78f6,5/15/2026 9:05:54 PM,KARABEER@boisestate.edu_boisestate,5/15/2026 9:05:54 PM,KARABEER@boisestate.edu_boisestate
498,0180d08d-0387-4f03-990e-a7df45a69e92,T4,2,1778875200000,08:13,WIPT,1,1,,0,0,,0,Visual,44,240,255,1406,GPS-003,,3f19a384-0a7b-409e-8d1a-1d4c7a9b78f6,5/15/2026 9:05:54 PM,KARABEER@boisestate.edu_boisestate,5/15/2026 9:05:54 PM,KARABEER@boisestate.edu_boisestate
499,796e59ad-4fd8-46ac-bc4b-9adfd67fd6b1,T4,2,1778875200000,08:14,WIPT,1,1,,0,0,,0,Visual,44,235,403,1406,GPS-003,,3f19a384-0a7b-409e-8d1a-1d4c7a9b78f6,5/15/2026 9:05:54 PM,KARABEER@boisestate.edu_boisestate,5/15/2026 9:05:54 PM,KARABEER@boisestate.edu_boisestate
500,e685a397-22e9-41d2-8a93-693cd0793bbc,T4,2,1778875200000,08:15,GOPL,0,,,0,,,1,Audio,44,90,10,1406,GPS-003,,3f19a384-0a7b-409e-8d1a-1d4c7a9b78f6,5/15/2026 9:05:54 PM,KARABEER@boisestate.edu_boisestate,5/15/2026 9:05:54 PM,KARABEER@boisestate.edu_boisestate
501,2038dc2e-0b9f-497c-86d6-e4f9bf20d95b,T4,2,1778875200000,08:15,WIPT,0,0,,0,0,,1,Audio,44,110,150,1406,GPS-003,,3f19a384-0a7b-409e-8d1a-1d4c7a9b78f6,5/15/2026 9:05:54 PM,KARABEER@boisestate.edu_boisestate,5/15/2026 9:05:54 PM,KARABEER@boisestate.edu_boisestate
502,eaacf5de-d423-4756-b92a-72e8fa799057,T4,2,1778875200000,08:16,WIPT,1,1,,1,1,,0,Visual,44,275,35,1407,GPS-003,,3f19a384-0a7b-409e-8d1a-1d4c7a9b78f6,5/15/2026 9:05:54 PM,KARABEER@boisestate.edu_boisestate,5/15/2026 9:05:54 PM,KARABEER@boisestate.edu_boisestate
503,5e399da3-c928-4264-bd1a-0bec998fc961,T4,2,1778875200000,08:17,WIPT,1,1,,0,0,,0,Visual,44,85,14,1408,GPS-003,,3f19a384-0a7b-409e-8d1a-1d4c7a9b78f6,5/15/2026 9:05:54 PM,KARABEER@boisestate.edu_boisestate,5/15/2026 9:05:54 PM,KARABEER@boisestate.edu_boisestate
504,baf874ff-83f1-4828-ac61-d462308e72e4,T4,2,1778875200000,08:17,WIPT,1,1,,0,0,,0,Visual,44,250,47,1408,GPS-003,,3f19a384-0a7b-409e-8d1a-1d4c7a9b78f6,5/15/2026 9:05:54 PM,KARABEER@boisestate.edu_boisestate,5/15/2026 9:05:54 PM,KARABEER@boisestate.edu_boisestate
505,374b2ab7-d8ef-4f6c-9d97-c46a8a637d5c,T4,2,1778875200000,08:18,WIPT,1,1,,0,0,,0,Visual,43,240,227,1409,GPS-003,,3f19a384-0a7b-409e-8d1a-1d4c7a9b78f6,5/15/2026 9:05:54 PM,KARABEER@boisestate.edu_boisestate,5/15/2026 9:05:54 PM,KARABEER@boisestate.edu_boisestate
506,55ee7f28-5df2-4701-b9cb-3b5b1ff363fb,T4,2,1778875200000,08:19,WIPT,1,1,,0,0,,0,Visual,43,250,142,1409,GPS-003,,3f19a384-0a7b-409e-8d1a-1d4c7a9b78f6,5/15/2026 9:05:54 PM,KARABEER@boisestate.edu_boisestate,5/15/2026 9:05:54 PM,KARABEER@boisestate.edu_boisestate
507,ac51f74b-5dd7-48f9-842e-c5083ed067d5,T4,2,1778875200000,08:19,WIPT,1,1,,0,0,,0,Visual,43,225,612,1409,GPS-003,,3f19a384-0a7b-409e-8d1a-1d4c7a9b78f6,5/15/2026 9:05:54 PM,KARABEER@boisestate.edu_boisestate,5/15/2026 9:05:54 PM,KARABEER@boisestate.edu_boisestate
508,5dd5da45-ee57-4f3d-abfe-228c2c914243,T4,2,1778875200000,08:20,WIPT,1,1,,0,0,,0,Visual,43,70,35,1410,GPS-003,,3f19a384-0a7b-409e-8d1a-1d4c7a9b78f6,5/15/2026 9:05:54 PM,KARABEER@boisestate.edu_boisestate,5/15/2026 9:05:54 PM,KARABEER@boisestate.edu_boisestate
509,759bf72b-9e71-485f-b700-ffb4ac2f8b65,T4,2,1778875200000,08:21,WIPT,1,1,,0,0,,0,Visual,43,60,15,1411,GPS-003,,3f19a384-0a7b-409e-8d1a-1d4c7a9b78f6,5/15/2026 9:05:54 PM,KARABEER@boisestate.edu_boisestate,5/15/2026 9:05:54 PM,KARABEER@boisestate.edu_boisestate
510,bdd3bafe-801d-4918-8518-5e76a03c6dc7,T4,2,1778875200000,08:22,WIPT,1,1,,0,0,,0,Visual,43,225,127,1411,GPS-003,,3f19a384-0a7b-409e-8d1a-1d4c7a9b78f6,5/15/2026 9:05:54 PM,KARABEER@boisestate.edu_boisestate,5/15/2026 9:05:54 PM,KARABEER@boisestate.edu_boisestate
511,9dce9dcf-c452-4d4d-bc1f-e9ddf80decdf,T4,2,1778875200000,08:23,WIPT,1,1,,0,0,,0,Visual,43,210,54,1412,GPS-003,,3f19a384-0a7b-409e-8d1a-1d4c7a9b78f6,5/15/2026 9:05:54 PM,KARABEER@boisestate.edu_boisestate,5/15/2026 9:05:54 PM,KARABEER@boisestate.edu_boisestate
512,e84cc204-5cc2-405c-b7cb-f51703bdb793,T4,2,1778875200000,08:23,WIPT,1,1,,0,0,,0,Visual,43,125,55,1412,GPS-003,,3f19a384-0a7b-409e-8d1a-1d4c7a9b78f6,5/15/2026 9:05:54 PM,KARABEER@boisestate.edu_boisestate,5/15/2026 9:05:54 PM,KARABEER@boisestate.edu_boisestate
513,73f08296-1515-4279-92bf-0cdc553804ee,T4,2,1778875200000,08:24,WIPT,1,1,,1,1,,0,Visual,43,85,14,1413,GPS-003,,3f19a384-0a7b-409e-8d1a-1d4c7a9b78f6,5/15/2026 9:05:54 PM,KARABEER@boisestate.edu_boisestate,5/15/2026 9:05:54 PM,KARABEER@boisestate.edu_boisestate
514,413f0c81-4002-4d9e-8ec0-d4fb41e6c54d,T4,2,1778875200000,08:27,WIPT,1,1,,0,0,,0,Visual,43,270,300,1414,GPS-003,,3f19a384-0a7b-409e-8d1a-1d4c7a9b78f6,5/15/2026 9:05:54 PM,KARABEER@boisestate.edu_boisestate,5/15/2026 9:05:54 PM,KARABEER@boisestate.edu_boisestate
515,4d5e9389-f7c9-4189-ae40-f149b912b217,T4,2,1778875200000,08:28,PTAR,0,,,0,,,1,Visual,43,270,406,1414,GPS-003,,3f19a384-0a7b-409e-8d1a-1d4c7a9b78f6,5/15/2026 9:05:54 PM,KARABEER@boisestate.edu_boisestate,5/15/2026 9:05:54 PM,KARABEER@boisestate.edu_boisestate
516,70a3614e-799a-4f80-b33b-a7bd7d6b9c69,T4,2,1778875200000,08:29,WIPT,1,1,,0,0,,0,Visual,43,90,41,1414,GPS-003,,3f19a384-0a7b-409e-8d1a-1d4c7a9b78f6,5/15/2026 9:05:54 PM,KARABEER@boisestate.edu_boisestate,5/15/2026 9:05:54 PM,KARABEER@boisestate.edu_boisestate
517,4e078ab2-747d-4107-83f8-122a1d6305c1,T4,2,1778875200000,08:30,WIPT,1,1,,0,0,,0,Visual,42,250,47,1415,GPS-003,,3f19a384-0a7b-409e-8d1a-1d4c7a9b78f6,5/15/2026 9:05:54 PM,KARABEER@boisestate.edu_boisestate,5/15/2026 9:05:54 PM,KARABEER@boisestate.edu_boisestate
518,8f77389f-881c-4643-9256-3ce01b2b3303,T4,2,1778875200000,08:30,WISN,0,,,0,,,1,Audio,43,200,50,1415,GPS-003,,3f19a384-0a7b-409e-8d1a-1d4c7a9b78f6,5/15/2026 9:05:54 PM,KARABEER@boisestate.edu_boisestate,5/15/2026 9:05:54 PM,KARABEER@boisestate.edu_boisestate
519,fe016f7f-7ddf-4782-aaaa-2844199c1687,T4,2,1778875200000,08:33,WIPT,1,1,,0,0,,0,Visual,43,230,193,1416,GPS-003,,3f19a384-0a7b-409e-8d1a-1d4c7a9b78f6,5/15/2026 9:05:54 PM,KARABEER@boisestate.edu_boisestate,5/15/2026 9:05:54 PM,KARABEER@boisestate.edu_boisestate
520,7a45dd04-a931-4601-9baf-d1a79b20808e,T4,2,1778875200000,08:34,PTAR,0,,,0,,,1,Visual,43,230,821,1416,GPS-003,,3f19a384-0a7b-409e-8d1a-1d4c7a9b78f6,5/15/2026 9:05:54 PM,KARABEER@boisestate.edu_boisestate,5/15/2026 9:05:54 PM,KARABEER@boisestate.edu_boisestate
521,c960f3e9-9c51-4e86-ae75-77615d584ca0,T4,2,1778875200000,08:35,WIPT,1,1,,0,0,,0,Visual,43,210,457,1416,GPS-003,,3f19a384-0a7b-409e-8d1a-1d4c7a9b78f6,5/15/2026 9:05:54 PM,KARABEER@boisestate.edu_boisestate,5/15/2026 9:05:54 PM,KARABEER@boisestate.edu_boisestate
522,6aa44ba2-1b95-4f18-9235-1da50ebda5ee,T4,2,1778875200000,08:35,WIPT,1,1,,0,0,,0,Visual,43,110,24,1416,GPS-003,,3f19a384-0a7b-409e-8d1a-1d4c7a9b78f6,5/15/2026 9:05:54 PM,KARABEER@boisestate.edu_boisestate,5/15/2026 9:05:54 PM,KARABEER@boisestate.edu_boisestate
523,5b893a0c-caa0-436d-8332-e691b96ab417,T4,2,1778875200000,08:36,WIPT,1,1,,0,0,,0,Visual,43,260,7,1417,GPS-003,,3f19a384-0a7b-409e-8d1a-1d4c7a9b78f6,5/15/2026 9:05:54 PM,KARABEER@boisestate.edu_boisestate,5/15/2026 9:05:54 PM,KARABEER@boisestate.edu_boisestate
524,7a70550f-1395-4412-ab07-a19b5e6fef92,T4,2,1778875200000,08:37,WIPT,1,1,,0,0,,0,Visual,43,-99,0,1418,GPS-003,,3f19a384-0a7b-409e-8d1a-1d4c7a9b78f6,5/15/2026 9:05:54 PM,KARABEER@boisestate.edu_boisestate,5/15/2026 9:05:54 PM,KARABEER@boisestate.edu_boisestate
525,041c6f2a-8fe0-4c5d-97ac-924bef9bfa61,T4,2,1778875200000,08:38,WIPT,1,1,,0,0,,0,Visual,43,-99,0,1419,GPS-003,,3f19a384-0a7b-409e-8d1a-1d4c7a9b78f6,5/15/2026 9:05:54 PM,KARABEER@boisestate.edu_boisestate,5/15/2026 9:05:54 PM,KARABEER@boisestate.edu_boisestate
526,92f862c4-2ac3-496d-a624-5e3a09fb6751,T4,2,1778875200000,08:39,ROPT,1,,1,0,,0,0,Visual,43,-99,0,1420,GPS-003,,3f19a384-0a7b-409e-8d1a-1d4c7a9b78f6,5/15/2026 9:05:54 PM,KARABEER@boisestate.edu_boisestate,5/15/2026 9:05:54 PM,KARABEER@boisestate.edu_boisestate
527,955eba2d-fca8-4405-a929-6d892118544d,T4,2,1778875200000,08:40,PTAR,0,,,0,,,1,Visual,42,230,556,1421,GPS-003,,3f19a384-0a7b-409e-8d1a-1d4c7a9b78f6,5/15/2026 9:05:54 PM,KARABEER@boisestate.edu_boisestate,5/15/2026 9:05:54 PM,KARABEER@boisestate.edu_boisestate
528,50cde982-a1d0-49be-9958-85a38d84e005,T4,2,1778875200000,08:42,ROPT,0,,0,0,,0,1,Visual,42,90,171,1422,GPS-003,,3f19a384-0a7b-409e-8d1a-1d4c7a9b78f6,5/15/2026 9:05:54 PM,KARABEER@boisestate.edu_boisestate,5/15/2026 9:05:54 PM,KARABEER@boisestate.edu_boisestate
529,8a42d5df-37f9-4b4a-bca0-846cc1d3a74b,T4,2,1778875200000,08:43,WIPT,1,1,,1,1,,0,Visual,42,85,28,1423,GPS-003,,3f19a384-0a7b-409e-8d1a-1d4c7a9b78f6,5/15/2026 9:05:54 PM,KARABEER@boisestate.edu_boisestate,5/15/2026 9:05:54 PM,KARABEER@boisestate.edu_boisestate
530,f95bf17e-8570-4904-bb41-8b68c0ec9553,T4,2,1778875200000,08:44,ROPT,0,,0,1,,1,0,Visual,42,80,23,1424,GPS-003,,3f19a384-0a7b-409e-8d1a-1d4c7a9b78f6,5/15/2026 9:05:54 PM,KARABEER@boisestate.edu_boisestate,5/15/2026 9:05:54 PM,KARABEER@boisestate.edu_boisestate
531,97461cc3-aefe-40dd-b122-252fd415fb3e,T4,2,1778875200000,08:45,ROPT,1,,1,0,,0,0,Visual,42,-99,0,1425,GPS-003,,3f19a384-0a7b-409e-8d1a-1d4c7a9b78f6,5/15/2026 9:05:54 PM,KARABEER@boisestate.edu_boisestate,5/15/2026 9:05:54 PM,KARABEER@boisestate.edu_boisestate
532,0c53357c-e2cb-40d8-b5eb-76eb5c39f3c6,T4,2,1778875200000,08:45,ROPT,1,,1,1,,1,0,Visual,42,210,63,1425,GPS-003,,3f19a384-0a7b-409e-8d1a-1d4c7a9b78f6,5/15/2026 9:05:54 PM,KARABEER@boisestate.edu_boisestate,5/15/2026 9:05:54 PM,KARABEER@boisestate.edu_boisestate
533,a269e9f2-2e1b-49d1-96d3-55907c90b03d,T4,2,1778875200000,08:47,WIPT,1,1,,1,1,,0,Visual,42,235,75,1426,GPS-003,,3f19a384-0a7b-409e-8d1a-1d4c7a9b78f6,5/15/2026 9:05:54 PM,KARABEER@boisestate.edu_boisestate,5/15/2026 9:05:54 PM,KARABEER@boisestate.edu_boisestate
534,845edf74-b115-47fd-80a9-49555738a94e,T4,2,1778875200000,08:47,WIPT,1,1,,0,0,,0,Visual,42,250,260,1426,GPS-003,,3f19a384-0a7b-409e-8d1a-1d4c7a9b78f6,5/15/2026 9:05:54 PM,KARABEER@boisestate.edu_boisestate,5/15/2026 9:05:54 PM,KARABEER@boisestate.edu_boisestate
535,0cf89741-9cbe-4d2c-99d2-98d6703e67ac,T4,2,1778875200000,08:48,WIPT,1,1,,0,0,,0,Visual,42,250,340,1426,GPS-003,,3f19a384-0a7b-409e-8d1a-1d4c7a9b78f6,5/15/2026 9:05:54 PM,KARABEER@boisestate.edu_boisestate,5/15/2026 9:05:54 PM,KARABEER@boisestate.edu_boisestate
536,b4ee3f22-34c0-4395-8975-199867e336d2,T4,2,1778875200000,08:49,WIPT,0,0,,1,1,,0,Visual,41,250,71,1427,GPS-003,,3f19a384-0a7b-409e-8d1a-1d4c7a9b78f6,5/15/2026 9:05:54 PM,KARABEER@boisestate.edu_boisestate,5/15/2026 9:05:54 PM,KARABEER@boisestate.edu_boisestate
537,40a336f6-ed42-47a5-a2ec-5c488481f5e0,T4,2,1778875200000,08:50,WIPT,1,1,,0,0,,0,Visual,41,245,24,1418,GPS-003,,3f19a384-0a7b-409e-8d1a-1d4c7a9b78f6,5/15/2026 9:05:54 PM,KARABEER@boisestate.edu_boisestate,5/15/2026 9:05:54 PM,KARABEER@boisestate.edu_boisestate
538,4f8d13b9-04d7-4316-95fb-3878d267c6d9,T4,2,1778875200000,08:51,WIPT,1,1,,0,0,,1,Visual,41,250,600,1429,GPS-003,,3f19a384-0a7b-409e-8d1a-1d4c7a9b78f6,5/15/2026 9:05:54 PM,KARABEER@boisestate.edu_boisestate,5/15/2026 9:05:54 PM,KARABEER@boisestate.edu_boisestate
539,86faf878-534a-4ff9-98bd-a0dbf2320ab0,T4,2,1778875200000,08:52,WIPT,1,1,,0,0,,0,Visual,41,260,397,1429,GPS-003,,3f19a384-0a7b-409e-8d1a-1d4c7a9b78f6,5/15/2026 9:05:54 PM,KARABEER@boisestate.edu_boisestate,5/15/2026 9:05:54 PM,KARABEER@boisestate.edu_boisestate
540,3db87e29-135e-4ee7-8fb5-df6391c469f2,T4,2,1778875200000,08:53,WIPT,1,1,,0,0,,0,Visual,41,260,497,1429,GPS-003,,3f19a384-0a7b-409e-8d1a-1d4c7a9b78f6,5/15/2026 9:05:54 PM,KARABEER@boisestate.edu_boisestate,5/15/2026 9:05:54 PM,KARABEER@boisestate.edu_boisestate
541,afcbda04-25c1-4476-adb7-ec4d685ad6ea,T4,2,1778875200000,08:53,PTAR,0,,,0,,,1,Visual,41,260,550,1429,GPS-003,,3f19a384-0a7b-409e-8d1a-1d4c7a9b78f6,5/15/2026 9:05:54 PM,KARABEER@boisestate.edu_boisestate,5/15/2026 9:05:54 PM,KARABEER@boisestate.edu_boisestate
542,31edfed5-b223-47ee-ae49-cc734454fe67,T4,2,1778875200000,08:54,WISN,0,,,0,,,1,Audio,41,230,40,1429,GPS-003,,3f19a384-0a7b-409e-8d1a-1d4c7a9b78f6,5/15/2026 9:05:54 PM,KARABEER@boisestate.edu_boisestate,5/15/2026 9:05:54 PM,KARABEER@boisestate.edu_boisestate
543,9c2367cf-08b5-4ab2-bb26-6461fb20e985,T4,2,1778875200000,08:54,ROPT,1,,1,0,,0,0,Visual,41,110,240,1429,GPS-003,,3f19a384-0a7b-409e-8d1a-1d4c7a9b78f6,5/15/2026 9:05:54 PM,KARABEER@boisestate.edu_boisestate,5/15/2026 9:05:54 PM,KARABEER@boisestate.edu_boisestate
544,7a5d437f-65fd-40b4-940c-2f0f68cd1e04,T4,2,1778875200000,08:55,WIPT,1,1,,1,0,,0,Visual,41,60,12,1430,GPS-003,,3f19a384-0a7b-409e-8d1a-1d4c7a9b78f6,5/15/2026 9:05:54 PM,KARABEER@boisestate.edu_boisestate,5/15/2026 9:05:54 PM,KARABEER@boisestate.edu_boisestate
545,419f04da-6978-4a54-b183-bfab72d1f72a,T4,2,1778875200000,08:56,WIPT,3,1,,0,0,,0,Visual,41,220,178,1430,GPS-003,,3f19a384-0a7b-409e-8d1a-1d4c7a9b78f6,5/15/2026 9:05:54 PM,KARABEER@boisestate.edu_boisestate,5/15/2026 9:05:54 PM,KARABEER@boisestate.edu_boisestate
546,0b6569da-6bba-40b6-b540-28b423aa92ac,T4,2,1778875200000,08:57,PTAR,0,,,0,,,5,Visual,41,240,662,1430,GPS-003,,3f19a384-0a7b-409e-8d1a-1d4c7a9b78f6,5/15/2026 9:05:54 PM,KARABEER@boisestate.edu_boisestate,5/15/2026 9:05:54 PM,KARABEER@boisestate.edu_boisestate
547,aa29c5c1-3734-4414-b895-f615cd3bebbf,T4,2,1778875200000,08:58,WISN,0,,,0,,,1,Audio,41,100,55,1430,GPS-003,,3f19a384-0a7b-409e-8d1a-1d4c7a9b78f6,5/15/2026 9:05:54 PM,KARABEER@boisestate.edu_boisestate,5/15/2026 9:05:54 PM,KARABEER@boisestate.edu_boisestate
548,d50ca145-af1b-4780-84cb-9735b40a548c,T4,2,1778875200000,08:59,WIPT,1,1,,0,0,,0,Visual,41,75,450,1431,GPS-003,,3f19a384-0a7b-409e-8d1a-1d4c7a9b78f6,5/15/2026 9:05:54 PM,KARABEER@boisestate.edu_boisestate,5/15/2026 9:05:54 PM,KARABEER@boisestate.edu_boisestate
549,d69328b9-298d-4519-89ac-f854b60e9377,T4,2,1778875200000,09:00,WIPT,1,1,,0,0,,0,Visual,41,200,55,1432,GPS-003,,3f19a384-0a7b-409e-8d1a-1d4c7a9b78f6,5/15/2026 9:05:54 PM,KARABEER@boisestate.edu_boisestate,5/15/2026 9:05:54 PM,KARABEER@boisestate.edu_boisestate
550,28560579-bc42-4069-bd3b-ecb5234cc13d,T4,2,1778875200000,09:01,PTAR,0,,,0,,,2,Visual,41,80,520,1432,GPS-003,,3f19a384-0a7b-409e-8d1a-1d4c7a9b78f6,5/15/2026 9:05:54 PM,KARABEER@boisestate.edu_boisestate,5/15/2026 9:05:54 PM,KARABEER@boisestate.edu_boisestate
551,49714bf3-8c94-45f2-afa2-bff1bbefa94a,T4,2,1778875200000,09:01,WIPT,1,1,,1,1,,0,Visual,41,220,175,1432,GPS-003,,3f19a384-0a7b-409e-8d1a-1d4c7a9b78f6,5/15/2026 9:05:54 PM,KARABEER@boisestate.edu_boisestate,5/15/2026 9:05:54 PM,KARABEER@boisestate.edu_boisestate
552,0d16d000-a992-4d2d-a57c-de11b652ee06,T4,2,1778875200000,09:03,WIPT,1,1,,0,0,,0,Visual,41,270,231,1433,GPS-003,,3f19a384-0a7b-409e-8d1a-1d4c7a9b78f6,5/15/2026 9:05:54 PM,KARABEER@boisestate.edu_boisestate,5/15/2026 9:05:54 PM,KARABEER@boisestate.edu_boisestate
553,2491c7f4-c153-420b-ba88-c7b07aa7cbcf,T4,2,1778875200000,09:04,ROPT,1,,1,0,,0,0,Visual,41,85,221,1433,GPS-003,,3f19a384-0a7b-409e-8d1a-1d4c7a9b78f6,5/15/2026 9:05:54 PM,KARABEER@boisestate.edu_boisestate,5/15/2026 9:05:54 PM,KARABEER@boisestate.edu_boisestate
554,1285542d-8169-488c-9c2a-f8222c497b4e,T4,2,1778875200000,09:04,ROPT,1,,1,0,,0,0,Visual,41,85,258,1433,GPS-003,,3f19a384-0a7b-409e-8d1a-1d4c7a9b78f6,5/15/2026 9:05:54 PM,KARABEER@boisestate.edu_boisestate,5/15/2026 9:05:54 PM,KARABEER@boisestate.edu_boisestate
555,b6029bef-e5ca-49db-889c-12a9eb0a33b3,T4,2,1778875200000,09:05,PTAR,0,,,0,,,2,Visual,41,110,392,1433,GPS-003,,3f19a384-0a7b-409e-8d1a-1d4c7a9b78f6,5/15/2026 9:05:54 PM,KARABEER@boisestate.edu_boisestate,5/15/2026 9:05:54 PM,KARABEER@boisestate.edu_boisestate
556,cb7274e6-1447-4782-9deb-e790ffca5805,T4,2,1778875200000,09:06,WIPT,1,1,,0,0,,0,Visual,41,250,54,1434,GPS-003,,3f19a384-0a7b-409e-8d1a-1d4c7a9b78f6,5/15/2026 9:05:54 PM,KARABEER@boisestate.edu_boisestate,5/15/2026 9:05:54 PM,KARABEER@boisestate.edu_boisestate
557,e1ea8bcc-5b1d-46ae-8086-2ec93a7fec35,T4,2,1778875200000,09:08,ROPT,1,,1,0,,0,0,Visual,40,210,116,1435,GPS-003,,3f19a384-0a7b-409e-8d1a-1d4c7a9b78f6,5/15/2026 9:05:54 PM,KARABEER@boisestate.edu_boisestate,5/15/2026 9:05:54 PM,KARABEER@boisestate.edu_boisestate
558,e3b9718c-8a1e-4411-9b77-43fa4cbccef0,T4,2,1778875200000,09:11,WIPT,1,1,,0,0,,0,Visual,40,240,129,1436,GPS-003,,3f19a384-0a7b-409e-8d1a-1d4c7a9b78f6,5/15/2026 9:05:54 PM,KARABEER@boisestate.edu_boisestate,5/15/2026 9:05:54 PM,KARABEER@boisestate.edu_boisestate
559,ea71a0e4-b153-4377-b145-7d1cbdabd3af,T4,2,1778875200000,09:12,WIPT,1,1,,0,0,,0,Visual,40,245,97,1437,GPS-003,,3f19a384-0a7b-409e-8d1a-1d4c7a9b78f6,5/15/2026 9:05:54 PM,KARABEER@boisestate.edu_boisestate,5/15/2026 9:05:54 PM,KARABEER@boisestate.edu_boisestate
560,abfb261a-68d9-4f1b-b480-5d35332e2ddf,T4,2,1778875200000,09:13,ROPT,1,,1,0,,0,0,Visual,40,110,119,1438,GPS-003,,3f19a384-0a7b-409e-8d1a-1d4c7a9b78f6,5/15/2026 9:05:54 PM,KARABEER@boisestate.edu_boisestate,5/15/2026 9:05:54 PM,KARABEER@boisestate.edu_boisestate
561,f4bcefb7-df90-4fe9-bbf7-a67f1dcdb02c,T4,2,1778875200000,09:13,WIPT,1,1,,1,1,,0,Visual,40,120,42,1438,GPS-003,,3f19a384-0a7b-409e-8d1a-1d4c7a9b78f6,5/15/2026 9:05:54 PM,KARABEER@boisestate.edu_boisestate,5/15/2026 9:05:54 PM,KARABEER@boisestate.edu_boisestate
562,9d528ef0-bf9f-48f9-8dc5-506031948ec4,T4,2,1778875200000,09:14,WIPT,1,1,,1,0,,0,Visual,40,90,54,1439,GPS-003,,3f19a384-0a7b-409e-8d1a-1d4c7a9b78f6,5/15/2026 9:05:54 PM,KARABEER@boisestate.edu_boisestate,5/15/2026 9:05:54 PM,KARABEER@boisestate.edu_boisestate
563,a29735b8-fc4f-4ebd-b28b-2fa9b3062958,T4,2,1778875200000,09:15,ROPT,1,,1,0,,0,0,Visual,40,220,55,1439,GPS-003,,3f19a384-0a7b-409e-8d1a-1d4c7a9b78f6,5/15/2026 9:05:54 PM,KARABEER@boisestate.edu_boisestate,5/15/2026 9:05:54 PM,KARABEER@boisestate.edu_boisestate
564,0f8ea228-c6da-4367-bc15-d196b9fad31e,T4,2,1778875200000,09:16,WIPT,1,1,,0,0,,0,Visual,40,240,183,1440,GPS-003,,3f19a384-0a7b-409e-8d1a-1d4c7a9b78f6,5/15/2026 9:05:54 PM,KARABEER@boisestate.edu_boisestate,5/15/2026 9:05:54 PM,KARABEER@boisestate.edu_boisestate
565,f160a35b-74d5-4b9a-b616-4210d120224c,T4,2,1778875200000,09:17,ROPT,1,,1,0,,0,0,Visual,40,100,264,1440,GPS-003,,3f19a384-0a7b-409e-8d1a-1d4c7a9b78f6,5/15/2026 9:05:54 PM,KARABEER@boisestate.edu_boisestate,5/15/2026 9:05:54 PM,KARABEER@boisestate.edu_boisestate
566,2fc668f1-296a-40c4-a86e-a971289dc4c8,T4,2,1778875200000,09:17,WIPT,1,1,,0,0,,0,Visual,40,85,59,1441,GPS-003,,3f19a384-0a7b-409e-8d1a-1d4c7a9b78f6,5/15/2026 9:05:54 PM,KARABEER@boisestate.edu_boisestate,5/15/2026 9:05:54 PM,KARABEER@boisestate.edu_boisestate
567,7122190d-568a-4173-bf96-9a32018898f4,T4,2,1778875200000,09:18,WISN,0,,,0,,,1,Audio,40,210,60,1441,GPS-003,,3f19a384-0a7b-409e-8d1a-1d4c7a9b78f6,5/15/2026 9:05:54 PM,KARABEER@boisestate.edu_boisestate,5/15/2026 9:05:54 PM,KARABEER@boisestate.edu_boisestate
568,f11e1c83-7b6b-42a3-8e0f-04201e3029bd,T4,2,1778875200000,09:19,WIPT,1,1,,0,0,,1,Visual,40,240,120,1442,GPS-003,,3f19a384-0a7b-409e-8d1a-1d4c7a9b78f6,5/15/2026 9:05:54 PM,KARABEER@boisestate.edu_boisestate,5/15/2026 9:05:54 PM,KARABEER@boisestate.edu_boisestate
569,d5352706-b08a-4a8f-a0ab-cab25efb654e,T4,2,1778875200000,09:20,WIPT,1,1,,1,1,,0,Visual,40,240,178,1443,GPS-003,,3f19a384-0a7b-409e-8d1a-1d4c7a9b78f6,5/15/2026 9:05:54 PM,KARABEER@boisestate.edu_boisestate,5/15/2026 9:05:54 PM,KARABEER@boisestate.edu_boisestate
570,178b7e24-9edb-4986-8e7a-ceec38632d14,T4,2,1778875200000,09:20,WIPT,1,1,,0,0,,0,Visual,40,235,188,1443,GPS-003,,3f19a384-0a7b-409e-8d1a-1d4c7a9b78f6,5/15/2026 9:05:54 PM,KARABEER@boisestate.edu_boisestate,5/15/2026 9:05:54 PM,KARABEER@boisestate.edu_boisestate
571,8a63aba3-991f-4add-b0ea-52b5c7a2a348,T4,2,1778875200000,09:22,WIPT,1,1,,1,1,,0,Visual,39,230,70,1444,GPS-003,,3f19a384-0a7b-409e-8d1a-1d4c7a9b78f6,5/15/2026 9:05:54 PM,KARABEER@boisestate.edu_boisestate,5/15/2026 9:05:54 PM,KARABEER@boisestate.edu_boisestate
572,2d68183c-8948-4212-9f2f-d41d79378978,T4,2,1778875200000,09:22,ROPT,1,,1,1,,1,0,Visual,39,80,248,1444,GPS-003,,3f19a384-0a7b-409e-8d1a-1d4c7a9b78f6,5/15/2026 9:05:54 PM,KARABEER@boisestate.edu_boisestate,5/15/2026 9:05:54 PM,KARABEER@boisestate.edu_boisestate
573,55e153d4-e5a6-40c3-8b6a-f811ec62c0d0,T4,2,1778875200000,09:24,WIPT,1,1,,0,0,,0,Visual,39,75,98,1445,GPS-003,,3f19a384-0a7b-409e-8d1a-1d4c7a9b78f6,5/15/2026 9:05:54 PM,KARABEER@boisestate.edu_boisestate,5/15/2026 9:05:54 PM,KARABEER@boisestate.edu_boisestate
574,f40f3c37-ab46-408f-8fc7-e4c31f8458b6,T4,2,1778875200000,09:24,ROPT,1,,1,0,,0,0,Visual,39,110,147,1446,GPS-003,,3f19a384-0a7b-409e-8d1a-1d4c7a9b78f6,5/15/2026 9:05:54 PM,KARABEER@boisestate.edu_boisestate,5/15/2026 9:05:54 PM,KARABEER@boisestate.edu_boisestate
575,f7ba455d-8e5d-4bea-ac50-e9130c8ca8cf,T4,2,1778875200000,09:25,LTJA,0,,,0,,,1,Visual,39,265,330,1447,GPS-003,,3f19a384-0a7b-409e-8d1a-1d4c7a9b78f6,5/15/2026 9:05:54 PM,KARABEER@boisestate.edu_boisestate,5/15/2026 9:05:54 PM,KARABEER@boisestate.edu_boisestate
576,b09f5b43-1887-4648-baa0-67695c6f66f7,T4,2,1778875200000,09:26,WIPT,1,1,,0,0,,0,Visual,39,115,27,1447,GPS-003,,3f19a384-0a7b-409e-8d1a-1d4c7a9b78f6,5/15/2026 9:05:54 PM,KARABEER@boisestate.edu_boisestate,5/15/2026 9:05:54 PM,KARABEER@boisestate.edu_boisestate
577,c181b98c-ef3c-4111-a2ba-f3d417e341a1,T4,2,1778875200000,09:26,WIPT,1,1,,0,0,,0,Visual,39,255,169,1447,GPS-003,,3f19a384-0a7b-409e-8d1a-1d4c7a9b78f6,5/15/2026 9:05:54 PM,KARABEER@boisestate.edu_boisestate,5/15/2026 9:05:54 PM,KARABEER@boisestate.edu_boisestate
578,eba9b337-9c07-401f-9d19-616d703831e6,T4,2,1778875200000,09:27,WIPT,1,1,,1,1,,0,Audio,39,345,19,1447,GPS-003,,3f19a384-0a7b-409e-8d1a-1d4c7a9b78f6,5/15/2026 9:05:54 PM,KARABEER@boisestate.edu_boisestate,5/15/2026 9:05:54 PM,KARABEER@boisestate.edu_boisestate
579,21fabf5f-2428-4de8-aeea-e4ba763b1075,T4,2,1778875200000,09:28,WIPT,1,1,,1,1,,0,Visual,39,95,85,1448,GPS-003,,3f19a384-0a7b-409e-8d1a-1d4c7a9b78f6,5/15/2026 9:05:54 PM,KARABEER@boisestate.edu_boisestate,5/15/2026 9:05:54 PM,KARABEER@boisestate.edu_boisestate
580,ecb19412-a72a-4c9a-a586-e53e934c9e90,T4,2,1778875200000,09:29,ROPT,1,,1,0,,0,0,Visual,39,80,123,1448,GPS-003,,3f19a384-0a7b-409e-8d1a-1d4c7a9b78f6,5/15/2026 9:05:54 PM,KARABEER@boisestate.edu_boisestate,5/15/2026 9:05:54 PM,KARABEER@boisestate.edu_boisestate
581,15765779-bd46-4e59-85fa-74cd3c3ac306,T4,2,1778875200000,09:29,ROPT,0,,0,0,,0,1,Visual,39,90,280,1448,GPS-003,,3f19a384-0a7b-409e-8d1a-1d4c7a9b78f6,5/15/2026 9:05:54 PM,KARABEER@boisestate.edu_boisestate,5/15/2026 9:05:54 PM,KARABEER@boisestate.edu_boisestate
582,b01f595a-0e6f-4ad1-8fe2-15c1367789c2,T4,2,1778875200000,09:30,ROPT,0,,0,0,,0,1,Visual,39,90,459,1448,GPS-003,,3f19a384-0a7b-409e-8d1a-1d4c7a9b78f6,5/15/2026 9:05:54 PM,KARABEER@boisestate.edu_boisestate,5/15/2026 9:05:54 PM,KARABEER@boisestate.edu_boisestate
583,b382fe69-c6ac-4b4b-b439-1638147e084c,T4,2,1778875200000,09:31,WIPT,1,1,,0,0,,0,Visual,39,255,79,1449,GPS-003,,3f19a384-0a7b-409e-8d1a-1d4c7a9b78f6,5/15/2026 9:05:54 PM,KARABEER@boisestate.edu_boisestate,5/15/2026 9:05:54 PM,KARABEER@boisestate.edu_boisestate
584,d5596137-15bc-4fc5-812f-b78581132423,T4,2,1778875200000,09:31,WIPT,1,1,,0,0,,0,Visual,39,85,66,1446,GPS-003,,3f19a384-0a7b-409e-8d1a-1d4c7a9b78f6,5/15/2026 9:05:54 PM,KARABEER@boisestate.edu_boisestate,5/15/2026 9:05:54 PM,KARABEER@boisestate.edu_boisestate
585,b428bf85-977a-47bc-8d03-550ddd4f057c,T4,2,1778875200000,09:32,WIPT,1,1,,0,0,,0,Visual,39,245,440,1449,GPS-003,,3f19a384-0a7b-409e-8d1a-1d4c7a9b78f6,5/15/2026 9:05:54 PM,KARABEER@boisestate.edu_boisestate,5/15/2026 9:05:54 PM,KARABEER@boisestate.edu_boisestate
586,f9b7ef37-95ae-42b7-bdb7-a8ff81830198,T4,2,1778875200000,09:34,ROPT,0,,0,0,,0,1,Visual,39,70,223,1450,GPS-003,,3f19a384-0a7b-409e-8d1a-1d4c7a9b78f6,5/15/2026 9:05:54 PM,KARABEER@boisestate.edu_boisestate,5/15/2026 9:05:54 PM,KARABEER@boisestate.edu_boisestate
587,8ba9d533-e3bb-4d2a-8980-af17ee838d5b,T4,2,1778875200000,09:35,WIPT,2,2,,0,0,,0,Visual,39,210,110,1451,GPS-003,,3f19a384-0a7b-409e-8d1a-1d4c7a9b78f6,5/15/2026 9:05:54 PM,KARABEER@boisestate.edu_boisestate,5/15/2026 9:05:54 PM,KARABEER@boisestate.edu_boisestate
588,6d5ab92f-94be-478e-9c84-e9ba3cfb53a2,T4,2,1778875200000,09:36,ROPT,1,,1,1,,1,0,Visual,39,80,30,1451,GPS-003,,3f19a384-0a7b-409e-8d1a-1d4c7a9b78f6,5/15/2026 9:05:54 PM,KARABEER@boisestate.edu_boisestate,5/15/2026 9:05:54 PM,KARABEER@boisestate.edu_boisestate
589,e023ded7-1d4b-4362-a0e2-86138731af99,T4,2,1778875200000,09:36,WIPT,1,1,,0,0,,0,Visual,39,230,256,1451,GPS-003,,3f19a384-0a7b-409e-8d1a-1d4c7a9b78f6,5/15/2026 9:05:54 PM,KARABEER@boisestate.edu_boisestate,5/15/2026 9:05:54 PM,KARABEER@boisestate.edu_boisestate
590,c6a6d37b-7e68-473d-a4e7-651611e2369e,T4,2,1778875200000,09:38,WIPT,1,1,,0,0,,0,Visual,38,60,29,1452,GPS-003,,3f19a384-0a7b-409e-8d1a-1d4c7a9b78f6,5/15/2026 9:05:54 PM,KARABEER@boisestate.edu_boisestate,5/15/2026 9:05:54 PM,KARABEER@boisestate.edu_boisestate
591,2826a1a2-3817-4742-9105-30c2fe3fa3e3,T4,2,1778875200000,09:38,WIPT,1,1,,0,0,,0,Visual,38,75,20,1453,GPS-003,,3f19a384-0a7b-409e-8d1a-1d4c7a9b78f6,5/15/2026 9:05:54 PM,KARABEER@boisestate.edu_boisestate,5/15/2026 9:05:54 PM,KARABEER@boisestate.edu_boisestate
592,c203b9bb-da06-435d-96a4-0952f8b20620,T4,2,1778875200000,09:39,WIPT,1,1,,0,0,,0,Visual,38,250,175,1453,GPS-003,,3f19a384-0a7b-409e-8d1a-1d4c7a9b78f6,5/15/2026 9:05:54 PM,KARABEER@boisestate.edu_boisestate,5/15/2026 9:05:54 PM,KARABEER@boisestate.edu_boisestate
593,3c93186f-79b7-4c22-b307-832a379fcb01,T4,2,1778875200000,09:40,WIPT,1,1,,1,1,,0,Visual,38,60,271,1454,GPS-003,,3f19a384-0a7b-409e-8d1a-1d4c7a9b78f6,5/15/2026 9:05:54 PM,KARABEER@boisestate.edu_boisestate,5/15/2026 9:05:54 PM,KARABEER@boisestate.edu_boisestate
594,81b309e8-4797-451a-8856-8373b6df86ed,T4,2,1778875200000,09:42,AGSQ,0,,,0,,,1,Audio,38,60,15,1455,GPS-003,,3f19a384-0a7b-409e-8d1a-1d4c7a9b78f6,5/15/2026 9:05:54 PM,KARABEER@boisestate.edu_boisestate,5/15/2026 9:05:54 PM,KARABEER@boisestate.edu_boisestate
595,8d1971c6-aefb-4a52-aa82-32b4487a24b4,T4,2,1778875200000,09:42,WIPT,1,1,,1,1,,0,Visual,38,220,42,1455,GPS-003,,3f19a384-0a7b-409e-8d1a-1d4c7a9b78f6,5/15/2026 9:05:54 PM,KARABEER@boisestate.edu_boisestate,5/15/2026 9:05:54 PM,KARABEER@boisestate.edu_boisestate
596,76767ad1-7440-45b4-8779-0ceb76afbe93,T4,2,1778875200000,09:43,ROPT,1,,1,0,,0,0,Visual,38,200,138,1455,GPS-003,,3f19a384-0a7b-409e-8d1a-1d4c7a9b78f6,5/15/2026 9:05:54 PM,KARABEER@boisestate.edu_boisestate,5/15/2026 9:05:54 PM,KARABEER@boisestate.edu_boisestate
597,c3e04a31-22c4-42bc-8403-4deef26181af,T4,2,1778875200000,09:44,WIPT,1,1,,0,0,,0,Visual,38,210,142,1455,GPS-003,,3f19a384-0a7b-409e-8d1a-1d4c7a9b78f6,5/15/2026 9:05:54 PM,KARABEER@boisestate.edu_boisestate,5/15/2026 9:05:54 PM,KARABEER@boisestate.edu_boisestate
598,c34af7c3-065e-41c1-9bce-d0f52a49c123,T4,2,1778875200000,09:44,ROPT,0,,0,0,,0,1,Visual,38,215,295,1455,GPS-003,,3f19a384-0a7b-409e-8d1a-1d4c7a9b78f6,5/15/2026 9:05:54 PM,KARABEER@boisestate.edu_boisestate,5/15/2026 9:05:54 PM,KARABEER@boisestate.edu_boisestate
599,a888fa8e-6ca0-4061-8cc0-5c8aaafe5c46,T4,2,1778875200000,09:45,ROPT,1,,1,0,,0,0,Visual,38,90,116,1456,GPS-003,,3f19a384-0a7b-409e-8d1a-1d4c7a9b78f6,5/15/2026 9:05:54 PM,KARABEER@boisestate.edu_boisestate,5/15/2026 9:05:54 PM,KARABEER@boisestate.edu_boisestate
600,d5810877-6579-488d-b378-44c6e63d74c2,T4,2,1778875200000,09:46,WIPT,1,1,,0,0,,0,Visual,38,200,230,1456,GPS-003,,3f19a384-0a7b-409e-8d1a-1d4c7a9b78f6,5/15/2026 9:05:54 PM,KARABEER@boisestate.edu_boisestate,5/15/2026 9:05:54 PM,KARABEER@boisestate.edu_boisestate
601,d9c5d817-6d79-4872-ad94-f90c7e426d92,T4,2,1778875200000,09:47,WIPT,1,1,,1,1,,0,Visual,38,70,18,1457,GPS-003,,3f19a384-0a7b-409e-8d1a-1d4c7a9b78f6,5/15/2026 9:05:54 PM,KARABEER@boisestate.edu_boisestate,5/15/2026 9:05:54 PM,KARABEER@boisestate.edu_boisestate
602,b2353294-b0a2-4eaf-ac2a-c224cf5bc2a3,T3,2,1778875200000,09:52,WIPT,1,1,,1,1,,0,Visual,38,250,15,1458,GPS-003,,d88d8620-2e78-4b7d-81f9-2a4125a5a88d,5/15/2026 9:05:56 PM,KARABEER@boisestate.edu_boisestate,5/15/2026 9:05:56 PM,KARABEER@boisestate.edu_boisestate
603,e0dac49c-d0bc-4ee2-a5a1-9acb548e0aaf,T3,2,1778875200000,09:56,WIPT,1,1,,1,1,,0,Visual,38,270,75,1459,GPS-003,,d88d8620-2e78-4b7d-81f9-2a4125a5a88d,5/15/2026 9:05:56 PM,KARABEER@boisestate.edu_boisestate,5/15/2026 9:05:56 PM,KARABEER@boisestate.edu_boisestate
604,c4be06d2-6577-4dbf-9a06-38678e08aa98,T3,2,1778875200000,09:57,ROPT,0,,0,1,,1,0,Visual,38,60,153,1460,GPS-003,,d88d8620-2e78-4b7d-81f9-2a4125a5a88d,5/15/2026 9:05:56 PM,KARABEER@boisestate.edu_boisestate,5/15/2026 9:05:56 PM,KARABEER@boisestate.edu_boisestate
605,8ef6c982-1436-4e14-a187-ce362e5c07e3,T3,2,1778875200000,09:58,WIPT,1,1,,0,0,,0,Visual,38,50,20,1461,GPS-003,,d88d8620-2e78-4b7d-81f9-2a4125a5a88d,5/15/2026 9:05:56 PM,KARABEER@boisestate.edu_boisestate,5/15/2026 9:05:56 PM,KARABEER@boisestate.edu_boisestate
606,9deaddad-7f92-4364-9227-a07b307c2d3b,T3,2,1778875200000,09:59,PTAR,1,,,0,,,0,Visual,38,121,190,1461,GPS-003,,d88d8620-2e78-4b7d-81f9-2a4125a5a88d,5/15/2026 9:05:56 PM,KARABEER@boisestate.edu_boisestate,5/15/2026 9:05:56 PM,KARABEER@boisestate.edu_boisestate
607,de856d27-bea8-4237-8365-b7d8ea55dd57,T3,2,1778875200000,09:59,WIPT,1,1,,0,0,,0,Visual,38,-99,0,1462,GPS-003,,d88d8620-2e78-4b7d-81f9-2a4125a5a88d,5/15/2026 9:05:56 PM,KARABEER@boisestate.edu_boisestate,5/15/2026 9:05:56 PM,KARABEER@boisestate.edu_boisestate
608,7ee7deb3-c412-4ba3-8a35-90d326b92752,T3,2,1778875200000,10:01,WIPT,1,1,,0,0,,0,Visual,37,215,400,1463,GPS-003,,d88d8620-2e78-4b7d-81f9-2a4125a5a88d,5/15/2026 9:05:56 PM,KARABEER@boisestate.edu_boisestate,5/15/2026 9:05:56 PM,KARABEER@boisestate.edu_boisestate
609,dab70ebf-9d75-459a-92cf-da2a231ea71e,T3,2,1778875200000,10:02,WIPT,1,1,,0,0,,0,Visual,37,220,192,1464,GPS-003,,d88d8620-2e78-4b7d-81f9-2a4125a5a88d,5/15/2026 9:05:56 PM,KARABEER@boisestate.edu_boisestate,5/15/2026 9:05:56 PM,KARABEER@boisestate.edu_boisestate
610,a2f8ffe3-cd35-4aa1-b500-4094b5157a78,T3,2,1778875200000,10:02,WIPT,1,1,,1,1,,0,Visual,37,205,44,1465,GPS-003,,d88d8620-2e78-4b7d-81f9-2a4125a5a88d,5/15/2026 9:05:56 PM,KARABEER@boisestate.edu_boisestate,5/15/2026 9:05:56 PM,KARABEER@boisestate.edu_boisestate
611,0ca7f412-95eb-4b9d-9246-e8f61b3ff132,T3,2,1778875200000,10:03,WIPT,1,1,,0,0,,0,Visual,37,240,62,1466,GPS-003,,d88d8620-2e78-4b7d-81f9-2a4125a5a88d,5/15/2026 9:05:56 PM,KARABEER@boisestate.edu_boisestate,5/15/2026 9:05:56 PM,KARABEER@boisestate.edu_boisestate
612,899adda8-82ee-4ee4-92e1-98417d475af1,T3,2,1778875200000,10:04,WIPT,1,1,,0,0,,0,Visual,37,90,37,1467,GPS-003,,d88d8620-2e78-4b7d-81f9-2a4125a5a88d,5/15/2026 9:05:56 PM,KARABEER@boisestate.edu_boisestate,5/15/2026 9:05:56 PM,KARABEER@boisestate.edu_boisestate
613,9cb94e9d-bfad-408f-a89a-e8ea1f51f881,T3,2,1778875200000,10:05,WIPT,1,1,,1,1,,0,Visual,37,250,93,1468,GPS-003,,d88d8620-2e78-4b7d-81f9-2a4125a5a88d,5/15/2026 9:05:56 PM,KARABEER@boisestate.edu_boisestate,5/15/2026 9:05:56 PM,KARABEER@boisestate.edu_boisestate
614,64dde768-2e90-410d-af83-b018508761f8,T3,2,1778875200000,10:06,WIPT,1,1,,1,1,,0,Visual,37,270,319,1469,GPS-003,,d88d8620-2e78-4b7d-81f9-2a4125a5a88d,5/15/2026 9:05:56 PM,KARABEER@boisestate.edu_boisestate,5/15/2026 9:05:56 PM,KARABEER@boisestate.edu_boisestate
615,f4802182-4151-49b5-a125-586f421771f2,T3,2,1778875200000,10:07,WIPT,2,2,,2,2,,0,Visual,37,260,298,1469,GPS-003,,d88d8620-2e78-4b7d-81f9-2a4125a5a88d,5/15/2026 9:05:56 PM,KARABEER@boisestate.edu_boisestate,5/15/2026 9:05:56 PM,KARABEER@boisestate.edu_boisestate
616,838e5439-3bb4-46af-8e75-6aba67882ce5,T3,2,1778875200000,10:07,LTJA,0,,,0,,,1,Visual,37,250,300,1469,GPS-003,,d88d8620-2e78-4b7d-81f9-2a4125a5a88d,5/15/2026 9:05:56 PM,KARABEER@boisestate.edu_boisestate,5/15/2026 9:05:56 PM,KARABEER@boisestate.edu_boisestate
617,f5c813bd-4996-429f-a73f-5c42e2c0cd29,T3,2,1778875200000,10:08,WIPT,1,1,,1,1,,0,Visual,37,230,227,1469,GPS-003,,d88d8620-2e78-4b7d-81f9-2a4125a5a88d,5/15/2026 9:05:56 PM,KARABEER@boisestate.edu_boisestate,5/15/2026 9:05:56 PM,KARABEER@boisestate.edu_boisestate
618,8a353786-256c-4eac-9ee8-f434d95a0cec,T3,2,1778875200000,10:08,WISN,0,,,0,,,1,Audio,37,210,60,1469,GPS-003,,d88d8620-2e78-4b7d-81f9-2a4125a5a88d,5/15/2026 9:05:56 PM,KARABEER@boisestate.edu_boisestate,5/15/2026 9:05:56 PM,KARABEER@boisestate.edu_boisestate
619,307033b3-c607-4781-ac23-5a3d4f8cabfe,T3,2,1778875200000,10:09,WIPT,1,1,,0,0,,0,Visual,37,250,106,1469,GPS-003,,d88d8620-2e78-4b7d-81f9-2a4125a5a88d,5/15/2026 9:05:56 PM,KARABEER@boisestate.edu_boisestate,5/15/2026 9:05:56 PM,KARABEER@boisestate.edu_boisestate
620,4f0189de-b086-418b-8ac6-fa66d7fc59c3,T3,2,1778875200000,10:09,WIPT,1,1,,1,1,,0,Visual,37,90,38,1469,GPS-003,,d88d8620-2e78-4b7d-81f9-2a4125a5a88d,5/15/2026 9:05:56 PM,KARABEER@boisestate.edu_boisestate,5/15/2026 9:05:56 PM,KARABEER@boisestate.edu_boisestate
621,c579945f-2d98-4787-9e91-6e99ad83f80a,T3,2,1778875200000,10:10,WIPT,1,1,,1,1,,0,Visual,37,250,17,1470,GPS-003,,d88d8620-2e78-4b7d-81f9-2a4125a5a88d,5/15/2026 9:05:56 PM,KARABEER@boisestate.edu_boisestate,5/15/2026 9:05:56 PM,KARABEER@boisestate.edu_boisestate
622,0d19eabc-7f3e-4b03-b954-e876454313d6,T3,2,1778875200000,10:11,WIPT,1,1,,0,0,,1,Visual,36,100,110,1471,GPS-003,,d88d8620-2e78-4b7d-81f9-2a4125a5a88d,5/15/2026 9:05:56 PM,KARABEER@boisestate.edu_boisestate,5/15/2026 9:05:56 PM,KARABEER@boisestate.edu_boisestate
623,3741b950-2458-467b-afb5-849c2bfc865c,T3,2,1778875200000,10:12,PTAR,0,,,0,,,1,Visual,36,100,72,1471,GPS-003,,d88d8620-2e78-4b7d-81f9-2a4125a5a88d,5/15/2026 9:05:56 PM,KARABEER@boisestate.edu_boisestate,5/15/2026 9:05:56 PM,KARABEER@boisestate.edu_boisestate
624,9c287063-4f06-45fe-abd5-67a0dfafdf58,T3,2,1778875200000,10:12,WIPT,1,1,,0,0,,0,Visual,36,110,59,1472,GPS-003,,d88d8620-2e78-4b7d-81f9-2a4125a5a88d,5/15/2026 9:05:56 PM,KARABEER@boisestate.edu_boisestate,5/15/2026 9:05:56 PM,KARABEER@boisestate.edu_boisestate
625,45939219-39e7-4409-8766-ace22f584bff,T3,2,1778875200000,10:14,WIPT,1,1,,0,0,,0,Visual,36,250,244,1473,GPS-003,,d88d8620-2e78-4b7d-81f9-2a4125a5a88d,5/15/2026 9:05:56 PM,KARABEER@boisestate.edu_boisestate,5/15/2026 9:05:56 PM,KARABEER@boisestate.edu_boisestate
626,9f261cfb-6828-4bc9-a6c1-b774492a9cd5,T3,2,1778875200000,10:14,WIPT,1,1,,0,0,,0,Visual,36,140,89,1473,GPS-003,,d88d8620-2e78-4b7d-81f9-2a4125a5a88d,5/15/2026 9:05:56 PM,KARABEER@boisestate.edu_boisestate,5/15/2026 9:05:56 PM,KARABEER@boisestate.edu_boisestate
627,92238050-c6c7-4c61-8bd8-0fbb95a753a2,T3,2,1778875200000,10:15,WIPT,1,1,,0,0,,0,Visual,36,245,53,1474,GPS-003,,d88d8620-2e78-4b7d-81f9-2a4125a5a88d,5/15/2026 9:05:56 PM,KARABEER@boisestate.edu_boisestate,5/15/2026 9:05:56 PM,KARABEER@boisestate.edu_boisestate
628,02413491-217c-451c-98df-626924282a64,T3,2,1778875200000,10:15,WIPT,1,1,,0,0,,0,Visual,36,90,85,1474,GPS-003,,d88d8620-2e78-4b7d-81f9-2a4125a5a88d,5/15/2026 9:05:56 PM,KARABEER@boisestate.edu_boisestate,5/15/2026 9:05:56 PM,KARABEER@boisestate.edu_boisestate
629,8ba23757-ff5c-4888-90a5-ed7484cd387e,T3,2,1778875200000,10:16,WIPT,1,1,,0,0,,0,Visual,36,90,129,1475,GPS-003,,d88d8620-2e78-4b7d-81f9-2a4125a5a88d,5/15/2026 9:05:56 PM,KARABEER@boisestate.edu_boisestate,5/15/2026 9:05:56 PM,KARABEER@boisestate.edu_boisestate
630,67cd98f7-cfe1-48fe-ac7f-560097489d41,T3,2,1778875200000,10:17,WIPT,1,1,,1,1,,0,Visual,36,200,53,1476,GPS-003,,d88d8620-2e78-4b7d-81f9-2a4125a5a88d,5/15/2026 9:05:56 PM,KARABEER@boisestate.edu_boisestate,5/15/2026 9:05:56 PM,KARABEER@boisestate.edu_boisestate
631,46f75832-6993-4859-9d17-a7e7e86732b3,T3,2,1778875200000,10:18,WIPT,1,1,,0,0,,1,Visual,36,70,223,1477,GPS-003,,d88d8620-2e78-4b7d-81f9-2a4125a5a88d,5/15/2026 9:05:56 PM,KARABEER@boisestate.edu_boisestate,5/15/2026 9:05:56 PM,KARABEER@boisestate.edu_boisestate
632,37388229-3053-4fce-ae11-998586c18c9a,T3,2,1778875200000,10:19,WIPT,1,1,,1,1,,0,Visual,36,20,23,1478,GPS-003,,d88d8620-2e78-4b7d-81f9-2a4125a5a88d,5/15/2026 9:05:56 PM,KARABEER@boisestate.edu_boisestate,5/15/2026 9:05:56 PM,KARABEER@boisestate.edu_boisestate
633,8b4b7276-3058-468a-87f8-0b8643e07e7a,T3,2,1778875200000,10:19,WIPT,1,1,,1,1,,0,Visual,36,60,38,1479,GPS-003,,d88d8620-2e78-4b7d-81f9-2a4125a5a88d,5/15/2026 9:05:56 PM,KARABEER@boisestate.edu_boisestate,5/15/2026 9:05:56 PM,KARABEER@boisestate.edu_boisestate
634,6c6c6033-6999-489f-bcd6-dbb85b8b02f7,T3,2,1778875200000,10:21,WIPT,1,1,,1,1,,0,Visual,36,190,161,1480,GPS-003,,d88d8620-2e78-4b7d-81f9-2a4125a5a88d,5/15/2026 9:05:56 PM,KARABEER@boisestate.edu_boisestate,5/15/2026 9:05:56 PM,KARABEER@boisestate.edu_boisestate
635,38a108ae-a14a-4216-80b1-f34d7fcab7f9,T3,2,1778875200000,10:22,WIPT,1,1,,0,0,,0,Visual,36,80,21,1480,GPS-003,,d88d8620-2e78-4b7d-81f9-2a4125a5a88d,5/15/2026 9:05:56 PM,KARABEER@boisestate.edu_boisestate,5/15/2026 9:05:56 PM,KARABEER@boisestate.edu_boisestate
636,429b0066-9454-4e6a-9abf-fdb778785dec,T3,2,1778875200000,10:22,WIPT,0,0,,1,1,,0,Visual,36,60,58,1480,GPS-003,,d88d8620-2e78-4b7d-81f9-2a4125a5a88d,5/15/2026 9:05:56 PM,KARABEER@boisestate.edu_boisestate,5/15/2026 9:05:56 PM,KARABEER@boisestate.edu_boisestate
637,218744ed-292f-4863-a8ac-598319480ade,T3,2,1778875200000,10:22,WIPT,1,1,,1,1,,0,Visual,36,55,101,1480,GPS-003,,d88d8620-2e78-4b7d-81f9-2a4125a5a88d,5/15/2026 9:05:56 PM,KARABEER@boisestate.edu_boisestate,5/15/2026 9:05:56 PM,KARABEER@boisestate.edu_boisestate
638,39d96167-e336-4ac3-8488-daaed2c1f954,T3,2,1778875200000,10:23,WIPT,1,1,,1,1,,0,Visual,36,70,41,1481,GPS-003,,d88d8620-2e78-4b7d-81f9-2a4125a5a88d,5/15/2026 9:05:56 PM,KARABEER@boisestate.edu_boisestate,5/15/2026 9:05:56 PM,KARABEER@boisestate.edu_boisestate
639,670ad1a7-ffc2-471d-93d8-ded872f2fb22,T3,2,1778875200000,10:24,WISN,0,,,0,,,1,Audio,36,80,47,1481,GPS-003,,d88d8620-2e78-4b7d-81f9-2a4125a5a88d,5/15/2026 9:05:56 PM,KARABEER@boisestate.edu_boisestate,5/15/2026 9:05:56 PM,KARABEER@boisestate.edu_boisestate
640,416c47ed-3036-4dbb-b287-e6cd1044b4cc,T3,2,1778875200000,10:24,WIPT,1,1,,0,0,,0,Visual,36,185,54,1481,GPS-003,,d88d8620-2e78-4b7d-81f9-2a4125a5a88d,5/15/2026 9:05:56 PM,KARABEER@boisestate.edu_boisestate,5/15/2026 9:05:56 PM,KARABEER@boisestate.edu_boisestate
641,3b0ef9f7-b9ad-48c8-828f-c650ee969548,T3,2,1778875200000,10:25,WIPT,1,1,,0,0,,0,Visual,36,40,29,1482,GPS-003,,d88d8620-2e78-4b7d-81f9-2a4125a5a88d,5/15/2026 9:05:56 PM,KARABEER@boisestate.edu_boisestate,5/15/2026 9:05:56 PM,KARABEER@boisestate.edu_boisestate
642,17f3b954-5566-40b2-9319-3adcd308e38c,T3,2,1778875200000,10:26,WIPT,1,1,,0,0,,0,Visual,36,190,48,1483,GPS-003,,d88d8620-2e78-4b7d-81f9-2a4125a5a88d,5/15/2026 9:05:56 PM,KARABEER@boisestate.edu_boisestate,5/15/2026 9:05:56 PM,KARABEER@boisestate.edu_boisestate
643,0fe2aa9f-fb43-4342-88c5-a3f050365b8e,T3,2,1778875200000,10:26,WIPT,1,1,,0,0,,1,Visual,36,50,94,1493,GPS-003,,d88d8620-2e78-4b7d-81f9-2a4125a5a88d,5/15/2026 9:05:56 PM,KARABEER@boisestate.edu_boisestate,5/15/2026 9:05:56 PM,KARABEER@boisestate.edu_boisestate
644,b6017849-f33f-4c1d-a379-6682ded8f026,T3,2,1778875200000,10:27,WIPT,1,1,,0,0,,0,Visual,35,190,221,1484,GPS-003,,d88d8620-2e78-4b7d-81f9-2a4125a5a88d,5/15/2026 9:05:56 PM,KARABEER@boisestate.edu_boisestate,5/15/2026 9:05:56 PM,KARABEER@boisestate.edu_boisestate
645,c531627c-d96e-4c9f-8e74-69e3eb99b9e1,T3,2,1778875200000,10:28,WIPT,1,1,,1,1,,0,Visual,35,180,43,1485,GPS-003,,d88d8620-2e78-4b7d-81f9-2a4125a5a88d,5/15/2026 9:05:56 PM,KARABEER@boisestate.edu_boisestate,5/15/2026 9:05:56 PM,KARABEER@boisestate.edu_boisestate
646,18c892fd-a226-405f-b541-a96795a16690,T3,2,1778875200000,10:29,WIPT,1,1,,0,0,,0,Visual,35,40,42,1485,GPS-003,,d88d8620-2e78-4b7d-81f9-2a4125a5a88d,5/15/2026 9:05:56 PM,KARABEER@boisestate.edu_boisestate,5/15/2026 9:05:56 PM,KARABEER@boisestate.edu_boisestate
647,61028d39-d4a6-410a-a157-36a0bb8bc26a,T3,2,1778875200000,10:29,WIPT,1,1,,1,0,,0,Visual,35,80,87,1485,GPS-003,,d88d8620-2e78-4b7d-81f9-2a4125a5a88d,5/15/2026 9:05:56 PM,KARABEER@boisestate.edu_boisestate,5/15/2026 9:05:56 PM,KARABEER@boisestate.edu_boisestate
648,ae781c11-ce14-48d9-850a-143deb8f1b82,T3,2,1778875200000,10:29,WIPT,1,1,,1,1,,0,Visual,35,-99,0,1486,GPS-003,,d88d8620-2e78-4b7d-81f9-2a4125a5a88d,5/15/2026 9:05:56 PM,KARABEER@boisestate.edu_boisestate,5/15/2026 9:05:56 PM,KARABEER@boisestate.edu_boisestate
649,a0b9511b-395e-44e5-9bd2-3af432e33572,T3,2,1778875200000,10:30,WIPT,0,0,,1,1,,0,Visual,35,175,20,1487,GPS-003,,d88d8620-2e78-4b7d-81f9-2a4125a5a88d,5/15/2026 9:05:56 PM,KARABEER@boisestate.edu_boisestate,5/15/2026 9:05:56 PM,KARABEER@boisestate.edu_boisestate
650,bd322bc0-ca59-4dba-bbe3-2cad75a22496,T3,2,1778875200000,10:31,WIPT,1,1,,0,0,,0,Visual,35,40,30,1487,GPS-003,,d88d8620-2e78-4b7d-81f9-2a4125a5a88d,5/15/2026 9:05:56 PM,KARABEER@boisestate.edu_boisestate,5/15/2026 9:05:56 PM,KARABEER@boisestate.edu_boisestate
651,fbcd4c9c-138e-4a6f-9548-b1a8182d5a0c,T3,2,1778875200000,10:31,WIPT,2,2,,0,0,,0,Visual,35,75,110,1487,GPS-003,,d88d8620-2e78-4b7d-81f9-2a4125a5a88d,5/15/2026 9:05:56 PM,KARABEER@boisestate.edu_boisestate,5/15/2026 9:05:56 PM,KARABEER@boisestate.edu_boisestate
652,09f0c435-1b19-4361-88a1-7f1850a61959,T3,2,1778875200000,10:32,WIPT,1,1,,1,1,,0,Visual,35,50,41,1488,GPS-003,,d88d8620-2e78-4b7d-81f9-2a4125a5a88d,5/15/2026 9:05:56 PM,KARABEER@boisestate.edu_boisestate,5/15/2026 9:05:56 PM,KARABEER@boisestate.edu_boisestate
653,aaf15dee-22e6-4d2d-9dd0-826e2567efae,T3,2,1778875200000,10:32,WIPT,0,0,,1,1,,0,Visual,35,50,34,1489,GPS-003,,d88d8620-2e78-4b7d-81f9-2a4125a5a88d,5/15/2026 9:05:56 PM,KARABEER@boisestate.edu_boisestate,5/15/2026 9:05:56 PM,KARABEER@boisestate.edu_boisestate
654,9571083c-e5c4-4ca1-b05d-a884478906de,T3,2,1778875200000,10:33,WIPT,1,1,,1,1,,0,Visual,35,40,74,1490,GPS-003,,d88d8620-2e78-4b7d-81f9-2a4125a5a88d,5/15/2026 9:05:56 PM,KARABEER@boisestate.edu_boisestate,5/15/2026 9:05:56 PM,KARABEER@boisestate.edu_boisestate
655,d583aad0-40be-4e96-9c50-e023039f0aef,T3,2,1778875200000,10:33,WIPT,1,1,,0,0,,0,Visual,35,-99,0,1491,GPS-003,,d88d8620-2e78-4b7d-81f9-2a4125a5a88d,5/15/2026 9:05:56 PM,KARABEER@boisestate.edu_boisestate,5/15/2026 9:05:56 PM,KARABEER@boisestate.edu_boisestate
656,88f82301-40b2-4307-b777-d54e821dc18d,T3,2,1778875200000,10:35,WIPT,1,1,,1,1,,0,Visual,35,190,43,1492,GPS-003,,d88d8620-2e78-4b7d-81f9-2a4125a5a88d,5/15/2026 9:05:56 PM,KARABEER@boisestate.edu_boisestate,5/15/2026 9:05:56 PM,KARABEER@boisestate.edu_boisestate
657,ece86dec-7dea-4a83-8c24-3b72204065ae,T3,2,1778875200000,10:36,WIPT,1,1,,0,0,,0,Visual,34,180,38,1493,GPS-003,,d88d8620-2e78-4b7d-81f9-2a4125a5a88d,5/15/2026 9:05:56 PM,KARABEER@boisestate.edu_boisestate,5/15/2026 9:05:56 PM,KARABEER@boisestate.edu_boisestate
658,cd6b6dc2-6c92-40ad-959f-d79da3962b08,T3,2,1778875200000,10:36,WIPT,1,1,,0,0,,0,Visual,35,45,126,1493,GPS-003,,d88d8620-2e78-4b7d-81f9-2a4125a5a88d,5/15/2026 9:05:56 PM,KARABEER@boisestate.edu_boisestate,5/15/2026 9:05:56 PM,KARABEER@boisestate.edu_boisestate
659,40860d01-dee2-4975-b7a2-77b5ab2b36cf,T3,2,1778875200000,10:37,WIPT,1,1,,0,0,,0,Visual,35,-99,0,1494,GPS-003,,d88d8620-2e78-4b7d-81f9-2a4125a5a88d,5/15/2026 9:05:56 PM,KARABEER@boisestate.edu_boisestate,5/15/2026 9:05:56 PM,KARABEER@boisestate.edu_boisestate
660,5ea0f209-ed83-40d5-bdf9-ba4ddbbdab9b,T3,2,1778875200000,10:38,WIPT,1,1,,0,0,,0,Audio,35,90,30,1495,GPS-003,,d88d8620-2e78-4b7d-81f9-2a4125a5a88d,5/15/2026 9:05:56 PM,KARABEER@boisestate.edu_boisestate,5/15/2026 9:05:56 PM,KARABEER@boisestate.edu_boisestate
661,d1594e25-cb85-4898-bf7c-4ddf8076ceee,T3,2,1778875200000,10:38,WIPT,1,1,,1,1,,0,Visual,35,190,334,1495,GPS-003,,d88d8620-2e78-4b7d-81f9-2a4125a5a88d,5/15/2026 9:05:56 PM,KARABEER@boisestate.edu_boisestate,5/15/2026 9:05:56 PM,KARABEER@boisestate.edu_boisestate
662,10ec73a4-3b36-4c7f-817c-c65a7347f87a,T3,2,1778875200000,10:39,WIPT,1,1,,1,1,,0,Visual,35,200,42,1496,GPS-003,,d88d8620-2e78-4b7d-81f9-2a4125a5a88d,5/15/2026 9:05:56 PM,KARABEER@boisestate.edu_boisestate,5/15/2026 9:05:56 PM,KARABEER@boisestate.edu_boisestate
663,93d3772a-30a2-4f31-a2bb-dbdf8c20874c,T3,2,1778875200000,10:40,WIPT,1,1,,0,0,,0,Visual,35,170,98,1496,GPS-003,,d88d8620-2e78-4b7d-81f9-2a4125a5a88d,5/15/2026 9:05:56 PM,KARABEER@boisestate.edu_boisestate,5/15/2026 9:05:56 PM,KARABEER@boisestate.edu_boisestate
664,2417e2d7-e308-4d6d-8569-2dd7bbbf4704,T3,2,1778875200000,10:40,WIPT,1,1,,0,0,,0,Visual,35,230,84,1496,GPS-003,,d88d8620-2e78-4b7d-81f9-2a4125a5a88d,5/15/2026 9:05:56 PM,KARABEER@boisestate.edu_boisestate,5/15/2026 9:05:56 PM,KARABEER@boisestate.edu_boisestate
665,688bc805-1f03-47a1-9c82-9c1ecfce6015,T3,2,1778875200000,10:41,WIPT,1,1,,0,0,,0,Visual,35,40,41,1497,GPS-003,,d88d8620-2e78-4b7d-81f9-2a4125a5a88d,5/15/2026 9:05:56 PM,KARABEER@boisestate.edu_boisestate,5/15/2026 9:05:56 PM,KARABEER@boisestate.edu_boisestate
666,f91704ad-6baf-40a2-8e89-b2ecc558b4c8,T3,2,1778875200000,10:42,WIPT,1,1,,1,1,,0,Visual,35,175,127,1498,GPS-003,,d88d8620-2e78-4b7d-81f9-2a4125a5a88d,5/15/2026 9:05:56 PM,KARABEER@boisestate.edu_boisestate,5/15/2026 9:05:56 PM,KARABEER@boisestate.edu_boisestate
667,2fad60a8-2edb-4266-9c23-83e648b2f560,T3,2,1778875200000,10:42,WIPT,1,1,,1,1,,0,Visual,35,50,46,1499,GPS-003,,d88d8620-2e78-4b7d-81f9-2a4125a5a88d,5/15/2026 9:05:56 PM,KARABEER@boisestate.edu_boisestate,5/15/2026 9:05:56 PM,KARABEER@boisestate.edu_boisestate
668,d89e86ba-53d9-40ba-ae1d-b2a23322eca7,T3,2,1778875200000,10:43,WIPT,1,1,,0,0,,0,Visual,35,200,42,1500,GPS-003,,d88d8620-2e78-4b7d-81f9-2a4125a5a88d,5/15/2026 9:05:56 PM,KARABEER@boisestate.edu_boisestate,5/15/2026 9:05:56 PM,KARABEER@boisestate.edu_boisestate
669,6607bf85-5a33-418a-b29a-a7443ee7c778,T3,2,1778875200000,10:44,WIPT,0,0,,1,1,,0,Visual,35,50,40,1501,GPS-003,,d88d8620-2e78-4b7d-81f9-2a4125a5a88d,5/15/2026 9:05:56 PM,KARABEER@boisestate.edu_boisestate,5/15/2026 9:05:56 PM,KARABEER@boisestate.edu_boisestate
670,cfcb6b6b-5d11-4151-9f3f-e25992ad8c59,T3,2,1778875200000,10:44,WIPT,1,1,,1,1,,0,Visual,35,200,26,1502,GPS-003,,d88d8620-2e78-4b7d-81f9-2a4125a5a88d,5/15/2026 9:05:56 PM,KARABEER@boisestate.edu_boisestate,5/15/2026 9:05:56 PM,KARABEER@boisestate.edu_boisestate
671,c78d25d4-8a53-4dfa-98ff-7ff7197facc3,T3,2,1778875200000,10:45,WIPT,1,1,,1,1,,0,Audio,35,30,23,1502,GPS-003,,d88d8620-2e78-4b7d-81f9-2a4125a5a88d,5/15/2026 9:05:56 PM,KARABEER@boisestate.edu_boisestate,5/15/2026 9:05:56 PM,KARABEER@boisestate.edu_boisestate
672,fcd973ac-a7f9-4436-a52c-137700c0016a,T3,2,1778875200000,10:45,WIPT,1,1,,0,0,,0,Visual,35,60,36,1502,GPS-003,,d88d8620-2e78-4b7d-81f9-2a4125a5a88d,5/15/2026 9:05:56 PM,KARABEER@boisestate.edu_boisestate,5/15/2026 9:05:56 PM,KARABEER@boisestate.edu_boisestate
673,1d620b64-7319-42bb-8975-1f2bc9daafad,T3,2,1778875200000,10:46,WIPT,1,1,,0,0,,0,Visual,35,40,20,1503,GPS-003,,d88d8620-2e78-4b7d-81f9-2a4125a5a88d,5/15/2026 9:05:56 PM,KARABEER@boisestate.edu_boisestate,5/15/2026 9:05:56 PM,KARABEER@boisestate.edu_boisestate
674,49c47b40-75f3-4edc-b021-189ceeaa41a1,T3,2,1778875200000,10:46,WIPT,1,1,,0,0,,0,Visual,35,45,165,1504,GPS-003,,d88d8620-2e78-4b7d-81f9-2a4125a5a88d,5/15/2026 9:05:56 PM,KARABEER@boisestate.edu_boisestate,5/15/2026 9:05:56 PM,KARABEER@boisestate.edu_boisestate
675,29feddb0-fa27-40bf-9612-5a31cbb31636,T3,2,1778875200000,10:47,WISN,0,,,0,,,1,Audio,35,200,10,1505,GPS-003,,d88d8620-2e78-4b7d-81f9-2a4125a5a88d,5/15/2026 9:05:56 PM,KARABEER@boisestate.edu_boisestate,5/15/2026 9:05:56 PM,KARABEER@boisestate.edu_boisestate
676,2247f5c0-934a-4603-9fe8-0d90fb61db06,T3,2,1778875200000,10:48,WIPT,1,1,,1,1,,0,Visual,35,190,89,1505,GPS-003,,d88d8620-2e78-4b7d-81f9-2a4125a5a88d,5/15/2026 9:05:56 PM,KARABEER@boisestate.edu_boisestate,5/15/2026 9:05:56 PM,KARABEER@boisestate.edu_boisestate
677,9aa77d73-5518-4c3a-9b5a-e7a405f5e262,T3,2,1778875200000,10:48,WIPT,1,1,,0,0,,0,Visual,35,90,83,1506,GPS-003,,d88d8620-2e78-4b7d-81f9-2a4125a5a88d,5/15/2026 9:05:56 PM,KARABEER@boisestate.edu_boisestate,5/15/2026 9:05:56 PM,KARABEER@boisestate.edu_boisestate
678,1df0f96f-ab84-4869-9c58-c7378f3967ef,T3,2,1778875200000,10:48,WIPT,1,1,,1,1,,0,Visual,35,200,127,1507,GPS-003,,d88d8620-2e78-4b7d-81f9-2a4125a5a88d,5/15/2026 9:05:56 PM,KARABEER@boisestate.edu_boisestate,5/15/2026 9:05:56 PM,KARABEER@boisestate.edu_boisestate
679,7187570a-3294-472d-9bb8-1268fd14893a,T3,2,1778875200000,10:49,WIPT,1,1,,1,1,,0,Visual,34,195,171,1508,GPS-003,,d88d8620-2e78-4b7d-81f9-2a4125a5a88d,5/15/2026 9:05:56 PM,KARABEER@boisestate.edu_boisestate,5/15/2026 9:05:56 PM,KARABEER@boisestate.edu_boisestate
680,668d8e1c-b78b-4e67-bd28-c4288aa3d5d7,T3,2,1778875200000,10:50,WIPT,1,1,,0,0,,0,Visual,34,185,58,1508,GPS-003,,d88d8620-2e78-4b7d-81f9-2a4125a5a88d,5/15/2026 9:05:56 PM,KARABEER@boisestate.edu_boisestate,5/15/2026 9:05:56 PM,KARABEER@boisestate.edu_boisestate
681,474e2d54-c0e7-45a4-9637-8f7ad9b276b2,T3,2,1778875200000,10:50,WIPT,1,1,,0,0,,0,Visual,34,40,127,1509,GPS-003,,d88d8620-2e78-4b7d-81f9-2a4125a5a88d,5/15/2026 9:05:56 PM,KARABEER@boisestate.edu_boisestate,5/15/2026 9:05:56 PM,KARABEER@boisestate.edu_boisestate
682,c975642b-3f99-4321-897d-4d9dedee3ecb,T3,2,1778875200000,10:51,ROPT,1,,1,0,,0,0,Visual,34,45,226,1509,GPS-003,,d88d8620-2e78-4b7d-81f9-2a4125a5a88d,5/15/2026 9:05:56 PM,KARABEER@boisestate.edu_boisestate,5/15/2026 9:05:56 PM,KARABEER@boisestate.edu_boisestate
683,319f0a88-67cf-49b3-8118-bbb186a6d11a,T3,2,1778875200000,10:52,WIPT,1,1,,1,1,,0,Visual,34,190,382,1510,GPS-003,,d88d8620-2e78-4b7d-81f9-2a4125a5a88d,5/15/2026 9:05:56 PM,KARABEER@boisestate.edu_boisestate,5/15/2026 9:05:56 PM,KARABEER@boisestate.edu_boisestate
684,5ad9af2f-e803-4950-a45d-a183eb3e0c8a,T3,2,1778875200000,10:52,WIPT,1,1,,1,1,,0,Visual,34,50,22,1511,GPS-003,,d88d8620-2e78-4b7d-81f9-2a4125a5a88d,5/15/2026 9:05:56 PM,KARABEER@boisestate.edu_boisestate,5/15/2026 9:05:56 PM,KARABEER@boisestate.edu_boisestate
685,4f798bf2-5217-4d1d-b76b-029f1abb4b78,T3,2,1778875200000,10:53,WIPT,1,1,,1,1,,0,Visual,34,50,28,1512,GPS-003,,d88d8620-2e78-4b7d-81f9-2a4125a5a88d,5/15/2026 9:05:56 PM,KARABEER@boisestate.edu_boisestate,5/15/2026 9:05:56 PM,KARABEER@boisestate.edu_boisestate
686,8c25b176-01eb-4280-8bdb-664e52376d03,T3,2,1778875200000,10:54,WISN,0,,,0,,,1,Audio,34,60,60,1513,GPS-003,,d88d8620-2e78-4b7d-81f9-2a4125a5a88d,5/15/2026 9:05:56 PM,KARABEER@boisestate.edu_boisestate,5/15/2026 9:05:56 PM,KARABEER@boisestate.edu_boisestate
687,6b19bf7b-b2cb-41d2-90d4-0394d372ff90,T3,2,1778875200000,10:54,WIPT,1,1,,0,0,,0,Visual,34,60,116,1513,GPS-003,,d88d8620-2e78-4b7d-81f9-2a4125a5a88d,5/15/2026 9:05:56 PM,KARABEER@boisestate.edu_boisestate,5/15/2026 9:05:56 PM,KARABEER@boisestate.edu_boisestate
688,a9236a5f-5568-4207-9351-d5afbd19d1e6,T3,2,1778875200000,10:55,WIPT,1,1,,1,1,,0,Visual,34,190,9,1514,GPS-003,,d88d8620-2e78-4b7d-81f9-2a4125a5a88d,5/15/2026 9:05:56 PM,KARABEER@boisestate.edu_boisestate,5/15/2026 9:05:56 PM,KARABEER@boisestate.edu_boisestate
689,f343931a-8f1c-4df0-ac41-205684048a82,T3,2,1778875200000,10:55,WIPT,1,1,,0,0,,0,Visual,34,185,29,1515,GPS-003,,d88d8620-2e78-4b7d-81f9-2a4125a5a88d,5/15/2026 9:05:56 PM,KARABEER@boisestate.edu_boisestate,5/15/2026 9:05:56 PM,KARABEER@boisestate.edu_boisestate
690,73d33b07-5eab-4bcd-a53a-d527a49645e2,T3,2,1778875200000,10:56,WIPT,2,2,,1,1,,0,Visual,34,191,79,1516,GPS-003,,d88d8620-2e78-4b7d-81f9-2a4125a5a88d,5/15/2026 9:05:56 PM,KARABEER@boisestate.edu_boisestate,5/15/2026 9:05:56 PM,KARABEER@boisestate.edu_boisestate
691,53b7cf25-fa7d-4451-9cfd-817f5bdef15b,T3,2,1778875200000,10:57,WIPT,0,0,,0,0,,1,Audio,34,40,50,1516,GPS-003,,d88d8620-2e78-4b7d-81f9-2a4125a5a88d,5/15/2026 9:05:56 PM,KARABEER@boisestate.edu_boisestate,5/15/2026 9:05:56 PM,KARABEER@boisestate.edu_boisestate
692,4608dc7e-021a-4033-85d5-4b854da75f2a,T3,2,1778875200000,10:58,WIPT,1,1,,1,1,,0,Visual,34,185,110,1517,GPS-003,,d88d8620-2e78-4b7d-81f9-2a4125a5a88d,5/15/2026 9:05:56 PM,KARABEER@boisestate.edu_boisestate,5/15/2026 9:05:56 PM,KARABEER@boisestate.edu_boisestate
693,e09dd59b-4ba0-4efd-8a41-967111287166,T3,2,1778875200000,10:59,WIPT,1,1,,0,0,,0,Visual,34,180,75,1518,GPS-003,,d88d8620-2e78-4b7d-81f9-2a4125a5a88d,5/15/2026 9:05:56 PM,KARABEER@boisestate.edu_boisestate,5/15/2026 9:05:56 PM,KARABEER@boisestate.edu_boisestate
694,eee91c22-14b3-4a88-a21e-a7b066de4f91,T3,2,1778875200000,10:59,WIPT,1,1,,0,0,,0,Visual,34,-99,0,1519,GPS-003,,d88d8620-2e78-4b7d-81f9-2a4125a5a88d,5/15/2026 9:05:56 PM,KARABEER@boisestate.edu_boisestate,5/15/2026 9:05:56 PM,KARABEER@boisestate.edu_boisestate
695,0e3b20d6-3550-43db-a61f-420c5d504e78,T3,2,1778875200000,11:00,WIPT,1,1,,0,0,,0,Visual,34,40,24,1519,GPS-003,,d88d8620-2e78-4b7d-81f9-2a4125a5a88d,5/15/2026 9:05:56 PM,KARABEER@boisestate.edu_boisestate,5/15/2026 9:05:56 PM,KARABEER@boisestate.edu_boisestate
696,6b14b01d-c86b-45b2-be72-56aff29efed0,T3,2,1778875200000,11:00,WISN,0,,,0,,,1,Audio,34,30,70,1519,GPS-003,,d88d8620-2e78-4b7d-81f9-2a4125a5a88d,5/15/2026 9:05:56 PM,KARABEER@boisestate.edu_boisestate,5/15/2026 9:05:56 PM,KARABEER@boisestate.edu_boisestate
697,b64abb76-0700-4d45-95a8-a2360eaf7257,T3,2,1778875200000,11:00,WIPT,1,1,,0,0,,0,Visual,34,210,29,1520,GPS-003,,d88d8620-2e78-4b7d-81f9-2a4125a5a88d,5/15/2026 9:05:56 PM,KARABEER@boisestate.edu_boisestate,5/15/2026 9:05:56 PM,KARABEER@boisestate.edu_boisestate
698,16b55f65-a2d5-4fd9-940c-be510eeb4e5b,T3,2,1778875200000,11:01,WIPT,1,1,,0,0,,0,Visual,34,80,66,1520,GPS-003,,d88d8620-2e78-4b7d-81f9-2a4125a5a88d,5/15/2026 9:05:56 PM,KARABEER@boisestate.edu_boisestate,5/15/2026 9:05:56 PM,KARABEER@boisestate.edu_boisestate
699,d4610a7f-8656-40e2-862a-0bb6c630134b,T3,2,1778875200000,11:01,WIPT,1,1,,1,1,,0,Visual,34,210,36,Q1521,GPS-003,,d88d8620-2e78-4b7d-81f9-2a4125a5a88d,5/15/2026 9:05:56 PM,KARABEER@boisestate.edu_boisestate,5/15/2026 9:05:56 PM,KARABEER@boisestate.edu_boisestate
700,381b2a06-ff63-44c5-bd4b-590523b16f57,T3,2,1778875200000,11:02,WIPT,1,1,,0,0,,0,Visual,34,250,20,1522,GPS-003,,d88d8620-2e78-4b7d-81f9-2a4125a5a88d,5/15/2026 9:05:56 PM,KARABEER@boisestate.edu_boisestate,5/15/2026 9:05:56 PM,KARABEER@boisestate.edu_boisestate
701,8758889e-077c-4468-b2ba-45c519e08dbb,T3,2,1778875200000,11:03,WIPT,1,1,,0,0,,0,Audio,34,120,126,1522,GPS-003,,d88d8620-2e78-4b7d-81f9-2a4125a5a88d,5/15/2026 9:05:56 PM,KARABEER@boisestate.edu_boisestate,5/15/2026 9:05:56 PM,KARABEER@boisestate.edu_boisestate
702,8c9709f0-e880-40a2-baff-dc5accdce99b,T3,2,1778875200000,11:03,WIPT,1,1,,0,0,,0,Visual,34,110,80,1523,GPS-003,,d88d8620-2e78-4b7d-81f9-2a4125a5a88d,5/15/2026 9:05:56 PM,KARABEER@boisestate.edu_boisestate,5/15/2026 9:05:56 PM,KARABEER@boisestate.edu_boisestate
703,cbdfaab7-f363-4396-8ce5-6bb696b18d56,T3,2,1778875200000,11:04,WIPT,1,1,,0,0,,0,Visual,33,240,96,1523,GPS-003,,d88d8620-2e78-4b7d-81f9-2a4125a5a88d,5/15/2026 9:05:56 PM,KARABEER@boisestate.edu_boisestate,5/15/2026 9:05:56 PM,KARABEER@boisestate.edu_boisestate
704,10970fc9-1a71-47e8-bf8e-8df18a25ae22,T3,2,1778875200000,11:04,WIPT,1,1,,0,0,,0,Visual,33,150,80,1523,GPS-003,,d88d8620-2e78-4b7d-81f9-2a4125a5a88d,5/15/2026 9:05:56 PM,KARABEER@boisestate.edu_boisestate,5/15/2026 9:05:56 PM,KARABEER@boisestate.edu_boisestate
705,75f7b8c2-bce4-499e-bd30-b468fe4636bc,T3,2,1778875200000,11:05,WIPT,1,1,,0,0,,0,Visual,33,-99,0,1524,GPS-003,,d88d8620-2e78-4b7d-81f9-2a4125a5a88d,5/15/2026 9:05:56 PM,KARABEER@boisestate.edu_boisestate,5/15/2026 9:05:56 PM,KARABEER@boisestate.edu_boisestate
706,44d83522-70b6-4aff-b5f7-d30bce94870a,T3,2,1778875200000,11:07,WIPT,1,1,,0,0,,0,Visual,33,240,27,1525,GPS-003,,d88d8620-2e78-4b7d-81f9-2a4125a5a88d,5/15/2026 9:05:56 PM,KARABEER@boisestate.edu_boisestate,5/15/2026 9:05:56 PM,KARABEER@boisestate.edu_boisestate
707,2f15a6d2-7587-4f94-bb02-24d37c625496,T3,2,1778875200000,11:08,WIPT,1,1,,0,0,,0,Visual,33,255,360,1526,GPS-003,,d88d8620-2e78-4b7d-81f9-2a4125a5a88d,5/15/2026 9:05:56 PM,KARABEER@boisestate.edu_boisestate,5/15/2026 9:05:56 PM,KARABEER@boisestate.edu_boisestate
708,8e07c152-e927-4204-a1b5-35d383779fe3,T3,2,1778875200000,11:08,WIPT,1,1,,1,1,,0,Visual,33,260,36,1527,GPS-003,,d88d8620-2e78-4b7d-81f9-2a4125a5a88d,5/15/2026 9:05:56 PM,KARABEER@boisestate.edu_boisestate,5/15/2026 9:05:56 PM,KARABEER@boisestate.edu_boisestate
709,0c2549be-adfb-4648-9f24-f9fe4378439b,T3,2,1778875200000,11:09,WIPT,1,1,,0,0,,0,Visual,33,230,344,1527,GPS-003,,d88d8620-2e78-4b7d-81f9-2a4125a5a88d,5/15/2026 9:05:56 PM,KARABEER@boisestate.edu_boisestate,5/15/2026 9:05:56 PM,KARABEER@boisestate.edu_boisestate
710,a2271818-1f95-40ae-8f32-9feeeef64ea8,T3,2,1778875200000,11:09,WIPT,1,1,,0,0,,0,Visual,33,240,485,1527,GPS-003,,d88d8620-2e78-4b7d-81f9-2a4125a5a88d,5/15/2026 9:05:56 PM,KARABEER@boisestate.edu_boisestate,5/15/2026 9:05:56 PM,KARABEER@boisestate.edu_boisestate
711,ced2d91f-8f17-4ee7-9e4d-88e733819edf,T3,2,1778875200000,11:10,WIPT,1,1,,0,0,,0,Visual,33,100,31,1528,GPS-003,,d88d8620-2e78-4b7d-81f9-2a4125a5a88d,5/15/2026 9:05:56 PM,KARABEER@boisestate.edu_boisestate,5/15/2026 9:05:56 PM,KARABEER@boisestate.edu_boisestate
712,3cd33a3e-4df5-4530-b752-3f48a022b532,T3,2,1778875200000,11:11,WIPT,1,1,,0,0,,0,Visual,33,120,140,1528,GPS-003,,d88d8620-2e78-4b7d-81f9-2a4125a5a88d,5/15/2026 9:05:56 PM,KARABEER@boisestate.edu_boisestate,5/15/2026 9:05:56 PM,KARABEER@boisestate.edu_boisestate
713,ccc440d9-3163-4ed5-9197-7fc38ea0ea16,T3,2,1778875200000,11:11,WIPT,0,0,,0,0,,1,Visual,33,130,175,1529,GPS-003,,d88d8620-2e78-4b7d-81f9-2a4125a5a88d,5/15/2026 9:05:56 PM,KARABEER@boisestate.edu_boisestate,5/15/2026 9:05:56 PM,KARABEER@boisestate.edu_boisestate
714,9786cf82-cf36-469b-ada1-78b25170dd47,T3,2,1778875200000,11:12,WIPT,1,1,,0,0,,0,Visual,33,120,60,1530,GPS-003,,d88d8620-2e78-4b7d-81f9-2a4125a5a88d,5/15/2026 9:05:56 PM,KARABEER@boisestate.edu_boisestate,5/15/2026 9:05:56 PM,KARABEER@boisestate.edu_boisestate
715,8321b5d1-81b9-4601-aee2-e56c6fd39861,T3,2,1778875200000,11:13,WIPT,1,1,,0,0,,0,Visual,33,250,49,1531,GPS-003,,d88d8620-2e78-4b7d-81f9-2a4125a5a88d,5/15/2026 9:05:56 PM,KARABEER@boisestate.edu_boisestate,5/15/2026 9:05:56 PM,KARABEER@boisestate.edu_boisestate
716,f2a4a8e1-6458-486f-b380-fc5113e5ea74,T3,2,1778875200000,11:13,WIPT,1,1,,1,1,,0,Visual,33,100,41,1532,GPS-003,,d88d8620-2e78-4b7d-81f9-2a4125a5a88d,5/15/2026 9:05:56 PM,KARABEER@boisestate.edu_boisestate,5/15/2026 9:05:56 PM,KARABEER@boisestate.edu_boisestate
717,91509994-d3b9-4660-b39f-70e1a915e344,T3,2,1778875200000,11:14,WIPT,1,1,,1,1,,0,Visual,33,210,13,1533,GPS-003,,d88d8620-2e78-4b7d-81f9-2a4125a5a88d,5/15/2026 9:05:56 PM,KARABEER@boisestate.edu_boisestate,5/15/2026 9:05:56 PM,KARABEER@boisestate.edu_boisestate
718,89c44753-8b28-42a7-85ae-a63ab49ecaac,T3,2,1778875200000,11:15,WIPT,1,1,,0,0,,0,Visual,33,-99,0,1534,GPS-003,,d88d8620-2e78-4b7d-81f9-2a4125a5a88d,5/15/2026 9:05:56 PM,KARABEER@boisestate.edu_boisestate,5/15/2026 9:05:56 PM,KARABEER@boisestate.edu_boisestate
719,779014b4-71bc-4b1f-9c11-e31872f26a8f,T3,2,1778875200000,11:15,WIPT,1,1,,0,0,,0,Visual,33,270,175,1535,GPS-003,,d88d8620-2e78-4b7d-81f9-2a4125a5a88d,5/15/2026 9:05:56 PM,KARABEER@boisestate.edu_boisestate,5/15/2026 9:05:56 PM,KARABEER@boisestate.edu_boisestate
720,59409155-c9d1-4f25-99ee-9479e71a9c1f,T3,2,1778875200000,11:17,WIPT,1,1,,1,1,,0,Visual,33,-99,0,1536,GPS-003,,d88d8620-2e78-4b7d-81f9-2a4125a5a88d,5/15/2026 9:05:56 PM,KARABEER@boisestate.edu_boisestate,5/15/2026 9:05:56 PM,KARABEER@boisestate.edu_boisestate
721,8a7503e6-29cb-4eb9-877f-e317f4803468,T3,2,1778875200000,11:18,WIPT,1,1,,2,2,,0,Visual,33,260,56,1537,GPS-003,,d88d8620-2e78-4b7d-81f9-2a4125a5a88d,5/15/2026 9:05:56 PM,KARABEER@boisestate.edu_boisestate,5/15/2026 9:05:56 PM,KARABEER@boisestate.edu_boisestate
722,c4117d40-772d-4593-9b65-401faf61ff46,T3,2,1778875200000,11:19,WIPT,1,1,,0,0,,0,Visual,33,275,68,1538,GPS-003,,d88d8620-2e78-4b7d-81f9-2a4125a5a88d,5/15/2026 9:05:56 PM,KARABEER@boisestate.edu_boisestate,5/15/2026 9:05:56 PM,KARABEER@boisestate.edu_boisestate
723,9597c661-60cc-4d95-b108-7d5b023ac323,T3,2,1778875200000,11:20,WIPT,1,1,,1,1,,0,Visual,33,-99,0,1539,GPS-003,,d88d8620-2e78-4b7d-81f9-2a4125a5a88d,5/15/2026 9:05:56 PM,KARABEER@boisestate.edu_boisestate,5/15/2026 9:05:56 PM,KARABEER@boisestate.edu_boisestate
724,3ed5edfe-de79-4a58-b1d5-6e38240bbfac,T3,2,1778875200000,11:20,WIPT,1,1,,0,0,,0,Visual,32,140,47,1540,GPS-003,,d88d8620-2e78-4b7d-81f9-2a4125a5a88d,5/15/2026 9:05:56 PM,KARABEER@boisestate.edu_boisestate,5/15/2026 9:05:56 PM,KARABEER@boisestate.edu_boisestate
725,6e17422f-92d9-43e6-9997-281a9a9085bb,T3,2,1778875200000,11:22,WIPT,1,1,,0,0,,0,Visual,32,110,90,1540,GPS-003,,d88d8620-2e78-4b7d-81f9-2a4125a5a88d,5/15/2026 9:05:56 PM,KARABEER@boisestate.edu_boisestate,5/15/2026 9:05:56 PM,KARABEER@boisestate.edu_boisestate
726,2a7a2d09-2675-48cd-b9b6-cd960aa99b9b,T3,2,1778875200000,11:23,WIPT,1,1,,1,1,,0,Visual,32,250,129,1541,GPS-003,,d88d8620-2e78-4b7d-81f9-2a4125a5a88d,5/15/2026 9:05:56 PM,KARABEER@boisestate.edu_boisestate,5/15/2026 9:05:56 PM,KARABEER@boisestate.edu_boisestate
727,c93064e0-e4c2-44c4-ae4a-ffa4b3976c5b,T3,2,1778875200000,11:24,WIPT,2,2,,0,0,,0,Visual,32,140,142,1541,GPS-003,,d88d8620-2e78-4b7d-81f9-2a4125a5a88d,5/15/2026 9:05:56 PM,KARABEER@boisestate.edu_boisestate,5/15/2026 9:05:56 PM,KARABEER@boisestate.edu_boisestate
728,b512fd99-6c44-45eb-a0ab-55125d93f499,T3,2,1778875200000,11:26,WIPT,1,1,,1,1,,0,Visual,32,250,98,1542,GPS-003,,d88d8620-2e78-4b7d-81f9-2a4125a5a88d,5/15/2026 9:05:56 PM,KARABEER@boisestate.edu_boisestate,5/15/2026 9:05:56 PM,KARABEER@boisestate.edu_boisestate
729,c236baac-377e-4423-a3f9-f08023cfd116,T3,2,1778875200000,11:26,WIPT,1,1,,0,0,,0,Visual,32,-99,0,1543,GPS-003,,d88d8620-2e78-4b7d-81f9-2a4125a5a88d,5/15/2026 9:05:56 PM,KARABEER@boisestate.edu_boisestate,5/15/2026 9:05:56 PM,KARABEER@boisestate.edu_boisestate
730,dc3549e4-060d-42a8-a59c-763e5cfda216,T3,2,1778875200000,11:26,WIPT,1,1,,0,0,,0,Visual,32,250,45,1544,GPS-003,,d88d8620-2e78-4b7d-81f9-2a4125a5a88d,5/15/2026 9:05:56 PM,KARABEER@boisestate.edu_boisestate,5/15/2026 9:05:56 PM,KARABEER@boisestate.edu_boisestate
731,7886c14d-62d9-411f-a07b-4e85acee9be0,T3,2,1778875200000,11:28,WIPT,1,1,,1,1,,0,Visual,32,245,50,1545,GPS-003,,d88d8620-2e78-4b7d-81f9-2a4125a5a88d,5/15/2026 9:05:56 PM,KARABEER@boisestate.edu_boisestate,5/15/2026 9:05:56 PM,KARABEER@boisestate.edu_boisestate
732,b2447e71-347d-43c9-aae9-9d8eab6025ec,T3,2,1778875200000,11:29,WIPT,1,1,,0,0,,0,Visual,32,270,51,1546,GPS-003,,d88d8620-2e78-4b7d-81f9-2a4125a5a88d,5/15/2026 9:05:56 PM,KARABEER@boisestate.edu_boisestate,5/15/2026 9:05:56 PM,KARABEER@boisestate.edu_boisestate
733,6f7d4674-7471-4cf5-bdf3-de2534e19b02,T3,2,1778875200000,11:31,WIPT,1,1,,0,0,,0,Visual,31,235,95,1547,GPS-003,,d88d8620-2e78-4b7d-81f9-2a4125a5a88d,5/15/2026 9:05:56 PM,KARABEER@boisestate.edu_boisestate,5/15/2026 9:05:56 PM,KARABEER@boisestate.edu_boisestate
734,c69e39ae-8b5e-4517-aa4d-9d0707df5598,T3,2,1778875200000,11:31,WIPT,1,1,,0,0,,0,Visual,31,270,199,1548,GPS-003,,d88d8620-2e78-4b7d-81f9-2a4125a5a88d,5/15/2026 9:05:56 PM,KARABEER@boisestate.edu_boisestate,5/15/2026 9:05:56 PM,KARABEER@boisestate.edu_boisestate
735,f7ab47f4-1abc-4155-afec-91aa62b3fc6d,T3,2,1778875200000,11:32,WISN,0,,,0,,,1,Audio,31,90,65,1548,GPS-003,,d88d8620-2e78-4b7d-81f9-2a4125a5a88d,5/15/2026 9:05:56 PM,KARABEER@boisestate.edu_boisestate,5/15/2026 9:05:56 PM,KARABEER@boisestate.edu_boisestate
736,8a5752c9-8ffd-411d-afae-997eeaf5bb35,T3,2,1778875200000,11:32,WIPT,1,1,,0,0,,0,Visual,31,260,110,1549,GPS-003,,d88d8620-2e78-4b7d-81f9-2a4125a5a88d,5/15/2026 9:05:56 PM,KARABEER@boisestate.edu_boisestate,5/15/2026 9:05:56 PM,KARABEER@boisestate.edu_boisestate
737,f21c5f40-ff7e-4f7d-aad7-aba6de0bd4bd,T3,2,1778875200000,11:33,WIPT,1,1,,0,0,,0,Visual,31,240,54,1549,GPS-003,,d88d8620-2e78-4b7d-81f9-2a4125a5a88d,5/15/2026 9:05:56 PM,KARABEER@boisestate.edu_boisestate,5/15/2026 9:05:56 PM,KARABEER@boisestate.edu_boisestate
738,68929788-e258-4463-bc15-a3fa01b4084d,T3,2,1778875200000,11:34,WIPT,1,1,,0,0,,0,Visual,31,250,55,1550,GPS-003,,d88d8620-2e78-4b7d-81f9-2a4125a5a88d,5/15/2026 9:05:56 PM,KARABEER@boisestate.edu_boisestate,5/15/2026 9:05:56 PM,KARABEER@boisestate.edu_boisestate
739,a317813e-00f1-46fe-a88c-5af70a38e625,T3,2,1778875200000,11:34,WIPT,1,1,,1,1,,0,Visual,31,90,95,1551,GPS-003,,d88d8620-2e78-4b7d-81f9-2a4125a5a88d,5/15/2026 9:05:56 PM,KARABEER@boisestate.edu_boisestate,5/15/2026 9:05:56 PM,KARABEER@boisestate.edu_boisestate
740,046ae3c5-6d1b-4fea-b281-53eb6d261e69,T3,2,1778875200000,11:35,WIPT,1,1,,0,0,,0,Visual,31,270,47,1552,GPS-003,,d88d8620-2e78-4b7d-81f9-2a4125a5a88d,5/15/2026 9:05:56 PM,KARABEER@boisestate.edu_boisestate,5/15/2026 9:05:56 PM,KARABEER@boisestate.edu_boisestate
741,eb20c90f-5288-4dd6-895b-f993ab1f6ce5,T3,2,1778875200000,11:36,WIPT,1,1,,0,0,,0,Visual,31,90,16,1553,GPS-003,,d88d8620-2e78-4b7d-81f9-2a4125a5a88d,5/15/2026 9:05:56 PM,KARABEER@boisestate.edu_boisestate,5/15/2026 9:05:56 PM,KARABEER@boisestate.edu_boisestate
742,769c0b62-b133-40fa-be53-733178ff0a42,T3,2,1778875200000,11:37,WIPT,1,1,,0,0,,0,Visual,31,200,25,1553,GPS-003,,d88d8620-2e78-4b7d-81f9-2a4125a5a88d,5/15/2026 9:05:56 PM,KARABEER@boisestate.edu_boisestate,5/15/2026 9:05:56 PM,KARABEER@boisestate.edu_boisestate
743,850fd3a2-1db6-4532-b8ff-25734806467b,T3,2,1778875200000,11:38,WIPT,1,1,,0,0,,0,Visual,30,20,14,1554,GPS-003,,d88d8620-2e78-4b7d-81f9-2a4125a5a88d,5/15/2026 9:05:56 PM,KARABEER@boisestate.edu_boisestate,5/15/2026 9:05:56 PM,KARABEER@boisestate.edu_boisestate
744,4af148a7-1031-4162-9c1a-896b3dd9d828,T3,2,1778875200000,11:42,WISN,0,,,0,,,1,Audio,30,20,60,1555,GPS-003,,d88d8620-2e78-4b7d-81f9-2a4125a5a88d,5/15/2026 9:05:56 PM,KARABEER@boisestate.edu_boisestate,5/15/2026 9:05:56 PM,KARABEER@boisestate.edu_boisestate
745,af4f0201-5032-4649-b1ae-8f85270c4869,T3,2,1778875200000,11:43,WIPT,1,1,,0,0,,0,Visual,30,10,310,1555,GPS-003,,d88d8620-2e78-4b7d-81f9-2a4125a5a88d,5/15/2026 9:05:56 PM,KARABEER@boisestate.edu_boisestate,5/15/2026 9:05:56 PM,KARABEER@boisestate.edu_boisestate
746,05ff8cc9-f40c-403c-a2cb-a5c3bc1492fa,T3,2,1778875200000,11:43,WIPT,1,1,,0,0,,0,Visual,30,30,70,1555,GPS-003,,d88d8620-2e78-4b7d-81f9-2a4125a5a88d,5/15/2026 9:05:56 PM,KARABEER@boisestate.edu_boisestate,5/15/2026 9:05:56 PM,KARABEER@boisestate.edu_boisestate
747,1f14c778-682d-4a53-b20d-f929fc8911a6,T3,2,1778875200000,11:44,WIPT,1,1,,0,0,,0,Visual,29,15,38,1556,GPS-003,,d88d8620-2e78-4b7d-81f9-2a4125a5a88d,5/15/2026 9:05:56 PM,KARABEER@boisestate.edu_boisestate,5/15/2026 9:05:56 PM,KARABEER@boisestate.edu_boisestate
748,74ab274c-ffb9-4792-815e-5b242b431eed,T3,2,1778875200000,11:45,WIPT,1,1,,0,0,,0,Visual,29,15,43,1557,GPS-003,,d88d8620-2e78-4b7d-81f9-2a4125a5a88d,5/15/2026 9:05:56 PM,KARABEER@boisestate.edu_boisestate,5/15/2026 9:05:56 PM,KARABEER@boisestate.edu_boisestate
749,fc927f96-c02f-4910-a64b-2f7666f8bf50,T3,2,1778875200000,11:46,WISN,0,,,0,,,1,Audio,29,30,40,1557,GPS-003,,d88d8620-2e78-4b7d-81f9-2a4125a5a88d,5/15/2026 9:05:56 PM,KARABEER@boisestate.edu_boisestate,5/15/2026 9:05:56 PM,KARABEER@boisestate.edu_boisestate
750,b2e7cac8-d233-4c4d-9134-93a2171c7fb6,T3,2,1778875200000,11:46,WIPT,1,1,,0,0,,0,Audio,29,40,136,1557,GPS-003,,d88d8620-2e78-4b7d-81f9-2a4125a5a88d,5/15/2026 9:05:56 PM,KARABEER@boisestate.edu_boisestate,5/15/2026 9:05:56 PM,KARABEER@boisestate.edu_boisestate
751,c36619fe-df06-4543-8a35-801fb67e1a08,T3,2,1778875200000,11:47,PTAR,0,,,0,,,1,Visual,29,180,107,1558,GPS-003,,d88d8620-2e78-4b7d-81f9-2a4125a5a88d,5/15/2026 9:05:56 PM,KARABEER@boisestate.edu_boisestate,5/15/2026 9:05:56 PM,KARABEER@boisestate.edu_boisestate
752,c5977857-11ac-406b-897e-2c69dc393d18,T3,2,1778875200000,11:47,WIPT,2,2,,0,0,,0,Audio,29,70,75,1559,GPS-003,,d88d8620-2e78-4b7d-81f9-2a4125a5a88d,5/15/2026 9:05:56 PM,KARABEER@boisestate.edu_boisestate,5/15/2026 9:05:56 PM,KARABEER@boisestate.edu_boisestate
753,32186c02-ae9b-42a1-a90b-71865c405dd5,T3,2,1778875200000,11:48,WIPT,1,1,,0,0,,0,Visual,29,170,74,1560,GPS-003,,d88d8620-2e78-4b7d-81f9-2a4125a5a88d,5/15/2026 9:05:56 PM,KARABEER@boisestate.edu_boisestate,5/15/2026 9:05:56 PM,KARABEER@boisestate.edu_boisestate
754,28fb4feb-dff4-496b-b753-779a0ae28b95,T3,2,1778875200000,11:49,WIPT,1,1,,1,1,,0,Visual,29,-99,0,1561,GPS-003,,d88d8620-2e78-4b7d-81f9-2a4125a5a88d,5/15/2026 9:05:56 PM,KARABEER@boisestate.edu_boisestate,5/15/2026 9:05:56 PM,KARABEER@boisestate.edu_boisestate
755,c3430137-84fc-499c-8941-4000d047cb84,T3,2,1778875200000,11:50,WIPT,2,2,,0,0,,0,Visual,29,190,106,1562,GPS-003,,d88d8620-2e78-4b7d-81f9-2a4125a5a88d,5/15/2026 9:05:56 PM,KARABEER@boisestate.edu_boisestate,5/15/2026 9:05:56 PM,KARABEER@boisestate.edu_boisestate
756,e760124b-a5ac-43c5-9564-bb0da814da69,T3,2,1778875200000,11:50,WISN,0,,,0,,,1,Audio,29,30,25,1562,GPS-003,,d88d8620-2e78-4b7d-81f9-2a4125a5a88d,5/15/2026 9:05:56 PM,KARABEER@boisestate.edu_boisestate,5/15/2026 9:05:56 PM,KARABEER@boisestate.edu_boisestate
757,6fae82e0-b74a-4ef4-a7d0-7bd56b8a25bc,T3,2,1778875200000,11:51,WIPT,1,1,,0,0,,0,Visual,29,230,39,1563,GPS-003,,d88d8620-2e78-4b7d-81f9-2a4125a5a88d,5/15/2026 9:05:56 PM,KARABEER@boisestate.edu_boisestate,5/15/2026 9:05:56 PM,KARABEER@boisestate.edu_boisestate
758,bf870c66-b896-41b0-9537-0a581433b6da,T3,2,1778875200000,11:52,WIPT,1,1,,0,0,,0,Visual,28,265,81,1564,GPS-003,,d88d8620-2e78-4b7d-81f9-2a4125a5a88d,5/15/2026 9:05:56 PM,KARABEER@boisestate.edu_boisestate,5/15/2026 9:05:56 PM,KARABEER@boisestate.edu_boisestate
759,42443dcb-aaeb-494e-90be-a3bd1a4e2c5a,T2,2,1778961600000,06:47,WIPT,1,1,,0,0,,0,Visual,28,170,10,1565,GPS-003,,a98922b1-84b1-43aa-a5fa-8c7e34fb606f,5/16/2026 6:31:16 PM,KARABEER@boisestate.edu_boisestate,5/16/2026 6:31:16 PM,KARABEER@boisestate.edu_boisestate
760,da97b734-47f9-4870-8dba-82086eff4e11,T2,2,1778961600000,06:49,WIPT,1,1,,1,1,,0,Visual,28,120,27,1566,GPS-003,,a98922b1-84b1-43aa-a5fa-8c7e34fb606f,5/16/2026 6:31:16 PM,KARABEER@boisestate.edu_boisestate,5/16/2026 6:31:16 PM,KARABEER@boisestate.edu_boisestate
761,d6a97c7f-ac9a-4626-a3c5-5d82a29c8540,T2,2,1778961600000,06:51,WIPT,1,1,,0,0,,0,Visual,28,280,66,1567,GPS-003,,a98922b1-84b1-43aa-a5fa-8c7e34fb606f,5/16/2026 6:31:16 PM,KARABEER@boisestate.edu_boisestate,5/16/2026 6:31:16 PM,KARABEER@boisestate.edu_boisestate
762,5bfc5a63-78e6-48dd-80d5-8a1ef314b8f2,T2,2,1778961600000,06:52,WIPT,1,1,,1,1,,0,Visual,28,140,82,1567,GPS-003,,a98922b1-84b1-43aa-a5fa-8c7e34fb606f,5/16/2026 6:31:16 PM,KARABEER@boisestate.edu_boisestate,5/16/2026 6:31:16 PM,KARABEER@boisestate.edu_boisestate
763,0683e303-41b6-4a74-810c-c78df24c257b,T2,2,1778961600000,06:52,WIPT,1,1,,1,1,,0,Visual,28,-99,0,1568,GPS-003,,a98922b1-84b1-43aa-a5fa-8c7e34fb606f,5/16/2026 6:31:16 PM,KARABEER@boisestate.edu_boisestate,5/16/2026 6:31:16 PM,KARABEER@boisestate.edu_boisestate
764,e35d0fde-f46c-4ce7-9b0f-f574b542d99d,T2,2,1778961600000,06:53,WIPT,1,1,,1,1,,0,Visual,28,270,63,1569,GPS-003,,a98922b1-84b1-43aa-a5fa-8c7e34fb606f,5/16/2026 6:31:16 PM,KARABEER@boisestate.edu_boisestate,5/16/2026 6:31:16 PM,KARABEER@boisestate.edu_boisestate
765,e4af2ae6-4011-4bd9-b5f7-40c92fb4a447,T2,2,1778961600000,06:54,LTJA,0,,,0,,,1,Visual,28,280,100,1570,GPS-003,,a98922b1-84b1-43aa-a5fa-8c7e34fb606f,5/16/2026 6:31:16 PM,KARABEER@boisestate.edu_boisestate,5/16/2026 6:31:16 PM,KARABEER@boisestate.edu_boisestate
766,cea30faa-a4de-45b3-b309-15677ee15ecf,T2,2,1778961600000,06:55,WIPT,1,1,,0,0,,0,Visual,28,120,62,1571,GPS-003,,a98922b1-84b1-43aa-a5fa-8c7e34fb606f,5/16/2026 6:31:16 PM,KARABEER@boisestate.edu_boisestate,5/16/2026 6:31:16 PM,KARABEER@boisestate.edu_boisestate
767,3c478b98-631d-4d6c-b045-32265bc5fc52,T2,2,1778961600000,06:55,WIPT,1,1,,1,1,,0,Visual,28,270,82,1572,GPS-003,,a98922b1-84b1-43aa-a5fa-8c7e34fb606f,5/16/2026 6:31:16 PM,KARABEER@boisestate.edu_boisestate,5/16/2026 6:31:16 PM,KARABEER@boisestate.edu_boisestate
768,06bc945e-cc3a-441c-bbb8-81372f8fcae8,T2,2,1778961600000,06:56,WIPT,1,1,,0,0,,0,Visual,28,260,372,1573,GPS-003,,a98922b1-84b1-43aa-a5fa-8c7e34fb606f,5/16/2026 6:31:16 PM,KARABEER@boisestate.edu_boisestate,5/16/2026 6:31:16 PM,KARABEER@boisestate.edu_boisestate
769,a5497e1e-87f5-40d8-85f0-03a4bc47b6f3,T2,2,1778961600000,06:57,WIPT,1,1,,1,1,,0,Visual,28,270,62,1574,GPS-003,,a98922b1-84b1-43aa-a5fa-8c7e34fb606f,5/16/2026 6:31:16 PM,KARABEER@boisestate.edu_boisestate,5/16/2026 6:31:16 PM,KARABEER@boisestate.edu_boisestate
770,56035ffc-f023-4e5f-b628-8d342f9b4d51,T2,2,1778961600000,06:58,WIPT,1,1,,1,1,,0,Visual,28,130,29,1575,GPS-003,,a98922b1-84b1-43aa-a5fa-8c7e34fb606f,5/16/2026 6:31:16 PM,KARABEER@boisestate.edu_boisestate,5/16/2026 6:31:16 PM,KARABEER@boisestate.edu_boisestate
771,d6bbf5bb-cc0c-4e4b-b8e6-1dd235fdf93b,T2,2,1778961600000,06:58,WIPT,1,1,,1,1,,0,Visual,28,270,237,1576,GPS-003,,a98922b1-84b1-43aa-a5fa-8c7e34fb606f,5/16/2026 6:31:16 PM,KARABEER@boisestate.edu_boisestate,5/16/2026 6:31:16 PM,KARABEER@boisestate.edu_boisestate
772,9303a5a5-f198-4b05-8828-3855d7a6ac35,T2,2,1778961600000,06:59,WISN,0,,,0,,,2,Visual,28,130,75,1577,GPS-003,,a98922b1-84b1-43aa-a5fa-8c7e34fb606f,5/16/2026 6:31:16 PM,KARABEER@boisestate.edu_boisestate,5/16/2026 6:31:16 PM,KARABEER@boisestate.edu_boisestate
773,6eb1b0d3-7469-40e5-ac4a-be51368663d7,T2,2,1778961600000,07:01,WIPT,1,1,,0,0,,0,Visual,28,270,15,1578,GPS-003,,a98922b1-84b1-43aa-a5fa-8c7e34fb606f,5/16/2026 6:31:16 PM,KARABEER@boisestate.edu_boisestate,5/16/2026 6:31:16 PM,KARABEER@boisestate.edu_boisestate
774,4c15f5e8-646c-4d6a-9168-122328ffc357,T2,2,1778961600000,07:01,WIPT,1,1,,0,0,,0,Visual,28,265,44,1579,GPS-003,,a98922b1-84b1-43aa-a5fa-8c7e34fb606f,5/16/2026 6:31:16 PM,KARABEER@boisestate.edu_boisestate,5/16/2026 6:31:16 PM,KARABEER@boisestate.edu_boisestate
775,5f0c0c17-27f7-44ea-b4ab-f30b865967d1,T2,2,1778961600000,07:01,WIPT,1,1,,0,0,,0,Visual,28,130,228,1579,GPS-003,,a98922b1-84b1-43aa-a5fa-8c7e34fb606f,5/16/2026 6:31:16 PM,KARABEER@boisestate.edu_boisestate,5/16/2026 6:31:16 PM,KARABEER@boisestate.edu_boisestate
776,76025c40-c3d9-4dfc-b735-68d7b2a17d9d,T2,2,1778961600000,07:02,WISN,0,,,0,,,1,Audio,28,290,40,1579,GPS-003,,a98922b1-84b1-43aa-a5fa-8c7e34fb606f,5/16/2026 6:31:16 PM,KARABEER@boisestate.edu_boisestate,5/16/2026 6:31:16 PM,KARABEER@boisestate.edu_boisestate
777,de01aad0-4ae0-4de6-97f3-7d6530a6be13,T2,2,1778961600000,07:03,WIPT,1,1,,0,0,,0,Visual,28,-99,0,1580,GPS-003,,a98922b1-84b1-43aa-a5fa-8c7e34fb606f,5/16/2026 6:31:16 PM,KARABEER@boisestate.edu_boisestate,5/16/2026 6:31:16 PM,KARABEER@boisestate.edu_boisestate
778,d7028034-9ccf-4529-b272-d800a54f84ee,T2,2,1778961600000,07:04,WIPT,1,1,,0,0,,0,Visual,28,110,143,1581,GPS-003,,a98922b1-84b1-43aa-a5fa-8c7e34fb606f,5/16/2026 6:31:16 PM,KARABEER@boisestate.edu_boisestate,5/16/2026 6:31:16 PM,KARABEER@boisestate.edu_boisestate
779,04bd6fcd-76c1-4124-b04a-e44d2b0c0a9e,T2,2,1778961600000,07:05,WIPT,1,1,,0,0,,0,Visual,28,260,191,1582,GPS-003,,a98922b1-84b1-43aa-a5fa-8c7e34fb606f,5/16/2026 6:31:16 PM,KARABEER@boisestate.edu_boisestate,5/16/2026 6:31:16 PM,KARABEER@boisestate.edu_boisestate
780,006d072e-a388-491a-8a60-7f5fe661cd6a,T2,2,1778961600000,07:06,WISN,0,,,0,,,1,Audio,28,150,50,1583,GPS-003,,a98922b1-84b1-43aa-a5fa-8c7e34fb606f,5/16/2026 6:31:16 PM,KARABEER@boisestate.edu_boisestate,5/16/2026 6:31:16 PM,KARABEER@boisestate.edu_boisestate
781,0bbbf3de-f2bb-48e0-8699-061153407d9c,T2,2,1778961600000,07:06,WIPT,1,1,,1,1,,0,Visual,28,265,146,1584,GPS-003,,a98922b1-84b1-43aa-a5fa-8c7e34fb606f,5/16/2026 6:31:16 PM,KARABEER@boisestate.edu_boisestate,5/16/2026 6:31:16 PM,KARABEER@boisestate.edu_boisestate
782,532d4a71-e36e-4c22-a53f-260cfaf288aa,T2,2,1778961600000,07:06,WIPT,1,1,,0,0,,0,Visual,28,140,227,1584,GPS-003,,a98922b1-84b1-43aa-a5fa-8c7e34fb606f,5/16/2026 6:31:16 PM,KARABEER@boisestate.edu_boisestate,5/16/2026 6:31:16 PM,KARABEER@boisestate.edu_boisestate
783,41d45e82-0254-49a0-a0d7-3154911f1ca1,T2,2,1778961600000,07:08,WIPT,1,1,,1,1,,0,Visual,28,130,65,1585,GPS-003,,a98922b1-84b1-43aa-a5fa-8c7e34fb606f,5/16/2026 6:31:16 PM,KARABEER@boisestate.edu_boisestate,5/16/2026 6:31:16 PM,KARABEER@boisestate.edu_boisestate
784,8027b679-54c2-4984-83eb-2ce73ffe887f,T2,2,1778961600000,07:08,LTJA,0,,,0,,,1,Visual,28,135,135,1585,GPS-003,,a98922b1-84b1-43aa-a5fa-8c7e34fb606f,5/16/2026 6:31:16 PM,KARABEER@boisestate.edu_boisestate,5/16/2026 6:31:16 PM,KARABEER@boisestate.edu_boisestate
785,503691f2-de83-45ba-9208-b4625249729d,T2,2,1778961600000,07:09,WIPT,1,1,,0,0,,0,Visual,28,140,141,1585,GPS-003,,a98922b1-84b1-43aa-a5fa-8c7e34fb606f,5/16/2026 6:31:16 PM,KARABEER@boisestate.edu_boisestate,5/16/2026 6:31:16 PM,KARABEER@boisestate.edu_boisestate
786,c0dbc2b4-d864-473b-8577-ac264a32985a,T2,2,1778961600000,07:09,WIPT,1,1,,0,0,,0,Visual,28,140,481,1585,GPS-003,,a98922b1-84b1-43aa-a5fa-8c7e34fb606f,5/16/2026 6:31:16 PM,KARABEER@boisestate.edu_boisestate,5/16/2026 6:31:16 PM,KARABEER@boisestate.edu_boisestate
787,ab2c715d-1e92-4806-8aac-6ae47c6dab38,T2,2,1778961600000,07:10,WIPT,1,1,,1,1,,0,Visual,28,255,56,1586,GPS-003,,a98922b1-84b1-43aa-a5fa-8c7e34fb606f,5/16/2026 6:31:16 PM,KARABEER@boisestate.edu_boisestate,5/16/2026 6:31:16 PM,KARABEER@boisestate.edu_boisestate
788,02d229d8-6453-40b0-ab2e-7fe054e0a591,T2,2,1778961600000,07:10,WIPT,1,1,,0,0,,0,Visual,28,130,129,1587,GPS-003,,a98922b1-84b1-43aa-a5fa-8c7e34fb606f,5/16/2026 6:31:16 PM,KARABEER@boisestate.edu_boisestate,5/16/2026 6:31:16 PM,KARABEER@boisestate.edu_boisestate
789,23b0add4-36f0-4b49-98b7-f8656c0df079,T2,2,1778961600000,07:11,WISN,0,,,0,,,1,Audio,28,150,75,1587,GPS-003,,a98922b1-84b1-43aa-a5fa-8c7e34fb606f,5/16/2026 6:31:16 PM,KARABEER@boisestate.edu_boisestate,5/16/2026 6:31:16 PM,KARABEER@boisestate.edu_boisestate
790,9dba124f-ed20-44de-b966-f54c356bae1d,T2,2,1778961600000,07:11,WIPT,2,2,,0,0,,0,Visual,28,150,336,1587,GPS-003,,a98922b1-84b1-43aa-a5fa-8c7e34fb606f,5/16/2026 6:31:16 PM,KARABEER@boisestate.edu_boisestate,5/16/2026 6:31:16 PM,KARABEER@boisestate.edu_boisestate
791,72ba9c6c-c69a-4538-b6dc-153b2d98497d,T2,2,1778961600000,07:12,WIPT,1,1,,1,1,,0,Visual,28,120,41,1588,GPS-003,,a98922b1-84b1-43aa-a5fa-8c7e34fb606f,5/16/2026 6:31:16 PM,KARABEER@boisestate.edu_boisestate,5/16/2026 6:31:16 PM,KARABEER@boisestate.edu_boisestate
792,969ccea7-ce38-46cc-b700-2406c5591a46,T2,2,1778961600000,07:13,WIPT,1,1,,0,0,,0,Visual,28,160,56,1588,GPS-003,,a98922b1-84b1-43aa-a5fa-8c7e34fb606f,5/16/2026 6:31:16 PM,KARABEER@boisestate.edu_boisestate,5/16/2026 6:31:16 PM,KARABEER@boisestate.edu_boisestate
793,1b9a1e5a-52dc-428f-bda1-527b05e2d0c5,T2,2,1778961600000,07:14,WIPT,1,1,,1,1,,0,Visual,28,130,146,1589,GPS-003,,a98922b1-84b1-43aa-a5fa-8c7e34fb606f,5/16/2026 6:31:16 PM,KARABEER@boisestate.edu_boisestate,5/16/2026 6:31:16 PM,KARABEER@boisestate.edu_boisestate
794,821c0254-6137-4d59-b9c4-f7b166248f9e,T2,2,1778961600000,07:14,WISN,0,,,0,,,1,Audio,28,150,40,1589,GPS-003,,a98922b1-84b1-43aa-a5fa-8c7e34fb606f,5/16/2026 6:31:16 PM,KARABEER@boisestate.edu_boisestate,5/16/2026 6:31:16 PM,KARABEER@boisestate.edu_boisestate
795,1e01388a-c08b-4d8e-a0d3-95ae22500952,T2,2,1778961600000,07:15,WIPT,1,1,,1,1,,0,Visual,28,-99,0,1590,GPS-003,,a98922b1-84b1-43aa-a5fa-8c7e34fb606f,5/16/2026 6:31:16 PM,KARABEER@boisestate.edu_boisestate,5/16/2026 6:31:16 PM,KARABEER@boisestate.edu_boisestate
796,62aed7ea-6582-42fc-a2e5-b3ac8f4ea4dd,T2,2,1778961600000,07:17,WIPT,0,0,,1,1,,0,Visual,27,210,181,1592,GPS-003,,a98922b1-84b1-43aa-a5fa-8c7e34fb606f,5/16/2026 6:31:16 PM,KARABEER@boisestate.edu_boisestate,5/16/2026 6:31:16 PM,KARABEER@boisestate.edu_boisestate
797,ec1dbc50-7f07-4dde-a8c9-877347a334e0,T2,2,1778961600000,07:17,WISN,0,,,0,,,1,Audio,27,100,80,1592,GPS-003,,a98922b1-84b1-43aa-a5fa-8c7e34fb606f,5/16/2026 6:31:16 PM,KARABEER@boisestate.edu_boisestate,5/16/2026 6:31:16 PM,KARABEER@boisestate.edu_boisestate
798,7f0a6575-544f-4f39-9159-2db6e30491b1,T2,2,1778961600000,07:19,WIPT,1,1,,0,0,,0,Visual,27,40,67,1593,GPS-003,,a98922b1-84b1-43aa-a5fa-8c7e34fb606f,5/16/2026 6:31:16 PM,KARABEER@boisestate.edu_boisestate,5/16/2026 6:31:16 PM,KARABEER@boisestate.edu_boisestate
799,c38a356e-19c3-4af6-b097-eca31c7a88fe,T2,2,1778961600000,07:19,WIPT,1,1,,0,0,,0,Visual,27,190,26,1594,GPS-003,,a98922b1-84b1-43aa-a5fa-8c7e34fb606f,5/16/2026 6:31:16 PM,KARABEER@boisestate.edu_boisestate,5/16/2026 6:31:16 PM,KARABEER@boisestate.edu_boisestate
800,a39efb9f-f20c-4112-99d2-5314ebea89c3,T2,2,1778961600000,07:20,WIPT,1,1,,0,0,,0,Visual,27,225,181,1595,GPS-003,,a98922b1-84b1-43aa-a5fa-8c7e34fb606f,5/16/2026 6:31:16 PM,KARABEER@boisestate.edu_boisestate,5/16/2026 6:31:16 PM,KARABEER@boisestate.edu_boisestate
801,a1e97f54-766e-402d-bd83-ab7bcbfd4946,T2,2,1778961600000,07:20,WIPT,1,1,,1,1,,0,Visual,28,100,91,1596,GPS-003,,a98922b1-84b1-43aa-a5fa-8c7e34fb606f,5/16/2026 6:31:16 PM,KARABEER@boisestate.edu_boisestate,5/16/2026 6:31:16 PM,KARABEER@boisestate.edu_boisestate
802,76c89ae3-9da0-4000-a78f-e18d2c51c143,T2,2,1778961600000,07:21,WIPT,1,1,,1,1,,0,Visual,28,90,13,1597,GPS-003,,a98922b1-84b1-43aa-a5fa-8c7e34fb606f,5/16/2026 6:31:16 PM,KARABEER@boisestate.edu_boisestate,5/16/2026 6:31:16 PM,KARABEER@boisestate.edu_boisestate
803,753a90c1-4660-42e0-b5da-ac7dbabb4a9e,T2,2,1778961600000,07:21,WIPT,1,1,,0,0,,0,Visual,27,220,76,1598,GPS-003,,a98922b1-84b1-43aa-a5fa-8c7e34fb606f,5/16/2026 6:31:16 PM,KARABEER@boisestate.edu_boisestate,5/16/2026 6:31:16 PM,KARABEER@boisestate.edu_boisestate
804,a7802018-0b6f-4153-b1eb-0f4bb71a05db,T2,2,1778961600000,07:22,WIPT,1,1,,1,1,,0,Visual,27,230,250,1599,GPS-003,,a98922b1-84b1-43aa-a5fa-8c7e34fb606f,5/16/2026 6:31:16 PM,KARABEER@boisestate.edu_boisestate,5/16/2026 6:31:16 PM,KARABEER@boisestate.edu_boisestate
805,0bfbf04c-df47-4e40-819e-29128980829f,T2,2,1778961600000,07:23,WIPT,1,1,,0,0,,0,Visual,27,-99,0,1600,GPS-003,,a98922b1-84b1-43aa-a5fa-8c7e34fb606f,5/16/2026 6:31:16 PM,KARABEER@boisestate.edu_boisestate,5/16/2026 6:31:16 PM,KARABEER@boisestate.edu_boisestate
806,fcde7609-aefd-48c1-bea9-75d10f5e5dee,T2,2,1778961600000,07:23,WIPT,1,1,,0,0,,0,Visual,27,40,108,1601,GPS-003,,a98922b1-84b1-43aa-a5fa-8c7e34fb606f,5/16/2026 6:31:16 PM,KARABEER@boisestate.edu_boisestate,5/16/2026 6:31:16 PM,KARABEER@boisestate.edu_boisestate
807,ad992d1f-4640-4c7b-8c79-57d6480aad92,T2,2,1778961600000,07:24,WISN,0,,,0,,,1,Audio,27,50,40,1601,GPS-003,,a98922b1-84b1-43aa-a5fa-8c7e34fb606f,5/16/2026 6:31:16 PM,KARABEER@boisestate.edu_boisestate,5/16/2026 6:31:16 PM,KARABEER@boisestate.edu_boisestate
808,6b422aa9-eac6-4583-95b5-b9e52a0e1b10,T2,2,1778961600000,07:25,WIPT,1,1,,0,0,,0,Visual,27,190,37,1602,GPS-003,,a98922b1-84b1-43aa-a5fa-8c7e34fb606f,5/16/2026 6:31:16 PM,KARABEER@boisestate.edu_boisestate,5/16/2026 6:31:16 PM,KARABEER@boisestate.edu_boisestate
809,1d4d2a4d-6781-46fe-97cf-de6ab248ea64,T2,2,1778961600000,07:26,WIPT,1,1,,1,1,,0,Visual,27,170,85,1603,GPS-003,,a98922b1-84b1-43aa-a5fa-8c7e34fb606f,5/16/2026 6:31:16 PM,KARABEER@boisestate.edu_boisestate,5/16/2026 6:31:16 PM,KARABEER@boisestate.edu_boisestate
810,176bb6fb-5c43-4f4c-ae46-540405831635,T2,2,1778961600000,07:26,WIPT,1,1,,1,1,,0,Visual,27,40,38,1603,GPS-003,,a98922b1-84b1-43aa-a5fa-8c7e34fb606f,5/16/2026 6:31:16 PM,KARABEER@boisestate.edu_boisestate,5/16/2026 6:31:16 PM,KARABEER@boisestate.edu_boisestate
811,cf3ecaee-118f-4809-985e-83e0502b93d7,T2,2,1778961600000,07:27,WISN,0,,,0,,,1,Audio,27,110,36,1603,GPS-003,,a98922b1-84b1-43aa-a5fa-8c7e34fb606f,5/16/2026 6:31:16 PM,KARABEER@boisestate.edu_boisestate,5/16/2026 6:31:16 PM,KARABEER@boisestate.edu_boisestate
812,4605f347-81c9-4817-8d61-d6f6ae94223a,T2,2,1778961600000,07:27,WIPT,1,1,,0,0,,0,Visual,27,185,15,1604,GPS-003,,a98922b1-84b1-43aa-a5fa-8c7e34fb606f,5/16/2026 6:31:16 PM,KARABEER@boisestate.edu_boisestate,5/16/2026 6:31:16 PM,KARABEER@boisestate.edu_boisestate
813,7e84b319-5a74-4916-9312-3e3c65be00be,T2,2,1778961600000,07:28,WIPT,1,1,,1,1,,0,Visual,26,90,19,1605,GPS-003,,a98922b1-84b1-43aa-a5fa-8c7e34fb606f,5/16/2026 6:31:16 PM,KARABEER@boisestate.edu_boisestate,5/16/2026 6:31:16 PM,KARABEER@boisestate.edu_boisestate
814,d545b45a-3a15-4218-8383-9eedd0f64147,T2,2,1778961600000,07:29,WIPT,1,1,,1,1,,0,Visual,28,30,10,1606,GPS-003,,a98922b1-84b1-43aa-a5fa-8c7e34fb606f,5/16/2026 6:31:16 PM,KARABEER@boisestate.edu_boisestate,5/16/2026 6:31:16 PM,KARABEER@boisestate.edu_boisestate
815,c1057852-1ef1-4197-a1f9-fd3a66e6dee2,T2,2,1778961600000,07:30,WIPT,1,1,,1,1,,0,Visual,26,20,210,1607,GPS-003,,a98922b1-84b1-43aa-a5fa-8c7e34fb606f,5/16/2026 6:31:16 PM,KARABEER@boisestate.edu_boisestate,5/16/2026 6:31:16 PM,KARABEER@boisestate.edu_boisestate
816,ea27b805-e011-4d42-912a-8cf0e2d67a3b,T2,2,1778961600000,07:30,WIPT,1,1,,0,0,,0,Visual,26,30,52,1608,GPS-003,,a98922b1-84b1-43aa-a5fa-8c7e34fb606f,5/16/2026 6:31:16 PM,KARABEER@boisestate.edu_boisestate,5/16/2026 6:31:16 PM,KARABEER@boisestate.edu_boisestate
817,58805393-9c19-4968-80c3-7a88aeec5ae2,T2,2,1778961600000,07:31,WIPT,1,1,,0,0,,0,Visual,26,185,105,1609,GPS-003,,a98922b1-84b1-43aa-a5fa-8c7e34fb606f,5/16/2026 6:31:16 PM,KARABEER@boisestate.edu_boisestate,5/16/2026 6:31:16 PM,KARABEER@boisestate.edu_boisestate
818,a4f4d25c-ffc6-4728-ab27-3a7124dd997e,T2,2,1778961600000,07:31,WIPT,1,1,,0,0,,0,Visual,26,180,32,1610,GPS-003,,a98922b1-84b1-43aa-a5fa-8c7e34fb606f,5/16/2026 6:31:16 PM,KARABEER@boisestate.edu_boisestate,5/16/2026 6:31:16 PM,KARABEER@boisestate.edu_boisestate
819,ecfc74fd-7ce0-4d29-a689-fff26a00f94e,T2,2,1778961600000,07:32,WIPT,1,1,,0,0,,0,Visual,26,190,24,1611,GPS-003,,a98922b1-84b1-43aa-a5fa-8c7e34fb606f,5/16/2026 6:31:16 PM,KARABEER@boisestate.edu_boisestate,5/16/2026 6:31:16 PM,KARABEER@boisestate.edu_boisestate
820,ab432c7b-73fe-4239-9f38-8589a0fd7e1b,T2,2,1778961600000,07:33,WIPT,1,1,,0,0,,0,Visual,26,185,35,1612,GPS-003,,a98922b1-84b1-43aa-a5fa-8c7e34fb606f,5/16/2026 6:31:16 PM,KARABEER@boisestate.edu_boisestate,5/16/2026 6:31:16 PM,KARABEER@boisestate.edu_boisestate
821,4fe16d8d-83b0-4f36-a7ec-eb8d3f69273c,T2,2,1778961600000,07:33,WISN,0,,,0,,,1,Audio,26,195,21,1613,GPS-003,,a98922b1-84b1-43aa-a5fa-8c7e34fb606f,5/16/2026 6:31:16 PM,KARABEER@boisestate.edu_boisestate,5/16/2026 6:31:16 PM,KARABEER@boisestate.edu_boisestate
822,93342803-052e-46d6-ae8e-5feb5a485f70,T2,2,1778961600000,07:34,WIPT,1,1,,0,0,,0,Visual,26,180,43,1613,GPS-003,,a98922b1-84b1-43aa-a5fa-8c7e34fb606f,5/16/2026 6:31:16 PM,KARABEER@boisestate.edu_boisestate,5/16/2026 6:31:16 PM,KARABEER@boisestate.edu_boisestate
823,78d8d417-e29b-43ce-a6d7-1a846c9a6934,T2,2,1778961600000,07:36,WIPT,0,0,,1,1,,0,Visual,25,150,48,1614,GPS-003,,a98922b1-84b1-43aa-a5fa-8c7e34fb606f,5/16/2026 6:31:16 PM,KARABEER@boisestate.edu_boisestate,5/16/2026 6:31:16 PM,KARABEER@boisestate.edu_boisestate
824,1f6682e8-272d-4ba7-a2b7-b14540c3169c,T2,2,1778961600000,07:36,WIPT,1,1,,1,0,,0,Visual,25,20,29,1615,GPS-003,,a98922b1-84b1-43aa-a5fa-8c7e34fb606f,5/16/2026 6:31:16 PM,KARABEER@boisestate.edu_boisestate,5/16/2026 6:31:16 PM,KARABEER@boisestate.edu_boisestate
825,a1d57e9d-bbf8-41c6-abc2-3ac2f172c69d,T2,2,1778961600000,07:37,WIPT,1,1,,1,1,,0,Visual,25,145,55,1616,GPS-003,,a98922b1-84b1-43aa-a5fa-8c7e34fb606f,5/16/2026 6:31:16 PM,KARABEER@boisestate.edu_boisestate,5/16/2026 6:31:16 PM,KARABEER@boisestate.edu_boisestate
826,d1af5b0e-bf2a-4028-b99e-8e5ec4d459cf,T2,2,1778961600000,07:38,WIPT,1,1,,1,1,,0,Visual,25,135,135,1617,GPS-003,,a98922b1-84b1-43aa-a5fa-8c7e34fb606f,5/16/2026 6:31:16 PM,KARABEER@boisestate.edu_boisestate,5/16/2026 6:31:16 PM,KARABEER@boisestate.edu_boisestate
827,74f43978-a7ae-4799-88d7-cc47edc25db2,T2,2,1778961600000,07:39,WIPT,1,1,,0,0,,0,Visual,25,145,14,1618,GPS-003,,a98922b1-84b1-43aa-a5fa-8c7e34fb606f,5/16/2026 6:31:16 PM,KARABEER@boisestate.edu_boisestate,5/16/2026 6:31:16 PM,KARABEER@boisestate.edu_boisestate
828,3820c71d-314c-4939-a30d-bcf9869d26e2,T2,2,1778961600000,07:40,WIPT,1,1,,1,1,,0,Visual,25,-99,0,1619,GPS-003,,a98922b1-84b1-43aa-a5fa-8c7e34fb606f,5/16/2026 6:31:16 PM,KARABEER@boisestate.edu_boisestate,5/16/2026 6:31:16 PM,KARABEER@boisestate.edu_boisestate
829,50bc9b2c-6660-4f93-bb38-d3d36edfb8a6,T2,2,1778961600000,07:41,WIPT,1,1,,1,1,,0,Visual,25,155,221,1620,GPS-003,,a98922b1-84b1-43aa-a5fa-8c7e34fb606f,5/16/2026 6:31:16 PM,KARABEER@boisestate.edu_boisestate,5/16/2026 6:31:16 PM,KARABEER@boisestate.edu_boisestate
830,323334dc-50c2-4176-9731-a04e1fa81bd8,T2,2,1778961600000,07:41,WIPT,1,1,,1,1,,0,Visual,25,40,16,1620,GPS-003,,a98922b1-84b1-43aa-a5fa-8c7e34fb606f,5/16/2026 6:31:16 PM,KARABEER@boisestate.edu_boisestate,5/16/2026 6:31:16 PM,KARABEER@boisestate.edu_boisestate
831,e35f5783-5a6c-47a1-8bab-93e645fd96c3,T2,2,1778961600000,07:41,WIPT,1,1,,0,0,,0,Visual,25,340,117,1621,GPS-003,,a98922b1-84b1-43aa-a5fa-8c7e34fb606f,5/16/2026 6:31:16 PM,KARABEER@boisestate.edu_boisestate,5/16/2026 6:31:16 PM,KARABEER@boisestate.edu_boisestate
832,1caf006b-f470-4629-94a0-61f3e6897fee,T2,2,1778961600000,07:43,WIPT,1,1,,1,1,,0,Visual,25,-99,0,1622,GPS-003,,a98922b1-84b1-43aa-a5fa-8c7e34fb606f,5/16/2026 6:31:16 PM,KARABEER@boisestate.edu_boisestate,5/16/2026 6:31:16 PM,KARABEER@boisestate.edu_boisestate
833,acfe0054-62fd-4271-9904-3c57ce3da485,T2,2,1778961600000,07:43,WIPT,1,1,,1,1,,0,Visual,25,350,145,1622,GPS-003,,a98922b1-84b1-43aa-a5fa-8c7e34fb606f,5/16/2026 6:31:16 PM,KARABEER@boisestate.edu_boisestate,5/16/2026 6:31:16 PM,KARABEER@boisestate.edu_boisestate
834,7db32aed-202e-412f-9db0-97c4396d58e3,T2,2,1778961600000,07:44,WIPT,1,1,,0,0,,0,Visual,25,165,31,1623,GPS-003,,a98922b1-84b1-43aa-a5fa-8c7e34fb606f,5/16/2026 6:31:16 PM,KARABEER@boisestate.edu_boisestate,5/16/2026 6:31:16 PM,KARABEER@boisestate.edu_boisestate
835,3f13772f-8565-4473-8053-f128bf838d50,T2,2,1778961600000,07:45,WIPT,1,1,,1,1,,0,Visual,24,0,113,1624,GPS-003,,a98922b1-84b1-43aa-a5fa-8c7e34fb606f,5/16/2026 6:31:16 PM,KARABEER@boisestate.edu_boisestate,5/16/2026 6:31:16 PM,KARABEER@boisestate.edu_boisestate
836,da1c832c-577a-4cbf-96a2-49854b05392f,T2,2,1778961600000,07:47,WIPT,1,1,,0,0,,0,Visual,24,-99,0,1625,GPS-003,,a98922b1-84b1-43aa-a5fa-8c7e34fb606f,5/16/2026 6:31:16 PM,KARABEER@boisestate.edu_boisestate,5/16/2026 6:31:16 PM,KARABEER@boisestate.edu_boisestate
837,8f3b3677-394e-4455-b3ed-5fc7595d2b1e,T2,2,1778961600000,07:48,WIPT,1,1,,1,1,,0,Visual,24,20,8,1626,GPS-003,,a98922b1-84b1-43aa-a5fa-8c7e34fb606f,5/16/2026 6:31:16 PM,KARABEER@boisestate.edu_boisestate,5/16/2026 6:31:16 PM,KARABEER@boisestate.edu_boisestate
838,8316235b-2e40-47e7-b3f3-02854985303d,T2,2,1778961600000,07:49,LTJA,0,,,0,,,2,Visual,24,150,69,1627,GPS-003,,a98922b1-84b1-43aa-a5fa-8c7e34fb606f,5/16/2026 6:31:16 PM,KARABEER@boisestate.edu_boisestate,5/16/2026 6:31:16 PM,KARABEER@boisestate.edu_boisestate
839,18498303-e953-427e-bc00-d16359dceac0,T2,2,1778961600000,07:49,WISN,0,,,0,,,1,Audio,24,20,45,1627,GPS-003,,a98922b1-84b1-43aa-a5fa-8c7e34fb606f,5/16/2026 6:31:16 PM,KARABEER@boisestate.edu_boisestate,5/16/2026 6:31:16 PM,KARABEER@boisestate.edu_boisestate
840,84ccc196-f094-4d67-95d1-da250c9d06ac,T2,2,1778961600000,07:49,WIPT,1,1,,1,1,,0,Visual,24,10,35,1628,GPS-003,,a98922b1-84b1-43aa-a5fa-8c7e34fb606f,5/16/2026 6:31:16 PM,KARABEER@boisestate.edu_boisestate,5/16/2026 6:31:16 PM,KARABEER@boisestate.edu_boisestate
841,814a9c43-e353-4b56-8826-5fafa8aca305,T2,2,1778961600000,07:50,WIPT,1,1,,0,0,,0,Visual,24,10,80,1629,GPS-003,,a98922b1-84b1-43aa-a5fa-8c7e34fb606f,5/16/2026 6:31:16 PM,KARABEER@boisestate.edu_boisestate,5/16/2026 6:31:16 PM,KARABEER@boisestate.edu_boisestate
842,e6898f02-47ed-4ef4-b51e-11af23cf928a,T2,2,1778961600000,07:51,PTAR,0,,,0,,,1,Visual,24,340,105,1630,GPS-003,,a98922b1-84b1-43aa-a5fa-8c7e34fb606f,5/16/2026 6:31:16 PM,KARABEER@boisestate.edu_boisestate,5/16/2026 6:31:16 PM,KARABEER@boisestate.edu_boisestate
843,41a8ffca-c1bd-4109-b73b-cab16a718b60,T2,2,1778961600000,07:52,WIPT,1,1,,1,1,,0,Visual,24,0,32,1630,GPS-003,,a98922b1-84b1-43aa-a5fa-8c7e34fb606f,5/16/2026 6:31:16 PM,KARABEER@boisestate.edu_boisestate,5/16/2026 6:31:16 PM,KARABEER@boisestate.edu_boisestate
844,44c9be0e-7396-4c97-9e35-e4c5005513df,T2,2,1778961600000,07:52,LTJA,0,,,0,,,2,Visual,24,10,86,1630,GPS-003,,a98922b1-84b1-43aa-a5fa-8c7e34fb606f,5/16/2026 6:31:16 PM,KARABEER@boisestate.edu_boisestate,5/16/2026 6:31:16 PM,KARABEER@boisestate.edu_boisestate
845,7beea0dd-f8fb-4fb8-8760-e5c4d68d32e3,T2,2,1778961600000,07:53,WIPT,1,1,,0,0,,0,Visual,24,140,134,1631,GPS-003,,a98922b1-84b1-43aa-a5fa-8c7e34fb606f,5/16/2026 6:31:16 PM,KARABEER@boisestate.edu_boisestate,5/16/2026 6:31:16 PM,KARABEER@boisestate.edu_boisestate
846,c0e7ca53-5e19-4815-a916-1929bb0c1d09,T2,2,1778961600000,07:54,WIPT,1,1,,0,0,,0,Visual,24,120,34,1631,GPS-003,,a98922b1-84b1-43aa-a5fa-8c7e34fb606f,5/16/2026 6:31:16 PM,KARABEER@boisestate.edu_boisestate,5/16/2026 6:31:16 PM,KARABEER@boisestate.edu_boisestate
847,a03c91cc-68fe-48ec-9e28-0701c2684084,T2,2,1778961600000,07:55,WIPT,1,1,,0,0,,0,Visual,24,360,82,1632,GPS-003,,a98922b1-84b1-43aa-a5fa-8c7e34fb606f,5/16/2026 6:31:16 PM,KARABEER@boisestate.edu_boisestate,5/16/2026 6:31:16 PM,KARABEER@boisestate.edu_boisestate
848,54df4a54-0846-4c2e-a5d5-7bff7a27aeb0,T2,2,1778961600000,07:55,WIPT,1,1,,1,1,,0,Visual,24,0,32,1633,GPS-003,,a98922b1-84b1-43aa-a5fa-8c7e34fb606f,5/16/2026 6:31:16 PM,KARABEER@boisestate.edu_boisestate,5/16/2026 6:31:16 PM,KARABEER@boisestate.edu_boisestate
849,8eae8548-15c4-4f17-b7f9-70ac3697f4fd,T2,2,1778961600000,07:56,WIPT,1,1,,0,0,,0,Visual,24,150,22,1634,GPS-003,,a98922b1-84b1-43aa-a5fa-8c7e34fb606f,5/16/2026 6:31:16 PM,KARABEER@boisestate.edu_boisestate,5/16/2026 6:31:16 PM,KARABEER@boisestate.edu_boisestate
850,c3e6d93d-955c-4fde-ae0e-3a655c83405b,T2,2,1778961600000,07:56,WIPT,1,1,,0,0,,0,Visual,24,20,121,1634,GPS-003,,a98922b1-84b1-43aa-a5fa-8c7e34fb606f,5/16/2026 6:31:16 PM,KARABEER@boisestate.edu_boisestate,5/16/2026 6:31:16 PM,KARABEER@boisestate.edu_boisestate
851,e22f62e7-654b-4c87-be0b-096d9d1ef728,T2,2,1778961600000,07:57,WIPT,1,1,,0,0,,0,Visual,24,25,61,1634,GPS-003,,a98922b1-84b1-43aa-a5fa-8c7e34fb606f,5/16/2026 6:31:16 PM,KARABEER@boisestate.edu_boisestate,5/16/2026 6:31:16 PM,KARABEER@boisestate.edu_boisestate
852,ee2e3498-18d8-4579-aa89-db8a7455eb96,T2,2,1778961600000,07:58,WIPT,1,1,,1,1,,0,Visual,24,10,30,1635,GPS-003,,a98922b1-84b1-43aa-a5fa-8c7e34fb606f,5/16/2026 6:31:16 PM,KARABEER@boisestate.edu_boisestate,5/16/2026 6:31:16 PM,KARABEER@boisestate.edu_boisestate
853,17b54618-e41f-47c0-a677-302218902c15,T2,2,1778961600000,07:58,WIPT,1,1,,0,0,,0,Visual,24,10,75,1636,GPS-003,,a98922b1-84b1-43aa-a5fa-8c7e34fb606f,5/16/2026 6:31:16 PM,KARABEER@boisestate.edu_boisestate,5/16/2026 6:31:16 PM,KARABEER@boisestate.edu_boisestate
854,d2aafd6e-e1ab-49c1-b141-f662e94cc0b3,T2,2,1778961600000,07:58,WIPT,1,1,,0,0,,0,Visual,23,0,161,1637,GPS-003,,a98922b1-84b1-43aa-a5fa-8c7e34fb606f,5/16/2026 6:31:16 PM,KARABEER@boisestate.edu_boisestate,5/16/2026 6:31:16 PM,KARABEER@boisestate.edu_boisestate
855,9fb2c98b-d110-455d-8a36-5533deb734c0,T2,2,1778961600000,07:59,WIPT,1,1,,0,0,,0,Visual,23,-99,0,1638,GPS-003,,a98922b1-84b1-43aa-a5fa-8c7e34fb606f,5/16/2026 6:31:16 PM,KARABEER@boisestate.edu_boisestate,5/16/2026 6:31:16 PM,KARABEER@boisestate.edu_boisestate
856,b987eb18-b3ba-454f-afaf-481f5c385d3e,T2,2,1778961600000,08:00,WIPT,1,1,,0,0,,0,Visual,23,20,117,1639,GPS-003,,a98922b1-84b1-43aa-a5fa-8c7e34fb606f,5/16/2026 6:31:16 PM,KARABEER@boisestate.edu_boisestate,5/16/2026 6:31:16 PM,KARABEER@boisestate.edu_boisestate
857,09b83abf-e586-44e5-8f3c-982ef3e3eeee,T2,2,1778961600000,08:00,WIPT,1,1,,0,0,,0,Visual,23,150,42,1640,GPS-003,,a98922b1-84b1-43aa-a5fa-8c7e34fb606f,5/16/2026 6:31:16 PM,KARABEER@boisestate.edu_boisestate,5/16/2026 6:31:16 PM,KARABEER@boisestate.edu_boisestate
858,b0360145-c954-4da3-9375-4164db447bf3,T2,2,1778961600000,08:00,PTAR,0,,,0,,,1,Visual,23,230,121,1641,GPS-003,,a98922b1-84b1-43aa-a5fa-8c7e34fb606f,5/16/2026 6:31:16 PM,KARABEER@boisestate.edu_boisestate,5/16/2026 6:31:16 PM,KARABEER@boisestate.edu_boisestate
859,429c27b6-ed1a-446f-93b4-fa28076ab12f,T2,2,1778961600000,08:01,WIPT,1,1,,0,0,,0,Visual,23,20,38,1642,GPS-003,,a98922b1-84b1-43aa-a5fa-8c7e34fb606f,5/16/2026 6:31:16 PM,KARABEER@boisestate.edu_boisestate,5/16/2026 6:31:16 PM,KARABEER@boisestate.edu_boisestate
860,bc992552-b4e7-4963-87f8-ff265d6255a1,T2,2,1778961600000,08:02,PTAR,0,,,0,,,1,Visual,23,0,23,1643,GPS-003,,a98922b1-84b1-43aa-a5fa-8c7e34fb606f,5/16/2026 6:31:16 PM,KARABEER@boisestate.edu_boisestate,5/16/2026 6:31:16 PM,KARABEER@boisestate.edu_boisestate
861,aa4fe41d-32e0-4cfa-a87a-95df66ac0c0e,T2,2,1778961600000,08:03,WIPT,1,1,,1,1,,0,Visual,23,155,77,1644,GPS-003,,a98922b1-84b1-43aa-a5fa-8c7e34fb606f,5/16/2026 6:31:16 PM,KARABEER@boisestate.edu_boisestate,5/16/2026 6:31:16 PM,KARABEER@boisestate.edu_boisestate
862,0a124dbb-589f-48af-a910-cb9fc7e0ed48,T2,2,1778961600000,08:04,WIPT,1,1,,0,0,,0,Visual,23,150,332,1644,GPS-003,,a98922b1-84b1-43aa-a5fa-8c7e34fb606f,5/16/2026 6:31:16 PM,KARABEER@boisestate.edu_boisestate,5/16/2026 6:31:16 PM,KARABEER@boisestate.edu_boisestate
863,887e5580-80d5-4718-b92b-3f79fca06702,T2,2,1778961600000,08:04,WISN,0,,,0,,,1,Audio,23,10,100,1644,GPS-003,,a98922b1-84b1-43aa-a5fa-8c7e34fb606f,5/16/2026 6:31:16 PM,KARABEER@boisestate.edu_boisestate,5/16/2026 6:31:16 PM,KARABEER@boisestate.edu_boisestate
864,f3608547-4d78-453d-aae4-8695fceae8a7,T2,2,1778961600000,08:04,WIPT,0,0,,0,0,,1,Audio,23,340,50,1644,GPS-003,,a98922b1-84b1-43aa-a5fa-8c7e34fb606f,5/16/2026 6:31:16 PM,KARABEER@boisestate.edu_boisestate,5/16/2026 6:31:16 PM,KARABEER@boisestate.edu_boisestate
865,382f7f85-51ae-48e9-801d-5d7d6d1c1d11,T2,2,1778961600000,08:05,WIPT,1,1,,0,0,,0,Visual,23,160,17,1645,GPS-003,,a98922b1-84b1-43aa-a5fa-8c7e34fb606f,5/16/2026 6:31:16 PM,KARABEER@boisestate.edu_boisestate,5/16/2026 6:31:16 PM,KARABEER@boisestate.edu_boisestate
866,69c64636-15f0-49b3-ad45-84c70a1f564e,T2,2,1778961600000,08:06,WISN,0,,,0,,,1,Audio,23,180,50,1645,GPS-003,,a98922b1-84b1-43aa-a5fa-8c7e34fb606f,5/16/2026 6:31:16 PM,KARABEER@boisestate.edu_boisestate,5/16/2026 6:31:16 PM,KARABEER@boisestate.edu_boisestate
867,153529e8-b6d6-4ea0-979c-9c71fefe0d70,T2,2,1778961600000,08:06,WIPT,1,1,,0,0,,0,Visual,23,10,55,1646,GPS-003,,a98922b1-84b1-43aa-a5fa-8c7e34fb606f,5/16/2026 6:31:16 PM,KARABEER@boisestate.edu_boisestate,5/16/2026 6:31:16 PM,KARABEER@boisestate.edu_boisestate
868,3630e395-0123-4878-8df2-93b4e99ddd7a,T2,2,1778961600000,08:07,WIPT,1,1,,0,0,,0,Visual,23,160,87,1647,GPS-003,,a98922b1-84b1-43aa-a5fa-8c7e34fb606f,5/16/2026 6:31:16 PM,KARABEER@boisestate.edu_boisestate,5/16/2026 6:31:16 PM,KARABEER@boisestate.edu_boisestate
869,65b3a85a-d24b-4169-809f-580927b7d829,T2,2,1778961600000,08:07,WISN,0,,,0,,,1,Audio,22,350,87,1648,GPS-003,,a98922b1-84b1-43aa-a5fa-8c7e34fb606f,5/16/2026 6:31:16 PM,KARABEER@boisestate.edu_boisestate,5/16/2026 6:31:16 PM,KARABEER@boisestate.edu_boisestate
870,a4154601-e205-4327-92c5-96456619e8c9,T2,2,1778961600000,08:08,WIPT,1,1,,0,0,,0,Visual,22,150,35,1649,GPS-003,,a98922b1-84b1-43aa-a5fa-8c7e34fb606f,5/16/2026 6:31:16 PM,KARABEER@boisestate.edu_boisestate,5/16/2026 6:31:16 PM,KARABEER@boisestate.edu_boisestate
871,951fe669-fc84-4e04-9125-3d117d94ac61,T2,2,1778961600000,08:09,WIPT,1,1,,0,0,,0,Visual,22,155,66,1650,GPS-003,,a98922b1-84b1-43aa-a5fa-8c7e34fb606f,5/16/2026 6:31:16 PM,KARABEER@boisestate.edu_boisestate,5/16/2026 6:31:16 PM,KARABEER@boisestate.edu_boisestate
872,22f7b824-7337-4dc2-8067-9db91728da95,T2,2,1778961600000,08:10,WIPT,1,1,,0,0,,0,Visual,22,-99,0,1651,GPS-003,,a98922b1-84b1-43aa-a5fa-8c7e34fb606f,5/16/2026 6:31:16 PM,KARABEER@boisestate.edu_boisestate,5/16/2026 6:31:16 PM,KARABEER@boisestate.edu_boisestate
873,ae16261e-17c8-4047-986b-eb3a732a66cc,T2,2,1778961600000,08:11,WIPT,1,1,,0,0,,0,Visual,22,130,17,1652,GPS-003,,a98922b1-84b1-43aa-a5fa-8c7e34fb606f,5/16/2026 6:31:16 PM,KARABEER@boisestate.edu_boisestate,5/16/2026 6:31:16 PM,KARABEER@boisestate.edu_boisestate
874,6610eaab-c081-49f0-ba62-d715f9ff2205,T2,2,1778961600000,08:12,WIPT,1,1,,1,1,,0,Visual,22,145,33,1653,GPS-003,,a98922b1-84b1-43aa-a5fa-8c7e34fb606f,5/16/2026 6:31:16 PM,KARABEER@boisestate.edu_boisestate,5/16/2026 6:31:16 PM,KARABEER@boisestate.edu_boisestate
875,f1195673-1044-4e71-b8be-f30b8d3b6d42,T2,2,1778961600000,08:13,WIPT,1,1,,1,1,,0,Visual,22,134,15,1654,GPS-003,,a98922b1-84b1-43aa-a5fa-8c7e34fb606f,5/16/2026 6:31:16 PM,KARABEER@boisestate.edu_boisestate,5/16/2026 6:31:16 PM,KARABEER@boisestate.edu_boisestate
876,0547fb9f-81f6-47f3-893a-31f7f40ee9d4,T2,2,1778961600000,08:13,WIPT,1,1,,1,1,,0,Visual,22,0,130,1655,GPS-003,,a98922b1-84b1-43aa-a5fa-8c7e34fb606f,5/16/2026 6:31:16 PM,KARABEER@boisestate.edu_boisestate,5/16/2026 6:31:16 PM,KARABEER@boisestate.edu_boisestate
877,97892088-dd9a-4144-afc2-640bbd27ed76,T2,2,1778961600000,08:15,WIPT,3,3,,0,0,,0,Visual,21,140,38,1656,GPS-003,,a98922b1-84b1-43aa-a5fa-8c7e34fb606f,5/16/2026 6:31:16 PM,KARABEER@boisestate.edu_boisestate,5/16/2026 6:31:16 PM,KARABEER@boisestate.edu_boisestate
878,2e94e3b5-dee8-4d6e-a9c4-3ce1861db608,T2,2,1778961600000,08:17,WISN,0,,,0,,,2,Visual,21,130,65,1657,GPS-003,,a98922b1-84b1-43aa-a5fa-8c7e34fb606f,5/16/2026 6:31:16 PM,KARABEER@boisestate.edu_boisestate,5/16/2026 6:31:16 PM,KARABEER@boisestate.edu_boisestate
879,058da716-8ac0-4f6e-a5de-360d37a860e2,T2,2,1778961600000,08:18,WIPT,1,1,,0,0,,0,Visual,21,160,39,1658,GPS-003,,a98922b1-84b1-43aa-a5fa-8c7e34fb606f,5/16/2026 6:31:16 PM,KARABEER@boisestate.edu_boisestate,5/16/2026 6:31:16 PM,KARABEER@boisestate.edu_boisestate
880,74e7036b-dbab-4f39-a391-3ca188db3c69,T2,2,1778961600000,08:20,WIPT,1,1,,0,0,,0,Visual,21,0,114,1659,GPS-003,,a98922b1-84b1-43aa-a5fa-8c7e34fb606f,5/16/2026 6:31:16 PM,KARABEER@boisestate.edu_boisestate,5/16/2026 6:31:16 PM,KARABEER@boisestate.edu_boisestate
881,59c4f021-1c4a-4e8c-8d01-0777ccf077f5,T2,2,1778961600000,08:20,WIPT,1,1,,0,0,,0,Visual,21,150,204,1660,GPS-003,,a98922b1-84b1-43aa-a5fa-8c7e34fb606f,5/16/2026 6:31:16 PM,KARABEER@boisestate.edu_boisestate,5/16/2026 6:31:16 PM,KARABEER@boisestate.edu_boisestate
882,d47f18b4-2c4e-413c-a4e8-19131faf4b42,T2,2,1778961600000,08:21,WISN,0,,,0,,,1,Audio,21,0,80,1660,GPS-003,,a98922b1-84b1-43aa-a5fa-8c7e34fb606f,5/16/2026 6:31:16 PM,KARABEER@boisestate.edu_boisestate,5/16/2026 6:31:16 PM,KARABEER@boisestate.edu_boisestate
883,51e0f8cd-7add-4008-96f3-6660cec701ed,T2,2,1778961600000,08:21,WIPT,1,1,,1,1,,0,Visual,21,145,160,1661,GPS-003,,a98922b1-84b1-43aa-a5fa-8c7e34fb606f,5/16/2026 6:31:16 PM,KARABEER@boisestate.edu_boisestate,5/16/2026 6:31:16 PM,KARABEER@boisestate.edu_boisestate
884,649f83d0-0d8a-44ca-ad31-4218998b3356,T2,2,1778961600000,08:22,WIPT,1,1,,0,0,,0,Visual,21,0,20,1662,GPS-003,,a98922b1-84b1-43aa-a5fa-8c7e34fb606f,5/16/2026 6:31:16 PM,KARABEER@boisestate.edu_boisestate,5/16/2026 6:31:16 PM,KARABEER@boisestate.edu_boisestate
885,f68ddf8c-45e2-4037-8cca-734d64ee52c3,T2,2,1778961600000,08:23,PTAR,0,,,0,,,2,Visual,21,10,170,1663,GPS-003,,a98922b1-84b1-43aa-a5fa-8c7e34fb606f,5/16/2026 6:31:16 PM,KARABEER@boisestate.edu_boisestate,5/16/2026 6:31:16 PM,KARABEER@boisestate.edu_boisestate
886,17f61400-871a-4a53-bc7d-5219f666f645,T2,2,1778961600000,08:24,WISN,0,,,0,,,2,Audio,21,-99,0,1664,GPS-003,,a98922b1-84b1-43aa-a5fa-8c7e34fb606f,5/16/2026 6:31:16 PM,KARABEER@boisestate.edu_boisestate,5/16/2026 6:31:16 PM,KARABEER@boisestate.edu_boisestate
887,772bf3cc-7ccf-4f38-92bb-cfd5383b84b6,T2,2,1778961600000,08:25,WIPT,1,1,,1,1,,0,Visual,21,10,67,1664,GPS-003,,a98922b1-84b1-43aa-a5fa-8c7e34fb606f,5/16/2026 6:31:16 PM,KARABEER@boisestate.edu_boisestate,5/16/2026 6:31:16 PM,KARABEER@boisestate.edu_boisestate
888,0f4a89ee-a495-4464-b49b-66f12f1a8e97,T2,2,1778961600000,08:26,WIPT,1,1,,0,0,,0,Visual,20,165,45,1665,GPS-003,,a98922b1-84b1-43aa-a5fa-8c7e34fb606f,5/16/2026 6:31:16 PM,KARABEER@boisestate.edu_boisestate,5/16/2026 6:31:16 PM,KARABEER@boisestate.edu_boisestate
889,27d96a3e-765f-4120-bed2-73c2a396dcd3,T2,2,1778961600000,08:27,WIPT,1,1,,0,0,,0,Visual,20,150,63,1666,GPS-003,,a98922b1-84b1-43aa-a5fa-8c7e34fb606f,5/16/2026 6:31:16 PM,KARABEER@boisestate.edu_boisestate,5/16/2026 6:31:16 PM,KARABEER@boisestate.edu_boisestate
890,4b671d92-930c-45e0-be66-bda0100aa357,T2,2,1778961600000,08:28,WIPT,1,1,,0,0,,0,Visual,20,10,58,1667,GPS-003,,a98922b1-84b1-43aa-a5fa-8c7e34fb606f,5/16/2026 6:31:16 PM,KARABEER@boisestate.edu_boisestate,5/16/2026 6:31:16 PM,KARABEER@boisestate.edu_boisestate
891,dbc1797f-ab73-4e3d-b48d-683f26162dd2,T2,2,1778961600000,08:29,WIPT,1,1,,0,0,,0,Visual,20,220,121,1668,GPS-003,,a98922b1-84b1-43aa-a5fa-8c7e34fb606f,5/16/2026 6:31:16 PM,KARABEER@boisestate.edu_boisestate,5/16/2026 6:31:16 PM,KARABEER@boisestate.edu_boisestate
892,d7076192-8e79-4e31-9adc-9d28f18e1cd6,T2,2,1778961600000,08:30,WIPT,1,1,,0,0,,0,Visual,20,220,28,1669,GPS-003,,a98922b1-84b1-43aa-a5fa-8c7e34fb606f,5/16/2026 6:31:16 PM,KARABEER@boisestate.edu_boisestate,5/16/2026 6:31:16 PM,KARABEER@boisestate.edu_boisestate
893,66894928-0078-498e-b68c-adb5469d8acf,T2,2,1778961600000,08:31,WISN,0,,,0,,,1,Audio,20,-99,0,1670,GPS-003,,a98922b1-84b1-43aa-a5fa-8c7e34fb606f,5/16/2026 6:31:16 PM,KARABEER@boisestate.edu_boisestate,5/16/2026 6:31:16 PM,KARABEER@boisestate.edu_boisestate
894,9c0c189f-12a2-4aa4-996b-26b99a04b25f,T2,2,1778961600000,08:31,WIPT,1,1,,0,0,,0,Visual,20,210,117,1671,GPS-003,,a98922b1-84b1-43aa-a5fa-8c7e34fb606f,5/16/2026 6:31:16 PM,KARABEER@boisestate.edu_boisestate,5/16/2026 6:31:16 PM,KARABEER@boisestate.edu_boisestate
895,6d9c2bfb-7f8c-4e5c-9be8-cd9b20439408,T2,2,1778961600000,08:32,WIPT,1,1,,0,0,,0,Visual,19,70,145,1672,GPS-003,,a98922b1-84b1-43aa-a5fa-8c7e34fb606f,5/16/2026 6:31:16 PM,KARABEER@boisestate.edu_boisestate,5/16/2026 6:31:16 PM,KARABEER@boisestate.edu_boisestate
896,7a2884ad-38f5-41c8-8c4b-46bc9b98d957,T2,2,1778961600000,08:33,WIPT,1,1,,0,0,,1,Visual,19,65,392,1673,GPS-003,,a98922b1-84b1-43aa-a5fa-8c7e34fb606f,5/16/2026 6:31:16 PM,KARABEER@boisestate.edu_boisestate,5/16/2026 6:31:16 PM,KARABEER@boisestate.edu_boisestate
897,3d6b9129-f298-427a-9f4d-6bda2e05159a,T2,2,1778961600000,08:34,WIPT,1,1,,0,0,,0,Visual,19,75,172,1673,GPS-003,,a98922b1-84b1-43aa-a5fa-8c7e34fb606f,5/16/2026 6:31:16 PM,KARABEER@boisestate.edu_boisestate,5/16/2026 6:31:16 PM,KARABEER@boisestate.edu_boisestate
898,8b14eb01-8dd3-446c-af61-acb3bb5b79d2,T2,2,1778961600000,08:35,WIPT,1,1,,0,0,,0,Visual,19,60,111,1674,GPS-003,,a98922b1-84b1-43aa-a5fa-8c7e34fb606f,5/16/2026 6:31:16 PM,KARABEER@boisestate.edu_boisestate,5/16/2026 6:31:16 PM,KARABEER@boisestate.edu_boisestate
899,ecca43b9-7de9-4919-810b-d478f764ee53,T2,2,1778961600000,08:36,WIPT,1,1,,1,1,,0,Visual,19,75,34,1675,GPS-003,,a98922b1-84b1-43aa-a5fa-8c7e34fb606f,5/16/2026 6:31:16 PM,KARABEER@boisestate.edu_boisestate,5/16/2026 6:31:16 PM,KARABEER@boisestate.edu_boisestate
900,e8278571-dbaa-4ee5-b267-e0d1403b781d,T2,2,1778961600000,08:36,WIPT,1,1,,1,1,,0,Visual,19,80,136,1676,GPS-003,,a98922b1-84b1-43aa-a5fa-8c7e34fb606f,5/16/2026 6:31:16 PM,KARABEER@boisestate.edu_boisestate,5/16/2026 6:31:16 PM,KARABEER@boisestate.edu_boisestate
901,72f3b1dc-9ee5-4822-a82e-bb7955d72878,T2,2,1778961600000,08:37,WISN,0,,,0,,,1,Audio,19,50,40,1676,GPS-003,,a98922b1-84b1-43aa-a5fa-8c7e34fb606f,5/16/2026 6:31:16 PM,KARABEER@boisestate.edu_boisestate,5/16/2026 6:31:16 PM,KARABEER@boisestate.edu_boisestate
902,38e0ce49-c80f-4436-9ce5-0a39a04a571a,T2,2,1778961600000,08:38,WIPT,1,1,,0,0,,0,Visual,19,-99,0,1677,GPS-003,,a98922b1-84b1-43aa-a5fa-8c7e34fb606f,5/16/2026 6:31:16 PM,KARABEER@boisestate.edu_boisestate,5/16/2026 6:31:16 PM,KARABEER@boisestate.edu_boisestate
903,f3bfbd8c-e00c-46e5-95bf-22eba4543271,T2,2,1778961600000,08:38,WISN,0,,,0,,,2,Audio,19,70,68,1677,GPS-003,,a98922b1-84b1-43aa-a5fa-8c7e34fb606f,5/16/2026 6:31:16 PM,KARABEER@boisestate.edu_boisestate,5/16/2026 6:31:16 PM,KARABEER@boisestate.edu_boisestate
904,cf30e83e-681e-4a13-9af3-a97a9eb82c58,T2,2,1778961600000,08:39,WIPT,1,1,,0,0,,0,Visual,19,215,46,1678,GPS-003,,a98922b1-84b1-43aa-a5fa-8c7e34fb606f,5/16/2026 6:31:16 PM,KARABEER@boisestate.edu_boisestate,5/16/2026 6:31:16 PM,KARABEER@boisestate.edu_boisestate
905,4f416fd1-e14c-423b-acab-569bb15cfa1b,T2,2,1778961600000,08:41,WIPT,1,1,,1,1,,0,Visual,18,200,70,1679,GPS-003,,a98922b1-84b1-43aa-a5fa-8c7e34fb606f,5/16/2026 6:31:16 PM,KARABEER@boisestate.edu_boisestate,5/16/2026 6:31:16 PM,KARABEER@boisestate.edu_boisestate
906,b216489b-6d60-4254-af8f-3b2a54a18f4d,T2,2,1778961600000,08:42,WIPT,1,1,,0,0,,0,Visual,18,210,56,1680,GPS-003,,a98922b1-84b1-43aa-a5fa-8c7e34fb606f,5/16/2026 6:31:16 PM,KARABEER@boisestate.edu_boisestate,5/16/2026 6:31:16 PM,KARABEER@boisestate.edu_boisestate
907,9ae3cc1e-9aa2-4f0c-b348-70c11647b957,T1,2,1778961600000,08:47,WIPT,1,1,,0,0,,0,Visual,18,220,29,1681,GPS-003,,ad918794-3c35-4c20-952a-35681a832103,5/16/2026 6:31:17 PM,KARABEER@boisestate.edu_boisestate,5/16/2026 6:31:17 PM,KARABEER@boisestate.edu_boisestate
908,8ed6663b-0464-41db-b1a8-a21e793727d2,T1,2,1778961600000,08:52,WIPT,1,1,,1,1,,0,Visual,18,210,294,1682,GPS-003,,ad918794-3c35-4c20-952a-35681a832103,5/16/2026 6:31:17 PM,KARABEER@boisestate.edu_boisestate,5/16/2026 6:31:17 PM,KARABEER@boisestate.edu_boisestate
909,4f320bdd-8140-4351-844d-1c5c099ba2d7,T1,2,1778961600000,08:53,WIPT,1,1,,1,1,,0,Visual,18,210,194,1682,GPS-003,,ad918794-3c35-4c20-952a-35681a832103,5/16/2026 6:31:17 PM,KARABEER@boisestate.edu_boisestate,5/16/2026 6:31:17 PM,KARABEER@boisestate.edu_boisestate
910,2d311604-33ef-4b06-a79d-b532b783c587,T1,2,1778961600000,08:53,WIPT,1,1,,1,1,,0,Visual,18,210,41,1682,GPS-003,,ad918794-3c35-4c20-952a-35681a832103,5/16/2026 6:31:17 PM,KARABEER@boisestate.edu_boisestate,5/16/2026 6:31:17 PM,KARABEER@boisestate.edu_boisestate
911,0187a96e-77e9-4017-a7a9-34c0ecfce46a,T1,2,1778961600000,08:54,WIPT,1,1,,0,0,,0,Visual,18,80,223,1683,GPS-003,,ad918794-3c35-4c20-952a-35681a832103,5/16/2026 6:31:17 PM,KARABEER@boisestate.edu_boisestate,5/16/2026 6:31:17 PM,KARABEER@boisestate.edu_boisestate
912,f3316994-41a3-499d-ae70-0a27eac90f38,T1,2,1778961600000,08:55,WIPT,1,1,,0,0,,0,Visual,18,210,55,1684,GPS-003,,ad918794-3c35-4c20-952a-35681a832103,5/16/2026 6:31:17 PM,KARABEER@boisestate.edu_boisestate,5/16/2026 6:31:17 PM,KARABEER@boisestate.edu_boisestate
913,d34df1b8-64b6-462d-9661-c37a955659e5,T1,2,1778961600000,08:56,WISN,0,,,0,,,1,Audio,18,60,80,1685,GPS-003,,ad918794-3c35-4c20-952a-35681a832103,5/16/2026 6:31:17 PM,KARABEER@boisestate.edu_boisestate,5/16/2026 6:31:17 PM,KARABEER@boisestate.edu_boisestate
914,6236a754-2b58-4e82-9891-5606f4851af1,T1,2,1778961600000,08:56,WIPT,0,0,,0,0,,1,Audio,18,55,50,1685,GPS-003,,ad918794-3c35-4c20-952a-35681a832103,5/16/2026 6:31:17 PM,KARABEER@boisestate.edu_boisestate,5/16/2026 6:31:17 PM,KARABEER@boisestate.edu_boisestate
915,0ac607a9-1dac-49d4-a4c3-9617e34b2391,T1,2,1778961600000,08:57,WIPT,1,1,,0,0,,0,Visual,17,210,115,1686,GPS-003,,ad918794-3c35-4c20-952a-35681a832103,5/16/2026 6:31:17 PM,KARABEER@boisestate.edu_boisestate,5/16/2026 6:31:17 PM,KARABEER@boisestate.edu_boisestate
916,2b9ea9a1-6f7e-4c9a-b8ac-58c3019307d6,T1,2,1778961600000,08:57,WIPT,1,1,,0,0,,0,Visual,17,80,242,1686,GPS-003,,ad918794-3c35-4c20-952a-35681a832103,5/16/2026 6:31:17 PM,KARABEER@boisestate.edu_boisestate,5/16/2026 6:31:17 PM,KARABEER@boisestate.edu_boisestate
917,8dbed492-9aa1-4f74-9fa7-c8845b147a2f,T1,2,1778961600000,08:58,WIPT,0,0,,0,0,,1,Audio,17,55,149,1686,GPS-003,,ad918794-3c35-4c20-952a-35681a832103,5/16/2026 6:31:17 PM,KARABEER@boisestate.edu_boisestate,5/16/2026 6:31:17 PM,KARABEER@boisestate.edu_boisestate
918,af826008-3572-4a76-862f-e90f41e517a0,T1,2,1778961600000,08:58,WIPT,1,1,,0,0,,0,Visual,17,205,33,1687,GPS-003,,ad918794-3c35-4c20-952a-35681a832103,5/16/2026 6:31:17 PM,KARABEER@boisestate.edu_boisestate,5/16/2026 6:31:17 PM,KARABEER@boisestate.edu_boisestate
919,1b175e6e-ae3d-4102-bd48-1d72a6d0bcb5,T1,2,1778961600000,08:59,WIPT,0,0,,1,1,,0,Visual,17,210,125,1688,GPS-003,,ad918794-3c35-4c20-952a-35681a832103,5/16/2026 6:31:17 PM,KARABEER@boisestate.edu_boisestate,5/16/2026 6:31:17 PM,KARABEER@boisestate.edu_boisestate
920,1212b171-419b-4a13-b70b-97e8334298d2,T1,2,1778961600000,09:01,WIPT,1,1,,0,0,,0,Visual,17,80,110,1689,GPS-003,,ad918794-3c35-4c20-952a-35681a832103,5/16/2026 6:31:17 PM,KARABEER@boisestate.edu_boisestate,5/16/2026 6:31:17 PM,KARABEER@boisestate.edu_boisestate
921,1ab14f17-9096-4eb2-9b08-7dc59f1f3586,T1,2,1778961600000,09:01,WIPT,1,1,,0,0,,0,Visual,17,75,80,1690,GPS-003,,ad918794-3c35-4c20-952a-35681a832103,5/16/2026 6:31:17 PM,KARABEER@boisestate.edu_boisestate,5/16/2026 6:31:17 PM,KARABEER@boisestate.edu_boisestate
922,f17c8cbb-5231-45ff-8449-76a33adcafa4,T1,2,1778961600000,09:02,WIPT,1,1,,0,0,,0,Visual,17,220,48,1691,GPS-003,,ad918794-3c35-4c20-952a-35681a832103,5/16/2026 6:31:17 PM,KARABEER@boisestate.edu_boisestate,5/16/2026 6:31:17 PM,KARABEER@boisestate.edu_boisestate
923,491fa0c6-d415-4724-93cf-0e8058e01fbc,T1,2,1778961600000,09:03,WIPT,1,1,,0,0,,0,Visual,16,185,316,1692,GPS-003,,ad918794-3c35-4c20-952a-35681a832103,5/16/2026 6:31:17 PM,KARABEER@boisestate.edu_boisestate,5/16/2026 6:31:17 PM,KARABEER@boisestate.edu_boisestate
924,84a31a92-a1b6-4511-a3ff-dfab0c5df41a,T1,2,1778961600000,09:06,LTJA,0,,,0,,,1,Visual,16,200,126,1693,GPS-003,,ad918794-3c35-4c20-952a-35681a832103,5/16/2026 6:31:17 PM,KARABEER@boisestate.edu_boisestate,5/16/2026 6:31:17 PM,KARABEER@boisestate.edu_boisestate
925,59fdfe79-636b-4714-9e20-c1a5d0784bd8,T1,2,1778961600000,09:07,WIPT,1,1,,0,0,,0,Visual,16,50,118,1694,GPS-003,,ad918794-3c35-4c20-952a-35681a832103,5/16/2026 6:31:17 PM,KARABEER@boisestate.edu_boisestate,5/16/2026 6:31:17 PM,KARABEER@boisestate.edu_boisestate
926,c5e1d8e7-fc6b-452b-ab2f-5400b245c331,T1,2,1778961600000,09:07,WIPT,1,1,,0,0,,0,Visual,16,75,128,1694,GPS-003,,ad918794-3c35-4c20-952a-35681a832103,5/16/2026 6:31:17 PM,KARABEER@boisestate.edu_boisestate,5/16/2026 6:31:17 PM,KARABEER@boisestate.edu_boisestate
927,473eeafa-b8ce-4cc5-8b82-17288e613ce2,T1,2,1778961600000,09:08,WIPT,1,1,,1,1,,0,Visual,16,10,8,1695,GPS-003,,ad918794-3c35-4c20-952a-35681a832103,5/16/2026 6:31:17 PM,KARABEER@boisestate.edu_boisestate,5/16/2026 6:31:17 PM,KARABEER@boisestate.edu_boisestate
928,82b8b3ed-ec0f-4040-9520-3efe84068ff1,T1,2,1778961600000,09:09,WIPT,1,1,,0,0,,0,Visual,15,120,21,1696,GPS-003,,ad918794-3c35-4c20-952a-35681a832103,5/16/2026 6:31:17 PM,KARABEER@boisestate.edu_boisestate,5/16/2026 6:31:17 PM,KARABEER@boisestate.edu_boisestate
929,9b7d2266-c26c-4c02-a9de-fa984cbbc614,T1,2,1778961600000,09:14,ROPT,1,,1,0,,0,0,Visual,15,140,115,1697,GPS-003,,ad918794-3c35-4c20-952a-35681a832103,5/16/2026 6:31:17 PM,KARABEER@boisestate.edu_boisestate,5/16/2026 6:31:17 PM,KARABEER@boisestate.edu_boisestate
930,0370fc25-50c1-4d5f-a026-6cd2c5482d08,T1,2,1778961600000,09:15,WIPT,1,1,,0,0,,0,Visual,15,175,35,1698,GPS-003,,ad918794-3c35-4c20-952a-35681a832103,5/16/2026 6:31:17 PM,KARABEER@boisestate.edu_boisestate,5/16/2026 6:31:17 PM,KARABEER@boisestate.edu_boisestate
931,d0ef5eff-f3ab-4486-91d1-7f9cf35db6ba,T1,2,1778961600000,09:29,WIPT,1,1,,0,0,,0,Visual,14,60,145,1699,GPS-003,,ad918794-3c35-4c20-952a-35681a832103,5/16/2026 6:31:17 PM,KARABEER@boisestate.edu_boisestate,5/16/2026 6:31:17 PM,KARABEER@boisestate.edu_boisestate
932,02f7c57d-ef5f-475f-8705-c0aedf90f603,T1,2,1778961600000,09:31,WIPT,1,1,,1,1,,0,Visual,14,230,25,1700,GPS-003,,ad918794-3c35-4c20-952a-35681a832103,5/16/2026 6:31:17 PM,KARABEER@boisestate.edu_boisestate,5/16/2026 6:31:17 PM,KARABEER@boisestate.edu_boisestate
933,8c1b2320-758d-4814-b82b-d03b586ecc8e,T1,2,1778961600000,09:33,WIPT,1,1,,0,0,,0,Visual,13,160,196,1701,GPS-003,,ad918794-3c35-4c20-952a-35681a832103,5/16/2026 6:31:17 PM,KARABEER@boisestate.edu_boisestate,5/16/2026 6:31:17 PM,KARABEER@boisestate.edu_boisestate
934,cfb5580e-e20a-4a03-9c84-fa3ffb9404f3,T1,2,1778961600000,09:34,WIPT,1,1,,0,0,,0,Visual,13,20,9,1702,GPS-003,,ad918794-3c35-4c20-952a-35681a832103,5/16/2026 6:31:17 PM,KARABEER@boisestate.edu_boisestate,5/16/2026 6:31:17 PM,KARABEER@boisestate.edu_boisestate
935,2a1071f6-12f2-4c66-b0b5-09f324b678d0,T1,2,1778961600000,09:35,WIPT,1,1,,0,0,,0,Visual,13,160,320,1703,GPS-003,,ad918794-3c35-4c20-952a-35681a832103,5/16/2026 6:31:17 PM,KARABEER@boisestate.edu_boisestate,5/16/2026 6:31:17 PM,KARABEER@boisestate.edu_boisestate
936,290294e0-d534-4ecf-b06a-c999229847a7,T1,2,1778961600000,09:35,LTJA,0,,,0,,,2,Visual,12,0,143,1704,GPS-003,,ad918794-3c35-4c20-952a-35681a832103,5/16/2026 6:31:17 PM,KARABEER@boisestate.edu_boisestate,5/16/2026 6:31:17 PM,KARABEER@boisestate.edu_boisestate
937,e86310d3-70da-449f-a209-dd4456feeee2,T1,2,1778961600000,09:36,WISN,0,,,0,,,1,Visual,12,150,20,1704,GPS-003,,ad918794-3c35-4c20-952a-35681a832103,5/16/2026 6:31:17 PM,KARABEER@boisestate.edu_boisestate,5/16/2026 6:31:17 PM,KARABEER@boisestate.edu_boisestate
938,cd811774-a410-4ce1-8369-f0e1e7ac63e3,T1,2,1778961600000,09:36,WIPT,1,1,,1,1,,0,Visual,11,50,103,1704,GPS-003,,ad918794-3c35-4c20-952a-35681a832103,5/16/2026 6:31:17 PM,KARABEER@boisestate.edu_boisestate,5/16/2026 6:31:17 PM,KARABEER@boisestate.edu_boisestate
939,f14744cd-c983-42a1-b05d-baca8e80f7d3,T1,2,1778961600000,09:40,WIPT,1,1,,0,0,,0,Visual,10,170,110,1705,GPS-003,,ad918794-3c35-4c20-952a-35681a832103,5/16/2026 6:31:17 PM,KARABEER@boisestate.edu_boisestate,5/16/2026 6:31:17 PM,KARABEER@boisestate.edu_boisestate
940,4eda713f-ef6e-4561-9c00-e1a9552c196c,T1,2,1778961600000,09:41,PTAR,0,,,0,,,1,Visual,10,140,230,1706,GPS-003,,ad918794-3c35-4c20-952a-35681a832103,5/16/2026 6:31:17 PM,KARABEER@boisestate.edu_boisestate,5/16/2026 6:31:17 PM,KARABEER@boisestate.edu_boisestate
941,8ee0fc28-d71e-4b3f-adf6-817701c54b90,T1,2,1778961600000,09:44,WIPT,1,1,,0,0,,0,Visual,9,20,177,1707,GPS-003,,ad918794-3c35-4c20-952a-35681a832103,5/16/2026 6:31:17 PM,KARABEER@boisestate.edu_boisestate,5/16/2026 6:31:17 PM,KARABEER@boisestate.edu_boisestate
942,129ccb6a-a39b-4e49-bb01-e4eed71ac218,T1,2,1778961600000,09:45,WIPT,1,1,,0,0,,0,Visual,9,15,277,1707,GPS-003,,ad918794-3c35-4c20-952a-35681a832103,5/16/2026 6:31:17 PM,KARABEER@boisestate.edu_boisestate,5/16/2026 6:31:17 PM,KARABEER@boisestate.edu_boisestate
943,7fd56025-fdf2-401e-9508-efc44c3160da,T1,2,1778961600000,09:45,WIPT,1,1,,0,0,,0,Visual,9,25,214,1707,GPS-003,,ad918794-3c35-4c20-952a-35681a832103,5/16/2026 6:31:17 PM,KARABEER@boisestate.edu_boisestate,5/16/2026 6:31:17 PM,KARABEER@boisestate.edu_boisestate
944,59f38585-99aa-43d1-aed5-65ec28cbaf13,T1,2,1778961600000,09:47,WIPT,1,1,,0,0,,0,Visual,9,210,18,1708,GPS-003,,ad918794-3c35-4c20-952a-35681a832103,5/16/2026 6:31:17 PM,KARABEER@boisestate.edu_boisestate,5/16/2026 6:31:17 PM,KARABEER@boisestate.edu_boisestate
945,30ca28c7-787e-466d-ae5b-7329283e434a,K5,2,1779134400000,07:28,SSHA,0,,,0,,,1,Visual,62,-99,0,1709,GPS-003,,bad5df31-17de-4e87-819a-4f6a2faec325,5/18/2026 8:03:23 PM,KARABEER@boisestate.edu_boisestate,5/18/2026 8:03:23 PM,KARABEER@boisestate.edu_boisestate
946,7458d27f-f86a-4f2d-895e-ec4fb8475c3a,K5,2,1779134400000,07:41,SSHA,0,,,0,,,1,Visual,62,300,22,1710,GPS-003,,bad5df31-17de-4e87-819a-4f6a2faec325,5/18/2026 8:03:23 PM,KARABEER@boisestate.edu_boisestate,5/18/2026 8:03:23 PM,KARABEER@boisestate.edu_boisestate
947,c84f0017-b507-495b-b1d8-4ae14558e90b,K5,2,1779134400000,07:43,WISN,0,,,0,,,1,Visual,62,-99,0,1711,GPS-003,,bad5df31-17de-4e87-819a-4f6a2faec325,5/18/2026 8:03:23 PM,KARABEER@boisestate.edu_boisestate,5/18/2026 8:03:23 PM,KARABEER@boisestate.edu_boisestate
948,aaf2270c-6300-4fc3-9a3e-6f40c7344ce1,K5,2,1779134400000,07:45,PTAR,0,,,0,,,2,Visual,62,65,180,1712,GPS-003,,bad5df31-17de-4e87-819a-4f6a2faec325,5/18/2026 8:03:23 PM,KARABEER@boisestate.edu_boisestate,5/18/2026 8:03:23 PM,KARABEER@boisestate.edu_boisestate
949,d7c93183-45dd-471d-b2e8-232b1e21a4c5,K5,2,1779134400000,08:11,SSHA,0,,,0,,,1,Visual,60,180,16,1713,GPS-003,,bad5df31-17de-4e87-819a-4f6a2faec325,5/18/2026 8:03:23 PM,KARABEER@boisestate.edu_boisestate,5/18/2026 8:03:23 PM,KARABEER@boisestate.edu_boisestate
950,e98a425b-6a9c-45a0-907c-dbfda17b8dd1,K5,2,1779134400000,08:18,WISN,0,,,0,,,1,Audio,58,130,60,1714,GPS-003,,bad5df31-17de-4e87-819a-4f6a2faec325,5/18/2026 8:03:23 PM,KARABEER@boisestate.edu_boisestate,5/18/2026 8:03:23 PM,KARABEER@boisestate.edu_boisestate
951,ec02704a-b1b3-41b8-b993-14b6f292cd11,K5,2,1779134400000,08:19,WIPT,0,0,,1,1,,0,Audio,58,200,44,1715,GPS-003,,bad5df31-17de-4e87-819a-4f6a2faec325,5/18/2026 8:03:23 PM,KARABEER@boisestate.edu_boisestate,5/18/2026 8:03:23 PM,KARABEER@boisestate.edu_boisestate
952,e23646c5-b709-4187-87be-c189450fe9c0,K5,2,1779134400000,08:20,WIPT,1,1,,0,0,,0,Visual,58,45,71,1716,GPS-003,,bad5df31-17de-4e87-819a-4f6a2faec325,5/18/2026 8:03:23 PM,KARABEER@boisestate.edu_boisestate,5/18/2026 8:03:23 PM,KARABEER@boisestate.edu_boisestate
953,4c431c31-5269-42db-a8da-d47341632b88,K5,2,1779134400000,08:22,SSHA,0,,,0,,,1,Visual,58,-99,0,1717,GPS-003,,bad5df31-17de-4e87-819a-4f6a2faec325,5/18/2026 8:03:23 PM,KARABEER@boisestate.edu_boisestate,5/18/2026 8:03:23 PM,KARABEER@boisestate.edu_boisestate
954,8c406723-f973-48b7-bf14-56a72d22c158,K5,2,1779134400000,08:22,SSHA,0,,,0,,,1,Visual,58,-99,0,1718,GPS-003,,bad5df31-17de-4e87-819a-4f6a2faec325,5/18/2026 8:03:23 PM,KARABEER@boisestate.edu_boisestate,5/18/2026 8:03:23 PM,KARABEER@boisestate.edu_boisestate
955,59a3443f-cb04-4e79-8908-33b9c1961ed2,K5,2,1779134400000,08:24,WIPT,1,1,,0,0,,0,Visual,57,190,259,1719,GPS-003,,bad5df31-17de-4e87-819a-4f6a2faec325,5/18/2026 8:03:23 PM,KARABEER@boisestate.edu_boisestate,5/18/2026 8:03:23 PM,KARABEER@boisestate.edu_boisestate
956,4523f79a-3701-42fb-a75b-3fa772d273db,K5,2,1779134400000,08:24,WIPT,1,1,,0,0,,0,Visual,57,10,32,1719,GPS-003,,bad5df31-17de-4e87-819a-4f6a2faec325,5/18/2026 8:03:23 PM,KARABEER@boisestate.edu_boisestate,5/18/2026 8:03:23 PM,KARABEER@boisestate.edu_boisestate
957,4d65e92f-9777-4692-8a3b-1530c05e97c1,K5,2,1779134400000,08:25,WIPT,1,1,,0,0,,0,Visual,57,205,298,1720,GPS-003,,bad5df31-17de-4e87-819a-4f6a2faec325,5/18/2026 8:03:23 PM,KARABEER@boisestate.edu_boisestate,5/18/2026 8:03:23 PM,KARABEER@boisestate.edu_boisestate
958,30e1a418-b039-4413-895b-408bc2db9f08,K5,2,1779134400000,08:26,WIPT,1,1,,0,0,,0,Visual,57,190,82,1721,GPS-003,,bad5df31-17de-4e87-819a-4f6a2faec325,5/18/2026 8:03:23 PM,KARABEER@boisestate.edu_boisestate,5/18/2026 8:03:23 PM,KARABEER@boisestate.edu_boisestate
959,92df5157-fc40-4cfb-9b25-2cdd43beb94d,K5,2,1779134400000,08:27,WIPT,1,1,,0,0,,0,Visual,57,220,47,1722,GPS-003,,bad5df31-17de-4e87-819a-4f6a2faec325,5/18/2026 8:03:23 PM,KARABEER@boisestate.edu_boisestate,5/18/2026 8:03:23 PM,KARABEER@boisestate.edu_boisestate
960,952c0e3a-5a46-4db4-8417-f8d9cb51a19e,K5,2,1779134400000,08:29,WIPT,1,1,,0,0,,0,Visual,56,25,158,1723,GPS-003,,bad5df31-17de-4e87-819a-4f6a2faec325,5/18/2026 8:03:23 PM,KARABEER@boisestate.edu_boisestate,5/18/2026 8:03:23 PM,KARABEER@boisestate.edu_boisestate
961,b742c3e6-b503-4375-860c-f46e96aa415c,K5,2,1779134400000,08:30,WIPT,1,1,,1,1,,0,Visual,56,-99,0,1724,GPS-003,,bad5df31-17de-4e87-819a-4f6a2faec325,5/18/2026 8:03:23 PM,KARABEER@boisestate.edu_boisestate,5/18/2026 8:03:23 PM,KARABEER@boisestate.edu_boisestate
962,cd704f58-b252-4665-b869-e36d6f65a007,K5,2,1779134400000,08:31,WIPT,1,1,,0,0,,0,Visual,56,55,56,1725,GPS-003,,bad5df31-17de-4e87-819a-4f6a2faec325,5/18/2026 8:03:23 PM,KARABEER@boisestate.edu_boisestate,5/18/2026 8:03:23 PM,KARABEER@boisestate.edu_boisestate
963,ace2087e-5a78-4aec-b014-af0cb1b32fae,K5,2,1779134400000,08:32,WISN,0,,,0,,,2,Visual,56,-99,0,1726,GPS-003,,bad5df31-17de-4e87-819a-4f6a2faec325,5/18/2026 8:03:23 PM,KARABEER@boisestate.edu_boisestate,5/18/2026 8:03:23 PM,KARABEER@boisestate.edu_boisestate
964,e0d050da-ac65-4a46-b174-fe119cef792b,K5,2,1779134400000,08:32,WIPT,1,1,,0,0,,0,Visual,56,40,17,1727,GPS-003,,bad5df31-17de-4e87-819a-4f6a2faec325,5/18/2026 8:03:23 PM,KARABEER@boisestate.edu_boisestate,5/18/2026 8:03:23 PM,KARABEER@boisestate.edu_boisestate
965,16d27184-0304-41ad-9a4c-4cc21827aeea,K5,2,1779134400000,08:33,WIPT,1,1,,0,0,,0,Visual,56,40,15,1728,GPS-003,,bad5df31-17de-4e87-819a-4f6a2faec325,5/18/2026 8:03:23 PM,KARABEER@boisestate.edu_boisestate,5/18/2026 8:03:23 PM,KARABEER@boisestate.edu_boisestate
966,3fb592b9-70d6-49cc-9bb9-c45a4b6afb6f,K5,2,1779134400000,08:34,PTAR,0,,,0,,,2,Visual,56,60,79,1726,GPS-003,,bad5df31-17de-4e87-819a-4f6a2faec325,5/18/2026 8:03:23 PM,KARABEER@boisestate.edu_boisestate,5/18/2026 8:03:23 PM,KARABEER@boisestate.edu_boisestate
967,a0603016-80cb-4c03-ab31-41a071b71a31,K5,2,1779134400000,08:35,WIPT,1,1,,1,1,,0,Visual,56,-99,0,1729,GPS-003,,bad5df31-17de-4e87-819a-4f6a2faec325,5/18/2026 8:03:23 PM,KARABEER@boisestate.edu_boisestate,5/18/2026 8:03:23 PM,KARABEER@boisestate.edu_boisestate
968,f50d535a-1a1b-4b66-9cda-0392d1c34dd0,K5,2,1779134400000,08:36,WIPT,1,1,,1,1,,0,Visual,56,-99,0,1730,GPS-003,,bad5df31-17de-4e87-819a-4f6a2faec325,5/18/2026 8:03:23 PM,KARABEER@boisestate.edu_boisestate,5/18/2026 8:03:23 PM,KARABEER@boisestate.edu_boisestate
969,b67448e8-88ba-4ebd-b437-f7fadf2ad794,K5,2,1779134400000,08:37,WIPT,1,1,,0,0,,0,Visual,55,-99,0,1731,GPS-003,,bad5df31-17de-4e87-819a-4f6a2faec325,5/18/2026 8:03:23 PM,KARABEER@boisestate.edu_boisestate,5/18/2026 8:03:23 PM,KARABEER@boisestate.edu_boisestate
970,123ae3db-2511-48d5-96a5-93503a6dc4ef,K5,2,1779134400000,08:38,WIPT,1,1,,0,0,,0,Visual,55,170,242,1732,GPS-003,,bad5df31-17de-4e87-819a-4f6a2faec325,5/18/2026 8:03:23 PM,KARABEER@boisestate.edu_boisestate,5/18/2026 8:03:23 PM,KARABEER@boisestate.edu_boisestate
971,f33c35c1-9b18-447c-b0c3-97b396be2345,K5,2,1779134400000,08:40,WIPT,1,1,,0,0,,0,Visual,55,190,149,1733,GPS-003,,bad5df31-17de-4e87-819a-4f6a2faec325,5/18/2026 8:03:23 PM,KARABEER@boisestate.edu_boisestate,5/18/2026 8:03:23 PM,KARABEER@boisestate.edu_boisestate
972,9458faaf-9126-49e6-8dda-cb2cff9c4c3a,K5,2,1779134400000,08:41,WIPT,1,1,,0,0,,0,Visual,55,320,83,1734,GPS-003,,bad5df31-17de-4e87-819a-4f6a2faec325,5/18/2026 8:03:23 PM,KARABEER@boisestate.edu_boisestate,5/18/2026 8:03:23 PM,KARABEER@boisestate.edu_boisestate
973,acc38da1-0147-45e5-a78c-9ef348fbe559,K5,2,1779134400000,08:43,WIPT,1,1,,0,0,,0,Visual,55,325,28,1735,GPS-003,,bad5df31-17de-4e87-819a-4f6a2faec325,5/18/2026 8:03:23 PM,KARABEER@boisestate.edu_boisestate,5/18/2026 8:03:23 PM,KARABEER@boisestate.edu_boisestate
974,85e38a5f-3924-466c-81e1-b4f2f978d21f,K5,2,1779134400000,08:44,WIPT,1,1,,0,0,,0,Visual,55,160,175,1736,GPS-003,,bad5df31-17de-4e87-819a-4f6a2faec325,5/18/2026 8:03:23 PM,KARABEER@boisestate.edu_boisestate,5/18/2026 8:03:23 PM,KARABEER@boisestate.edu_boisestate
975,82a97f33-8a61-4377-9825-d3dda523e6d2,K5,2,1779134400000,08:44,WIPT,1,1,,0,0,,0,Visual,55,285,64,1736,GPS-003,,bad5df31-17de-4e87-819a-4f6a2faec325,5/18/2026 8:03:23 PM,KARABEER@boisestate.edu_boisestate,5/18/2026 8:03:23 PM,KARABEER@boisestate.edu_boisestate
976,ac01a147-79a3-4e1d-b486-d520c5062df9,K5,2,1779134400000,08:45,WIPT,1,1,,0,0,,0,Visual,55,245,26,1737,GPS-003,,bad5df31-17de-4e87-819a-4f6a2faec325,5/18/2026 8:03:23 PM,KARABEER@boisestate.edu_boisestate,5/18/2026 8:03:23 PM,KARABEER@boisestate.edu_boisestate
977,e9a1bf7e-1653-4865-a365-65a0038c8e1e,K5,2,1779134400000,08:46,WIPT,1,1,,1,1,,0,Visual,55,80,354,1738,GPS-003,,bad5df31-17de-4e87-819a-4f6a2faec325,5/18/2026 8:03:23 PM,KARABEER@boisestate.edu_boisestate,5/18/2026 8:03:23 PM,KARABEER@boisestate.edu_boisestate
978,ae1d4542-1527-41d7-8268-baa32dbe8c58,K5,2,1779134400000,08:49,WIPT,1,1,,1,1,,0,Visual,54,90,11,1739,GPS-003,,bad5df31-17de-4e87-819a-4f6a2faec325,5/18/2026 8:03:23 PM,KARABEER@boisestate.edu_boisestate,5/18/2026 8:03:23 PM,KARABEER@boisestate.edu_boisestate
979,ca7d47fe-336a-4a5e-badb-83f6bf100b38,K5,2,1779134400000,08:52,WIPT,1,1,,0,0,,0,Visual,55,70,80,1740,GPS-003,,bad5df31-17de-4e87-819a-4f6a2faec325,5/18/2026 8:03:23 PM,KARABEER@boisestate.edu_boisestate,5/18/2026 8:03:23 PM,KARABEER@boisestate.edu_boisestate
980,dfc864b1-9179-499a-bbb3-847e348efd39,K5,2,1779134400000,08:53,WIPT,1,1,,1,1,,0,Visual,54,60,10,1741,GPS-003,,bad5df31-17de-4e87-819a-4f6a2faec325,5/18/2026 8:03:23 PM,KARABEER@boisestate.edu_boisestate,5/18/2026 8:03:23 PM,KARABEER@boisestate.edu_boisestate
981,65399943-afcd-47c1-a2ab-c4be478442c9,K5,2,1779134400000,08:58,SSHA,0,,,0,,,1,Visual,53,20,15,1742,GPS-003,,bad5df31-17de-4e87-819a-4f6a2faec325,5/18/2026 8:03:23 PM,KARABEER@boisestate.edu_boisestate,5/18/2026 8:03:23 PM,KARABEER@boisestate.edu_boisestate
982,aa06e94e-c26e-4458-a1b7-b5b1681e9dd2,K5,2,1779134400000,08:59,PTAR,0,,,0,,,2,Visual,53,260,175,1743,GPS-003,,bad5df31-17de-4e87-819a-4f6a2faec325,5/18/2026 8:03:23 PM,KARABEER@boisestate.edu_boisestate,5/18/2026 8:03:23 PM,KARABEER@boisestate.edu_boisestate
983,a3bb98d5-cb8a-40c5-bc7c-d4fcb3159e52,K5,2,1779134400000,09:02,WIPT,1,1,,0,0,,0,Visual,53,270,158,1745,GPS-003,,bad5df31-17de-4e87-819a-4f6a2faec325,5/18/2026 8:03:23 PM,KARABEER@boisestate.edu_boisestate,5/18/2026 8:03:23 PM,KARABEER@boisestate.edu_boisestate
984,1f47c194-19bc-4d8d-bb12-b035107784b7,K5,2,1779134400000,09:02,WIPT,1,1,,0,0,,0,Visual,53,190,160,1745,GPS-003,,bad5df31-17de-4e87-819a-4f6a2faec325,5/18/2026 8:03:23 PM,KARABEER@boisestate.edu_boisestate,5/18/2026 8:03:23 PM,KARABEER@boisestate.edu_boisestate
985,355e66c5-283e-4e82-a927-cce7a108901b,K5,2,1779134400000,09:03,SSHA,0,,,0,,,1,Visual,53,0,15,1746,GPS-003,,bad5df31-17de-4e87-819a-4f6a2faec325,5/18/2026 8:03:23 PM,KARABEER@boisestate.edu_boisestate,5/18/2026 8:03:23 PM,KARABEER@boisestate.edu_boisestate
986,0d747da2-da86-4f18-b2a3-78b74a0015d9,K5,2,1779134400000,09:05,SSHA,0,,,0,,,1,Visual,53,0,15,1747,GPS-003,,bad5df31-17de-4e87-819a-4f6a2faec325,5/18/2026 8:03:23 PM,KARABEER@boisestate.edu_boisestate,5/18/2026 8:03:23 PM,KARABEER@boisestate.edu_boisestate
987,b43516a7-b013-4eea-bef0-d01339e1d533,K5,2,1779134400000,09:05,SSHA,0,,,0,,,1,Visual,53,-99,0,174,GPS-003,,bad5df31-17de-4e87-819a-4f6a2faec325,5/18/2026 8:03:23 PM,KARABEER@boisestate.edu_boisestate,5/18/2026 8:03:23 PM,KARABEER@boisestate.edu_boisestate
988,d6045780-ca83-4489-b6a7-8b93435103f9,K4,2,1779134400000,09:09,WIPT,1,1,,0,0,,0,Visual,53,30,72,1749,GPS-003,,a780e73a-a0ad-4ccc-80d7-7600bd581969,5/18/2026 8:03:24 PM,KARABEER@boisestate.edu_boisestate,5/18/2026 8:03:24 PM,KARABEER@boisestate.edu_boisestate
989,d0c8f06c-07d9-4d0c-ab1f-b205d888c1ed,K4,2,1779134400000,09:13,WIPT,1,1,,1,1,,0,Visual,53,-99,0,1750,GPS-003,,a780e73a-a0ad-4ccc-80d7-7600bd581969,5/18/2026 8:03:24 PM,KARABEER@boisestate.edu_boisestate,5/18/2026 8:03:24 PM,KARABEER@boisestate.edu_boisestate
990,2f3a6c3a-d06b-49c0-aead-cc9435d469d1,K4,2,1779134400000,09:14,WIPT,1,1,,0,0,,0,Visual,52,40,57,1751,GPS-003,,a780e73a-a0ad-4ccc-80d7-7600bd581969,5/18/2026 8:03:24 PM,KARABEER@boisestate.edu_boisestate,5/18/2026 8:03:24 PM,KARABEER@boisestate.edu_boisestate
991,b32999b3-1c90-420f-b43b-3c7ad319b23f,K4,2,1779134400000,09:18,WIPT,1,1,,0,0,,0,Visual,52,40,40,1752,GPS-003,,a780e73a-a0ad-4ccc-80d7-7600bd581969,5/18/2026 8:03:24 PM,KARABEER@boisestate.edu_boisestate,5/18/2026 8:03:24 PM,KARABEER@boisestate.edu_boisestate
992,7770e398-a898-4ba9-b07a-cb22cf680218,K4,2,1779134400000,09:18,WIPT,1,1,,0,0,,0,Visual,52,40,36,1753,GPS-003,,a780e73a-a0ad-4ccc-80d7-7600bd581969,5/18/2026 8:03:24 PM,KARABEER@boisestate.edu_boisestate,5/18/2026 8:03:24 PM,KARABEER@boisestate.edu_boisestate
993,bf6e68b4-852d-4ff2-b9fc-3f5e8c5351e6,K4,2,1779134400000,09:20,ROPT,1,,1,0,,0,0,Visual,52,50,117,1754,GPS-003,,a780e73a-a0ad-4ccc-80d7-7600bd581969,5/18/2026 8:03:24 PM,KARABEER@boisestate.edu_boisestate,5/18/2026 8:03:24 PM,KARABEER@boisestate.edu_boisestate
994,6293b19b-33e6-4c7e-9b77-3de8c28a1174,K4,2,1779134400000,09:21,WIPT,1,1,,1,1,,0,Visual,51,220,10,1755,GPS-003,,a780e73a-a0ad-4ccc-80d7-7600bd581969,5/18/2026 8:03:24 PM,KARABEER@boisestate.edu_boisestate,5/18/2026 8:03:24 PM,KARABEER@boisestate.edu_boisestate
995,6dbc6e65-8a9c-41c8-adc7-a86d6e91e2a0,K4,2,1779134400000,09:23,WIPT,1,1,,0,0,,0,Visual,51,50,56, 1756,GPS-003,,a780e73a-a0ad-4ccc-80d7-7600bd581969,5/18/2026 8:03:24 PM,KARABEER@boisestate.edu_boisestate,5/18/2026 8:03:24 PM,KARABEER@boisestate.edu_boisestate
996,835a2faa-df6b-45ac-856b-11e55a93fd82,K4,2,1779134400000,09:24,WISN,0,,,0,,,1,Audio,51,270,20,1757,GPS-003,,a780e73a-a0ad-4ccc-80d7-7600bd581969,5/18/2026 8:03:24 PM,KARABEER@boisestate.edu_boisestate,5/18/2026 8:03:24 PM,KARABEER@boisestate.edu_boisestate
997,5ce01341-be13-474c-b21c-6ac7d823b3b3,K4,2,1779134400000,09:26,WIPT,2,2,,0,0,,0,Visual,51,160,80,1758,GPS-003,,a780e73a-a0ad-4ccc-80d7-7600bd581969,5/18/2026 8:03:24 PM,KARABEER@boisestate.edu_boisestate,5/18/2026 8:03:24 PM,KARABEER@boisestate.edu_boisestate
998,ccfd39aa-ac35-4b6d-a53e-29e40d2dfe94,K4,2,1779134400000,09:27,WIPT,1,1,,0,0,,0,Visual,51,-99,0,1759,GPS-003,,a780e73a-a0ad-4ccc-80d7-7600bd581969,5/18/2026 8:03:24 PM,KARABEER@boisestate.edu_boisestate,5/18/2026 8:03:24 PM,KARABEER@boisestate.edu_boisestate
999,8e695b1c-7218-4d2d-84f7-eb384ee68d1e,K4,2,1779134400000,09:28,WIPT,1,1,,0,0,,0,Visual,50,90,61,1760,GPS-003,,a780e73a-a0ad-4ccc-80d7-7600bd581969,5/18/2026 8:03:24 PM,KARABEER@boisestate.edu_boisestate,5/18/2026 8:03:24 PM,KARABEER@boisestate.edu_boisestate
1000,91731d6a-9efb-40ae-bf02-72b1521d789b,K4,2,1779134400000,09:28,WIPT,1,1,,0,0,,0,Visual,50,220,282,1761,GPS-003,,a780e73a-a0ad-4ccc-80d7-7600bd581969,5/18/2026 8:03:24 PM,KARABEER@boisestate.edu_boisestate,5/18/2026 8:03:24 PM,KARABEER@boisestate.edu_boisestate
1001,fb2cf1cf-9f10-447b-8113-09ed11ee12fb,K4,2,1779134400000,09:29,WIPT,1,1,,0,0,,0,Visual,50,240,28,1762,GPS-003,,a780e73a-a0ad-4ccc-80d7-7600bd581969,5/18/2026 8:03:24 PM,KARABEER@boisestate.edu_boisestate,5/18/2026 8:03:24 PM,KARABEER@boisestate.edu_boisestate
1002,5b1ba5e5-9c32-438d-a332-2dcecd8b1f50,K4,2,1779134400000,09:30,WIPT,1,1,,0,0,,0,Visual,50,240,413,1763,GPS-003,,a780e73a-a0ad-4ccc-80d7-7600bd581969,5/18/2026 8:03:24 PM,KARABEER@boisestate.edu_boisestate,5/18/2026 8:03:24 PM,KARABEER@boisestate.edu_boisestate
1003,af38ce46-ec9b-4c38-bd85-99e4b354948b,K4,2,1779134400000,09:31,WIPT,1,1,,0,0,,0,Visual,50,230,27,1763,GPS-003,,a780e73a-a0ad-4ccc-80d7-7600bd581969,5/18/2026 8:03:24 PM,KARABEER@boisestate.edu_boisestate,5/18/2026 8:03:24 PM,KARABEER@boisestate.edu_boisestate
1004,a7900f05-ae1d-4d1c-a296-20c4e7e2fdc4,K4,2,1779134400000,09:32,WIPT,1,1,,0,0,,0,Visual,50,260,13,1764,GPS-003,,a780e73a-a0ad-4ccc-80d7-7600bd581969,5/18/2026 8:03:24 PM,KARABEER@boisestate.edu_boisestate,5/18/2026 8:03:24 PM,KARABEER@boisestate.edu_boisestate
1005,06a3599e-a1e2-43ed-8d1b-bb623d50ecce,K4,2,1779134400000,09:33,ROPT,0,,0,0,,0,2,Visual,50,230,441,1765,GPS-003,,a780e73a-a0ad-4ccc-80d7-7600bd581969,5/18/2026 8:03:24 PM,KARABEER@boisestate.edu_boisestate,5/18/2026 8:03:24 PM,KARABEER@boisestate.edu_boisestate
1006,0d0a015c-a46d-43bb-a2b3-6150cdf16525,K4,2,1779134400000,09:35,ROPT,0,,0,0,,0,1,Visual,50,250,433,1766,GPS-003,,a780e73a-a0ad-4ccc-80d7-7600bd581969,5/18/2026 8:03:24 PM,KARABEER@boisestate.edu_boisestate,5/18/2026 8:03:24 PM,KARABEER@boisestate.edu_boisestate
1007,a0f95fc1-81e6-4cd4-91dd-0de527203709,K4,2,1779134400000,09:36,ROPT,1,,1,0,,0,0,Visual,50,220,289,1767,GPS-003,,a780e73a-a0ad-4ccc-80d7-7600bd581969,5/18/2026 8:03:24 PM,KARABEER@boisestate.edu_boisestate,5/18/2026 8:03:24 PM,KARABEER@boisestate.edu_boisestate
1008,c3e2a01f-53c2-4833-aa57-f7ff224e0e56,K4,2,1779134400000,09:39,ROPT,1,,1,0,,0,0,Visual,50,210,65,1768,GPS-003,,a780e73a-a0ad-4ccc-80d7-7600bd581969,5/18/2026 8:03:24 PM,KARABEER@boisestate.edu_boisestate,5/18/2026 8:03:24 PM,KARABEER@boisestate.edu_boisestate
1009,41455bc6-9291-4b15-bbf4-aec05394ff77,K4,2,1779134400000,09:41,WIPT,1,1,,0,0,,0,Visual,50,80,7,1769,GPS-003,,a780e73a-a0ad-4ccc-80d7-7600bd581969,5/18/2026 8:03:24 PM,KARABEER@boisestate.edu_boisestate,5/18/2026 8:03:24 PM,KARABEER@boisestate.edu_boisestate
1010,07fc1e0a-ded0-460e-bb4e-d16898473644,K4,2,1779134400000,09:41,WIPT,1,1,,0,0,,0,Visual,50,78,199,1769,GPS-003,,a780e73a-a0ad-4ccc-80d7-7600bd581969,5/18/2026 8:03:24 PM,KARABEER@boisestate.edu_boisestate,5/18/2026 8:03:24 PM,KARABEER@boisestate.edu_boisestate
1011,d9ae3773-ff26-47b8-b6b9-b9c1e3e61f88,K4,2,1779134400000,09:41,WIPT,1,1,,0,0,,0,Visual,50,75,370,1769,GPS-003,,a780e73a-a0ad-4ccc-80d7-7600bd581969,5/18/2026 8:03:24 PM,KARABEER@boisestate.edu_boisestate,5/18/2026 8:03:24 PM,KARABEER@boisestate.edu_boisestate
1012,c495f3fe-5133-4720-9871-c21e2a331a82,K4,2,1779134400000,09:42,WIPT,1,1,,0,0,,0,Visual,50,90,480,1769,GPS-003,,a780e73a-a0ad-4ccc-80d7-7600bd581969,5/18/2026 8:03:24 PM,KARABEER@boisestate.edu_boisestate,5/18/2026 8:03:24 PM,KARABEER@boisestate.edu_boisestate
1013,2e868079-1db1-4677-bc01-18d132c52c72,K4,2,1779134400000,09:42,ROPT,1,,1,0,,0,0,Visual,49,220,142,1770,GPS-003,,a780e73a-a0ad-4ccc-80d7-7600bd581969,5/18/2026 8:03:24 PM,KARABEER@boisestate.edu_boisestate,5/18/2026 8:03:24 PM,KARABEER@boisestate.edu_boisestate
1014,07024e69-33d2-4ae6-aa6e-9bd951f1321a,K4,2,1779134400000,09:44,WIPT,1,1,,0,0,,0,Visual,49,65,52,1771,GPS-003,,a780e73a-a0ad-4ccc-80d7-7600bd581969,5/18/2026 8:03:24 PM,KARABEER@boisestate.edu_boisestate,5/18/2026 8:03:24 PM,KARABEER@boisestate.edu_boisestate
1015,f45869f2-3519-4181-858d-ab39fb9950d6,K4,2,1779134400000,09:44,WIPT,1,1,,0,0,,0,Visual,49,85,187,1772,GPS-003,,a780e73a-a0ad-4ccc-80d7-7600bd581969,5/18/2026 8:03:24 PM,KARABEER@boisestate.edu_boisestate,5/18/2026 8:03:24 PM,KARABEER@boisestate.edu_boisestate
1016,7491e799-de74-4d19-9128-cb8e00938ee8,K4,2,1779134400000,09:45,WIPT,1,1,,0,0,,0,Visual,49,90,252,1772,GPS-003,,a780e73a-a0ad-4ccc-80d7-7600bd581969,5/18/2026 8:03:24 PM,KARABEER@boisestate.edu_boisestate,5/18/2026 8:03:24 PM,KARABEER@boisestate.edu_boisestate
1017,a514cd7b-d530-4f91-b8cf-7028e48e40e7,K4,2,1779134400000,09:45,WIPT,1,1,,0,0,,0,Visual,49,95,507,1772,GPS-003,,a780e73a-a0ad-4ccc-80d7-7600bd581969,5/18/2026 8:03:24 PM,KARABEER@boisestate.edu_boisestate,5/18/2026 8:03:24 PM,KARABEER@boisestate.edu_boisestate
1018,d80efcbe-b839-4469-bd9d-d44d0177e487,K4,2,1779134400000,09:45,ROPT,1,,1,0,,0,0,Visual,49,210,239,1773,GPS-003,,a780e73a-a0ad-4ccc-80d7-7600bd581969,5/18/2026 8:03:24 PM,KARABEER@boisestate.edu_boisestate,5/18/2026 8:03:24 PM,KARABEER@boisestate.edu_boisestate
1019,5be58c86-b70c-4f01-b034-846254f453c6,K4,2,1779134400000,09:46,WIPT,1,1,,0,0,,0,Visual,49,250,17,1774,GPS-003,,a780e73a-a0ad-4ccc-80d7-7600bd581969,5/18/2026 8:03:24 PM,KARABEER@boisestate.edu_boisestate,5/18/2026 8:03:24 PM,KARABEER@boisestate.edu_boisestate
1020,59999909-4c3d-4494-90df-3d7a53015e63,K4,2,1779134400000,09:47,WIPT,1,1,,0,0,,0,Visual,49,80,13,1775,GPS-003,,a780e73a-a0ad-4ccc-80d7-7600bd581969,5/18/2026 8:03:24 PM,KARABEER@boisestate.edu_boisestate,5/18/2026 8:03:24 PM,KARABEER@boisestate.edu_boisestate
1021,120455f2-0a6a-4333-ba04-b9fe77f0ef99,K4,2,1779134400000,09:48,WIPT,1,1,,0,0,,0,Visual,49,50,10,1776,GPS-003,,a780e73a-a0ad-4ccc-80d7-7600bd581969,5/18/2026 8:03:24 PM,KARABEER@boisestate.edu_boisestate,5/18/2026 8:03:24 PM,KARABEER@boisestate.edu_boisestate
1022,a458013e-3e29-49e0-8a82-1dae53acfa13,K4,2,1779134400000,09:50,WIPT,1,1,,0,0,,0,Visual,49,225,22,1777,GPS-003,,a780e73a-a0ad-4ccc-80d7-7600bd581969,5/18/2026 8:03:24 PM,KARABEER@boisestate.edu_boisestate,5/18/2026 8:03:24 PM,KARABEER@boisestate.edu_boisestate
1023,b5102388-c8fc-47c4-b72d-dfe8a12271cb,K4,2,1779134400000,09:50,WIPT,1,1,,0,0,,0,Visual,48,90,66,1778,GPS-003,,a780e73a-a0ad-4ccc-80d7-7600bd581969,5/18/2026 8:03:24 PM,KARABEER@boisestate.edu_boisestate,5/18/2026 8:03:24 PM,KARABEER@boisestate.edu_boisestate
1024,8839b597-da25-4f42-8722-435373df5d60,K4,2,1779134400000,09:52,WIPT,1,1,,0,0,,0,Visual,48,80,212,1779,GPS-003,,a780e73a-a0ad-4ccc-80d7-7600bd581969,5/18/2026 8:03:24 PM,KARABEER@boisestate.edu_boisestate,5/18/2026 8:03:24 PM,KARABEER@boisestate.edu_boisestate
1025,b081bf71-ecf8-42cf-ae3f-ed8e983d60df,K4,2,1779134400000,09:53,WIPT,1,1,,0,0,,0,Visual,48,60,103,1780,GPS-003,,a780e73a-a0ad-4ccc-80d7-7600bd581969,5/18/2026 8:03:24 PM,KARABEER@boisestate.edu_boisestate,5/18/2026 8:03:24 PM,KARABEER@boisestate.edu_boisestate
1026,29167ffa-0f87-4118-99ba-f564d6fce7f4,K4,2,1779134400000,09:55,WIPT,1,1,,0,0,,0,Visual,48,210,505,1781,GPS-003,,a780e73a-a0ad-4ccc-80d7-7600bd581969,5/18/2026 8:03:24 PM,KARABEER@boisestate.edu_boisestate,5/18/2026 8:03:24 PM,KARABEER@boisestate.edu_boisestate
1027,f29d32ed-9b07-46b2-8aa0-b94839eaea09,K4,2,1779134400000,09:55,WIPT,1,1,,0,0,,0,Visual,48,205,309,1781,GPS-003,,a780e73a-a0ad-4ccc-80d7-7600bd581969,5/18/2026 8:03:24 PM,KARABEER@boisestate.edu_boisestate,5/18/2026 8:03:24 PM,KARABEER@boisestate.edu_boisestate
1028,9f405944-be59-4383-8154-c5358774ecd6,K4,2,1779134400000,09:56,WIPT,1,1,,0,0,,0,Visual,48,205,407,1781,GPS-003,,a780e73a-a0ad-4ccc-80d7-7600bd581969,5/18/2026 8:03:24 PM,KARABEER@boisestate.edu_boisestate,5/18/2026 8:03:24 PM,KARABEER@boisestate.edu_boisestate
1029,cbe73b63-8752-4247-8093-89be9d0d0539,K4,2,1779134400000,09:57,SSHA,0,,,0,,,1,Visual,48,40,9,1782,GPS-003,,a780e73a-a0ad-4ccc-80d7-7600bd581969,5/18/2026 8:03:24 PM,KARABEER@boisestate.edu_boisestate,5/18/2026 8:03:24 PM,KARABEER@boisestate.edu_boisestate
1030,bd341076-138f-443a-8c63-e06a734d9f27,K4,2,1779134400000,09:57,WIPT,1,1,,0,0,,0,Visual,48,210,46,1783,GPS-003,,a780e73a-a0ad-4ccc-80d7-7600bd581969,5/18/2026 8:03:24 PM,KARABEER@boisestate.edu_boisestate,5/18/2026 8:03:24 PM,KARABEER@boisestate.edu_boisestate
1031,b0ac5d80-6968-43cb-8c60-a17ec66dcd77,K4,2,1779134400000,09:59,WIPT,0,0,,0,0,,1,Audio,48,40,50,1784,GPS-003,,a780e73a-a0ad-4ccc-80d7-7600bd581969,5/18/2026 8:03:24 PM,KARABEER@boisestate.edu_boisestate,5/18/2026 8:03:24 PM,KARABEER@boisestate.edu_boisestate
1032,10c8531b-8e2f-4007-9e4c-a2faa0ed883b,K4,2,1779134400000,10:00,WIPT,1,1,,0,0,,0,Visual,48,80,45,1785,GPS-003,,a780e73a-a0ad-4ccc-80d7-7600bd581969,5/18/2026 8:03:24 PM,KARABEER@boisestate.edu_boisestate,5/18/2026 8:03:24 PM,KARABEER@boisestate.edu_boisestate
1033,3abaaff9-6547-405d-bc5c-decd984c4652,K4,2,1779134400000,10:01,WIPT,1,1,,0,0,,0,Visual,48,65,209,1786,GPS-003,,a780e73a-a0ad-4ccc-80d7-7600bd581969,5/18/2026 8:03:24 PM,KARABEER@boisestate.edu_boisestate,5/18/2026 8:03:24 PM,KARABEER@boisestate.edu_boisestate
1034,b5bf2054-2aa7-4389-8faa-a1f72b775efa,K4,2,1779134400000,10:01,WIPT,1,1,,0,0,,0,Audio,48,250,15,1786,GPS-003,,a780e73a-a0ad-4ccc-80d7-7600bd581969,5/18/2026 8:03:24 PM,KARABEER@boisestate.edu_boisestate,5/18/2026 8:03:24 PM,KARABEER@boisestate.edu_boisestate
1035,8e03340a-804b-4f9d-a4d4-3e9d11035ec9,K4,2,1779134400000,10:02,SSHA,0,,,0,,,1,Visual,48,-99,0,1787,GPS-003,,a780e73a-a0ad-4ccc-80d7-7600bd581969,5/18/2026 8:03:24 PM,KARABEER@boisestate.edu_boisestate,5/18/2026 8:03:24 PM,KARABEER@boisestate.edu_boisestate
1036,b7186d9d-d70f-4a91-b307-f40103eda431,K4,2,1779134400000,10:03,WIPT,1,1,,0,0,,0,Visual,48,60,130,1788,GPS-003,,a780e73a-a0ad-4ccc-80d7-7600bd581969,5/18/2026 8:03:24 PM,KARABEER@boisestate.edu_boisestate,5/18/2026 8:03:24 PM,KARABEER@boisestate.edu_boisestate
1037,894f3d0a-02b0-4a6e-9a3f-20d3c58ba555,K4,2,1779134400000,10:04,SSHA,0,,,0,,,1,Visual,47,240,35,1789,GPS-003,,a780e73a-a0ad-4ccc-80d7-7600bd581969,5/18/2026 8:03:24 PM,KARABEER@boisestate.edu_boisestate,5/18/2026 8:03:24 PM,KARABEER@boisestate.edu_boisestate
1038,d9acb2f6-0c00-470d-92ee-9af4d912ea1b,K4,2,1779134400000,10:06,SSHA,0,,,0,,,1,Visual,47,50,22,1790,GPS-003,,a780e73a-a0ad-4ccc-80d7-7600bd581969,5/18/2026 8:03:24 PM,KARABEER@boisestate.edu_boisestate,5/18/2026 8:03:24 PM,KARABEER@boisestate.edu_boisestate
1039,3add6f31-4d4c-41b6-9f58-abfab0dc83e1,K4,2,1779134400000,10:06,SSHA,0,,,0,,,2,Visual,47,200,21,1790,GPS-003,,a780e73a-a0ad-4ccc-80d7-7600bd581969,5/18/2026 8:03:24 PM,KARABEER@boisestate.edu_boisestate,5/18/2026 8:03:24 PM,KARABEER@boisestate.edu_boisestate
1040,75f0f9ea-58cf-4eca-94d6-2a7473f6a4e2,K4,2,1779134400000,10:07,SSHA,0,,,0,,,1,Visual,47,245,55,1791,GPS-003,,a780e73a-a0ad-4ccc-80d7-7600bd581969,5/18/2026 8:03:24 PM,KARABEER@boisestate.edu_boisestate,5/18/2026 8:03:24 PM,KARABEER@boisestate.edu_boisestate
1041,3dce20b3-1f4f-4e64-8f93-7d40c0e07f8e,K4,2,1779134400000,10:08,SSHA,0,,,0,,,1,Visual,47,-99,0,1792,GPS-003,,a780e73a-a0ad-4ccc-80d7-7600bd581969,5/18/2026 8:03:24 PM,KARABEER@boisestate.edu_boisestate,5/18/2026 8:03:24 PM,KARABEER@boisestate.edu_boisestate
1042,95125718-27c7-4438-b860-71bff3e5ccb4,K4,2,1779134400000,10:10,WIPT,1,1,,0,0,,0,Visual,47,210,43,1793,GPS-003,,a780e73a-a0ad-4ccc-80d7-7600bd581969,5/18/2026 8:03:24 PM,KARABEER@boisestate.edu_boisestate,5/18/2026 8:03:24 PM,KARABEER@boisestate.edu_boisestate
1043,ac440037-19e7-47c0-bf34-99bbbd892656,K4,2,1779134400000,10:11,PTAR,0,,,0,,,2,Visual,47,30,128,1794,GPS-003,,a780e73a-a0ad-4ccc-80d7-7600bd581969,5/18/2026 8:03:24 PM,KARABEER@boisestate.edu_boisestate,5/18/2026 8:03:24 PM,KARABEER@boisestate.edu_boisestate
1044,d3d39d68-f026-4cf5-977a-4e4918959b21,K4,2,1779134400000,10:11,WIPT,1,1,,0,0,,0,Visual,47,60,205,1795,GPS-003,,a780e73a-a0ad-4ccc-80d7-7600bd581969,5/18/2026 8:03:24 PM,KARABEER@boisestate.edu_boisestate,5/18/2026 8:03:24 PM,KARABEER@boisestate.edu_boisestate
1045,741a6f8d-4e60-4c5a-a40a-73686093d221,K4,2,1779134400000,10:12,WIPT,1,1,,0,0,,0,Visual,47,225,14,1796,GPS-003,,a780e73a-a0ad-4ccc-80d7-7600bd581969,5/18/2026 8:03:24 PM,KARABEER@boisestate.edu_boisestate,5/18/2026 8:03:24 PM,KARABEER@boisestate.edu_boisestate
1046,31ddd4cd-329f-498f-830f-8ed11c0327be,K4,2,1779134400000,10:13,WIPT,1,1,,0,0,,0,Visual,47,80,145,1797,GPS-003,,a780e73a-a0ad-4ccc-80d7-7600bd581969,5/18/2026 8:03:24 PM,KARABEER@boisestate.edu_boisestate,5/18/2026 8:03:24 PM,KARABEER@boisestate.edu_boisestate
1047,357278d2-6c4b-46cd-b891-2535fcb2d034,K4,2,1779134400000,10:15,SSHA,0,,,0,,,1,Visual,46,260,18,1798,GPS-003,,a780e73a-a0ad-4ccc-80d7-7600bd581969,5/18/2026 8:03:24 PM,KARABEER@boisestate.edu_boisestate,5/18/2026 8:03:24 PM,KARABEER@boisestate.edu_boisestate
1048,0ec42296-b49d-4f64-bedb-69dea69ac606,K4,2,1779134400000,10:15,PTAR,0,,,0,,,1,Visual,46,75,490,1799,GPS-003,,a780e73a-a0ad-4ccc-80d7-7600bd581969,5/18/2026 8:03:24 PM,KARABEER@boisestate.edu_boisestate,5/18/2026 8:03:24 PM,KARABEER@boisestate.edu_boisestate
1049,de354009-c33b-4345-8b49-dc462cbc5918,K4,2,1779134400000,10:17,WIPT,1,1,,0,0,,0,Visual,46,70,68,1800,GPS-003,,a780e73a-a0ad-4ccc-80d7-7600bd581969,5/18/2026 8:03:24 PM,KARABEER@boisestate.edu_boisestate,5/18/2026 8:03:24 PM,KARABEER@boisestate.edu_boisestate
1050,5369ff40-593e-4411-be82-da1c38223cdb,K4,2,1779134400000,10:17,WIPT,1,1,,0,0,,0,Visual,46,230,19,1801,GPS-003,,a780e73a-a0ad-4ccc-80d7-7600bd581969,5/18/2026 8:03:24 PM,KARABEER@boisestate.edu_boisestate,5/18/2026 8:03:24 PM,KARABEER@boisestate.edu_boisestate
1051,95955d0d-f461-4e6f-a63d-dca4b2f2ed3e,K4,2,1779134400000,10:18,WIPT,1,1,,0,0,,0,Visual,46,90,214,1802,GPS-003,,a780e73a-a0ad-4ccc-80d7-7600bd581969,5/18/2026 8:03:24 PM,KARABEER@boisestate.edu_boisestate,5/18/2026 8:03:24 PM,KARABEER@boisestate.edu_boisestate
1052,e8b71e97-7cf4-4ef9-a0c8-7bc0bac645b5,K4,2,1779134400000,10:19,WIPT,1,1,,0,0,,0,Visual,46,60,83,1803,GPS-003,,a780e73a-a0ad-4ccc-80d7-7600bd581969,5/18/2026 8:03:24 PM,KARABEER@boisestate.edu_boisestate,5/18/2026 8:03:24 PM,KARABEER@boisestate.edu_boisestate
1053,51dca90f-7ba1-46b5-8387-fa99275e0881,K4,2,1779134400000,10:19,SSHA,0,,,0,,,1,Visual,46,-99,0,1804,GPS-003,,a780e73a-a0ad-4ccc-80d7-7600bd581969,5/18/2026 8:03:24 PM,KARABEER@boisestate.edu_boisestate,5/18/2026 8:03:24 PM,KARABEER@boisestate.edu_boisestate
1054,db28cdc9-fa86-4714-8e8c-0c2cb35d1086,K4,2,1779134400000,10:20,WIPT,1,1,,0,0,,0,Audio,46,40,60,1804,GPS-003,,a780e73a-a0ad-4ccc-80d7-7600bd581969,5/18/2026 8:03:24 PM,KARABEER@boisestate.edu_boisestate,5/18/2026 8:03:24 PM,KARABEER@boisestate.edu_boisestate
1055,9b35a036-28f2-4fd5-a987-5e8f512c2313,K4,2,1779134400000,10:20,SSHA,0,,,0,,,1,Visual,46,210,30,1805,GPS-003,,a780e73a-a0ad-4ccc-80d7-7600bd581969,5/18/2026 8:03:24 PM,KARABEER@boisestate.edu_boisestate,5/18/2026 8:03:24 PM,KARABEER@boisestate.edu_boisestate
1056,fc41bb43-e40e-4ad5-9b20-58b0c170ae4a,K4,2,1779134400000,10:21,SSHA,0,,,0,,,1,Visual,46,45,21,1806,GPS-003,,a780e73a-a0ad-4ccc-80d7-7600bd581969,5/18/2026 8:03:24 PM,KARABEER@boisestate.edu_boisestate,5/18/2026 8:03:24 PM,KARABEER@boisestate.edu_boisestate
1057,4465da82-2d4c-48c9-92a9-64829afb87f1,K4,2,1779134400000,10:21,SSHA,0,,,0,,,1,Visual,46,210,38,1807,GPS-003,,a780e73a-a0ad-4ccc-80d7-7600bd581969,5/18/2026 8:03:24 PM,KARABEER@boisestate.edu_boisestate,5/18/2026 8:03:24 PM,KARABEER@boisestate.edu_boisestate
1058,3c720d2c-aaef-41a9-be83-6b50418afbac,K4,2,1779134400000,10:22,SSHA,0,,,0,,,1,Visual,46,-99,0,1808,GPS-003,,a780e73a-a0ad-4ccc-80d7-7600bd581969,5/18/2026 8:03:24 PM,KARABEER@boisestate.edu_boisestate,5/18/2026 8:03:24 PM,KARABEER@boisestate.edu_boisestate
1059,708c4cd0-0bf3-491c-aca3-3d9f59a83a09,K4,2,1779134400000,10:22,SSHA,0,,,0,,,1,Visual,46,-99,0,1809,GPS-003,,a780e73a-a0ad-4ccc-80d7-7600bd581969,5/18/2026 8:03:24 PM,KARABEER@boisestate.edu_boisestate,5/18/2026 8:03:24 PM,KARABEER@boisestate.edu_boisestate
1060,07525af3-2e2e-4887-ae18-2fb1bc045ef1,K4,2,1779134400000,10:24,WIPT,1,1,,0,0,,0,Visual,46,60,259,1810,GPS-003,,a780e73a-a0ad-4ccc-80d7-7600bd581969,5/18/2026 8:03:24 PM,KARABEER@boisestate.edu_boisestate,5/18/2026 8:03:24 PM,KARABEER@boisestate.edu_boisestate
1061,024f1558-e14f-4ce2-bc62-ae2ed543c353,K4,2,1779134400000,10:26,NOHA,1,,,0,,,0,Visual,45,50,408,1811,GPS-003,,a780e73a-a0ad-4ccc-80d7-7600bd581969,5/18/2026 8:03:24 PM,KARABEER@boisestate.edu_boisestate,5/18/2026 8:03:24 PM,KARABEER@boisestate.edu_boisestate
1062,c9a30064-bca9-4ab7-b0ee-b1b5de07babc,K4,2,1779134400000,10:27,WIPT,1,1,,0,0,,0,Visual,45,55,373,1811,GPS-003,,a780e73a-a0ad-4ccc-80d7-7600bd581969,5/18/2026 8:03:24 PM,KARABEER@boisestate.edu_boisestate,5/18/2026 8:03:24 PM,KARABEER@boisestate.edu_boisestate
1063,57ed1741-92f0-45de-a5e5-10c1189e4fec,K4,2,1779134400000,10:27,WISN,0,,,0,,,1,Audio,45,90,80,1811,GPS-003,,a780e73a-a0ad-4ccc-80d7-7600bd581969,5/18/2026 8:03:24 PM,KARABEER@boisestate.edu_boisestate,5/18/2026 8:03:24 PM,KARABEER@boisestate.edu_boisestate
1064,98fdaa0f-18ca-4c78-824d-ada35152af40,K4,2,1779134400000,10:28,SSHA,0,,,0,,,1,Visual,45,210,27,1812,GPS-003,,a780e73a-a0ad-4ccc-80d7-7600bd581969,5/18/2026 8:03:24 PM,KARABEER@boisestate.edu_boisestate,5/18/2026 8:03:24 PM,KARABEER@boisestate.edu_boisestate
1065,2ee2e502-f170-4e99-b9fc-a2e5c9f92960,K4,2,1779134400000,10:31,WIPT,1,1,,0,0,,0,Visual,45,215,161,1813,GPS-003,,a780e73a-a0ad-4ccc-80d7-7600bd581969,5/18/2026 8:03:24 PM,KARABEER@boisestate.edu_boisestate,5/18/2026 8:03:24 PM,KARABEER@boisestate.edu_boisestate
1066,fd936990-a878-46ee-b75b-5ceb1c72c92c,K4,2,1779134400000,10:32,WIPT,1,1,,0,0,,0,Visual,45,80,117,1814,GPS-003,,a780e73a-a0ad-4ccc-80d7-7600bd581969,5/18/2026 8:03:24 PM,KARABEER@boisestate.edu_boisestate,5/18/2026 8:03:24 PM,KARABEER@boisestate.edu_boisestate
1067,90b20e8c-782f-49ef-a871-7cbba77512ca,K4,2,1779134400000,10:32,WIPT,1,1,,0,0,,0,Visual,44,50,145,1815,GPS-003,,a780e73a-a0ad-4ccc-80d7-7600bd581969,5/18/2026 8:03:24 PM,KARABEER@boisestate.edu_boisestate,5/18/2026 8:03:24 PM,KARABEER@boisestate.edu_boisestate
1068,9647d51e-2224-48db-bdd9-fa3920af7b6d,K4,2,1779134400000,10:36,WIPT,1,1,,0,0,,0,Visual,44,230,5,1816,GPS-003,,a780e73a-a0ad-4ccc-80d7-7600bd581969,5/18/2026 8:03:24 PM,KARABEER@boisestate.edu_boisestate,5/18/2026 8:03:24 PM,KARABEER@boisestate.edu_boisestate
1069,6407fa75-7c9d-4df8-9780-4527bad4d6ad,K4,2,1779134400000,10:37,WIPT,1,1,,0,0,,0,Visual,44,60,89,1817,GPS-003,,a780e73a-a0ad-4ccc-80d7-7600bd581969,5/18/2026 8:03:24 PM,KARABEER@boisestate.edu_boisestate,5/18/2026 8:03:24 PM,KARABEER@boisestate.edu_boisestate
1070,bc809c44-c1c7-4a0f-a32d-8f7ca117c3fd,K4,2,1779134400000,10:37,WISN,0,,,0,,,1,Audio,44,90,55,1818,GPS-003,,a780e73a-a0ad-4ccc-80d7-7600bd581969,5/18/2026 8:03:24 PM,KARABEER@boisestate.edu_boisestate,5/18/2026 8:03:24 PM,KARABEER@boisestate.edu_boisestate
1071,90dec50d-e888-4637-a445-461deb430cff,K4,2,1779134400000,10:39,WIPT,1,1,,0,0,,0,Visual,43,225,42,1819,GPS-003,,a780e73a-a0ad-4ccc-80d7-7600bd581969,5/18/2026 8:03:24 PM,KARABEER@boisestate.edu_boisestate,5/18/2026 8:03:24 PM,KARABEER@boisestate.edu_boisestate
1072,c5046f58-3e06-46cb-ab61-c82ffd650f72,K4,1,1779220800000,07:38,WIPT,1,1,,0,0,,0,Visual,43,-99,0,1820,GPS-003,,366394fe-2414-44ab-b849-3a19fdb9b8b2,5/19/2026 8:19:22 PM,KARABEER@boisestate.edu_boisestate,5/19/2026 8:19:22 PM,KARABEER@boisestate.edu_boisestate
1073,1d42d16b-5286-48b3-8ac6-42e748851857,K4,1,1779220800000,07:42,WIPT,1,1,,0,0,,0,Visual,43,0,172,1821,GPS-003,,366394fe-2414-44ab-b849-3a19fdb9b8b2,5/19/2026 8:19:22 PM,KARABEER@boisestate.edu_boisestate,5/19/2026 8:19:22 PM,KARABEER@boisestate.edu_boisestate
1074,548fd030-8898-48c6-a8e8-37a35f8862bd,K4,1,1779220800000,07:44,WIPT,1,1,,0,0,,0,Visual,43,100,100,1822,GPS-003,,366394fe-2414-44ab-b849-3a19fdb9b8b2,5/19/2026 8:19:22 PM,KARABEER@boisestate.edu_boisestate,5/19/2026 8:19:22 PM,KARABEER@boisestate.edu_boisestate
1075,444c1114-c6f1-41e5-abee-5308e794028a,K4,1,1779220800000,07:45,WIPT,1,1,,0,0,,0,Visual,43,120,25,1823,GPS-003,,366394fe-2414-44ab-b849-3a19fdb9b8b2,5/19/2026 8:19:22 PM,KARABEER@boisestate.edu_boisestate,5/19/2026 8:19:22 PM,KARABEER@boisestate.edu_boisestate
1076,993ab828-651f-4c89-abef-2aba32e8e8e9,K4,1,1779220800000,07:45,WIPT,1,1,,0,0,,0,Visual,43,0,40,1823,GPS-003,,366394fe-2414-44ab-b849-3a19fdb9b8b2,5/19/2026 8:19:22 PM,KARABEER@boisestate.edu_boisestate,5/19/2026 8:19:22 PM,KARABEER@boisestate.edu_boisestate
1077,8c97ad6f-7ada-4fcc-bfa0-db85a9328bb2,K4,1,1779220800000,07:46,WIPT,1,1,,0,0,,0,Visual,43,330,34,1824,GPS-003,,366394fe-2414-44ab-b849-3a19fdb9b8b2,5/19/2026 8:19:22 PM,KARABEER@boisestate.edu_boisestate,5/19/2026 8:19:22 PM,KARABEER@boisestate.edu_boisestate
1078,db4c19f3-b2b4-401a-9569-37ad431203b2,K4,1,1779220800000,07:47,WIPT,1,1,,0,0,,0,Visual,44,125,135,1825,GPS-003,,366394fe-2414-44ab-b849-3a19fdb9b8b2,5/19/2026 8:19:22 PM,KARABEER@boisestate.edu_boisestate,5/19/2026 8:19:22 PM,KARABEER@boisestate.edu_boisestate
1079,3e80a4f0-9edb-481e-a7c7-88ed957f7e2d,K4,1,1779220800000,07:48,WIPT,1,1,,0,0,,0,Visual,44,320,13,1826,GPS-003,,366394fe-2414-44ab-b849-3a19fdb9b8b2,5/19/2026 8:19:22 PM,KARABEER@boisestate.edu_boisestate,5/19/2026 8:19:22 PM,KARABEER@boisestate.edu_boisestate
1080,6650f1b9-3b28-43b3-8688-9a077bff80fc,K4,1,1779220800000,07:49,WIPT,1,1,,0,0,,0,Visual,44,280,23,1827,GPS-003,,366394fe-2414-44ab-b849-3a19fdb9b8b2,5/19/2026 8:19:22 PM,KARABEER@boisestate.edu_boisestate,5/19/2026 8:19:22 PM,KARABEER@boisestate.edu_boisestate
1081,738f9417-ea76-4c05-b647-7376f948b299,K4,1,1779220800000,07:50,WIPT,1,1,,0,0,,0,Visual,44,-99,0,1828,GPS-003,,366394fe-2414-44ab-b849-3a19fdb9b8b2,5/19/2026 8:19:22 PM,KARABEER@boisestate.edu_boisestate,5/19/2026 8:19:22 PM,KARABEER@boisestate.edu_boisestate
1082,5a66e7d4-d87b-473d-b194-dccb85ade8f1,K4,1,1779220800000,07:51,PTAR,0,,,0,,,1,Visual,44,-99,0,1829,GPS-003,,366394fe-2414-44ab-b849-3a19fdb9b8b2,5/19/2026 8:19:22 PM,KARABEER@boisestate.edu_boisestate,5/19/2026 8:19:22 PM,KARABEER@boisestate.edu_boisestate
1083,20e7345e-7155-4456-9b2f-0df7b42cdfee,K4,1,1779220800000,07:52,WIPT,1,1,,0,0,,0,Visual,44,250,65,1830,GPS-003,,366394fe-2414-44ab-b849-3a19fdb9b8b2,5/19/2026 8:19:22 PM,KARABEER@boisestate.edu_boisestate,5/19/2026 8:19:22 PM,KARABEER@boisestate.edu_boisestate
1084,fc4a5ce2-e800-4e83-99d8-f1a256c74c79,K4,1,1779220800000,07:53,WIPT,0,0,,1,1,,0,Visual,44,-99,0,1831,GPS-003,,366394fe-2414-44ab-b849-3a19fdb9b8b2,5/19/2026 8:19:22 PM,KARABEER@boisestate.edu_boisestate,5/19/2026 8:19:22 PM,KARABEER@boisestate.edu_boisestate
1085,9ce18e72-9d7a-49b1-b2f9-83e9d2c50d3d,K4,1,1779220800000,07:54,SSHA,0,,,0,,,1,Visual,45,-99,0,1832,GPS-003,,366394fe-2414-44ab-b849-3a19fdb9b8b2,5/19/2026 8:19:22 PM,KARABEER@boisestate.edu_boisestate,5/19/2026 8:19:22 PM,KARABEER@boisestate.edu_boisestate
1086,277f8778-6500-465b-bcd6-535147f1ead4,K4,1,1779220800000,07:55,WIPT,1,1,,0,0,,0,Visual,45,310,33,1832,GPS-003,,366394fe-2414-44ab-b849-3a19fdb9b8b2,5/19/2026 8:19:22 PM,KARABEER@boisestate.edu_boisestate,5/19/2026 8:19:22 PM,KARABEER@boisestate.edu_boisestate
1087,1fb061d1-ed3c-4521-8f24-d050454d6a9e,K4,1,1779220800000,07:56,SSHA,0,,,0,,,1,Visual,45,310,75,1833,GPS-003,,366394fe-2414-44ab-b849-3a19fdb9b8b2,5/19/2026 8:19:22 PM,KARABEER@boisestate.edu_boisestate,5/19/2026 8:19:22 PM,KARABEER@boisestate.edu_boisestate
1088,9a888466-cc01-4d0d-859d-acc5a050973a,K4,1,1779220800000,07:57,SSHA,0,,,0,,,1,Visual,45,310,7,1834,GPS-003,,366394fe-2414-44ab-b849-3a19fdb9b8b2,5/19/2026 8:19:22 PM,KARABEER@boisestate.edu_boisestate,5/19/2026 8:19:22 PM,KARABEER@boisestate.edu_boisestate
1089,1dc8cd4f-cc9d-4cc4-a3ab-c2bf96898cf6,K4,1,1779220800000,07:58,SSHA,0,,,0,,,1,Visual,45,140,50,1835,GPS-003,,366394fe-2414-44ab-b849-3a19fdb9b8b2,5/19/2026 8:19:22 PM,KARABEER@boisestate.edu_boisestate,5/19/2026 8:19:22 PM,KARABEER@boisestate.edu_boisestate
1090,95c3740c-935f-4045-9772-7391e574b007,K4,1,1779220800000,07:58,SSHA,0,,,0,,,1,Visual,45,-99,0,1835,GPS-003,,366394fe-2414-44ab-b849-3a19fdb9b8b2,5/19/2026 8:19:22 PM,KARABEER@boisestate.edu_boisestate,5/19/2026 8:19:22 PM,KARABEER@boisestate.edu_boisestate
1091,59b5ba78-012e-44af-8772-041dc2baf2c4,K4,1,1779220800000,07:59,SSHA,0,,,0,,,2,Visual,45,-99,0,1836,GPS-003,,366394fe-2414-44ab-b849-3a19fdb9b8b2,5/19/2026 8:19:22 PM,KARABEER@boisestate.edu_boisestate,5/19/2026 8:19:22 PM,KARABEER@boisestate.edu_boisestate
1092,59385626-8514-400d-9fe2-17c2a5e67ee2,K4,1,1779220800000,08:00,SSHA,0,,,0,,,1,Visual,45,-99,0,1837,GPS-003,,366394fe-2414-44ab-b849-3a19fdb9b8b2,5/19/2026 8:19:22 PM,KARABEER@boisestate.edu_boisestate,5/19/2026 8:19:22 PM,KARABEER@boisestate.edu_boisestate
1093,79aa88f9-f35b-4f39-9120-71f0080edbbb,K4,1,1779220800000,08:01,WIPT,1,1,,0,0,,0,Visual,45,270,15,1838,GPS-003,,366394fe-2414-44ab-b849-3a19fdb9b8b2,5/19/2026 8:19:22 PM,KARABEER@boisestate.edu_boisestate,5/19/2026 8:19:22 PM,KARABEER@boisestate.edu_boisestate
1094,ea6f3616-32a6-4990-bd44-53c66f1f9e9a,K4,1,1779220800000,08:01,SSHA,0,,,0,,,1,Visual,45,-99,0,1839,GPS-003,,366394fe-2414-44ab-b849-3a19fdb9b8b2,5/19/2026 8:19:22 PM,KARABEER@boisestate.edu_boisestate,5/19/2026 8:19:22 PM,KARABEER@boisestate.edu_boisestate
1095,e3f32c58-4e6c-48fa-8e66-bde04efc8b47,K4,1,1779220800000,08:03,SSHA,0,,,0,,,1,Visual,45,315,35,1840,GPS-003,,366394fe-2414-44ab-b849-3a19fdb9b8b2,5/19/2026 8:19:22 PM,KARABEER@boisestate.edu_boisestate,5/19/2026 8:19:22 PM,KARABEER@boisestate.edu_boisestate
1096,8d09d7e7-2b00-41a9-82be-e89edf9f90a9,K4,1,1779220800000,08:04,SSHA,0,,,0,,,1,Visual,46,-99,0,1841,GPS-003,,366394fe-2414-44ab-b849-3a19fdb9b8b2,5/19/2026 8:19:22 PM,KARABEER@boisestate.edu_boisestate,5/19/2026 8:19:22 PM,KARABEER@boisestate.edu_boisestate
1097,d1e88fcd-33c1-4ba3-8613-323816051e0b,K4,1,1779220800000,08:05,WIPT,1,1,,0,0,,0,Audio,46,145,69,1842,GPS-003,,366394fe-2414-44ab-b849-3a19fdb9b8b2,5/19/2026 8:19:22 PM,KARABEER@boisestate.edu_boisestate,5/19/2026 8:19:22 PM,KARABEER@boisestate.edu_boisestate
1098,b26a4fc2-4060-4e7f-870b-3ba8709afe27,K4,1,1779220800000,08:06,SSHA,0,,,0,,,1,Visual,46,-99,0,1843,GPS-003,,366394fe-2414-44ab-b849-3a19fdb9b8b2,5/19/2026 8:19:22 PM,KARABEER@boisestate.edu_boisestate,5/19/2026 8:19:22 PM,KARABEER@boisestate.edu_boisestate
1099,c9608fb2-e890-472d-ab7e-2ec5a8a84c8c,K4,1,1779220800000,08:07,WIPT,2,2,,0,0,,0,Visual,46,-99,0,1844,GPS-003,,366394fe-2414-44ab-b849-3a19fdb9b8b2,5/19/2026 8:19:22 PM,KARABEER@boisestate.edu_boisestate,5/19/2026 8:19:22 PM,KARABEER@boisestate.edu_boisestate
1100,b162da3a-aecf-4345-83a4-574b2cbd22ec,K4,1,1779220800000,08:07,SSHA,0,,,0,,,1,Visual,46,130,5,1844,GPS-003,,366394fe-2414-44ab-b849-3a19fdb9b8b2,5/19/2026 8:19:22 PM,KARABEER@boisestate.edu_boisestate,5/19/2026 8:19:22 PM,KARABEER@boisestate.edu_boisestate
1101,ce8b71f4-739f-4310-b5c7-ffeb35c39b53,K4,1,1779220800000,08:08,WIPT,1,1,,0,0,,0,Visual,46,350,123,1845,GPS-003,,366394fe-2414-44ab-b849-3a19fdb9b8b2,5/19/2026 8:19:22 PM,KARABEER@boisestate.edu_boisestate,5/19/2026 8:19:22 PM,KARABEER@boisestate.edu_boisestate
1102,eca3833b-2412-47e1-9745-3cf8355b17b8,K4,1,1779220800000,08:08,WIPT,1,1,,0,0,,0,Visual,46,135,213,1846,GPS-003,,366394fe-2414-44ab-b849-3a19fdb9b8b2,5/19/2026 8:19:22 PM,KARABEER@boisestate.edu_boisestate,5/19/2026 8:19:22 PM,KARABEER@boisestate.edu_boisestate
1103,0bdc2be8-21d9-4828-93a3-9be6a5ba77da,K4,1,1779220800000,08:09,WIPT,1,1,,0,0,,0,Visual,46,170,100,1847,GPS-003,,366394fe-2414-44ab-b849-3a19fdb9b8b2,5/19/2026 8:19:22 PM,KARABEER@boisestate.edu_boisestate,5/19/2026 8:19:22 PM,KARABEER@boisestate.edu_boisestate
1104,eeab3e6c-ff24-403e-add4-4f346682b19c,K4,1,1779220800000,08:11,WISN,0,,,0,,,1,Visual,46,-99,0,1848,GPS-003,,366394fe-2414-44ab-b849-3a19fdb9b8b2,5/19/2026 8:19:22 PM,KARABEER@boisestate.edu_boisestate,5/19/2026 8:19:22 PM,KARABEER@boisestate.edu_boisestate
1105,f23cf4df-c2d3-4862-9adc-474c276e5c0b,K4,1,1779220800000,08:11,WIPT,1,1,,0,0,,0,Visual,46,320,28,1848,GPS-003,,366394fe-2414-44ab-b849-3a19fdb9b8b2,5/19/2026 8:19:22 PM,KARABEER@boisestate.edu_boisestate,5/19/2026 8:19:22 PM,KARABEER@boisestate.edu_boisestate
1106,3708dded-b19d-405f-9ea4-af120db7b9a2,K4,1,1779220800000,08:11,SSHA,0,,,0,,,1,Visual,46,330,104,1849,GPS-003,,366394fe-2414-44ab-b849-3a19fdb9b8b2,5/19/2026 8:19:22 PM,KARABEER@boisestate.edu_boisestate,5/19/2026 8:19:22 PM,KARABEER@boisestate.edu_boisestate
1107,9d9e4afa-77da-4ec7-a5d6-9c91f4a67650,K4,1,1779220800000,08:12,SSHA,0,,,0,,,2,Visual,46,-99,0,1850,GPS-003,,366394fe-2414-44ab-b849-3a19fdb9b8b2,5/19/2026 8:19:22 PM,KARABEER@boisestate.edu_boisestate,5/19/2026 8:19:22 PM,KARABEER@boisestate.edu_boisestate
1108,12740d18-c00f-48b5-9f7c-1fafe0e47604,K4,1,1779220800000,08:12,WIPT,1,1,,0,0,,0,Visual,46,350,110,1851,GPS-003,,366394fe-2414-44ab-b849-3a19fdb9b8b2,5/19/2026 8:19:22 PM,KARABEER@boisestate.edu_boisestate,5/19/2026 8:19:22 PM,KARABEER@boisestate.edu_boisestate
1109,cd365e7f-bf49-49ef-b446-a627e61e7e56,K4,1,1779220800000,08:13,WIPT,1,1,,1,1,,0,Visual,46,-99,0,1852,GPS-003,,366394fe-2414-44ab-b849-3a19fdb9b8b2,5/19/2026 8:19:22 PM,KARABEER@boisestate.edu_boisestate,5/19/2026 8:19:22 PM,KARABEER@boisestate.edu_boisestate
1110,c16b4680-7440-40c6-a59f-3838d6653d62,K4,1,1779220800000,08:14,WIPT,1,1,,0,0,,0,Visual,46,120,74,1853,GPS-003,,366394fe-2414-44ab-b849-3a19fdb9b8b2,5/19/2026 8:19:22 PM,KARABEER@boisestate.edu_boisestate,5/19/2026 8:19:22 PM,KARABEER@boisestate.edu_boisestate
1111,49ddc9f6-6693-4363-97ee-91a6c5edddc9,K4,1,1779220800000,08:14,WISN,0,,,0,,,1,Audio,46,320,20,1853,GPS-003,,366394fe-2414-44ab-b849-3a19fdb9b8b2,5/19/2026 8:19:22 PM,KARABEER@boisestate.edu_boisestate,5/19/2026 8:19:22 PM,KARABEER@boisestate.edu_boisestate
1112,6b4eca3d-4440-4b3c-9822-2152ce2cb868,K4,1,1779220800000,08:14,SSHA,0,,,0,,,2,Visual,46,-99,0,1854,GPS-003,,366394fe-2414-44ab-b849-3a19fdb9b8b2,5/19/2026 8:19:22 PM,KARABEER@boisestate.edu_boisestate,5/19/2026 8:19:22 PM,KARABEER@boisestate.edu_boisestate
1113,56be268e-b4e6-421b-a37d-39702f08d7e9,K4,1,1779220800000,08:15,WIPT,1,1,,0,0,,0,Visual,46,330,55,1854,GPS-003,,366394fe-2414-44ab-b849-3a19fdb9b8b2,5/19/2026 8:19:22 PM,KARABEER@boisestate.edu_boisestate,5/19/2026 8:19:22 PM,KARABEER@boisestate.edu_boisestate
1114,9d48ef4d-c75f-4f72-b95b-b2ed6633be13,K4,1,1779220800000,08:16,WIPT,1,1,,0,0,,0,Visual,47,320,14,1855,GPS-003,,366394fe-2414-44ab-b849-3a19fdb9b8b2,5/19/2026 8:19:22 PM,KARABEER@boisestate.edu_boisestate,5/19/2026 8:19:22 PM,KARABEER@boisestate.edu_boisestate
1115,c3f2b003-6ad6-4d2a-9826-99704b085bb0,K4,1,1779220800000,08:16,SSHA,0,,,0,,,2,Visual,47,330,19,1856,GPS-003,,366394fe-2414-44ab-b849-3a19fdb9b8b2,5/19/2026 8:19:22 PM,KARABEER@boisestate.edu_boisestate,5/19/2026 8:19:22 PM,KARABEER@boisestate.edu_boisestate
1116,7dc89b8f-1baf-4eb6-8bcf-9517a838feee,K4,1,1779220800000,08:18,WIPT,1,1,,1,1,,0,Visual,47,-99,0,1857,GPS-003,,366394fe-2414-44ab-b849-3a19fdb9b8b2,5/19/2026 8:19:22 PM,KARABEER@boisestate.edu_boisestate,5/19/2026 8:19:22 PM,KARABEER@boisestate.edu_boisestate
1117,e1a35d09-f540-49bd-8f83-feb496b0afcf,K4,1,1779220800000,08:19,SSHA,0,,,0,,,1,Visual,47,-99,0,1858,GPS-003,,366394fe-2414-44ab-b849-3a19fdb9b8b2,5/19/2026 8:19:22 PM,KARABEER@boisestate.edu_boisestate,5/19/2026 8:19:22 PM,KARABEER@boisestate.edu_boisestate
1118,f00a4cce-59ae-4ed4-8fb6-1ad4502aa5c4,K4,1,1779220800000,08:20,WISN,0,,,0,,,1,Visual,47,-99,0,1859,GPS-003,,366394fe-2414-44ab-b849-3a19fdb9b8b2,5/19/2026 8:19:22 PM,KARABEER@boisestate.edu_boisestate,5/19/2026 8:19:22 PM,KARABEER@boisestate.edu_boisestate
1119,ea462430-2699-43db-a8bc-89ee905163fc,K4,1,1779220800000,08:21,SSHA,0,,,0,,,1,Visual,47,-99,0,1860,GPS-003,,366394fe-2414-44ab-b849-3a19fdb9b8b2,5/19/2026 8:19:22 PM,KARABEER@boisestate.edu_boisestate,5/19/2026 8:19:22 PM,KARABEER@boisestate.edu_boisestate
1120,cba3a46f-eb2f-4b28-9b70-091a2d6da657,K4,1,1779220800000,08:22,SSHA,0,,,0,,,3,Visual,47,-99,0,1861,GPS-003,,366394fe-2414-44ab-b849-3a19fdb9b8b2,5/19/2026 8:19:22 PM,KARABEER@boisestate.edu_boisestate,5/19/2026 8:19:22 PM,KARABEER@boisestate.edu_boisestate
1121,65d527d4-531a-4fb8-b08f-3b776a4bd26f,K4,1,1779220800000,08:23,SSHA,0,,,0,,,1,Visual,47,10,10,1862,GPS-003,,366394fe-2414-44ab-b849-3a19fdb9b8b2,5/19/2026 8:19:22 PM,KARABEER@boisestate.edu_boisestate,5/19/2026 8:19:22 PM,KARABEER@boisestate.edu_boisestate
1122,4023ca71-019c-4fb3-ae8b-634203edd2d5,K4,1,1779220800000,08:24,WIPT,1,1,,0,0,,0,Visual,47,340,62,1862,GPS-003,,366394fe-2414-44ab-b849-3a19fdb9b8b2,5/19/2026 8:19:22 PM,KARABEER@boisestate.edu_boisestate,5/19/2026 8:19:22 PM,KARABEER@boisestate.edu_boisestate
1123,7340cf9f-7cc4-41cb-8b4a-d5b211966359,K4,1,1779220800000,08:24,SSHA,0,,,0,,,1,Visual,47,325,18,1862,GPS-003,,366394fe-2414-44ab-b849-3a19fdb9b8b2,5/19/2026 8:19:22 PM,KARABEER@boisestate.edu_boisestate,5/19/2026 8:19:22 PM,KARABEER@boisestate.edu_boisestate
1124,c61e88d6-7e89-4ee3-a382-3555f19e0c2e,K4,1,1779220800000,08:25,SSHA,0,,,0,,,1,Visual,47,180,15,1863,GPS-003,,366394fe-2414-44ab-b849-3a19fdb9b8b2,5/19/2026 8:19:22 PM,KARABEER@boisestate.edu_boisestate,5/19/2026 8:19:22 PM,KARABEER@boisestate.edu_boisestate
1125,aada5a9e-f2ac-4e23-8e99-58001db6c75c,K4,1,1779220800000,08:25,WIPT,0,0,,0,0,,1,Audio,47,140,20,1863,GPS-003,,366394fe-2414-44ab-b849-3a19fdb9b8b2,5/19/2026 8:19:22 PM,KARABEER@boisestate.edu_boisestate,5/19/2026 8:19:22 PM,KARABEER@boisestate.edu_boisestate
1126,6472c68d-add2-4bb1-b7ec-d59c7dd2fb25,K4,1,1779220800000,08:26,SSHA,0,,,0,,,1,Visual,47,182,10,1864,GPS-003,,366394fe-2414-44ab-b849-3a19fdb9b8b2,5/19/2026 8:19:22 PM,KARABEER@boisestate.edu_boisestate,5/19/2026 8:19:22 PM,KARABEER@boisestate.edu_boisestate
1127,e5def9cd-92e2-439c-aa03-5e948ae505fc,K4,1,1779220800000,08:27,SSHA,0,,,0,,,2,Visual,47,-99,0,1865,GPS-003,,366394fe-2414-44ab-b849-3a19fdb9b8b2,5/19/2026 8:19:22 PM,KARABEER@boisestate.edu_boisestate,5/19/2026 8:19:22 PM,KARABEER@boisestate.edu_boisestate
1128,0b6cd655-367b-46a7-9cb5-a7bc4aaee0a1,K4,1,1779220800000,08:27,WIPT,1,1,,0,0,,0,Visual,47,0,8,1865,GPS-003,,366394fe-2414-44ab-b849-3a19fdb9b8b2,5/19/2026 8:19:22 PM,KARABEER@boisestate.edu_boisestate,5/19/2026 8:19:22 PM,KARABEER@boisestate.edu_boisestate
1129,b287ddbe-d02f-4505-8e82-4a54749687a0,K4,1,1779220800000,08:29,WIPT,1,1,,0,0,,0,Visual,47,330,45,1866,GPS-003,,366394fe-2414-44ab-b849-3a19fdb9b8b2,5/19/2026 8:19:22 PM,KARABEER@boisestate.edu_boisestate,5/19/2026 8:19:22 PM,KARABEER@boisestate.edu_boisestate
1130,5e59cc41-64c0-471b-8e9a-adbe3306c7ac,K4,1,1779220800000,08:30,PTAR,0,,,0,,,1,Visual,47,340,46,1867,GPS-003,,366394fe-2414-44ab-b849-3a19fdb9b8b2,5/19/2026 8:19:22 PM,KARABEER@boisestate.edu_boisestate,5/19/2026 8:19:22 PM,KARABEER@boisestate.edu_boisestate
1131,a38d6a2e-6a59-496c-a3e8-fb841f5c9327,K4,1,1779220800000,08:30,WIPT,1,1,,0,0,,0,Visual,47,-99,0,1868,GPS-003,,366394fe-2414-44ab-b849-3a19fdb9b8b2,5/19/2026 8:19:22 PM,KARABEER@boisestate.edu_boisestate,5/19/2026 8:19:22 PM,KARABEER@boisestate.edu_boisestate
1132,d24e7f1b-ba23-4d1a-8e21-b5f1eae8e931,K4,1,1779220800000,08:31,WIPT,1,1,,0,0,,0,Visual,48,345,46,1869,GPS-003,,366394fe-2414-44ab-b849-3a19fdb9b8b2,5/19/2026 8:19:22 PM,KARABEER@boisestate.edu_boisestate,5/19/2026 8:19:22 PM,KARABEER@boisestate.edu_boisestate
1133,27feac17-f361-4400-a041-37f84fa7f617,K4,1,1779220800000,08:31,WIPT,1,1,,0,0,,0,Visual,48,340,226,1869,GPS-003,,366394fe-2414-44ab-b849-3a19fdb9b8b2,5/19/2026 8:19:22 PM,KARABEER@boisestate.edu_boisestate,5/19/2026 8:19:22 PM,KARABEER@boisestate.edu_boisestate
1134,71c104b0-bee9-4dda-8a6d-7caa8cfe4e77,K4,1,1779220800000,08:31,WIPT,1,1,,0,0,,0,Visual,48,335,327,1869,GPS-003,,366394fe-2414-44ab-b849-3a19fdb9b8b2,5/19/2026 8:19:22 PM,KARABEER@boisestate.edu_boisestate,5/19/2026 8:19:22 PM,KARABEER@boisestate.edu_boisestate
1135,2b5049aa-626f-40a5-b9bb-b564c8de3f79,K4,1,1779220800000,08:32,SSHA,0,,,0,,,1,Visual,48,-99,0,1870,GPS-003,,366394fe-2414-44ab-b849-3a19fdb9b8b2,5/19/2026 8:19:22 PM,KARABEER@boisestate.edu_boisestate,5/19/2026 8:19:22 PM,KARABEER@boisestate.edu_boisestate
1136,57a029d5-f74e-4340-a77b-077f38c4f475,K4,1,1779220800000,08:32,WIPT,1,1,,0,0,,0,Visual,48,350,65,1871,GPS-003,,366394fe-2414-44ab-b849-3a19fdb9b8b2,5/19/2026 8:19:22 PM,KARABEER@boisestate.edu_boisestate,5/19/2026 8:19:22 PM,KARABEER@boisestate.edu_boisestate
1137,f582a970-5462-46ca-aef9-b092499b4aa2,K4,1,1779220800000,08:33,WIPT,1,1,,1,1,,0,Visual,48,140,34,1872,GPS-003,,366394fe-2414-44ab-b849-3a19fdb9b8b2,5/19/2026 8:19:22 PM,KARABEER@boisestate.edu_boisestate,5/19/2026 8:19:22 PM,KARABEER@boisestate.edu_boisestate
1138,10353281-c12b-4de1-b86a-2a58325ac32d,K4,1,1779220800000,08:34,WIPT,1,1,,1,1,,0,Visual,48,-99,0,1873,GPS-003,,366394fe-2414-44ab-b849-3a19fdb9b8b2,5/19/2026 8:19:22 PM,KARABEER@boisestate.edu_boisestate,5/19/2026 8:19:22 PM,KARABEER@boisestate.edu_boisestate
1139,f4112698-6ab2-417a-ae02-4582b4430d11,K4,1,1779220800000,08:35,WIPT,1,1,,0,0,,0,Visual,48,130,340,1874,GPS-003,,366394fe-2414-44ab-b849-3a19fdb9b8b2,5/19/2026 8:19:22 PM,KARABEER@boisestate.edu_boisestate,5/19/2026 8:19:22 PM,KARABEER@boisestate.edu_boisestate
1140,7055a36c-1dd8-402a-9bdd-e39f81e83516,K4,1,1779220800000,08:36,WISN,0,,,0,,,1,Audio,48,100,35,1874,GPS-003,,366394fe-2414-44ab-b849-3a19fdb9b8b2,5/19/2026 8:19:22 PM,KARABEER@boisestate.edu_boisestate,5/19/2026 8:19:22 PM,KARABEER@boisestate.edu_boisestate
1141,9dc60af8-5adb-4f75-b025-23fd85650753,K4,1,1779220800000,08:36,WIPT,1,1,,0,0,,0,Visual,48,0,155,1874,GPS-003,,366394fe-2414-44ab-b849-3a19fdb9b8b2,5/19/2026 8:19:22 PM,KARABEER@boisestate.edu_boisestate,5/19/2026 8:19:22 PM,KARABEER@boisestate.edu_boisestate
1142,637f0c22-5f9e-4f1c-b3e6-81900f6bc1e4,K4,1,1779220800000,08:37,WIPT,1,1,,0,0,,0,Visual,48,140,10,1875,GPS-003,,366394fe-2414-44ab-b849-3a19fdb9b8b2,5/19/2026 8:19:22 PM,KARABEER@boisestate.edu_boisestate,5/19/2026 8:19:22 PM,KARABEER@boisestate.edu_boisestate
1143,84cc01a8-e659-4713-81a4-93f99c55d891,K4,1,1779220800000,08:39,AGSQ,0,,,0,,,2,Visual,48,5,73,1876,GPS-003,,366394fe-2414-44ab-b849-3a19fdb9b8b2,5/19/2026 8:19:22 PM,KARABEER@boisestate.edu_boisestate,5/19/2026 8:19:22 PM,KARABEER@boisestate.edu_boisestate
1144,190cd6a7-5aa6-4c45-a523-cbd6171f6260,K4,1,1779220800000,08:39,WIPT,1,1,,0,0,,0,Visual,48,135,43,1877,GPS-003,,366394fe-2414-44ab-b849-3a19fdb9b8b2,5/19/2026 8:19:22 PM,KARABEER@boisestate.edu_boisestate,5/19/2026 8:19:22 PM,KARABEER@boisestate.edu_boisestate
1145,91f3fc66-3a84-4b79-bfc2-169aebf4bb48,K4,1,1779220800000,08:40,SSHA,0,,,0,,,1,Visual,48,-99,0, 1878,GPS-003,,366394fe-2414-44ab-b849-3a19fdb9b8b2,5/19/2026 8:19:22 PM,KARABEER@boisestate.edu_boisestate,5/19/2026 8:19:22 PM,KARABEER@boisestate.edu_boisestate
1146,bcb8bc4d-d594-4aad-ad94-be00504e7c4a,K4,1,1779220800000,08:40,WIPT,1,1,,0,0,,0,Visual,48,320,98,1879,GPS-003,,366394fe-2414-44ab-b849-3a19fdb9b8b2,5/19/2026 8:19:22 PM,KARABEER@boisestate.edu_boisestate,5/19/2026 8:19:22 PM,KARABEER@boisestate.edu_boisestate
1147,112294bb-f02e-411b-bd8b-7cf98337f864,K4,1,1779220800000,08:41,WIPT,1,1,,0,0,,0,Visual,49,150,132,1880,GPS-003,,366394fe-2414-44ab-b849-3a19fdb9b8b2,5/19/2026 8:19:22 PM,KARABEER@boisestate.edu_boisestate,5/19/2026 8:19:22 PM,KARABEER@boisestate.edu_boisestate
1148,647955b4-ac53-4985-8453-1ec8e409aa07,K4,1,1779220800000,08:42,AGSQ,0,,,0,,,1,Visual,49,130,38,1881,GPS-003,,366394fe-2414-44ab-b849-3a19fdb9b8b2,5/19/2026 8:19:22 PM,KARABEER@boisestate.edu_boisestate,5/19/2026 8:19:22 PM,KARABEER@boisestate.edu_boisestate
1149,37b2a538-9e9f-4c02-a81f-1b2d48448290,K4,1,1779220800000,08:42,WIPT,1,1,,0,0,,0,Visual,49,110,135,1881,GPS-003,,366394fe-2414-44ab-b849-3a19fdb9b8b2,5/19/2026 8:19:22 PM,KARABEER@boisestate.edu_boisestate,5/19/2026 8:19:22 PM,KARABEER@boisestate.edu_boisestate
1150,078c739e-d521-4584-848d-30fc3b04f847,K4,1,1779220800000,08:43,WIPT,1,1,,0,0,,0,Visual,49,-99,0,1882,GPS-003,,366394fe-2414-44ab-b849-3a19fdb9b8b2,5/19/2026 8:19:22 PM,KARABEER@boisestate.edu_boisestate,5/19/2026 8:19:22 PM,KARABEER@boisestate.edu_boisestate
1151,00bdb939-c2d2-4cf9-a0dc-9de6864ce7e7,K4,1,1779220800000,08:45,WIPT,1,1,,0,0,,0,Visual,49,350,41,1883,GPS-003,,366394fe-2414-44ab-b849-3a19fdb9b8b2,5/19/2026 8:19:22 PM,KARABEER@boisestate.edu_boisestate,5/19/2026 8:19:22 PM,KARABEER@boisestate.edu_boisestate
1152,c4fcc20e-f414-4f4b-9991-5fea7bee55dd,K4,1,1779220800000,08:45,WISN,0,,,0,,,1,Audio,49,100,100,1884,GPS-003,,366394fe-2414-44ab-b849-3a19fdb9b8b2,5/19/2026 8:19:22 PM,KARABEER@boisestate.edu_boisestate,5/19/2026 8:19:22 PM,KARABEER@boisestate.edu_boisestate
1153,efb28913-902d-4bda-8a97-de4a887b5d80,K4,1,1779220800000,08:46,WIPT,1,1,,0,0,,0,Visual,49,140,88,1885,GPS-003,,366394fe-2414-44ab-b849-3a19fdb9b8b2,5/19/2026 8:19:22 PM,KARABEER@boisestate.edu_boisestate,5/19/2026 8:19:22 PM,KARABEER@boisestate.edu_boisestate
1154,44688bda-19d1-420f-8094-e6f250035900,K4,1,1779220800000,08:46,WIPT,1,1,,0,0,,0,Visual,49,320,149,1886,GPS-003,,366394fe-2414-44ab-b849-3a19fdb9b8b2,5/19/2026 8:19:22 PM,KARABEER@boisestate.edu_boisestate,5/19/2026 8:19:22 PM,KARABEER@boisestate.edu_boisestate
1155,3e73cd17-745f-49b4-8bfc-0496d4fd3ca1,K4,1,1779220800000,08:48,WIPT,1,1,,1,0,,0,Visual,49,-99,0,1887,GPS-003,,366394fe-2414-44ab-b849-3a19fdb9b8b2,5/19/2026 8:19:22 PM,KARABEER@boisestate.edu_boisestate,5/19/2026 8:19:22 PM,KARABEER@boisestate.edu_boisestate
1156,862cc51e-acbe-422a-911c-16496ca428b7,K4,1,1779220800000,08:48,WIPT,1,1,,0,0,,0,Visual,49,120,80,1887,GPS-003,,366394fe-2414-44ab-b849-3a19fdb9b8b2,5/19/2026 8:19:22 PM,KARABEER@boisestate.edu_boisestate,5/19/2026 8:19:22 PM,KARABEER@boisestate.edu_boisestate
1157,098fce1a-646a-4eaa-9940-48bb1e2754bc,K4,1,1779220800000,08:49,ROPT,1,,1,0,,0,0,Visual,49,320,236,1888,GPS-003,,366394fe-2414-44ab-b849-3a19fdb9b8b2,5/19/2026 8:19:22 PM,KARABEER@boisestate.edu_boisestate,5/19/2026 8:19:22 PM,KARABEER@boisestate.edu_boisestate
1158,bc50434b-a607-40b6-af20-a9153991b2ff,K4,1,1779220800000,08:50,WIPT,1,1,,0,0,,0,Visual,49,190,18,1889,GPS-003,,366394fe-2414-44ab-b849-3a19fdb9b8b2,5/19/2026 8:19:22 PM,KARABEER@boisestate.edu_boisestate,5/19/2026 8:19:22 PM,KARABEER@boisestate.edu_boisestate
1159,79b23a7b-2470-4213-8091-f11b6d60bddc,K4,1,1779220800000,08:53,WIPT,1,1,,0,0,,0,Visual,49,130,100,1890,GPS-003,,366394fe-2414-44ab-b849-3a19fdb9b8b2,5/19/2026 8:19:22 PM,KARABEER@boisestate.edu_boisestate,5/19/2026 8:19:22 PM,KARABEER@boisestate.edu_boisestate
1160,49809377-3fab-44ae-a465-1bbc148fad22,K4,1,1779220800000,08:53,WIPT,1,1,,0,0,,0,Visual,50,135,8,1891,GPS-003,,366394fe-2414-44ab-b849-3a19fdb9b8b2,5/19/2026 8:19:22 PM,KARABEER@boisestate.edu_boisestate,5/19/2026 8:19:22 PM,KARABEER@boisestate.edu_boisestate
1161,cefc9d1a-6913-4d59-8a73-f29416455870,K4,1,1779220800000,08:55,ROPT,1,,1,1,,1,0,Visual,50,140,18,1892,GPS-003,,366394fe-2414-44ab-b849-3a19fdb9b8b2,5/19/2026 8:19:22 PM,KARABEER@boisestate.edu_boisestate,5/19/2026 8:19:22 PM,KARABEER@boisestate.edu_boisestate
1162,143f0201-38d6-4665-a390-013a9ce8446a,K4,1,1779220800000,08:56,ROPT,1,,1,0,,0,0,Visual,50,110,225,1893,GPS-003,,366394fe-2414-44ab-b849-3a19fdb9b8b2,5/19/2026 8:19:22 PM,KARABEER@boisestate.edu_boisestate,5/19/2026 8:19:22 PM,KARABEER@boisestate.edu_boisestate
1163,6694a5ad-94ef-4f3d-9ca8-3d40a1b56135,K4,1,1779220800000,08:56,WIPT,1,1,,0,0,,0,Visual,50,135,8,1894,GPS-003,,366394fe-2414-44ab-b849-3a19fdb9b8b2,5/19/2026 8:19:22 PM,KARABEER@boisestate.edu_boisestate,5/19/2026 8:19:22 PM,KARABEER@boisestate.edu_boisestate
1164,91537ec1-52b1-4ce1-9a6e-6385d22828d1,K4,1,1779220800000,08:58,GOPL,0,,,0,,,1,Visual,50,350,23,1895,GPS-003,,366394fe-2414-44ab-b849-3a19fdb9b8b2,5/19/2026 8:19:22 PM,KARABEER@boisestate.edu_boisestate,5/19/2026 8:19:22 PM,KARABEER@boisestate.edu_boisestate
1165,2468f03e-a23e-4bb8-9a96-7f4b112c401b,K4,1,1779220800000,09:01,WIPT,1,1,,0,0,,0,Visual,50,350,41,1896,GPS-003,,366394fe-2414-44ab-b849-3a19fdb9b8b2,5/19/2026 8:19:22 PM,KARABEER@boisestate.edu_boisestate,5/19/2026 8:19:22 PM,KARABEER@boisestate.edu_boisestate
1166,1604eb66-396d-4560-898f-be5e325d7ec3,K4,1,1779220800000,09:02,WIPT,1,1,,0,0,,0,Visual,50,340,7,1897,GPS-003,,366394fe-2414-44ab-b849-3a19fdb9b8b2,5/19/2026 8:19:22 PM,KARABEER@boisestate.edu_boisestate,5/19/2026 8:19:22 PM,KARABEER@boisestate.edu_boisestate
1167,271aa3a5-1abf-4f8e-b083-1c635b0f4b84,K4,1,1779220800000,09:02,WIPT,1,1,,0,0,,0,Visual,50,340,122,1898,GPS-003,,366394fe-2414-44ab-b849-3a19fdb9b8b2,5/19/2026 8:19:22 PM,KARABEER@boisestate.edu_boisestate,5/19/2026 8:19:22 PM,KARABEER@boisestate.edu_boisestate
1168,f34b2f29-cdf8-42a5-877a-744846472f68,K4,1,1779220800000,09:03,WIPT,1,1,,0,0,,0,Visual,50,140,37,1899,GPS-003,,366394fe-2414-44ab-b849-3a19fdb9b8b2,5/19/2026 8:19:22 PM,KARABEER@boisestate.edu_boisestate,5/19/2026 8:19:22 PM,KARABEER@boisestate.edu_boisestate
1169,70480b45-9cbd-4d47-8c9e-58ddb37ffb4c,K4,1,1779220800000,09:04,WIPT,1,1,,0,0,,0,Visual,50,130,24,1900,GPS-003,,366394fe-2414-44ab-b849-3a19fdb9b8b2,5/19/2026 8:19:22 PM,KARABEER@boisestate.edu_boisestate,5/19/2026 8:19:22 PM,KARABEER@boisestate.edu_boisestate
1170,70e29fd0-29c1-4274-bcdf-9322c75bbc60,K4,1,1779220800000,09:04,WIPT,1,1,,0,0,,0,Visual,50,120,63,1900,GPS-003,,366394fe-2414-44ab-b849-3a19fdb9b8b2,5/19/2026 8:19:22 PM,KARABEER@boisestate.edu_boisestate,5/19/2026 8:19:22 PM,KARABEER@boisestate.edu_boisestate
1171,390c824f-d9a2-44be-9a92-4b728f06cac4,K4,1,1779220800000,09:05,WIPT,1,1,,0,0,,0,Visual,50,320,157,1900,GPS-003,,366394fe-2414-44ab-b849-3a19fdb9b8b2,5/19/2026 8:19:22 PM,KARABEER@boisestate.edu_boisestate,5/19/2026 8:19:22 PM,KARABEER@boisestate.edu_boisestate
1172,8d27aa30-0f2d-49f2-a0c8-30c35b6acd88,K4,1,1779220800000,09:05,WIPT,1,1,,0,0,,0,Visual,50,320,303,1901,GPS-003,,366394fe-2414-44ab-b849-3a19fdb9b8b2,5/19/2026 8:19:22 PM,KARABEER@boisestate.edu_boisestate,5/19/2026 8:19:22 PM,KARABEER@boisestate.edu_boisestate
1173,fe4fe742-0a7a-46a1-b7a6-d00bc2475942,K4,1,1779220800000,09:06,WIPT,1,1,,0,0,,0,Visual,50,330,171,1902,GPS-003,,366394fe-2414-44ab-b849-3a19fdb9b8b2,5/19/2026 8:19:22 PM,KARABEER@boisestate.edu_boisestate,5/19/2026 8:19:22 PM,KARABEER@boisestate.edu_boisestate
1174,fca60baf-9a1a-4057-9be5-add8c74274ba,K4,1,1779220800000,09:07,WIPT,1,1,,0,0,,0,Visual,51,-99,0,1903,GPS-003,,366394fe-2414-44ab-b849-3a19fdb9b8b2,5/19/2026 8:19:22 PM,KARABEER@boisestate.edu_boisestate,5/19/2026 8:19:22 PM,KARABEER@boisestate.edu_boisestate
1175,430d4ab9-857c-409e-9d67-9da82979fe78,K4,1,1779220800000,09:09,ROPT,0,,0,0,,0,2,Visual,51,150,248,1904,GPS-003,,366394fe-2414-44ab-b849-3a19fdb9b8b2,5/19/2026 8:19:22 PM,KARABEER@boisestate.edu_boisestate,5/19/2026 8:19:22 PM,KARABEER@boisestate.edu_boisestate
1176,610a682e-b0ee-4828-bb16-c9de3cb40811,K4,1,1779220800000,09:10,WIPT,1,1,,0,0,,0,Audio,51,290,50,1904,GPS-003,,366394fe-2414-44ab-b849-3a19fdb9b8b2,5/19/2026 8:19:22 PM,KARABEER@boisestate.edu_boisestate,5/19/2026 8:19:22 PM,KARABEER@boisestate.edu_boisestate
1177,fee1d78a-81ba-4730-9db8-cdf5c802b6b8,K4,1,1779220800000,09:11,WIPT,1,1,,0,0,,0,Visual,51,130,26,1905,GPS-003,,366394fe-2414-44ab-b849-3a19fdb9b8b2,5/19/2026 8:19:22 PM,KARABEER@boisestate.edu_boisestate,5/19/2026 8:19:22 PM,KARABEER@boisestate.edu_boisestate
1178,fbaba992-a8c5-4674-a4ab-d49a88df914d,K4,1,1779220800000,09:11,ROPT,1,,1,0,,0,0,Visual,51,340,75,1906,GPS-003,,366394fe-2414-44ab-b849-3a19fdb9b8b2,5/19/2026 8:19:22 PM,KARABEER@boisestate.edu_boisestate,5/19/2026 8:19:22 PM,KARABEER@boisestate.edu_boisestate
1179,84d40067-1b71-49d2-8ce7-2667f3947d27,K4,1,1779220800000,09:12,WIPT,1,1,,0,0,,0,Visual,51,125,320,1907,GPS-003,,366394fe-2414-44ab-b849-3a19fdb9b8b2,5/19/2026 8:19:22 PM,KARABEER@boisestate.edu_boisestate,5/19/2026 8:19:22 PM,KARABEER@boisestate.edu_boisestate
1180,06f0a179-0b5b-45f5-85b3-90b7c37f94dc,K4,1,1779220800000,09:15,WIPT,1,1,,0,0,,0,Visual,52,85,50,1908,GPS-003,,366394fe-2414-44ab-b849-3a19fdb9b8b2,5/19/2026 8:19:22 PM,KARABEER@boisestate.edu_boisestate,5/19/2026 8:19:22 PM,KARABEER@boisestate.edu_boisestate
1181,a88906d5-fd21-40c4-a5c5-365ecb319b06,K4,1,1779220800000,09:15,WIPT,1,1,,0,0,,0,Visual,52,170,10,1909,GPS-003,,366394fe-2414-44ab-b849-3a19fdb9b8b2,5/19/2026 8:19:22 PM,KARABEER@boisestate.edu_boisestate,5/19/2026 8:19:22 PM,KARABEER@boisestate.edu_boisestate
1182,da1aa8ea-984a-4246-85c8-996ae8a8df65,K4,1,1779220800000,09:16,WIPT,1,1,,1,1,,0,Visual,52,110,9,1910,GPS-003,,366394fe-2414-44ab-b849-3a19fdb9b8b2,5/19/2026 8:19:22 PM,KARABEER@boisestate.edu_boisestate,5/19/2026 8:19:22 PM,KARABEER@boisestate.edu_boisestate
1183,ebded584-988a-4adb-b7be-281edc4d8d3f,K4,1,1779220800000,09:17,WIPT,1,1,,0,0,,0,Visual,53,130,10,1911,GPS-003,,366394fe-2414-44ab-b849-3a19fdb9b8b2,5/19/2026 8:19:22 PM,KARABEER@boisestate.edu_boisestate,5/19/2026 8:19:22 PM,KARABEER@boisestate.edu_boisestate
1184,bdb42e25-006e-4e95-a940-5d58267a44ac,K4,1,1779220800000,09:17,SSHA,0,,,0,,,1,Visual,53,165,13,1912,GPS-003,,366394fe-2414-44ab-b849-3a19fdb9b8b2,5/19/2026 8:19:22 PM,KARABEER@boisestate.edu_boisestate,5/19/2026 8:19:22 PM,KARABEER@boisestate.edu_boisestate
1185,8dd31ccb-ac46-45cc-8e4a-9594a6284af6,K5,1,1779220800000,09:23,WIPT,1,1,,0,0,,0,Visual,53,120,72,1913,GPS-003,,3b12db08-0467-4f5b-980b-baba1236ef24,5/19/2026 8:19:23 PM,KARABEER@boisestate.edu_boisestate,5/19/2026 8:19:23 PM,KARABEER@boisestate.edu_boisestate
1186,6d249da6-5a30-4910-aaf8-33593067617c,K5,1,1779220800000,09:27,WIPT,1,1,,0,0,,0,Visual,53,330,73,1914,GPS-003,,3b12db08-0467-4f5b-980b-baba1236ef24,5/19/2026 8:19:23 PM,KARABEER@boisestate.edu_boisestate,5/19/2026 8:19:23 PM,KARABEER@boisestate.edu_boisestate
1187,e6308337-b9b4-4377-ad8f-9c84860c1a43,K5,1,1779220800000,09:28,SSHA,0,,,0,,,1,Visual,53,-99,0,1915,GPS-003,,3b12db08-0467-4f5b-980b-baba1236ef24,5/19/2026 8:19:23 PM,KARABEER@boisestate.edu_boisestate,5/19/2026 8:19:23 PM,KARABEER@boisestate.edu_boisestate
1188,4ee964a4-fd32-40c0-aa1e-d313edfece5c,K5,1,1779220800000,09:29,SSHA,0,,,0,,,1,Visual,53,270,15,1916,GPS-003,,3b12db08-0467-4f5b-980b-baba1236ef24,5/19/2026 8:19:23 PM,KARABEER@boisestate.edu_boisestate,5/19/2026 8:19:23 PM,KARABEER@boisestate.edu_boisestate
1189,b7a30030-42cc-4ded-93a4-ccf49745da63,K5,1,1779220800000,09:30,SSHA,0,,,0,,,2,Visual,53,-99,0,1917,GPS-003,,3b12db08-0467-4f5b-980b-baba1236ef24,5/19/2026 8:19:23 PM,KARABEER@boisestate.edu_boisestate,5/19/2026 8:19:23 PM,KARABEER@boisestate.edu_boisestate
1190,88e77d67-08eb-4138-aa70-3e0baa7da19a,K5,1,1779220800000,09:31,WIPT,0,0,,0,0,,1,Audio,53,310,60,1918,GPS-003,,3b12db08-0467-4f5b-980b-baba1236ef24,5/19/2026 8:19:23 PM,KARABEER@boisestate.edu_boisestate,5/19/2026 8:19:23 PM,KARABEER@boisestate.edu_boisestate
1191,5e86fc22-6188-4136-8327-2e46536a86ab,K5,1,1779220800000,09:33,WIPT,1,1,,0,0,,0,Visual,54,330,270,1919,GPS-003,,3b12db08-0467-4f5b-980b-baba1236ef24,5/19/2026 8:19:23 PM,KARABEER@boisestate.edu_boisestate,5/19/2026 8:19:23 PM,KARABEER@boisestate.edu_boisestate
1192,7bb5febb-9682-4e0a-9e0f-7e7ec5349128,K5,1,1779220800000,09:34,WIPT,1,1,,0,0,,0,Visual,54,160,6,1920,GPS-003,,3b12db08-0467-4f5b-980b-baba1236ef24,5/19/2026 8:19:23 PM,KARABEER@boisestate.edu_boisestate,5/19/2026 8:19:23 PM,KARABEER@boisestate.edu_boisestate
1193,0f290761-5b04-4591-aacd-0701e397f6ef,K5,1,1779220800000,09:35,WIPT,1,1,,1,1,,0,Visual,54,160,11,1921,GPS-003,,3b12db08-0467-4f5b-980b-baba1236ef24,5/19/2026 8:19:23 PM,KARABEER@boisestate.edu_boisestate,5/19/2026 8:19:23 PM,KARABEER@boisestate.edu_boisestate
1194,ca7b5ad7-df14-4a82-9689-f98bc4b908d3,K5,1,1779220800000,09:36,WIPT,1,1,,0,0,,0,Visual,54,0,58,1922,GPS-003,,3b12db08-0467-4f5b-980b-baba1236ef24,5/19/2026 8:19:23 PM,KARABEER@boisestate.edu_boisestate,5/19/2026 8:19:23 PM,KARABEER@boisestate.edu_boisestate
1195,4b0ab79f-c649-40bb-aa27-244cb073a767,K5,1,1779220800000,09:39,WIPT,1,1,,0,0,,0,Visual,55,150,1,1923,GPS-003,,3b12db08-0467-4f5b-980b-baba1236ef24,5/19/2026 8:19:23 PM,KARABEER@boisestate.edu_boisestate,5/19/2026 8:19:23 PM,KARABEER@boisestate.edu_boisestate
1196,d522553a-1f01-4d27-b416-bc94e36854f8,K5,1,1779220800000,09:39,WIPT,1,1,,0,0,,0,Visual,55,5,71,1924,GPS-003,,3b12db08-0467-4f5b-980b-baba1236ef24,5/19/2026 8:19:23 PM,KARABEER@boisestate.edu_boisestate,5/19/2026 8:19:23 PM,KARABEER@boisestate.edu_boisestate
1197,d6d80074-d893-4940-925a-49c15286f372,K5,1,1779220800000,09:40,WIPT,1,0,,0,0,,0,Audio,55,150,75,1924,GPS-003,,3b12db08-0467-4f5b-980b-baba1236ef24,5/19/2026 8:19:23 PM,KARABEER@boisestate.edu_boisestate,5/19/2026 8:19:23 PM,KARABEER@boisestate.edu_boisestate
1198,e8252a35-a31c-4680-a620-d82ba6f16be8,K5,1,1779220800000,09:41,WIPT,1,1,,0,0,,0,Visual,55,0,67,1925,GPS-003,,3b12db08-0467-4f5b-980b-baba1236ef24,5/19/2026 8:19:23 PM,KARABEER@boisestate.edu_boisestate,5/19/2026 8:19:23 PM,KARABEER@boisestate.edu_boisestate
1199,32d7942c-20b1-4481-b2fe-903504f7aee0,K5,1,1779220800000,09:42,WIPT,1,1,,0,0,,0,Visual,55,140,117,1926,GPS-003,,3b12db08-0467-4f5b-980b-baba1236ef24,5/19/2026 8:19:23 PM,KARABEER@boisestate.edu_boisestate,5/19/2026 8:19:23 PM,KARABEER@boisestate.edu_boisestate
1200,267d5d68-8873-4013-886f-881ae4626e8d,K5,1,1779220800000,09:43,WIPT,1,1,,0,0,,0,Visual,55,335,63,1927,GPS-003,,3b12db08-0467-4f5b-980b-baba1236ef24,5/19/2026 8:19:23 PM,KARABEER@boisestate.edu_boisestate,5/19/2026 8:19:23 PM,KARABEER@boisestate.edu_boisestate
1201,7fa5f6b9-9a58-4193-b3ea-5b26d25ea145,K5,1,1779220800000,09:43,WIPT,1,1,,0,0,,0,Visual,55,110,15,1927,GPS-003,,3b12db08-0467-4f5b-980b-baba1236ef24,5/19/2026 8:19:23 PM,KARABEER@boisestate.edu_boisestate,5/19/2026 8:19:23 PM,KARABEER@boisestate.edu_boisestate
1202,8438fd61-63e1-4ef3-a22b-e346846e1bb3,K5,1,1779220800000,09:44,WIPT,1,1,,0,0,,0,Visual,5,320,98,1928,GPS-003,,3b12db08-0467-4f5b-980b-baba1236ef24,5/19/2026 8:19:23 PM,KARABEER@boisestate.edu_boisestate,5/19/2026 8:19:23 PM,KARABEER@boisestate.edu_boisestate
1203,c601890d-0567-460e-bc11-5e8d0a4ad4e3,K5,1,1779220800000,09:45,WIPT,1,1,,0,0,,0,Visual,55,160,7,1929,GPS-003,,3b12db08-0467-4f5b-980b-baba1236ef24,5/19/2026 8:19:23 PM,KARABEER@boisestate.edu_boisestate,5/19/2026 8:19:23 PM,KARABEER@boisestate.edu_boisestate
1204,d470d83e-880d-4de2-a3e2-e215bbe27996,K5,1,1779220800000,09:46,WIPT,1,1,,1,1,,0,Visual,55,-99,0,1930,GPS-003,,3b12db08-0467-4f5b-980b-baba1236ef24,5/19/2026 8:19:23 PM,KARABEER@boisestate.edu_boisestate,5/19/2026 8:19:23 PM,KARABEER@boisestate.edu_boisestate
1205,c2b4b89e-89c7-44bf-b447-2b77a5886ca1,K5,1,1779220800000,09:48,WIPT,1,1,,0,0,,0,Visual,55,145,9,1931,GPS-003,,3b12db08-0467-4f5b-980b-baba1236ef24,5/19/2026 8:19:23 PM,KARABEER@boisestate.edu_boisestate,5/19/2026 8:19:23 PM,KARABEER@boisestate.edu_boisestate
1206,b801f30c-5043-440a-b562-f878587ddef9,K5,1,1779220800000,09:48,WIPT,1,1,,0,0,,0,Visual,55,150,168,1931,GPS-003,,3b12db08-0467-4f5b-980b-baba1236ef24,5/19/2026 8:19:23 PM,KARABEER@boisestate.edu_boisestate,5/19/2026 8:19:23 PM,KARABEER@boisestate.edu_boisestate
1207,81c46a49-a440-420b-9f18-b85149f5abab,K5,1,1779220800000,09:49,WISN,0,,,0,,,1,Audio,55,180,30,1931,GPS-003,,3b12db08-0467-4f5b-980b-baba1236ef24,5/19/2026 8:19:23 PM,KARABEER@boisestate.edu_boisestate,5/19/2026 8:19:23 PM,KARABEER@boisestate.edu_boisestate
1208,46dd6f77-47db-4904-aa72-65eb0d6bf1d1,K5,1,1779220800000,09:51,WIPT,1,1,,0,0,,0,Visual,56,140,42,1932,GPS-003,,3b12db08-0467-4f5b-980b-baba1236ef24,5/19/2026 8:19:23 PM,KARABEER@boisestate.edu_boisestate,5/19/2026 8:19:23 PM,KARABEER@boisestate.edu_boisestate
1209,8582fd14-9c45-40db-9cab-eb6f364b908e,K5,1,1779220800000,09:52,WISN,0,,,0,,,1,Visual,56,-99,0,1933,GPS-003,,3b12db08-0467-4f5b-980b-baba1236ef24,5/19/2026 8:19:23 PM,KARABEER@boisestate.edu_boisestate,5/19/2026 8:19:23 PM,KARABEER@boisestate.edu_boisestate
1210,ed836e28-c921-4b8e-a369-f7e6bcb98182,K5,1,1779220800000,09:52,WIPT,2,2,,0,0,,0,Visual,56,340,33,1934,GPS-003,,3b12db08-0467-4f5b-980b-baba1236ef24,5/19/2026 8:19:23 PM,KARABEER@boisestate.edu_boisestate,5/19/2026 8:19:23 PM,KARABEER@boisestate.edu_boisestate
1211,1c98c8ed-a477-4ce1-aa2f-edbd74e0ed9d,K5,1,1779220800000,09:53,WIPT,1,1,,0,0,,0,Visual,56,140,44,1935,GPS-003,,3b12db08-0467-4f5b-980b-baba1236ef24,5/19/2026 8:19:23 PM,KARABEER@boisestate.edu_boisestate,5/19/2026 8:19:23 PM,KARABEER@boisestate.edu_boisestate
1212,407ea9c3-033f-44cb-8f00-399d7f44dc5e,K5,1,1779220800000,09:54,WIPT,1,1,,0,0,,0,Visual,56,-99,0,1936,GPS-003,,3b12db08-0467-4f5b-980b-baba1236ef24,5/19/2026 8:19:23 PM,KARABEER@boisestate.edu_boisestate,5/19/2026 8:19:23 PM,KARABEER@boisestate.edu_boisestate
1213,2fcc5324-8406-4cc9-9b2d-9c6f896644c4,K5,1,1779220800000,09:55,WIPT,2,2,,0,0,,0,Visual,57,335,190,1937,GPS-003,,3b12db08-0467-4f5b-980b-baba1236ef24,5/19/2026 8:19:23 PM,KARABEER@boisestate.edu_boisestate,5/19/2026 8:19:23 PM,KARABEER@boisestate.edu_boisestate
1214,dae0d160-b02c-4747-a2fe-64cd6144c895,K5,1,1779220800000,09:56,WIPT,1,1,,0,0,,0,Visual,57,330,229,1938,GPS-003,,3b12db08-0467-4f5b-980b-baba1236ef24,5/19/2026 8:19:23 PM,KARABEER@boisestate.edu_boisestate,5/19/2026 8:19:23 PM,KARABEER@boisestate.edu_boisestate
1215,9cdb96ca-b8d3-4209-b679-fbbc58aed6d6,K5,1,1779220800000,09:58,SSHA,0,,,0,,,1,Visual,57,-99,0,1939,GPS-003,,3b12db08-0467-4f5b-980b-baba1236ef24,5/19/2026 8:19:23 PM,KARABEER@boisestate.edu_boisestate,5/19/2026 8:19:23 PM,KARABEER@boisestate.edu_boisestate
1216,713ca02c-ea57-4d38-98c7-a293d855c3a6,K5,1,1779220800000,10:06,WIPT,1,1,,0,0,,0,Audio,58,300,62,1940,GPS-003,,3b12db08-0467-4f5b-980b-baba1236ef24,5/19/2026 8:19:23 PM,KARABEER@boisestate.edu_boisestate,5/19/2026 8:19:23 PM,KARABEER@boisestate.edu_boisestate
1217,b0c04da7-863d-49e5-85fe-c50030a806bb,K5,1,1779220800000,10:07,WISN,0,,,0,,,1,Audio,58,140,32,1940,GPS-003,,3b12db08-0467-4f5b-980b-baba1236ef24,5/19/2026 8:19:23 PM,KARABEER@boisestate.edu_boisestate,5/19/2026 8:19:23 PM,KARABEER@boisestate.edu_boisestate
1218,60313848-ae1b-4847-a1f3-8bf20aed3e4f,K5,1,1779220800000,10:09,SSHA,0,,,0,,,1,Visual,58,-99,0,1941,GPS-003,,3b12db08-0467-4f5b-980b-baba1236ef24,5/19/2026 8:19:23 PM,KARABEER@boisestate.edu_boisestate,5/19/2026 8:19:23 PM,KARABEER@boisestate.edu_boisestate
1219,fdb1e27f-a585-422d-8e54-3834562f2d5d,K5,1,1779220800000,10:20,SSHA,0,,,0,,,1,Visual,61,-99,0,1942,GPS-003,,3b12db08-0467-4f5b-980b-baba1236ef24,5/19/2026 8:19:23 PM,KARABEER@boisestate.edu_boisestate,5/19/2026 8:19:23 PM,KARABEER@boisestate.edu_boisestate
1220,6344fc54-ffcf-4e5f-8a61-7e69eff42baa,K5,1,1779220800000,10:22,SSHA,0,,,0,,,1,Visual,62,-99,0,1943,GPS-003,,3b12db08-0467-4f5b-980b-baba1236ef24,5/19/2026 8:19:23 PM,KARABEER@boisestate.edu_boisestate,5/19/2026 8:19:23 PM,KARABEER@boisestate.edu_boisestate
1221,62307f6d-ebf4-4c08-b124-d0284dc5d665,K5,1,1779220800000,10:27,SSHA,0,,,0,,,1,Visual,63,-99,0,1944,GPS-003,,3b12db08-0467-4f5b-980b-baba1236ef24,5/19/2026 8:19:23 PM,KARABEER@boisestate.edu_boisestate,5/19/2026 8:19:23 PM,KARABEER@boisestate.edu_boisestate
1222,7404cd23-3df1-41b7-a600-443f614f8c48,T5,1,1779307200000,07:28,WIPT,1,1,,0,0,,0,Visual,48,135,47,1947,GPS-003,,450bb728-e1a6-4167-81ab-18001979fde3,5/22/2026 12:46:30 AM,KARABEER@boisestate.edu_boisestate,5/22/2026 12:46:30 AM,KARABEER@boisestate.edu_boisestate
1223,2578e9e9-e783-4a21-8c8e-90d1a589aec5,T5,1,1779307200000,07:34,WIPT,1,1,,0,0,,0,Visual,48,-99,0,1948,GPS-003,,450bb728-e1a6-4167-81ab-18001979fde3,5/22/2026 12:46:30 AM,KARABEER@boisestate.edu_boisestate,5/22/2026 12:46:30 AM,KARABEER@boisestate.edu_boisestate
1224,1b852981-8ecc-4c1b-94e8-de46ecbdaa4d,T5,1,1779307200000,07:35,WIPT,1,1,,0,0,,0,Visual,48,140,73,1949,GPS-003,,450bb728-e1a6-4167-81ab-18001979fde3,5/22/2026 12:46:30 AM,KARABEER@boisestate.edu_boisestate,5/22/2026 12:46:30 AM,KARABEER@boisestate.edu_boisestate
1225,65f0d9a4-5b14-4460-9233-5d3dafe7d734,T5,1,1779307200000,07:36,WIPT,1,1,,0,0,,0,Visual,48,140,61,1950,GPS-003,,450bb728-e1a6-4167-81ab-18001979fde3,5/22/2026 12:46:30 AM,KARABEER@boisestate.edu_boisestate,5/22/2026 12:46:30 AM,KARABEER@boisestate.edu_boisestate
1226,03c70e33-d64f-48f1-8be6-273440071492,T5,1,1779307200000,07:41,WIPT,1,1,,0,0,,0,Visual,48,120,191,1951,GPS-003,,450bb728-e1a6-4167-81ab-18001979fde3,5/22/2026 12:46:30 AM,KARABEER@boisestate.edu_boisestate,5/22/2026 12:46:30 AM,KARABEER@boisestate.edu_boisestate
1227,3d1bc205-0c6b-4469-b836-f4cd6f208acb,T5,1,1779307200000,07:41,WIPT,1,1,,0,0,,0,Visual,48,140,101,1952,GPS-003,,450bb728-e1a6-4167-81ab-18001979fde3,5/22/2026 12:46:30 AM,KARABEER@boisestate.edu_boisestate,5/22/2026 12:46:30 AM,KARABEER@boisestate.edu_boisestate
1228,6332919a-2992-4bd6-9aa0-70b5d9b90400,T5,1,1779307200000,07:42,WIPT,1,1,,0,0,,0,Visual,48,355,115,1952,GPS-003,,450bb728-e1a6-4167-81ab-18001979fde3,5/22/2026 12:46:30 AM,KARABEER@boisestate.edu_boisestate,5/22/2026 12:46:30 AM,KARABEER@boisestate.edu_boisestate
1229,d84b0164-3fde-43ad-8909-7ebc19ba1e95,T5,1,1779307200000,07:42,WIPT,1,1,,0,0,,0,Visual,48,355,268,1952,GPS-003,,450bb728-e1a6-4167-81ab-18001979fde3,5/22/2026 12:46:30 AM,KARABEER@boisestate.edu_boisestate,5/22/2026 12:46:30 AM,KARABEER@boisestate.edu_boisestate
1230,0428ee6c-1049-468b-97d6-7b57cf2ef250,T5,1,1779307200000,07:44,WIPT,1,1,,0,0,,0,Visual,48,310,281,1953,GPS-003,,450bb728-e1a6-4167-81ab-18001979fde3,5/22/2026 12:46:30 AM,KARABEER@boisestate.edu_boisestate,5/22/2026 12:46:30 AM,KARABEER@boisestate.edu_boisestate
1231,053111e0-c8a2-43b2-abdc-7df74ec828b3,T5,1,1779307200000,07:44,WIPT,2,2,,0,0,,0,Visual,48,350,35,1953,GPS-003,,450bb728-e1a6-4167-81ab-18001979fde3,5/22/2026 12:46:30 AM,KARABEER@boisestate.edu_boisestate,5/22/2026 12:46:30 AM,KARABEER@boisestate.edu_boisestate
1232,6d12acfd-253e-4d8b-be42-ae6f0f800a99,T5,1,1779307200000,07:45,WISN,0,,,0,,,1,Visual,48,340,60,1953,GPS-003,,450bb728-e1a6-4167-81ab-18001979fde3,5/22/2026 12:46:30 AM,KARABEER@boisestate.edu_boisestate,5/22/2026 12:46:30 AM,KARABEER@boisestate.edu_boisestate
1233,94f032a2-20cc-4450-8628-08c60e3c97d7,T5,1,1779307200000,07:46,WIPT,2,2,,0,0,,0,Visual,48,160,359,1953,GPS-003,,450bb728-e1a6-4167-81ab-18001979fde3,5/22/2026 12:46:30 AM,KARABEER@boisestate.edu_boisestate,5/22/2026 12:46:30 AM,KARABEER@boisestate.edu_boisestate
1234,83c37804-ac31-43e7-942d-80723049cfae,T5,1,1779307200000,07:47,WIPT,1,1,,0,0,,0,Visual,49,320,66,1954,GPS-003,,450bb728-e1a6-4167-81ab-18001979fde3,5/22/2026 12:46:30 AM,KARABEER@boisestate.edu_boisestate,5/22/2026 12:46:30 AM,KARABEER@boisestate.edu_boisestate
1235,2db8f1a5-64ae-499e-901a-7d431f063867,T5,1,1779307200000,07:48,WIPT,1,1,,0,0,,0,Visual,49,130,36,1955,GPS-003,,450bb728-e1a6-4167-81ab-18001979fde3,5/22/2026 12:46:30 AM,KARABEER@boisestate.edu_boisestate,5/22/2026 12:46:30 AM,KARABEER@boisestate.edu_boisestate
1236,02e58246-05dd-467c-92d3-650c1b5b98a6,T5,1,1779307200000,07:49,WIPT,1,1,,0,0,,0,Visual,49,330,232,1956,GPS-003,,450bb728-e1a6-4167-81ab-18001979fde3,5/22/2026 12:46:30 AM,KARABEER@boisestate.edu_boisestate,5/22/2026 12:46:30 AM,KARABEER@boisestate.edu_boisestate
1237,65d7e729-f8a6-47f8-8226-27c5a7c09341,T5,1,1779307200000,07:50,WIPT,1,1,,0,0,,0,Visual,49,340,73,1957,GPS-003,,450bb728-e1a6-4167-81ab-18001979fde3,5/22/2026 12:46:30 AM,KARABEER@boisestate.edu_boisestate,5/22/2026 12:46:30 AM,KARABEER@boisestate.edu_boisestate
1238,56dbff24-3e43-4efc-a181-0ba7c7c8622c,T5,1,1779307200000,07:50,WIPT,1,1,,0,0,,0,Visual,49,350,137,1957,GPS-003,,450bb728-e1a6-4167-81ab-18001979fde3,5/22/2026 12:46:30 AM,KARABEER@boisestate.edu_boisestate,5/22/2026 12:46:30 AM,KARABEER@boisestate.edu_boisestate
1239,e0c4ca6f-b71b-4097-b7d4-351286438c18,T5,1,1779307200000,07:51,WIPT,1,1,,0,0,,0,Visual,49,140,132,1958,GPS-003,,450bb728-e1a6-4167-81ab-18001979fde3,5/22/2026 12:46:30 AM,KARABEER@boisestate.edu_boisestate,5/22/2026 12:46:30 AM,KARABEER@boisestate.edu_boisestate
1240,66ba9065-b8dd-43ac-baa5-d66d70da4ab9,T5,1,1779307200000,07:51,LTJA,0,,,0,,,2,Visual,49,130,160,1958,GPS-003,,450bb728-e1a6-4167-81ab-18001979fde3,5/22/2026 12:46:30 AM,KARABEER@boisestate.edu_boisestate,5/22/2026 12:46:30 AM,KARABEER@boisestate.edu_boisestate
1241,1be28dbc-db27-492a-b321-dc9a6844e57e,T5,1,1779307200000,07:52,WIPT,1,1,,0,0,,0,Visual,49,-99,0,1959,GPS-003,,450bb728-e1a6-4167-81ab-18001979fde3,5/22/2026 12:46:30 AM,KARABEER@boisestate.edu_boisestate,5/22/2026 12:46:30 AM,KARABEER@boisestate.edu_boisestate
1242,f00da4ed-b20f-4751-bdc2-21f118ea3f2c,T5,1,1779307200000,07:52,WIPT,2,2,,0,0,,0,Visual,49,350,205,1959,GPS-003,,450bb728-e1a6-4167-81ab-18001979fde3,5/22/2026 12:46:30 AM,KARABEER@boisestate.edu_boisestate,5/22/2026 12:46:30 AM,KARABEER@boisestate.edu_boisestate
1243,696dbd3c-4626-4f8f-941d-780d40c32874,T5,1,1779307200000,07:54,WIPT,1,1,,0,0,,0,Visual,50,330,33,1960,GPS-003,,450bb728-e1a6-4167-81ab-18001979fde3,5/22/2026 12:46:30 AM,KARABEER@boisestate.edu_boisestate,5/22/2026 12:46:30 AM,KARABEER@boisestate.edu_boisestate
1244,a1a8cd6b-5cfd-47f8-a790-95b960e52a6e,T5,1,1779307200000,07:55,WIPT,1,1,,0,0,,0,Visual,50,130,330,1961,GPS-003,,450bb728-e1a6-4167-81ab-18001979fde3,5/22/2026 12:46:30 AM,KARABEER@boisestate.edu_boisestate,5/22/2026 12:46:30 AM,KARABEER@boisestate.edu_boisestate
1245,dffd448f-87f3-41c4-9cf9-0b7f8fbd317e,T5,1,1779307200000,07:55,WIPT,1,1,,0,0,,0,Visual,50,320,19,1962,GPS-003,,450bb728-e1a6-4167-81ab-18001979fde3,5/22/2026 12:46:30 AM,KARABEER@boisestate.edu_boisestate,5/22/2026 12:46:30 AM,KARABEER@boisestate.edu_boisestate
1246,40f686c4-6c23-48b2-9898-a53971976831,T5,1,1779307200000,07:56,WIPT,1,1,,0,0,,0,Visual,50,0,85,1962,GPS-003,,450bb728-e1a6-4167-81ab-18001979fde3,5/22/2026 12:46:30 AM,KARABEER@boisestate.edu_boisestate,5/22/2026 12:46:30 AM,KARABEER@boisestate.edu_boisestate
1247,38bfaa71-6e59-4dc5-9e81-d56a3ae8ee70,T5,1,1779307200000,07:57,WIPT,1,1,,0,0,,0,Visual,50,300,47,1963,GPS-003,,450bb728-e1a6-4167-81ab-18001979fde3,5/22/2026 12:46:30 AM,KARABEER@boisestate.edu_boisestate,5/22/2026 12:46:30 AM,KARABEER@boisestate.edu_boisestate
1248,a1ea4c3a-4a56-4983-b205-2531da85bc63,T5,1,1779307200000,07:58,WIPT,1,1,,1,1,,0,Visual,50,140,26,1964,GPS-003,,450bb728-e1a6-4167-81ab-18001979fde3,5/22/2026 12:46:30 AM,KARABEER@boisestate.edu_boisestate,5/22/2026 12:46:30 AM,KARABEER@boisestate.edu_boisestate
1249,3b04165e-83a7-4e6c-829d-a355e65fbce7,T5,1,1779307200000,07:59,LTJA,0,,,0,,,1,Visual,50,110,50,1965,GPS-003,,450bb728-e1a6-4167-81ab-18001979fde3,5/22/2026 12:46:30 AM,KARABEER@boisestate.edu_boisestate,5/22/2026 12:46:30 AM,KARABEER@boisestate.edu_boisestate
1250,0daef237-b381-4a37-99f2-d3a5094a9d00,T5,1,1779307200000,08:00,WIPT,1,1,,0,0,,0,Visual,50,320,35,1966,GPS-003,,450bb728-e1a6-4167-81ab-18001979fde3,5/22/2026 12:46:30 AM,KARABEER@boisestate.edu_boisestate,5/22/2026 12:46:30 AM,KARABEER@boisestate.edu_boisestate
1251,a2219821-061c-411f-a038-367c9f22428a,T5,1,1779307200000,08:01,WIPT,1,1,,1,1,,0,Visual,50,320,17,1967,GPS-003,,450bb728-e1a6-4167-81ab-18001979fde3,5/22/2026 12:46:30 AM,KARABEER@boisestate.edu_boisestate,5/22/2026 12:46:30 AM,KARABEER@boisestate.edu_boisestate
1252,0194074e-f318-4176-94fc-cae8129ebcc8,T5,1,1779307200000,08:01,WIPT,1,1,,0,0,,0,Visual,50,-99,0,1968,GPS-003,,450bb728-e1a6-4167-81ab-18001979fde3,5/22/2026 12:46:30 AM,KARABEER@boisestate.edu_boisestate,5/22/2026 12:46:30 AM,KARABEER@boisestate.edu_boisestate
1253,a42768f9-93ca-45af-a6f3-1dbe3422b3dc,T5,1,1779307200000,08:02,WIPT,1,1,,0,0,,0,Visual,50,325,55,1969,GPS-003,,450bb728-e1a6-4167-81ab-18001979fde3,5/22/2026 12:46:30 AM,KARABEER@boisestate.edu_boisestate,5/22/2026 12:46:30 AM,KARABEER@boisestate.edu_boisestate
1254,d68874ba-d869-438c-8956-14989e84aa0f,T5,1,1779307200000,08:03,WIPT,1,1,,0,0,,0,Visual,50,140,30,1970,GPS-003,,450bb728-e1a6-4167-81ab-18001979fde3,5/22/2026 12:46:30 AM,KARABEER@boisestate.edu_boisestate,5/22/2026 12:46:30 AM,KARABEER@boisestate.edu_boisestate
1255,0f842b6b-2ae9-43f2-8d02-93d9a9578fa8,T5,1,1779307200000,08:03,WIPT,1,1,,0,0,,0,Visual,50,355,56,1970,GPS-003,,450bb728-e1a6-4167-81ab-18001979fde3,5/22/2026 12:46:30 AM,KARABEER@boisestate.edu_boisestate,5/22/2026 12:46:30 AM,KARABEER@boisestate.edu_boisestate
1256,0a619f24-b8dc-44e1-8bef-dea5951aa37c,T5,1,1779307200000,08:04,WIPT,1,1,,0,0,,0,Visual,50,120,125,1971,GPS-003,,450bb728-e1a6-4167-81ab-18001979fde3,5/22/2026 12:46:30 AM,KARABEER@boisestate.edu_boisestate,5/22/2026 12:46:30 AM,KARABEER@boisestate.edu_boisestate
1257,60010f52-e2ce-47d2-93b6-b0894199fbf2,T5,1,1779307200000,08:05,WISN,0,,,0,,,1,Audio,50,170,20,1971,GPS-003,,450bb728-e1a6-4167-81ab-18001979fde3,5/22/2026 12:46:30 AM,KARABEER@boisestate.edu_boisestate,5/22/2026 12:46:30 AM,KARABEER@boisestate.edu_boisestate
1258,f0b351a4-934d-4cff-a170-0f442894854e,T5,1,1779307200000,08:05,WIPT,1,1,,0,0,,0,Visual,51,160,20,1972,GPS-003,,450bb728-e1a6-4167-81ab-18001979fde3,5/22/2026 12:46:30 AM,KARABEER@boisestate.edu_boisestate,5/22/2026 12:46:30 AM,KARABEER@boisestate.edu_boisestate
1259,7745f168-92e9-4bc9-946d-9e36205983a9,T5,1,1779307200000,08:06,WIPT,1,1,,0,0,,0,Visual,51,310,41,1973,GPS-003,,450bb728-e1a6-4167-81ab-18001979fde3,5/22/2026 12:46:30 AM,KARABEER@boisestate.edu_boisestate,5/22/2026 12:46:30 AM,KARABEER@boisestate.edu_boisestate
1260,da19567c-c166-4192-b3c0-ad133c0a2f67,T5,1,1779307200000,08:07,WIPT,1,1,,0,0,,0,Visual,51,0,161,1973,GPS-003,,450bb728-e1a6-4167-81ab-18001979fde3,5/22/2026 12:46:30 AM,KARABEER@boisestate.edu_boisestate,5/22/2026 12:46:30 AM,KARABEER@boisestate.edu_boisestate
1261,cf1062b3-dbbc-483a-bdfa-2050bbe88947,T5,1,1779307200000,08:08,WIPT,1,1,,0,0,,0,Visual,51,-99,0,1974,GPS-003,,450bb728-e1a6-4167-81ab-18001979fde3,5/22/2026 12:46:30 AM,KARABEER@boisestate.edu_boisestate,5/22/2026 12:46:30 AM,KARABEER@boisestate.edu_boisestate
1262,80c88420-3336-4270-8842-8668dfa55a6c,T5,1,1779307200000,08:10,WIPT,1,1,,0,0,,0,Visual,51,330,134,1975,GPS-003,,450bb728-e1a6-4167-81ab-18001979fde3,5/22/2026 12:46:30 AM,KARABEER@boisestate.edu_boisestate,5/22/2026 12:46:30 AM,KARABEER@boisestate.edu_boisestate
1263,bf3da792-db30-46a2-a2d6-04b628d44898,T5,1,1779307200000,08:10,WISN,0,,,0,,,1,Audio,51,70,65,1975,GPS-003,,450bb728-e1a6-4167-81ab-18001979fde3,5/22/2026 12:46:30 AM,KARABEER@boisestate.edu_boisestate,5/22/2026 12:46:30 AM,KARABEER@boisestate.edu_boisestate
1264,1bea1ab3-b820-4e25-b7b1-2bd4712de832,T5,1,1779307200000,08:11,WIPT,1,1,,0,0,,0,Audio,51,120,80,1976,GPS-003,,450bb728-e1a6-4167-81ab-18001979fde3,5/22/2026 12:46:30 AM,KARABEER@boisestate.edu_boisestate,5/22/2026 12:46:30 AM,KARABEER@boisestate.edu_boisestate
1265,5d56a670-a36b-4fca-bd83-2f446e6c07e5,T5,1,1779307200000,08:11,WIPT,1,1,,0,0,,0,Visual,51,120,230,1977,GPS-003,,450bb728-e1a6-4167-81ab-18001979fde3,5/22/2026 12:46:30 AM,KARABEER@boisestate.edu_boisestate,5/22/2026 12:46:30 AM,KARABEER@boisestate.edu_boisestate
1266,b77f1709-cda2-4345-8eed-47e1eb63d2e5,T5,1,1779307200000,08:12,WIPT,1,1,,0,0,,0,Visual,51,100,52,1978,GPS-003,,450bb728-e1a6-4167-81ab-18001979fde3,5/22/2026 12:46:30 AM,KARABEER@boisestate.edu_boisestate,5/22/2026 12:46:30 AM,KARABEER@boisestate.edu_boisestate
1267,85e7d400-a3d7-409d-9760-e56486b0be4d,T5,1,1779307200000,08:13,WIPT,1,1,,1,1,,0,Visual,51,-99,0,1979,GPS-003,,450bb728-e1a6-4167-81ab-18001979fde3,5/22/2026 12:46:30 AM,KARABEER@boisestate.edu_boisestate,5/22/2026 12:46:30 AM,KARABEER@boisestate.edu_boisestate
1268,13559d13-bbd5-4f6a-89f1-d5b049fcd1bb,T5,1,1779307200000,08:13,WIPT,1,1,,0,0,,0,Visual,51,270,254,1979,GPS-003,,450bb728-e1a6-4167-81ab-18001979fde3,5/22/2026 12:46:30 AM,KARABEER@boisestate.edu_boisestate,5/22/2026 12:46:30 AM,KARABEER@boisestate.edu_boisestate
1269,ea416510-d3dd-4e37-8a6c-c15919bdc9ea,T5,1,1779307200000,08:14,WIPT,1,1,,0,0,,0,Visual,52,140,126,1980,GPS-003,,450bb728-e1a6-4167-81ab-18001979fde3,5/22/2026 12:46:30 AM,KARABEER@boisestate.edu_boisestate,5/22/2026 12:46:30 AM,KARABEER@boisestate.edu_boisestate
1270,6cd0d8f6-b584-46e9-af9b-c02591f80d0d,T5,1,1779307200000,08:15,WIPT,1,1,,0,0,,0,Visual,52,350,52,1980,GPS-003,,450bb728-e1a6-4167-81ab-18001979fde3,5/22/2026 12:46:30 AM,KARABEER@boisestate.edu_boisestate,5/22/2026 12:46:30 AM,KARABEER@boisestate.edu_boisestate
1271,2f77c7b3-9b1d-4ee2-acf8-db163e40fbc8,T5,1,1779307200000,08:15,WIPT,1,1,,1,1,,0,Visual,52,100,16,1981,GPS-003,,450bb728-e1a6-4167-81ab-18001979fde3,5/22/2026 12:46:30 AM,KARABEER@boisestate.edu_boisestate,5/22/2026 12:46:30 AM,KARABEER@boisestate.edu_boisestate
1272,676b14a4-2447-4817-8478-e28e130d2411,T5,1,1779307200000,08:16,WIPT,1,1,,0,0,,0,Visual,52,290,81,1982,GPS-003,,450bb728-e1a6-4167-81ab-18001979fde3,5/22/2026 12:46:30 AM,KARABEER@boisestate.edu_boisestate,5/22/2026 12:46:30 AM,KARABEER@boisestate.edu_boisestate
1273,8e2f2d61-1386-4fda-8ba8-cf66ce588f1e,T5,1,1779307200000,08:21,WIPT,1,1,,0,0,,0,Visual,52,230,108,1983,GPS-003,,450bb728-e1a6-4167-81ab-18001979fde3,5/22/2026 12:46:30 AM,KARABEER@boisestate.edu_boisestate,5/22/2026 12:46:30 AM,KARABEER@boisestate.edu_boisestate
1274,8fc0b356-0f5e-45e4-863f-387729460eaf,T5,1,1779307200000,08:22,WIPT,1,1,,0,0,,0,Visual,52,240,73,1984,GPS-003,,450bb728-e1a6-4167-81ab-18001979fde3,5/22/2026 12:46:30 AM,KARABEER@boisestate.edu_boisestate,5/22/2026 12:46:30 AM,KARABEER@boisestate.edu_boisestate
1275,5abc8206-e32c-4ba6-995f-0f5182affec5,T5,1,1779307200000,08:23,WIPT,1,1,,0,0,,0,Visual,52,30,57,1985,GPS-003,,450bb728-e1a6-4167-81ab-18001979fde3,5/22/2026 12:46:30 AM,KARABEER@boisestate.edu_boisestate,5/22/2026 12:46:30 AM,KARABEER@boisestate.edu_boisestate
1276,5abb6b4b-796d-4c05-b959-f4b53962995e,T5,1,1779307200000,08:24,WIPT,1,1,,1,1,,0,Visual,52,180,15,1986,GPS-003,,450bb728-e1a6-4167-81ab-18001979fde3,5/22/2026 12:46:30 AM,KARABEER@boisestate.edu_boisestate,5/22/2026 12:46:30 AM,KARABEER@boisestate.edu_boisestate
1277,8a6e766e-d219-4091-8b9e-e5cb5c6c7258,T5,1,1779307200000,08:25,WIPT,1,1,,1,1,,0,Visual,52,260,34,1987,GPS-003,,450bb728-e1a6-4167-81ab-18001979fde3,5/22/2026 12:46:30 AM,KARABEER@boisestate.edu_boisestate,5/22/2026 12:46:30 AM,KARABEER@boisestate.edu_boisestate
1278,d10edac0-3d12-4aab-85de-a9044bc1b107,T5,1,1779307200000,08:26,SEOW,0,,,0,,,1,Visual,52,50,47,1988,GPS-003,,450bb728-e1a6-4167-81ab-18001979fde3,5/22/2026 12:46:30 AM,KARABEER@boisestate.edu_boisestate,5/22/2026 12:46:30 AM,KARABEER@boisestate.edu_boisestate
1279,2eaa4913-81d6-47e8-9e59-02e577796490,T5,1,1779307200000,08:28,SEOW,0,,,0,,,1,Visual,52,210,55,1989,GPS-003,,450bb728-e1a6-4167-81ab-18001979fde3,5/22/2026 12:46:30 AM,KARABEER@boisestate.edu_boisestate,5/22/2026 12:46:30 AM,KARABEER@boisestate.edu_boisestate
1280,8a849f71-7838-45c9-841c-2d12a7c3892a,T5,1,1779307200000,08:28,WISN,0,,,0,,,1,Visual,52,20,50,1990,GPS-003,,450bb728-e1a6-4167-81ab-18001979fde3,5/22/2026 12:46:30 AM,KARABEER@boisestate.edu_boisestate,5/22/2026 12:46:30 AM,KARABEER@boisestate.edu_boisestate
1281,542dea94-badb-4379-b5ac-56f3d2ffaf92,T5,1,1779307200000,08:30,WIPT,1,1,,1,1,,0,Visual,53,50,14,1991,GPS-003,,450bb728-e1a6-4167-81ab-18001979fde3,5/22/2026 12:46:30 AM,KARABEER@boisestate.edu_boisestate,5/22/2026 12:46:30 AM,KARABEER@boisestate.edu_boisestate
1282,cdb6ec71-2a64-4486-a31a-53b0bc193b42,T5,1,1779307200000,08:33,SEOW,0,,,0,,,1,Visual,53,230,346,1992,GPS-003,,450bb728-e1a6-4167-81ab-18001979fde3,5/22/2026 12:46:30 AM,KARABEER@boisestate.edu_boisestate,5/22/2026 12:46:30 AM,KARABEER@boisestate.edu_boisestate
1283,78ecf16e-43b2-4641-a7b0-552518ece74e,T5,1,1779307200000,08:34,WIPT,1,1,,0,0,,0,Visual,54,270,208,1993,GPS-003,,450bb728-e1a6-4167-81ab-18001979fde3,5/22/2026 12:46:30 AM,KARABEER@boisestate.edu_boisestate,5/22/2026 12:46:30 AM,KARABEER@boisestate.edu_boisestate
1284,3640b13d-137d-4651-8aa5-592df7ad1425,T5,1,1779307200000,08:37,WIPT,1,1,,0,0,,0,Visual,54,-99,0,1994,GPS-003,,450bb728-e1a6-4167-81ab-18001979fde3,5/22/2026 12:46:30 AM,KARABEER@boisestate.edu_boisestate,5/22/2026 12:46:30 AM,KARABEER@boisestate.edu_boisestate
1285,cc95dbc7-29e4-46d1-9571-2451ca669589,T5,1,1779307200000,08:39,WIPT,1,1,,0,0,,0,Visual,55,90,107,1995,GPS-003,,450bb728-e1a6-4167-81ab-18001979fde3,5/22/2026 12:46:30 AM,KARABEER@boisestate.edu_boisestate,5/22/2026 12:46:30 AM,KARABEER@boisestate.edu_boisestate
1286,3ed853b9-5b12-4158-9798-65c50602681c,T5,1,1779307200000,08:40,WIPT,1,1,,0,0,,0,Visual,55,290,51,1996,GPS-003,,450bb728-e1a6-4167-81ab-18001979fde3,5/22/2026 12:46:30 AM,KARABEER@boisestate.edu_boisestate,5/22/2026 12:46:30 AM,KARABEER@boisestate.edu_boisestate
1287,0cf651c7-2458-46b7-b67c-fd89346a13a6,T5,1,1779307200000,08:44,WIPT,1,1,,1,1,,0,Visual,56,-99,0,1997,GPS-003,,450bb728-e1a6-4167-81ab-18001979fde3,5/22/2026 12:46:30 AM,KARABEER@boisestate.edu_boisestate,5/22/2026 12:46:30 AM,KARABEER@boisestate.edu_boisestate
1288,c144591a-1754-4502-b1d9-d03b597d948f,T5,1,1779307200000,08:49,WIPT,1,1,,0,0,,0,Visual,56,210,232,1998,GPS-003,,450bb728-e1a6-4167-81ab-18001979fde3,5/22/2026 12:46:30 AM,KARABEER@boisestate.edu_boisestate,5/22/2026 12:46:30 AM,KARABEER@boisestate.edu_boisestate
1289,b33ce3ae-e9b7-41d0-99d6-6c4e1f052986,T6,1,1779307200000,08:59,ROPT,0,,0,0,,0,1,Visual,58,50,170,1999,GPS-003,,4aa5f397-9f0e-461c-8649-8fea7bf6079c,5/22/2026 12:46:31 AM,KARABEER@boisestate.edu_boisestate,5/22/2026 12:46:31 AM,KARABEER@boisestate.edu_boisestate
1290,a0ae721a-13b7-4854-91f5-300131b8d204,T6,1,1779307200000,09:05,WIPT,1,1,,0,0,,0,Visual,58,290,77,2000,GPS-003,,4aa5f397-9f0e-461c-8649-8fea7bf6079c,5/22/2026 12:46:31 AM,KARABEER@boisestate.edu_boisestate,5/22/2026 12:46:31 AM,KARABEER@boisestate.edu_boisestate
1291,f735d5ac-2d7b-4e46-a8d7-17dccc94464a,T6,1,1779307200000,09:06,WIPT,1,1,,0,0,,0,Visual,58,50,46,2001,GPS-003,,4aa5f397-9f0e-461c-8649-8fea7bf6079c,5/22/2026 12:46:31 AM,KARABEER@boisestate.edu_boisestate,5/22/2026 12:46:31 AM,KARABEER@boisestate.edu_boisestate
1292,42a89096-bee4-43e6-910c-f32bb433e6a6,T6,1,1779307200000,09:07,WIPT,1,1,,0,0,,0,Visual,58,50,20,2002,GPS-003,,4aa5f397-9f0e-461c-8649-8fea7bf6079c,5/22/2026 12:46:31 AM,KARABEER@boisestate.edu_boisestate,5/22/2026 12:46:31 AM,KARABEER@boisestate.edu_boisestate
1293,9918c24d-f45d-4377-bdcf-9710b0c4c05f,T6,1,1779307200000,09:08,WIPT,1,1,,0,0,,0,Visual,58,280,50,2003,GPS-003,,4aa5f397-9f0e-461c-8649-8fea7bf6079c,5/22/2026 12:46:31 AM,KARABEER@boisestate.edu_boisestate,5/22/2026 12:46:31 AM,KARABEER@boisestate.edu_boisestate
1294,0a1f57dc-b91a-4e44-a9e3-475e69547b1e,T6,1,1779307200000,09:09,WIPT,1,1,,0,0,,0,Visual,58,85,63,2004,GPS-003,,4aa5f397-9f0e-461c-8649-8fea7bf6079c,5/22/2026 12:46:31 AM,KARABEER@boisestate.edu_boisestate,5/22/2026 12:46:31 AM,KARABEER@boisestate.edu_boisestate
1295,f08d85bd-3fa5-4c42-aba0-5647bd107073,T6,1,1779307200000,09:10,WIPT,1,1,,0,0,,0,Visual,58,75,26,2005,GPS-003,,4aa5f397-9f0e-461c-8649-8fea7bf6079c,5/22/2026 12:46:31 AM,KARABEER@boisestate.edu_boisestate,5/22/2026 12:46:31 AM,KARABEER@boisestate.edu_boisestate
1296,d692448e-d1d4-4a17-bcef-1139263ca604,T6,1,1779307200000,09:12,WISN,1,,,0,,,0,Visual,58,-99,0,2006,GPS-003,,4aa5f397-9f0e-461c-8649-8fea7bf6079c,5/22/2026 12:46:31 AM,KARABEER@boisestate.edu_boisestate,5/22/2026 12:46:31 AM,KARABEER@boisestate.edu_boisestate
1297,a3839251-d9ce-4ba2-afb1-869ae6d1598c,T6,1,1779307200000,09:13,WIPT,1,1,,1,1,,0,Visual,58,50,19,2007,GPS-003,,4aa5f397-9f0e-461c-8649-8fea7bf6079c,5/22/2026 12:46:31 AM,KARABEER@boisestate.edu_boisestate,5/22/2026 12:46:31 AM,KARABEER@boisestate.edu_boisestate
1298,92749ccd-da72-4268-9464-96f25174c5c5,T6,1,1779307200000,09:14,WIPT,0,0,,1,1,,0,Visual,58,-99,0,2008,GPS-003,,4aa5f397-9f0e-461c-8649-8fea7bf6079c,5/22/2026 12:46:31 AM,KARABEER@boisestate.edu_boisestate,5/22/2026 12:46:31 AM,KARABEER@boisestate.edu_boisestate
1299,eab800c6-c790-44ed-8709-69b2687f8556,T6,1,1779307200000,09:15,WIPT,1,1,,0,0,,0,Visual,59,280,105,2009,GPS-003,,4aa5f397-9f0e-461c-8649-8fea7bf6079c,5/22/2026 12:46:31 AM,KARABEER@boisestate.edu_boisestate,5/22/2026 12:46:31 AM,KARABEER@boisestate.edu_boisestate
1300,19781ab2-559a-47b3-b733-8bf497e207aa,T6,1,1779307200000,09:16,WIPT,1,1,,0,0,,0,Visual,60,60,114,2010,GPS-003,,4aa5f397-9f0e-461c-8649-8fea7bf6079c,5/22/2026 12:46:31 AM,KARABEER@boisestate.edu_boisestate,5/22/2026 12:46:31 AM,KARABEER@boisestate.edu_boisestate
1301,35c4ae5f-cc12-4723-bb7e-a7031ea7c80b,T6,1,1779307200000,09:16,WIPT,1,1,,0,0,,0,Visual,60,290,86,2011,GPS-003,,4aa5f397-9f0e-461c-8649-8fea7bf6079c,5/22/2026 12:46:31 AM,KARABEER@boisestate.edu_boisestate,5/22/2026 12:46:31 AM,KARABEER@boisestate.edu_boisestate
1302,e70bc611-27f4-4b7c-a957-9408f32637f8,T6,1,1779307200000,09:17,WISN,0,,,0,,,1,Audio,61,-99,0,2012,GPS-003,,4aa5f397-9f0e-461c-8649-8fea7bf6079c,5/22/2026 12:46:31 AM,KARABEER@boisestate.edu_boisestate,5/22/2026 12:46:31 AM,KARABEER@boisestate.edu_boisestate
1303,4e424fa1-9342-4367-8c79-68e1a33c4e98,T6,1,1779307200000,09:19,WIPT,1,1,,1,1,,0,Visual,61,300,121,2013,GPS-003,,4aa5f397-9f0e-461c-8649-8fea7bf6079c,5/22/2026 12:46:31 AM,KARABEER@boisestate.edu_boisestate,5/22/2026 12:46:31 AM,KARABEER@boisestate.edu_boisestate
1304,37697f78-aa43-43d9-8584-89df0b754911,T6,1,1779307200000,09:20,WIPT,1,1,,0,0,,0,Visual,61,-99,0,2014,GPS-003,,4aa5f397-9f0e-461c-8649-8fea7bf6079c,5/22/2026 12:46:31 AM,KARABEER@boisestate.edu_boisestate,5/22/2026 12:46:31 AM,KARABEER@boisestate.edu_boisestate
1305,cc267dfc-2c69-43cf-96b4-c1e22658abf7,T6,1,1779307200000,09:21,WIPT,1,1,,0,0,,0,Visual,61,300,56,2015,GPS-003,,4aa5f397-9f0e-461c-8649-8fea7bf6079c,5/22/2026 12:46:31 AM,KARABEER@boisestate.edu_boisestate,5/22/2026 12:46:31 AM,KARABEER@boisestate.edu_boisestate
1306,995b5329-277a-4ac8-921d-8b54ec3762fc,T6,1,1779307200000,09:22,WIPT,1,1,,0,0,,0,Visual,61,70,30,2016,GPS-003,,4aa5f397-9f0e-461c-8649-8fea7bf6079c,5/22/2026 12:46:31 AM,KARABEER@boisestate.edu_boisestate,5/22/2026 12:46:31 AM,KARABEER@boisestate.edu_boisestate
1307,10d8cf90-5fb3-4158-ba9a-48c5775cc079,T6,1,1779307200000,09:22,NOHA,0,,,0,,,1,Visual,61,-99,0,2017,GPS-003,,4aa5f397-9f0e-461c-8649-8fea7bf6079c,5/22/2026 12:46:31 AM,KARABEER@boisestate.edu_boisestate,5/22/2026 12:46:31 AM,KARABEER@boisestate.edu_boisestate
1308,5b486fef-4ecb-4ab1-9f5e-eb4af1335844,T6,1,1779307200000,09:24,WIPT,1,1,,0,0,,0,Visual,61,300,213,2018,GPS-003,,4aa5f397-9f0e-461c-8649-8fea7bf6079c,5/22/2026 12:46:31 AM,KARABEER@boisestate.edu_boisestate,5/22/2026 12:46:31 AM,KARABEER@boisestate.edu_boisestate
1309,ce71cbaa-e7b4-494b-9135-72eb8087b920,T6,1,1779307200000,09:24,WIPT,2,2,,0,0,,0,Visual,60,85,131,2019,GPS-003,,4aa5f397-9f0e-461c-8649-8fea7bf6079c,5/22/2026 12:46:31 AM,KARABEER@boisestate.edu_boisestate,5/22/2026 12:46:31 AM,KARABEER@boisestate.edu_boisestate
1310,6dd3bbaa-e08d-4e3e-9cb5-c48434078f69,T6,1,1779307200000,09:26,WIPT,1,1,,0,0,,0,Visual,60,110,114,2020,GPS-003,,4aa5f397-9f0e-461c-8649-8fea7bf6079c,5/22/2026 12:46:31 AM,KARABEER@boisestate.edu_boisestate,5/22/2026 12:46:31 AM,KARABEER@boisestate.edu_boisestate
1311,889193d1-47f3-4d42-8897-0dd834b35c24,T6,1,1779307200000,09:26,WIPT,1,1,,0,0,,0,Visual,61,-99,0,2021,GPS-003,,4aa5f397-9f0e-461c-8649-8fea7bf6079c,5/22/2026 12:46:31 AM,KARABEER@boisestate.edu_boisestate,5/22/2026 12:46:31 AM,KARABEER@boisestate.edu_boisestate
1312,ab79a7ad-d679-4b2d-9f23-53542c87bd4c,T6,1,1779307200000,09:27,WIPT,1,1,,0,0,,0,Visual,60,105,170,2022,GPS-003,,4aa5f397-9f0e-461c-8649-8fea7bf6079c,5/22/2026 12:46:31 AM,KARABEER@boisestate.edu_boisestate,5/22/2026 12:46:31 AM,KARABEER@boisestate.edu_boisestate
1313,d51c984b-7852-4806-958a-0c707c214e65,T6,1,1779307200000,09:29,WIPT,1,1,,0,0,,0,Visual,61,90,96,2023,GPS-003,,4aa5f397-9f0e-461c-8649-8fea7bf6079c,5/22/2026 12:46:31 AM,KARABEER@boisestate.edu_boisestate,5/22/2026 12:46:31 AM,KARABEER@boisestate.edu_boisestate
1314,b1b918e9-30e6-4b2f-875f-c9455a6cff1d,T6,1,1779307200000,09:30,WIPT,1,1,,0,0,,0,Visual,61,320,210,2023,GPS-003,,4aa5f397-9f0e-461c-8649-8fea7bf6079c,5/22/2026 12:46:31 AM,KARABEER@boisestate.edu_boisestate,5/22/2026 12:46:31 AM,KARABEER@boisestate.edu_boisestate
1315,f6ab1191-e545-40aa-bc19-f9e6da552cea,T6,1,1779307200000,09:30,WIPT,1,1,,0,0,,0,Audio,61,60,35,2024,GPS-003,,4aa5f397-9f0e-461c-8649-8fea7bf6079c,5/22/2026 12:46:31 AM,KARABEER@boisestate.edu_boisestate,5/22/2026 12:46:31 AM,KARABEER@boisestate.edu_boisestate
1316,a5b5d27b-6c5b-4134-bfb9-c7fd3343d2a0,T6,1,1779307200000,09:34,WIPT,2,2,,1,1,,0,Visual,61,-99,0,2025,GPS-003,,4aa5f397-9f0e-461c-8649-8fea7bf6079c,5/22/2026 12:46:31 AM,KARABEER@boisestate.edu_boisestate,5/22/2026 12:46:31 AM,KARABEER@boisestate.edu_boisestate
1317,083b9a0f-d9c6-4dd5-9e2b-28b51986802c,T6,1,1779307200000,09:35,WIPT,1,1,,0,0,,0,Visual,62,280,215,2026,GPS-003,,4aa5f397-9f0e-461c-8649-8fea7bf6079c,5/22/2026 12:46:31 AM,KARABEER@boisestate.edu_boisestate,5/22/2026 12:46:31 AM,KARABEER@boisestate.edu_boisestate
1318,efa0b2ce-5681-47be-81de-43900134eeb7,T6,1,1779307200000,09:36,WIPT,1,1,,0,0,,0,Visual,61,40,140,2027,GPS-003,,4aa5f397-9f0e-461c-8649-8fea7bf6079c,5/22/2026 12:46:31 AM,KARABEER@boisestate.edu_boisestate,5/22/2026 12:46:31 AM,KARABEER@boisestate.edu_boisestate
1319,567b85ca-90a7-4fe1-9c73-1567f58c8213,T6,1,1779307200000,09:36,WIPT,1,1,,0,0,,0,Visual,61,35,52,2028,GPS-003,,4aa5f397-9f0e-461c-8649-8fea7bf6079c,5/22/2026 12:46:31 AM,KARABEER@boisestate.edu_boisestate,5/22/2026 12:46:31 AM,KARABEER@boisestate.edu_boisestate
1320,e6f9605c-1923-4f02-9d6c-32c8ca7bcb35,T6,1,1779307200000,09:39,WIPT,1,1,,0,0,,0,Visual,62,-99,0,2029,GPS-003,,4aa5f397-9f0e-461c-8649-8fea7bf6079c,5/22/2026 12:46:31 AM,KARABEER@boisestate.edu_boisestate,5/22/2026 12:46:31 AM,KARABEER@boisestate.edu_boisestate
1321,4039d98c-1b38-4f96-a598-dfabafa0ae86,T6,1,1779307200000,09:43,WIPT,1,1,,0,0,,0,Visual,63,20,142,2030,GPS-003,,4aa5f397-9f0e-461c-8649-8fea7bf6079c,5/22/2026 12:46:31 AM,KARABEER@boisestate.edu_boisestate,5/22/2026 12:46:31 AM,KARABEER@boisestate.edu_boisestate
1322,c12b4e90-6295-4622-8715-68998c9531e3,T6,1,1779307200000,09:44,WIPT,1,1,,0,0,,0,Visual,62,230,80,2031,GPS-003,,4aa5f397-9f0e-461c-8649-8fea7bf6079c,5/22/2026 12:46:31 AM,KARABEER@boisestate.edu_boisestate,5/22/2026 12:46:31 AM,KARABEER@boisestate.edu_boisestate
1323,8fc9a2bb-1883-4ee7-9686-18b6a3f11eae,T6,1,1779307200000,09:46,WIPT,1,1,,0,0,,0,Visual,63,290,190,2032,GPS-003,,4aa5f397-9f0e-461c-8649-8fea7bf6079c,5/22/2026 12:46:31 AM,KARABEER@boisestate.edu_boisestate,5/22/2026 12:46:31 AM,KARABEER@boisestate.edu_boisestate
1324,c8c9620b-8598-4e47-9cca-7e457445bba9,T6,1,1779307200000,09:46,WIPT,1,1,,0,0,,0,Visual,63,270,23,2033,GPS-003,,4aa5f397-9f0e-461c-8649-8fea7bf6079c,5/22/2026 12:46:31 AM,KARABEER@boisestate.edu_boisestate,5/22/2026 12:46:31 AM,KARABEER@boisestate.edu_boisestate
1325,605f05e4-c248-4b00-9949-cf9a698e3067,T6,1,1779307200000,09:50,WIPT,1,1,,1,1,,0,Visual,63,60,5,2034,GPS-003,,4aa5f397-9f0e-461c-8649-8fea7bf6079c,5/22/2026 12:46:31 AM,KARABEER@boisestate.edu_boisestate,5/22/2026 12:46:31 AM,KARABEER@boisestate.edu_boisestate
1326,3ffe99dd-0f90-4804-8a7b-66f79eed8238,T6,1,1779307200000,09:53,GOPL,0,,,0,,,2,Visual,65,320,58,2035,GPS-003,,4aa5f397-9f0e-461c-8649-8fea7bf6079c,5/22/2026 12:46:31 AM,KARABEER@boisestate.edu_boisestate,5/22/2026 12:46:31 AM,KARABEER@boisestate.edu_boisestate
1327,f82335bf-d12b-4dfd-90b6-b21c404c1d59,T6,1,1779307200000,10:00,WIPT,1,1,,0,0,,0,Visual,66,50,359,2036,GPS-003,,4aa5f397-9f0e-461c-8649-8fea7bf6079c,5/22/2026 12:46:31 AM,KARABEER@boisestate.edu_boisestate,5/22/2026 12:46:31 AM,KARABEER@boisestate.edu_boisestate
1328,c4bdc126-a202-4246-8691-f52799e94e19,T6,1,1779307200000,10:04,WIPT,1,1,,0,0,,0,Visual,67,100,23,2037,GPS-003,,4aa5f397-9f0e-461c-8649-8fea7bf6079c,5/22/2026 12:46:31 AM,KARABEER@boisestate.edu_boisestate,5/22/2026 12:46:31 AM,KARABEER@boisestate.edu_boisestate
1329,e8573ec0-0d4e-49fb-85f2-e4a01ad04316,T6,1,1779307200000,10:10,WIPT,1,1,,0,0,,0,Visual,68,110,26,2038,GPS-003,,4aa5f397-9f0e-461c-8649-8fea7bf6079c,5/22/2026 12:46:31 AM,KARABEER@boisestate.edu_boisestate,5/22/2026 12:46:31 AM,KARABEER@boisestate.edu_boisestate
1330,b236346a-669b-4796-b2b5-266d57edf560,K6,2,1779393600000,09:27,WIPT,1,1,,0,0,,0,Visual,68,110,11,2039,GPS-003,,7577516d-6df6-4ac9-a451-200d4dfd976a,5/22/2026 12:46:32 AM,KARABEER@boisestate.edu_boisestate,5/22/2026 12:46:32 AM,KARABEER@boisestate.edu_boisestate
1331,26bc8ffd-f207-48c0-9e45-cf41b310c5c3,K6,2,1779393600000,09:29,WIPT,1,1,,0,0,,0,Visual,68,270,29,2040,GPS-003,,7577516d-6df6-4ac9-a451-200d4dfd976a,5/22/2026 12:46:32 AM,KARABEER@boisestate.edu_boisestate,5/22/2026 12:46:32 AM,KARABEER@boisestate.edu_boisestate
1332,801e4284-c5bb-448e-bedb-9fad24f10b24,K6,2,1779393600000,09:31,WIPT,1,1,,0,0,,0,Visual,67,275,38,2041,GPS-003,,7577516d-6df6-4ac9-a451-200d4dfd976a,5/22/2026 12:46:32 AM,KARABEER@boisestate.edu_boisestate,5/22/2026 12:46:32 AM,KARABEER@boisestate.edu_boisestate
1333,60beb1a4-bda6-4e5a-a396-cdc8512d32c8,K6,2,1779393600000,09:35,WIPT,1,1,,0,0,,0,Visual,67,250,32,2042,GPS-003,,7577516d-6df6-4ac9-a451-200d4dfd976a,5/22/2026 12:46:32 AM,KARABEER@boisestate.edu_boisestate,5/22/2026 12:46:32 AM,KARABEER@boisestate.edu_boisestate
1334,41dbf064-2b8a-4bd9-b82f-4f746625ec9e,K6,2,1779393600000,09:36,WIPT,1,1,,0,0,,0,Visual,66,110,35,2043,GPS-003,,7577516d-6df6-4ac9-a451-200d4dfd976a,5/22/2026 12:46:32 AM,KARABEER@boisestate.edu_boisestate,5/22/2026 12:46:32 AM,KARABEER@boisestate.edu_boisestate
1335,90276bfa-cc90-44d2-b993-5c17d276f378,K6,2,1779393600000,09:44,WIPT,1,1,,0,0,,0,Visual,65,90,92,2044,GPS-003,,7577516d-6df6-4ac9-a451-200d4dfd976a,5/22/2026 12:46:32 AM,KARABEER@boisestate.edu_boisestate,5/22/2026 12:46:32 AM,KARABEER@boisestate.edu_boisestate
1336,dc430e4b-5d01-4804-8522-ede41cf96b12,K6,2,1779393600000,09:44,GOPL,0,,,0,,,1,Visual,65,290,20,2045,GPS-003,,7577516d-6df6-4ac9-a451-200d4dfd976a,5/22/2026 12:46:32 AM,KARABEER@boisestate.edu_boisestate,5/22/2026 12:46:32 AM,KARABEER@boisestate.edu_boisestate
1337,4b7c41c8-206e-4fda-b808-3070364eacb2,K6,2,1779393600000,09:48,WIPT,1,1,,0,0,,0,Visual,64,80,18,2046,GPS-003,,7577516d-6df6-4ac9-a451-200d4dfd976a,5/22/2026 12:46:32 AM,KARABEER@boisestate.edu_boisestate,5/22/2026 12:46:32 AM,KARABEER@boisestate.edu_boisestate
1338,2d2f5e94-36bf-4e4b-a572-b67b0025eda0,K6,2,1779393600000,09:50,WIPT,1,1,,0,0,,0,Visual,64,260,23,2047,GPS-003,,7577516d-6df6-4ac9-a451-200d4dfd976a,5/22/2026 12:46:32 AM,KARABEER@boisestate.edu_boisestate,5/22/2026 12:46:32 AM,KARABEER@boisestate.edu_boisestate
1339,189e8808-c73c-4e91-b26a-6fb6bc799068,K6,2,1779393600000,09:51,LTJA,0,,,0,,,1,Visual,64,130,66,2048,GPS-003,,7577516d-6df6-4ac9-a451-200d4dfd976a,5/22/2026 12:46:32 AM,KARABEER@boisestate.edu_boisestate,5/22/2026 12:46:32 AM,KARABEER@boisestate.edu_boisestate
1340,998e5ddb-100d-427f-8bcd-5167493506ce,K6,2,1779393600000,09:55,WIPT,1,1,,1,1,,0,Visual,63,120,5,2049,GPS-003,,7577516d-6df6-4ac9-a451-200d4dfd976a,5/22/2026 12:46:32 AM,KARABEER@boisestate.edu_boisestate,5/22/2026 12:46:32 AM,KARABEER@boisestate.edu_boisestate
1341,33682aed-d8fd-462c-86ca-7fe3274a38bf,K6,2,1779393600000,09:58,WIPT,1,1,,0,0,,0,Visual,64,120,97,2050,GPS-003,,7577516d-6df6-4ac9-a451-200d4dfd976a,5/22/2026 12:46:32 AM,KARABEER@boisestate.edu_boisestate,5/22/2026 12:46:32 AM,KARABEER@boisestate.edu_boisestate
1342,aa138a95-06c6-4484-94e8-ea68856f118d,K6,2,1779393600000,10:01,WIPT,2,2,,0,0,,0,Visual,62,80,118,2051,GPS-003,,7577516d-6df6-4ac9-a451-200d4dfd976a,5/22/2026 12:46:32 AM,KARABEER@boisestate.edu_boisestate,5/22/2026 12:46:32 AM,KARABEER@boisestate.edu_boisestate
1343,9e2d27dc-b8e4-41f0-bd66-0dd1f5a11311,K6,2,1779393600000,10:02,WIPT,1,1,,0,0,,0,Visual,62,230,46,2052,GPS-003,,7577516d-6df6-4ac9-a451-200d4dfd976a,5/22/2026 12:46:32 AM,KARABEER@boisestate.edu_boisestate,5/22/2026 12:46:32 AM,KARABEER@boisestate.edu_boisestate
1344,5aec4479-e86f-4880-b68a-4131983d3629,K6,2,1779393600000,10:04,WIPT,1,1,,1,1,,0,Visual,62,210,26,2052,GPS-003,,7577516d-6df6-4ac9-a451-200d4dfd976a,5/22/2026 12:46:32 AM,KARABEER@boisestate.edu_boisestate,5/22/2026 12:46:32 AM,KARABEER@boisestate.edu_boisestate
1345,0784ad16-55f3-4651-8db6-50bab90b6b0c,K6,2,1779393600000,10:06,WIPT,1,1,,0,0,,0,Visual,62,210,83,2053,GPS-003,,7577516d-6df6-4ac9-a451-200d4dfd976a,5/22/2026 12:46:32 AM,KARABEER@boisestate.edu_boisestate,5/22/2026 12:46:32 AM,KARABEER@boisestate.edu_boisestate
1346,a63b7be7-b708-4ae8-b78b-21d5628eadcc,K6,2,1779393600000,10:07,WIPT,1,1,,0,0,,0,Visual,61,70,33,2054,GPS-003,,7577516d-6df6-4ac9-a451-200d4dfd976a,5/22/2026 12:46:32 AM,KARABEER@boisestate.edu_boisestate,5/22/2026 12:46:32 AM,KARABEER@boisestate.edu_boisestate
1347,3386abcf-673d-4a55-b1ff-b554a2def814,K6,2,1779393600000,10:10,WIPT,1,1,,0,0,,0,Visual,60,220,109,2055,GPS-003,,7577516d-6df6-4ac9-a451-200d4dfd976a,5/22/2026 12:46:32 AM,KARABEER@boisestate.edu_boisestate,5/22/2026 12:46:32 AM,KARABEER@boisestate.edu_boisestate
1348,5c207a5f-3672-4263-a4ab-f446c40df278,K6,2,1779393600000,10:12,WIPT,1,1,,0,0,,0,Visual,60,-99,0,2056,GPS-003,,7577516d-6df6-4ac9-a451-200d4dfd976a,5/22/2026 12:46:32 AM,KARABEER@boisestate.edu_boisestate,5/22/2026 12:46:32 AM,KARABEER@boisestate.edu_boisestate
1349,f4dfb458-0d51-48ee-a832-b5fb2c7c159d,K6,2,1779393600000,10:13,WISN,0,,,0,,,1,Audio,60,120,40,2057,GPS-003,,7577516d-6df6-4ac9-a451-200d4dfd976a,5/22/2026 12:46:32 AM,KARABEER@boisestate.edu_boisestate,5/22/2026 12:46:32 AM,KARABEER@boisestate.edu_boisestate
1350,bf8620d4-b8c7-424e-a7e9-0112ed650b49,K6,2,1779393600000,10:14,WIPT,1,1,,0,0,,0,Visual,60,122,98,2058,GPS-003,,7577516d-6df6-4ac9-a451-200d4dfd976a,5/22/2026 12:46:32 AM,KARABEER@boisestate.edu_boisestate,5/22/2026 12:46:32 AM,KARABEER@boisestate.edu_boisestate
1351,22323aa4-3360-4727-9a8c-8add598f7a20,K6,2,1779393600000,10:14,WIPT,1,1,,0,0,,0,Visual,60,110,125,2058,GPS-003,,7577516d-6df6-4ac9-a451-200d4dfd976a,5/22/2026 12:46:32 AM,KARABEER@boisestate.edu_boisestate,5/22/2026 12:46:32 AM,KARABEER@boisestate.edu_boisestate
1352,21cae2c8-2cfd-4211-8401-7366883c0bba,K6,2,1779393600000,10:15,WIPT,1,1,,0,0,,0,Visual,60,150,38,2059,GPS-003,,7577516d-6df6-4ac9-a451-200d4dfd976a,5/22/2026 12:46:32 AM,KARABEER@boisestate.edu_boisestate,5/22/2026 12:46:32 AM,KARABEER@boisestate.edu_boisestate
1353,14da5ed6-4588-445d-9fad-1a35b2d5f8f0,K6,2,1779393600000,10:16,WIPT,1,1,,0,0,,0,Visual,60,110,6,2060,GPS-003,,7577516d-6df6-4ac9-a451-200d4dfd976a,5/22/2026 12:46:32 AM,KARABEER@boisestate.edu_boisestate,5/22/2026 12:46:32 AM,KARABEER@boisestate.edu_boisestate
1354,4228a0f8-ca23-4095-9e4e-4829e48c4603,K6,2,1779393600000,10:17,WIPT,1,1,,0,0,,0,Visual,60,90,55,2061,GPS-003,,7577516d-6df6-4ac9-a451-200d4dfd976a,5/22/2026 12:46:32 AM,KARABEER@boisestate.edu_boisestate,5/22/2026 12:46:32 AM,KARABEER@boisestate.edu_boisestate
1355,6f7f0b71-5aa3-489d-b822-8cba5aa23034,K6,2,1779393600000,10:18,WIPT,1,1,,0,0,,0,Visual,59,60,25,2062,GPS-003,,7577516d-6df6-4ac9-a451-200d4dfd976a,5/22/2026 12:46:32 AM,KARABEER@boisestate.edu_boisestate,5/22/2026 12:46:32 AM,KARABEER@boisestate.edu_boisestate
1356,a9e670e3-8a5d-4423-bae1-e62af72603ba,K6,2,1779393600000,10:19,WIPT,1,1,,1,1,,0,Visual,60,-99,0,2063,GPS-003,,7577516d-6df6-4ac9-a451-200d4dfd976a,5/22/2026 12:46:32 AM,KARABEER@boisestate.edu_boisestate,5/22/2026 12:46:32 AM,KARABEER@boisestate.edu_boisestate
1357,8c76e261-152d-4d50-a210-ec8bb682a168,K6,2,1779393600000,10:21,WIPT,1,1,,0,0,,0,Visual,59,-99,0,2064,GPS-003,,7577516d-6df6-4ac9-a451-200d4dfd976a,5/22/2026 12:46:32 AM,KARABEER@boisestate.edu_boisestate,5/22/2026 12:46:32 AM,KARABEER@boisestate.edu_boisestate
1358,d7e31e8f-f66b-4b5d-8c30-a635c3175d6d,K6,2,1779393600000,10:23,WIPT,1,1,,0,0,,0,Visual,59,110,50,2065,GPS-003,,7577516d-6df6-4ac9-a451-200d4dfd976a,5/22/2026 12:46:32 AM,KARABEER@boisestate.edu_boisestate,5/22/2026 12:46:32 AM,KARABEER@boisestate.edu_boisestate
1359,ff65bc3f-d14c-4b7b-8472-f2871575418c,K6,2,1779393600000,10:23,WISN,0,,,0,,,1,Audio,59,85,45,2065,GPS-003,,7577516d-6df6-4ac9-a451-200d4dfd976a,5/22/2026 12:46:32 AM,KARABEER@boisestate.edu_boisestate,5/22/2026 12:46:32 AM,KARABEER@boisestate.edu_boisestate
1360,56c74af2-72a5-4d67-bc64-1288af7f84ed,K6,2,1779393600000,10:24,WIPT,1,1,,0,0,,0,Visual,59,110,149,2066,GPS-003,,7577516d-6df6-4ac9-a451-200d4dfd976a,5/22/2026 12:46:32 AM,KARABEER@boisestate.edu_boisestate,5/22/2026 12:46:32 AM,KARABEER@boisestate.edu_boisestate
1361,8c17cc64-1e5a-46ba-9272-92c16c0218c2,K6,2,1779393600000,10:25,WIPT,1,1,,0,0,,0,Visual,59,230,25,2067,GPS-003,,7577516d-6df6-4ac9-a451-200d4dfd976a,5/22/2026 12:46:32 AM,KARABEER@boisestate.edu_boisestate,5/22/2026 12:46:32 AM,KARABEER@boisestate.edu_boisestate
1362,692bdcfb-e390-4080-9b3e-68486733b88a,K6,2,1779393600000,10:25,WIPT,1,1,,0,0,,0,Visual,59,110,65,2068,GPS-003,,7577516d-6df6-4ac9-a451-200d4dfd976a,5/22/2026 12:46:32 AM,KARABEER@boisestate.edu_boisestate,5/22/2026 12:46:32 AM,KARABEER@boisestate.edu_boisestate
1363,5b8c8f45-c092-4090-916b-cbd9287621d3,K6,2,1779393600000,10:26,WIPT,1,1,,0,0,,0,Visual,59,220,188,2069,GPS-003,,7577516d-6df6-4ac9-a451-200d4dfd976a,5/22/2026 12:46:32 AM,KARABEER@boisestate.edu_boisestate,5/22/2026 12:46:32 AM,KARABEER@boisestate.edu_boisestate
1364,c71b6ae4-8f6e-4db3-983d-2a2e0b7d7c98,K6,2,1779393600000,10:26,WIPT,1,1,,0,0,,0,Visual,58,90,260,2070,GPS-003,,7577516d-6df6-4ac9-a451-200d4dfd976a,5/22/2026 12:46:32 AM,KARABEER@boisestate.edu_boisestate,5/22/2026 12:46:32 AM,KARABEER@boisestate.edu_boisestate
1365,32d8dba6-8e06-495a-8919-0c0b8e3e5171,K6,2,1779393600000,10:27,WIPT,1,1,,0,0,,0,Visual,58,85,127,2071,GPS-003,,7577516d-6df6-4ac9-a451-200d4dfd976a,5/22/2026 12:46:32 AM,KARABEER@boisestate.edu_boisestate,5/22/2026 12:46:32 AM,KARABEER@boisestate.edu_boisestate
1366,9d11e5be-80ed-498b-83f1-fe5fa105ae85,K6,2,1779393600000,10:27,WISN,0,,,0,,,1,Audio,58,70,30,2071,GPS-003,,7577516d-6df6-4ac9-a451-200d4dfd976a,5/22/2026 12:46:32 AM,KARABEER@boisestate.edu_boisestate,5/22/2026 12:46:32 AM,KARABEER@boisestate.edu_boisestate
1367,8c04ccb0-d172-439b-809c-bc4998e60ae3,K6,2,1779393600000,10:28,WIPT,1,1,,0,0,,0,Visual,58,-99,0,2072,GPS-003,,7577516d-6df6-4ac9-a451-200d4dfd976a,5/22/2026 12:46:32 AM,KARABEER@boisestate.edu_boisestate,5/22/2026 12:46:32 AM,KARABEER@boisestate.edu_boisestate
1368,e4c827f7-0f1b-457b-ac3f-dd8d7621f977,K6,2,1779393600000,10:29,WIPT,1,1,,1,1,,0,Visual,58,-99,0,2073,GPS-003,,7577516d-6df6-4ac9-a451-200d4dfd976a,5/22/2026 12:46:32 AM,KARABEER@boisestate.edu_boisestate,5/22/2026 12:46:32 AM,KARABEER@boisestate.edu_boisestate
1369,2d511a3d-d4ac-477b-aeaa-3c82d4729b6b,T5,2,1779393600000,10:31,WIPT,1,1,,0,0,,0,Visual,58,100,100,2074,GPS-003,,a95a8fcd-83fa-48d3-bf07-5b143377c642,5/22/2026 12:46:33 AM,KARABEER@boisestate.edu_boisestate,5/22/2026 12:46:33 AM,KARABEER@boisestate.edu_boisestate
1370,f972a86f-d191-4f0d-95de-d23c2d1dcc39,T5,2,1779393600000,10:47,WIPT,1,1,,0,0,,0,Visual,55,20,63,2075,GPS-003,,a95a8fcd-83fa-48d3-bf07-5b143377c642,5/22/2026 12:46:33 AM,KARABEER@boisestate.edu_boisestate,5/22/2026 12:46:33 AM,KARABEER@boisestate.edu_boisestate
1371,82a34af5-fceb-4b38-949d-4a426082e69a,T5,2,1779393600000,10:49,WIPT,1,1,,0,0,,0,Visual,55,230,82,2076,GPS-003,,a95a8fcd-83fa-48d3-bf07-5b143377c642,5/22/2026 12:46:33 AM,KARABEER@boisestate.edu_boisestate,5/22/2026 12:46:33 AM,KARABEER@boisestate.edu_boisestate
1372,398aba35-773c-4fa0-aea0-d8454fa69c96,T5,2,1779393600000,10:52,WIPT,1,1,,0,0,,0,Visual,52,90,33,2077,GPS-003,,a95a8fcd-83fa-48d3-bf07-5b143377c642,5/22/2026 12:46:33 AM,KARABEER@boisestate.edu_boisestate,5/22/2026 12:46:33 AM,KARABEER@boisestate.edu_boisestate
1373,2fda5ad7-6bd6-4adb-a32b-c256ecbfc31b,T5,2,1779393600000,11:02,WIPT,1,1,,0,0,,0,Visual,52,110,195,2078,GPS-003,,a95a8fcd-83fa-48d3-bf07-5b143377c642,5/22/2026 12:46:33 AM,KARABEER@boisestate.edu_boisestate,5/22/2026 12:46:33 AM,KARABEER@boisestate.edu_boisestate
1374,1e9ecd5a-b945-4c96-ab1e-95db1fa37b72,T5,2,1779393600000,11:03,WIPT,1,1,,0,0,,0,Visual,52,250,50,2079,GPS-003,,a95a8fcd-83fa-48d3-bf07-5b143377c642,5/22/2026 12:46:33 AM,KARABEER@boisestate.edu_boisestate,5/22/2026 12:46:33 AM,KARABEER@boisestate.edu_boisestate
1375,f8c30dc1-534a-4dea-8eca-60f3755374c9,T5,2,1779393600000,11:04,WIPT,1,1,,0,0,,0,Visual,52,90,160,2080,GPS-003,,a95a8fcd-83fa-48d3-bf07-5b143377c642,5/22/2026 12:46:33 AM,KARABEER@boisestate.edu_boisestate,5/22/2026 12:46:33 AM,KARABEER@boisestate.edu_boisestate
1376,898d77ba-5c2a-4d83-b5a8-100938c0ba33,T5,2,1779393600000,11:05,WIPT,1,1,,0,0,,0,Visual,51,270,68,2081,GPS-003,,a95a8fcd-83fa-48d3-bf07-5b143377c642,5/22/2026 12:46:33 AM,KARABEER@boisestate.edu_boisestate,5/22/2026 12:46:33 AM,KARABEER@boisestate.edu_boisestate
1377,be570a54-4357-4718-965d-de0aebd21162,T5,2,1779393600000,11:05,WIPT,1,1,,0,0,,0,Visual,51,-99,0,2083,GPS-003,,a95a8fcd-83fa-48d3-bf07-5b143377c642,5/22/2026 12:46:33 AM,KARABEER@boisestate.edu_boisestate,5/22/2026 12:46:33 AM,KARABEER@boisestate.edu_boisestate
1378,dd1ad522-6131-4a56-adfc-1fb22d27da28,T5,2,1779393600000,11:07,WIPT,1,1,,0,0,,0,Visual,51,265,145,2083,GPS-003,,a95a8fcd-83fa-48d3-bf07-5b143377c642,5/22/2026 12:46:33 AM,KARABEER@boisestate.edu_boisestate,5/22/2026 12:46:33 AM,KARABEER@boisestate.edu_boisestate
1379,571942bc-6e55-4370-b3e8-0cb2c141d3cb,T5,2,1779393600000,11:08,WIPT,1,1,,0,0,,0,Visual,51,110,249,2084,GPS-003,,a95a8fcd-83fa-48d3-bf07-5b143377c642,5/22/2026 12:46:33 AM,KARABEER@boisestate.edu_boisestate,5/22/2026 12:46:33 AM,KARABEER@boisestate.edu_boisestate
1380,32ace66e-60fc-4d79-8f01-98e7fb289ebd,T5,2,1779393600000,11:08,LTJA,0,,,0,,,1,Visual,51,260,57,2085,GPS-003,,a95a8fcd-83fa-48d3-bf07-5b143377c642,5/22/2026 12:46:33 AM,KARABEER@boisestate.edu_boisestate,5/22/2026 12:46:33 AM,KARABEER@boisestate.edu_boisestate
1381,4c3b0b88-7827-4972-8340-c39ecb279f70,T5,2,1779393600000,11:09,WIPT,1,1,,0,0,,0,Visual,51,250,155,2086,GPS-003,,a95a8fcd-83fa-48d3-bf07-5b143377c642,5/22/2026 12:46:33 AM,KARABEER@boisestate.edu_boisestate,5/22/2026 12:46:33 AM,KARABEER@boisestate.edu_boisestate
1382,dff0928e-3742-40a8-a1cd-044e3bcaa5a5,T5,2,1779393600000,11:09,WIPT,1,1,,0,0,,0,Visual,51,130,90,2086,GPS-003,,a95a8fcd-83fa-48d3-bf07-5b143377c642,5/22/2026 12:46:33 AM,KARABEER@boisestate.edu_boisestate,5/22/2026 12:46:33 AM,KARABEER@boisestate.edu_boisestate
1383,645a2c15-78d3-4db6-9d28-cb039b69aabf,T5,2,1779393600000,11:10,LTJA,0,,,0,,,1,Visual,51,110,56,2087,GPS-003,,a95a8fcd-83fa-48d3-bf07-5b143377c642,5/22/2026 12:46:33 AM,KARABEER@boisestate.edu_boisestate,5/22/2026 12:46:33 AM,KARABEER@boisestate.edu_boisestate
1384,c2f2c621-1090-4456-96c4-0c05669bcba6,T5,2,1779393600000,11:11,WIPT,2,2,,0,0,,2,Visual,51,80,176,2088,GPS-003,,a95a8fcd-83fa-48d3-bf07-5b143377c642,5/22/2026 12:46:33 AM,KARABEER@boisestate.edu_boisestate,5/22/2026 12:46:33 AM,KARABEER@boisestate.edu_boisestate
1385,3ada47cb-3e3c-4414-8fd9-f43c5d1bf33a,T5,2,1779393600000,11:11,WIPT,1,1,,0,0,,0,Visual,51,110,31,2088,GPS-003,,a95a8fcd-83fa-48d3-bf07-5b143377c642,5/22/2026 12:46:33 AM,KARABEER@boisestate.edu_boisestate,5/22/2026 12:46:33 AM,KARABEER@boisestate.edu_boisestate
1386,783e66fc-3d72-4251-8e55-7b4e50dd90fd,T5,2,1779393600000,11:12,WISN,0,,,0,,,1,Audio,51,60,60,2088,GPS-003,,a95a8fcd-83fa-48d3-bf07-5b143377c642,5/22/2026 12:46:33 AM,KARABEER@boisestate.edu_boisestate,5/22/2026 12:46:33 AM,KARABEER@boisestate.edu_boisestate
1387,ce80914e-ef81-4b1f-ba2f-eb12488813b0,T5,2,1779393600000,11:12,WIPT,1,1,,0,0,,0,Visual,51,260,96,2089,GPS-003,,a95a8fcd-83fa-48d3-bf07-5b143377c642,5/22/2026 12:46:33 AM,KARABEER@boisestate.edu_boisestate,5/22/2026 12:46:33 AM,KARABEER@boisestate.edu_boisestate
1388,15b36a46-8ae3-40d8-be89-dbaf1d39de7f,T5,2,1779393600000,11:13,WIPT,1,1,,0,0,,0,Visual,51,-99,0,2090,GPS-003,,a95a8fcd-83fa-48d3-bf07-5b143377c642,5/22/2026 12:46:33 AM,KARABEER@boisestate.edu_boisestate,5/22/2026 12:46:33 AM,KARABEER@boisestate.edu_boisestate
1389,3ea19fe6-cd32-4c13-9f2a-7710c7f42158,T5,2,1779393600000,11:16,WIPT,1,1,,0,0,,0,Visual,51,250,51,2091,GPS-003,,a95a8fcd-83fa-48d3-bf07-5b143377c642,5/22/2026 12:46:33 AM,KARABEER@boisestate.edu_boisestate,5/22/2026 12:46:33 AM,KARABEER@boisestate.edu_boisestate
1390,eb1e9062-c3b7-43f4-aa21-d257a58579cb,T5,2,1779393600000,11:17,WIPT,1,1,,0,0,,0,Visual,51,100,35,2092,GPS-003,,a95a8fcd-83fa-48d3-bf07-5b143377c642,5/22/2026 12:46:33 AM,KARABEER@boisestate.edu_boisestate,5/22/2026 12:46:33 AM,KARABEER@boisestate.edu_boisestate
1391,1ef1f9c7-1568-4aaa-9563-6b1c7e2e0cbe,T5,2,1779393600000,11:18,WIPT,1,1,,0,0,,0,Visual,51,100,147,2093,GPS-003,,a95a8fcd-83fa-48d3-bf07-5b143377c642,5/22/2026 12:46:33 AM,KARABEER@boisestate.edu_boisestate,5/22/2026 12:46:33 AM,KARABEER@boisestate.edu_boisestate
1392,e6641e77-b61a-42b1-92f2-a0908b861e48,T5,2,1779393600000,11:18,WIPT,1,1,,1,1,,0,Visual,50,240,19,2094,GPS-003,,a95a8fcd-83fa-48d3-bf07-5b143377c642,5/22/2026 12:46:33 AM,KARABEER@boisestate.edu_boisestate,5/22/2026 12:46:33 AM,KARABEER@boisestate.edu_boisestate
1393,4cac96af-ccd9-47db-8bbf-f525f62e7e8e,T5,2,1779393600000,11:22,WIPT,1,1,,0,0,,0,Visual,50,280,79,2095,GPS-003,,a95a8fcd-83fa-48d3-bf07-5b143377c642,5/22/2026 12:46:33 AM,KARABEER@boisestate.edu_boisestate,5/22/2026 12:46:33 AM,KARABEER@boisestate.edu_boisestate
1394,20529c5b-8a7d-47c9-a361-5ed44fc6c336,T5,2,1779393600000,11:23,WIPT,1,1,,0,0,,0,Visual,50,110,194,2095,GPS-003,,a95a8fcd-83fa-48d3-bf07-5b143377c642,5/22/2026 12:46:33 AM,KARABEER@boisestate.edu_boisestate,5/22/2026 12:46:33 AM,KARABEER@boisestate.edu_boisestate
1395,32abf063-299b-4a60-87b8-81f64322b8ed,T5,2,1779393600000,11:23,WISN,0,,,0,,,1,Audio,50,80,20,2095,GPS-003,,a95a8fcd-83fa-48d3-bf07-5b143377c642,5/22/2026 12:46:33 AM,KARABEER@boisestate.edu_boisestate,5/22/2026 12:46:33 AM,KARABEER@boisestate.edu_boisestate
1396,e9b93c31-d9b4-4dba-b581-4ac6930edcc0,T5,2,1779393600000,11:24,WIPT,1,1,,0,0,,0,Visual,50,100,20,2096,GPS-003,,a95a8fcd-83fa-48d3-bf07-5b143377c642,5/22/2026 12:46:33 AM,KARABEER@boisestate.edu_boisestate,5/22/2026 12:46:33 AM,KARABEER@boisestate.edu_boisestate
1397,51bc4669-39dd-447d-87ae-15a970e4cf9f,T5,2,1779393600000,11:25,WIPT,1,1,,0,0,,0,Visual,50,-99,0,2097,GPS-003,,a95a8fcd-83fa-48d3-bf07-5b143377c642,5/22/2026 12:46:33 AM,KARABEER@boisestate.edu_boisestate,5/22/2026 12:46:33 AM,KARABEER@boisestate.edu_boisestate
1398,547213ca-6e96-4700-a44e-c7a3f3ed35be,T5,2,1779393600000,11:25,WIPT,1,1,,0,0,,0,Visual,50,250,249,2097,GPS-003,,a95a8fcd-83fa-48d3-bf07-5b143377c642,5/22/2026 12:46:33 AM,KARABEER@boisestate.edu_boisestate,5/22/2026 12:46:33 AM,KARABEER@boisestate.edu_boisestate
1399,af8f1115-7049-4e5f-b073-bd4d1dfa242b,T5,2,1779393600000,11:27,WIPT,1,1,,0,0,,0,Visual,50,20,36,2099,GPS-003,,a95a8fcd-83fa-48d3-bf07-5b143377c642,5/22/2026 12:46:33 AM,KARABEER@boisestate.edu_boisestate,5/22/2026 12:46:33 AM,KARABEER@boisestate.edu_boisestate
1400,987197a5-fa0e-4eae-9a65-df53cc2b0d2d,T5,2,1779393600000,11:27,WIPT,1,1,,0,0,,0,Visual,50,250,59,2100,GPS-003,,a95a8fcd-83fa-48d3-bf07-5b143377c642,5/22/2026 12:46:33 AM,KARABEER@boisestate.edu_boisestate,5/22/2026 12:46:33 AM,KARABEER@boisestate.edu_boisestate
1401,00d5b923-6b48-4a7d-aba7-93cc3c8ccbe8,T5,2,1779393600000,11:28,WIPT,1,1,,0,0,,0,Visual,50,90,93,2101,GPS-003,,a95a8fcd-83fa-48d3-bf07-5b143377c642,5/22/2026 12:46:33 AM,KARABEER@boisestate.edu_boisestate,5/22/2026 12:46:33 AM,KARABEER@boisestate.edu_boisestate
1402,999087f3-30e3-4878-a0c8-5b8964c372f3,T5,2,1779393600000,11:29,WISN,0,,,0,,,1,Audio,50,120,28,2101,GPS-003,,a95a8fcd-83fa-48d3-bf07-5b143377c642,5/22/2026 12:46:33 AM,KARABEER@boisestate.edu_boisestate,5/22/2026 12:46:33 AM,KARABEER@boisestate.edu_boisestate
1403,82b7462f-b557-494b-937d-755b690a881a,T5,2,1779393600000,11:30,WIPT,1,1,,0,0,,0,Visual,50,250,115,2102,GPS-003,,a95a8fcd-83fa-48d3-bf07-5b143377c642,5/22/2026 12:46:33 AM,KARABEER@boisestate.edu_boisestate,5/22/2026 12:46:33 AM,KARABEER@boisestate.edu_boisestate
1404,695ce3fe-68c2-41e7-a770-4a95888ec1cf,T5,2,1779393600000,11:31,WIPT,1,1,,0,0,,0,Visual,49,-99,0,2103,GPS-003,,a95a8fcd-83fa-48d3-bf07-5b143377c642,5/22/2026 12:46:33 AM,KARABEER@boisestate.edu_boisestate,5/22/2026 12:46:33 AM,KARABEER@boisestate.edu_boisestate
1405,6abc99d0-3fc8-438c-ba3b-419926ba176c,T5,2,1779393600000,11:32,WIPT,1,1,,0,0,,0,Visual,49,240,81,2104,GPS-003,,a95a8fcd-83fa-48d3-bf07-5b143377c642,5/22/2026 12:46:33 AM,KARABEER@boisestate.edu_boisestate,5/22/2026 12:46:33 AM,KARABEER@boisestate.edu_boisestate
1406,3dd5f7fc-839e-4b95-8ae4-ee81c1db98c8,T5,2,1779393600000,11:33,WIPT,1,1,,0,0,,0,Visual,49,100,79,2105,GPS-003,,a95a8fcd-83fa-48d3-bf07-5b143377c642,5/22/2026 12:46:33 AM,KARABEER@boisestate.edu_boisestate,5/22/2026 12:46:33 AM,KARABEER@boisestate.edu_boisestate
1407,e34b94fd-b5ec-4d8b-b940-1fd9116f1747,T5,2,1779393600000,11:34,WIPT,1,1,,0,0,,0,Visual,49,250,157,2106,GPS-003,,a95a8fcd-83fa-48d3-bf07-5b143377c642,5/22/2026 12:46:33 AM,KARABEER@boisestate.edu_boisestate,5/22/2026 12:46:33 AM,KARABEER@boisestate.edu_boisestate
1408,11789c0e-b09b-4054-b890-d53d74cbd2e1,T5,2,1779393600000,11:34,WIPT,1,1,,0,0,,0,Visual,49,-99,0,2107,GPS-003,,a95a8fcd-83fa-48d3-bf07-5b143377c642,5/22/2026 12:46:33 AM,KARABEER@boisestate.edu_boisestate,5/22/2026 12:46:33 AM,KARABEER@boisestate.edu_boisestate
1409,786d9a6c-563b-4903-bbd5-ccea9ea3a14d,T5,2,1779393600000,11:36,WIPT,1,1,,0,0,,0,Visual,49,80,17,2108,GPS-003,,a95a8fcd-83fa-48d3-bf07-5b143377c642,5/22/2026 12:46:33 AM,KARABEER@boisestate.edu_boisestate,5/22/2026 12:46:33 AM,KARABEER@boisestate.edu_boisestate
1410,49348312-fff3-4529-b3e2-d03507104ba6,T5,2,1779393600000,11:36,WIPT,1,1,,0,0,,0,Visual,49,220,39,2109,GPS-003,,a95a8fcd-83fa-48d3-bf07-5b143377c642,5/22/2026 12:46:33 AM,KARABEER@boisestate.edu_boisestate,5/22/2026 12:46:33 AM,KARABEER@boisestate.edu_boisestate
1411,38cfe959-d1d7-4641-a36f-f6e7fe8496d3,T5,2,1779393600000,11:37,WIPT,1,1,,0,0,,0,Visual,49,250,70,2110,GPS-003,,a95a8fcd-83fa-48d3-bf07-5b143377c642,5/22/2026 12:46:33 AM,KARABEER@boisestate.edu_boisestate,5/22/2026 12:46:33 AM,KARABEER@boisestate.edu_boisestate
1412,feea7f62-c543-4ee5-a073-2bd961f7421b,T5,2,1779393600000,11:38,WIPT,1,1,,0,0,,0,Visual,49,100,68,2111,GPS-003,,a95a8fcd-83fa-48d3-bf07-5b143377c642,5/22/2026 12:46:33 AM,KARABEER@boisestate.edu_boisestate,5/22/2026 12:46:33 AM,KARABEER@boisestate.edu_boisestate
1413,16a215bc-5bd2-4f12-bb59-20be85b90ef3,T5,2,1779393600000,11:39,LTJA,0,,,0,,,1,Visual,49,220,50,2112,GPS-003,,a95a8fcd-83fa-48d3-bf07-5b143377c642,5/22/2026 12:46:33 AM,KARABEER@boisestate.edu_boisestate,5/22/2026 12:46:33 AM,KARABEER@boisestate.edu_boisestate
1414,0fd91f1f-41ca-4c89-af66-7f78a8992ae4,T5,2,1779393600000,11:41,ROPT,1,,1,0,,0,0,Visual,48,110,159,2112,GPS-003,,a95a8fcd-83fa-48d3-bf07-5b143377c642,5/22/2026 12:46:33 AM,KARABEER@boisestate.edu_boisestate,5/22/2026 12:46:33 AM,KARABEER@boisestate.edu_boisestate
1415,b22bc657-0ecd-4a5c-a9a5-abc64ccb7393,T5,2,1779393600000,11:41,ROPT,1,,1,0,,0,0,Visual,48,250,180,2113,GPS-003,,a95a8fcd-83fa-48d3-bf07-5b143377c642,5/22/2026 12:46:33 AM,KARABEER@boisestate.edu_boisestate,5/22/2026 12:46:33 AM,KARABEER@boisestate.edu_boisestate
1416,789b3011-dc3e-46d4-837f-29006039c809,T5,2,1779393600000,11:42,WIPT,1,1,,0,0,,0,Visual,48,80,44,2114,GPS-003,,a95a8fcd-83fa-48d3-bf07-5b143377c642,5/22/2026 12:46:33 AM,KARABEER@boisestate.edu_boisestate,5/22/2026 12:46:33 AM,KARABEER@boisestate.edu_boisestate
1417,5d2235a0-6f28-4516-9757-dcd77553ed6c,T3,1,1779480000000,08:36,WIPT,1,1,,0,0,,0,Visual,28,0,21,2115,GPS-003,,153bce32-3775-4fd3-acc6-01192f5fa8cc,5/23/2026 4:32:35 AM,KARABEER@boisestate.edu_boisestate,5/23/2026 4:32:35 AM,KARABEER@boisestate.edu_boisestate
1418,dfee9143-e4a1-4b74-b6bb-c8c99946902d,T3,1,1779480000000,08:39,GOPL,0,,,0,,,1,Visual,28,15,69,2115,GPS-003,,153bce32-3775-4fd3-acc6-01192f5fa8cc,5/23/2026 4:32:35 AM,KARABEER@boisestate.edu_boisestate,5/23/2026 4:32:35 AM,KARABEER@boisestate.edu_boisestate
1419,ab73ad79-9812-47ed-91eb-f70b22943d5c,T3,1,1779480000000,08:39,WISN,0,,,0,,,1,Audio,28,340,40,2115,GPS-003,,153bce32-3775-4fd3-acc6-01192f5fa8cc,5/23/2026 4:32:35 AM,KARABEER@boisestate.edu_boisestate,5/23/2026 4:32:35 AM,KARABEER@boisestate.edu_boisestate
1420,9a8856e3-738d-4334-b190-f4ae7d4fac0b,T3,1,1779480000000,08:40,WIPT,1,1,,0,0,,0,Visual,28,355,92,2116,GPS-003,,153bce32-3775-4fd3-acc6-01192f5fa8cc,5/23/2026 4:32:35 AM,KARABEER@boisestate.edu_boisestate,5/23/2026 4:32:35 AM,KARABEER@boisestate.edu_boisestate
1421,a72f8ef9-ef49-4d17-b5ef-5fb18059cf6e,T3,1,1779480000000,08:41,GOPL,0,,,0,,,1,Audio,28,0,72,2116,GPS-003,,153bce32-3775-4fd3-acc6-01192f5fa8cc,5/23/2026 4:32:35 AM,KARABEER@boisestate.edu_boisestate,5/23/2026 4:32:35 AM,KARABEER@boisestate.edu_boisestate
1422,f658816c-5538-42ee-99e2-9049a47c7052,T3,1,1779480000000,08:41,LTJA,0,,,0,,,1,Visual,28,330,110,2117,GPS-003,,153bce32-3775-4fd3-acc6-01192f5fa8cc,5/23/2026 4:32:35 AM,KARABEER@boisestate.edu_boisestate,5/23/2026 4:32:35 AM,KARABEER@boisestate.edu_boisestate
1423,cd9c3d5c-4db1-403e-890a-4040711184b2,T3,1,1779480000000,08:42,WIPT,1,1,,0,0,,0,Visual,28,150,118,2118,GPS-003,,153bce32-3775-4fd3-acc6-01192f5fa8cc,5/23/2026 4:32:35 AM,KARABEER@boisestate.edu_boisestate,5/23/2026 4:32:35 AM,KARABEER@boisestate.edu_boisestate
1424,c6a8b9e7-8d26-4d65-93b9-992324429a52,T3,1,1779480000000,08:43,WISN,0,,,0,,,1,Audio,28,0,20,2119,GPS-003,,153bce32-3775-4fd3-acc6-01192f5fa8cc,5/23/2026 4:32:35 AM,KARABEER@boisestate.edu_boisestate,5/23/2026 4:32:35 AM,KARABEER@boisestate.edu_boisestate
1425,da7be04a-822c-47c9-b79b-25af144188f9,T3,1,1779480000000,08:44,WIPT,1,1,,0,0,,0,Visual,28,355,23,2119,GPS-003,,153bce32-3775-4fd3-acc6-01192f5fa8cc,5/23/2026 4:32:35 AM,KARABEER@boisestate.edu_boisestate,5/23/2026 4:32:35 AM,KARABEER@boisestate.edu_boisestate
1426,1e1f3de2-33cd-41cd-a101-656af8a967c9,T3,1,1779480000000,08:44,WIPT,1,1,,0,0,,0,Visual,28,355,198,2119,GPS-003,,153bce32-3775-4fd3-acc6-01192f5fa8cc,5/23/2026 4:32:35 AM,KARABEER@boisestate.edu_boisestate,5/23/2026 4:32:35 AM,KARABEER@boisestate.edu_boisestate
1427,e5f7c6cc-1613-4510-95c1-872499c779e6,T3,1,1779480000000,08:45,WIPT,5,5,,0,0,,0,Visual,28,120,397,2120,GPS-003,,153bce32-3775-4fd3-acc6-01192f5fa8cc,5/23/2026 4:32:35 AM,KARABEER@boisestate.edu_boisestate,5/23/2026 4:32:35 AM,KARABEER@boisestate.edu_boisestate
1428,801d6244-744c-4258-af7e-457bc84ccaae,T3,1,1779480000000,08:46,WISN,0,,,0,,,1,Visual,28,110,172,2120,GPS-003,,153bce32-3775-4fd3-acc6-01192f5fa8cc,5/23/2026 4:32:35 AM,KARABEER@boisestate.edu_boisestate,5/23/2026 4:32:35 AM,KARABEER@boisestate.edu_boisestate
1429,1659b1c3-2454-4ff0-ba8d-52efc24c6de0,T3,1,1779480000000,08:47,SEOW,0,,,0,,,1,Visual,28,140,240,2121,GPS-003,,153bce32-3775-4fd3-acc6-01192f5fa8cc,5/23/2026 4:32:35 AM,KARABEER@boisestate.edu_boisestate,5/23/2026 4:32:35 AM,KARABEER@boisestate.edu_boisestate
1430,39ce84a3-47b9-4dcd-b5da-f0a95bfb85df,T3,1,1779480000000,08:47,WIPT,1,1,,1,1,,0,Visual,28,135,63,2121,GPS-003,,153bce32-3775-4fd3-acc6-01192f5fa8cc,5/23/2026 4:32:35 AM,KARABEER@boisestate.edu_boisestate,5/23/2026 4:32:35 AM,KARABEER@boisestate.edu_boisestate
1431,2cb6eea5-a0a2-403e-bcc9-13bc487e1996,T3,1,1779480000000,08:48,LTJA,0,,,0,,,1,Visual,28,100,160,2121,GPS-003,,153bce32-3775-4fd3-acc6-01192f5fa8cc,5/23/2026 4:32:35 AM,KARABEER@boisestate.edu_boisestate,5/23/2026 4:32:35 AM,KARABEER@boisestate.edu_boisestate
1432,c09eb7d9-480a-435c-bd23-3f5a98a7a3b1,T3,1,1779480000000,08:48,LTJA,0,,,0,,,0,Visual,28,120,175,2121,GPS-003,,153bce32-3775-4fd3-acc6-01192f5fa8cc,5/23/2026 4:32:35 AM,KARABEER@boisestate.edu_boisestate,5/23/2026 4:32:35 AM,KARABEER@boisestate.edu_boisestate
1433,e13d4ebe-890b-4a4d-8ed5-7d1a17bddc26,T3,1,1779480000000,08:49,LTJA,0,,,0,,,1,Visual,28,130,102,2122,GPS-003,,153bce32-3775-4fd3-acc6-01192f5fa8cc,5/23/2026 4:32:35 AM,KARABEER@boisestate.edu_boisestate,5/23/2026 4:32:35 AM,KARABEER@boisestate.edu_boisestate
1434,ef2ef3ce-3ee0-4ebf-8ba8-e410ecee20e3,T3,1,1779480000000,08:49,WIPT,1,1,,0,0,,0,Visual,28,110,145,2122,GPS-003,,153bce32-3775-4fd3-acc6-01192f5fa8cc,5/23/2026 4:32:35 AM,KARABEER@boisestate.edu_boisestate,5/23/2026 4:32:35 AM,KARABEER@boisestate.edu_boisestate
1435,acf6d3c4-ed2b-4937-94ef-c3279f5fcf5c,T3,1,1779480000000,08:50,WISN,0,,,0,,,1,Audio,28,140,35,2122,GPS-003,,153bce32-3775-4fd3-acc6-01192f5fa8cc,5/23/2026 4:32:35 AM,KARABEER@boisestate.edu_boisestate,5/23/2026 4:32:35 AM,KARABEER@boisestate.edu_boisestate
1436,d8ddad1d-67db-4824-b609-34d469e70d29,T3,1,1779480000000,08:50,WIPT,1,1,,0,0,,0,Visual,28,140,52,2122,GPS-003,,153bce32-3775-4fd3-acc6-01192f5fa8cc,5/23/2026 4:32:35 AM,KARABEER@boisestate.edu_boisestate,5/23/2026 4:32:35 AM,KARABEER@boisestate.edu_boisestate
1437,0532e5aa-420a-4944-982a-cf320a98e252,T3,1,1779480000000,08:51,WIPT,1,1,,0,0,,0,Visual,28,320,72,2122,GPS-003,,153bce32-3775-4fd3-acc6-01192f5fa8cc,5/23/2026 4:32:35 AM,KARABEER@boisestate.edu_boisestate,5/23/2026 4:32:35 AM,KARABEER@boisestate.edu_boisestate
1438,b5e33412-6578-4cdc-9e68-a19009338618,T3,1,1779480000000,08:52,WIPT,1,1,,1,1,,0,Visual,29,330,15,2123,GPS-003,,153bce32-3775-4fd3-acc6-01192f5fa8cc,5/23/2026 4:32:35 AM,KARABEER@boisestate.edu_boisestate,5/23/2026 4:32:35 AM,KARABEER@boisestate.edu_boisestate
1439,2fb4f4cf-85b0-46ad-8078-8c0be95eb056,T3,1,1779480000000,08:52,WIPT,1,1,,1,1,,0,Visual,29,150,40,2123,GPS-003,,153bce32-3775-4fd3-acc6-01192f5fa8cc,5/23/2026 4:32:35 AM,KARABEER@boisestate.edu_boisestate,5/23/2026 4:32:35 AM,KARABEER@boisestate.edu_boisestate
1440,31c1c7c0-b173-434e-8442-ecc1c06f5120,T3,1,1779480000000,08:53,WIPT,1,1,,0,0,,0,Visual,29,190,218,2124,GPS-003,,153bce32-3775-4fd3-acc6-01192f5fa8cc,5/23/2026 4:32:35 AM,KARABEER@boisestate.edu_boisestate,5/23/2026 4:32:35 AM,KARABEER@boisestate.edu_boisestate
1441,e1fffd07-96c0-48df-8fa1-b70e6461293e,T3,1,1779480000000,08:54,WISN,0,,,0,,,1,Audio,29,180,55,2124,GPS-003,,153bce32-3775-4fd3-acc6-01192f5fa8cc,5/23/2026 4:32:35 AM,KARABEER@boisestate.edu_boisestate,5/23/2026 4:32:35 AM,KARABEER@boisestate.edu_boisestate
1442,db3fa9f3-5f49-4841-b112-58c8a6539b00,T3,1,1779480000000,08:54,WIPT,1,1,,0,0,,0,Visual,29,40,176,2124,GPS-003,,153bce32-3775-4fd3-acc6-01192f5fa8cc,5/23/2026 4:32:35 AM,KARABEER@boisestate.edu_boisestate,5/23/2026 4:32:35 AM,KARABEER@boisestate.edu_boisestate
1443,a2dd570b-b08a-45fb-9524-0eb71c04ed68,T3,1,1779480000000,08:55,WIPT,1,1,,0,0,,0,Visual,29,235,81,2125,GPS-003,,153bce32-3775-4fd3-acc6-01192f5fa8cc,5/23/2026 4:32:35 AM,KARABEER@boisestate.edu_boisestate,5/23/2026 4:32:35 AM,KARABEER@boisestate.edu_boisestate
1444,2d281bc8-2696-44f3-8494-03d210a4b912,T3,1,1779480000000,08:55,WIPT,2,2,,0,0,,0,Visual,29,-99,0,2126,GPS-003,,153bce32-3775-4fd3-acc6-01192f5fa8cc,5/23/2026 4:32:35 AM,KARABEER@boisestate.edu_boisestate,5/23/2026 4:32:35 AM,KARABEER@boisestate.edu_boisestate
1445,eb695471-b121-4a26-bc63-e31b5c849e7c,T3,1,1779480000000,08:56,WIPT,1,1,,0,0,,0,Visual,29,240,245,2126,GPS-003,,153bce32-3775-4fd3-acc6-01192f5fa8cc,5/23/2026 4:32:35 AM,KARABEER@boisestate.edu_boisestate,5/23/2026 4:32:35 AM,KARABEER@boisestate.edu_boisestate
1446,f14fd569-9f36-4673-a923-f64ae718ca3a,T3,1,1779480000000,08:57,WIPT,1,1,,0,0,,0,Visual,29,225,140,2126,GPS-003,,153bce32-3775-4fd3-acc6-01192f5fa8cc,5/23/2026 4:32:35 AM,KARABEER@boisestate.edu_boisestate,5/23/2026 4:32:35 AM,KARABEER@boisestate.edu_boisestate
1447,f217da6f-efba-4b3e-9949-2516e267def5,T3,1,1779480000000,08:58,WIPT,1,1,,0,0,,0,Visual,29,230,290,2127,GPS-003,,153bce32-3775-4fd3-acc6-01192f5fa8cc,5/23/2026 4:32:35 AM,KARABEER@boisestate.edu_boisestate,5/23/2026 4:32:35 AM,KARABEER@boisestate.edu_boisestate
1448,02c730f8-d103-46be-96d2-3c1dd9621362,T3,1,1779480000000,08:58,WISN,0,,,0,,,1,Audio,29,160,75,2127,GPS-003,,153bce32-3775-4fd3-acc6-01192f5fa8cc,5/23/2026 4:32:35 AM,KARABEER@boisestate.edu_boisestate,5/23/2026 4:32:35 AM,KARABEER@boisestate.edu_boisestate
1449,5d18161f-1bfe-4cdd-a598-72b78ba9df0b,T3,1,1779480000000,08:59,WIPT,1,1,,0,0,,0,Visual,29,190,173,2127,GPS-003,,153bce32-3775-4fd3-acc6-01192f5fa8cc,5/23/2026 4:32:35 AM,KARABEER@boisestate.edu_boisestate,5/23/2026 4:32:35 AM,KARABEER@boisestate.edu_boisestate
1450,201376b7-317c-4b53-8d39-dbcdfff4fcaf,T3,1,1779480000000,09:00,WIPT,1,1,,0,0,,0,Visual,29,300,240,2128,GPS-003,,153bce32-3775-4fd3-acc6-01192f5fa8cc,5/23/2026 4:32:35 AM,KARABEER@boisestate.edu_boisestate,5/23/2026 4:32:35 AM,KARABEER@boisestate.edu_boisestate
1451,1fb1461d-53fd-428f-b0f7-70b956c2c18e,T3,1,1779480000000,09:01,WIPT,1,1,,0,0,,0,Visual,29,320,133,2129,GPS-003,,153bce32-3775-4fd3-acc6-01192f5fa8cc,5/23/2026 4:32:35 AM,KARABEER@boisestate.edu_boisestate,5/23/2026 4:32:35 AM,KARABEER@boisestate.edu_boisestate
1452,69944ed0-2a5f-4c3a-af21-6867f451c108,T3,1,1779480000000,09:03,WIPT,1,1,,0,0,,0,Visual,29,320,119,2130,GPS-003,,153bce32-3775-4fd3-acc6-01192f5fa8cc,5/23/2026 4:32:35 AM,KARABEER@boisestate.edu_boisestate,5/23/2026 4:32:35 AM,KARABEER@boisestate.edu_boisestate
1453,3aade377-f283-472d-b6b3-e2b21ef41a78,T3,1,1779480000000,09:04,WISN,0,,,0,,,1,Audio,29,0,75,2131,GPS-003,,153bce32-3775-4fd3-acc6-01192f5fa8cc,5/23/2026 4:32:35 AM,KARABEER@boisestate.edu_boisestate,5/23/2026 4:32:35 AM,KARABEER@boisestate.edu_boisestate
1454,74144827-0fd1-4217-ba2a-cf2dc7fdc6f0,T3,1,1779480000000,09:05,WIPT,1,1,,0,0,,0,Visual,30,140,48,2132,GPS-003,,153bce32-3775-4fd3-acc6-01192f5fa8cc,5/23/2026 4:32:35 AM,KARABEER@boisestate.edu_boisestate,5/23/2026 4:32:35 AM,KARABEER@boisestate.edu_boisestate
1455,740fcc22-08d0-4e35-bfdb-3b5fdb31a06d,T3,1,1779480000000,09:07,WIPT,1,1,,0,0,,0,Visual,30,140,6,2133,GPS-003,,153bce32-3775-4fd3-acc6-01192f5fa8cc,5/23/2026 4:32:35 AM,KARABEER@boisestate.edu_boisestate,5/23/2026 4:32:35 AM,KARABEER@boisestate.edu_boisestate
1456,02c034fa-c253-4ff4-9add-d41710a228fa,T3,1,1779480000000,09:08,WIPT,1,1,,0,0,,0,Visual,30,140,108,2134,GPS-003,,153bce32-3775-4fd3-acc6-01192f5fa8cc,5/23/2026 4:32:35 AM,KARABEER@boisestate.edu_boisestate,5/23/2026 4:32:35 AM,KARABEER@boisestate.edu_boisestate
1457,6c5b3eba-abc6-4f63-aa99-bc3d47f1b4b6,T3,1,1779480000000,09:09,WIPT,1,1,,0,0,,0,Audio,30,350,49,2135,GPS-003,,153bce32-3775-4fd3-acc6-01192f5fa8cc,5/23/2026 4:32:35 AM,KARABEER@boisestate.edu_boisestate,5/23/2026 4:32:35 AM,KARABEER@boisestate.edu_boisestate
1458,5324df74-32c5-4c1d-b841-70bce3c9184a,T3,1,1779480000000,09:09,GOPL,0,,,0,,,1,Audio,30,210,58,2135,GPS-003,,153bce32-3775-4fd3-acc6-01192f5fa8cc,5/23/2026 4:32:35 AM,KARABEER@boisestate.edu_boisestate,5/23/2026 4:32:35 AM,KARABEER@boisestate.edu_boisestate
1459,bc49bf3f-3f8b-45e5-a1f1-e49a80bd7b50,T3,1,1779480000000,09:10,WIPT,1,1,,0,0,,0,Visual,30,40,114,2136,GPS-003,,153bce32-3775-4fd3-acc6-01192f5fa8cc,5/23/2026 4:32:35 AM,KARABEER@boisestate.edu_boisestate,5/23/2026 4:32:35 AM,KARABEER@boisestate.edu_boisestate
1460,e8912d45-86b6-46b3-b77d-25270b908cdc,T3,1,1779480000000,09:11,SEOW,0,,,0,,,2,Visual,30,0,106,2137,GPS-003,,153bce32-3775-4fd3-acc6-01192f5fa8cc,5/23/2026 4:32:35 AM,KARABEER@boisestate.edu_boisestate,5/23/2026 4:32:35 AM,KARABEER@boisestate.edu_boisestate
1461,de993bb9-e7bb-4f51-b02d-aabd72ef6e32,T3,1,1779480000000,09:12,WIPT,1,1,,0,0,,0,Visual,30,220,21,2137,GPS-003,,153bce32-3775-4fd3-acc6-01192f5fa8cc,5/23/2026 4:32:35 AM,KARABEER@boisestate.edu_boisestate,5/23/2026 4:32:35 AM,KARABEER@boisestate.edu_boisestate
1462,afb63afe-6a4e-46cb-a0ad-0d27abc2bb6d,T3,1,1779480000000,09:13,WIPT,2,2,,0,0,,0,Visual,30,28,65,2137,GPS-003,,153bce32-3775-4fd3-acc6-01192f5fa8cc,5/23/2026 4:32:35 AM,KARABEER@boisestate.edu_boisestate,5/23/2026 4:32:35 AM,KARABEER@boisestate.edu_boisestate
1463,63e112e8-521b-47eb-9a02-d375ee4f635e,T3,1,1779480000000,09:13,WIPT,1,1,,0,0,,0,Visual,30,15,400,2137,GPS-003,,153bce32-3775-4fd3-acc6-01192f5fa8cc,5/23/2026 4:32:35 AM,KARABEER@boisestate.edu_boisestate,5/23/2026 4:32:35 AM,KARABEER@boisestate.edu_boisestate
1464,b0cfcd50-de80-4f87-8ec7-93042d2c561b,T3,1,1779480000000,09:14,WIPT,1,1,,0,0,,0,Visual,30,270,148,2138,GPS-003,,153bce32-3775-4fd3-acc6-01192f5fa8cc,5/23/2026 4:32:35 AM,KARABEER@boisestate.edu_boisestate,5/23/2026 4:32:35 AM,KARABEER@boisestate.edu_boisestate
1465,70c9e2f9-1ea2-43d5-b0ae-787b9bf53719,T3,1,1779480000000,09:15,WIPT,1,1,,0,0,,0,Visual,30,230,110,2139,GPS-003,,153bce32-3775-4fd3-acc6-01192f5fa8cc,5/23/2026 4:32:35 AM,KARABEER@boisestate.edu_boisestate,5/23/2026 4:32:35 AM,KARABEER@boisestate.edu_boisestate
1466,5d35b93f-75b8-44c2-bb4e-085b96cded73,T3,1,1779480000000,09:16,WISN,0,,,0,,,1,Visual,30,80,7,2139,GPS-003,,153bce32-3775-4fd3-acc6-01192f5fa8cc,5/23/2026 4:32:35 AM,KARABEER@boisestate.edu_boisestate,5/23/2026 4:32:35 AM,KARABEER@boisestate.edu_boisestate
1467,7c1b79cd-76e3-4a70-89a1-9ea638fbc942,T3,1,1779480000000,09:17,WIPT,1,1,,0,0,,0,Visual,30,295,53,2140,GPS-003,,153bce32-3775-4fd3-acc6-01192f5fa8cc,5/23/2026 4:32:35 AM,KARABEER@boisestate.edu_boisestate,5/23/2026 4:32:35 AM,KARABEER@boisestate.edu_boisestate
1468,237248f0-b00a-4b75-8178-1358b7899336,T3,1,1779480000000,09:18,WIPT,1,1,,1,1,,0,Visual,30,-99,0,2141,GPS-003,,153bce32-3775-4fd3-acc6-01192f5fa8cc,5/23/2026 4:32:35 AM,KARABEER@boisestate.edu_boisestate,5/23/2026 4:32:35 AM,KARABEER@boisestate.edu_boisestate
1469,1849a40d-2e5e-4e25-93b3-069a0d7bd63a,T3,1,1779480000000,09:18,WIPT,1,1,,0,0,,0,Visual,30,280,260,2141,GPS-003,,153bce32-3775-4fd3-acc6-01192f5fa8cc,5/23/2026 4:32:35 AM,KARABEER@boisestate.edu_boisestate,5/23/2026 4:32:35 AM,KARABEER@boisestate.edu_boisestate
1470,a40cfb09-2a6a-4481-a28e-6efd77961efe,T3,1,1779480000000,09:19,LTJA,0,,,0,,,1,Visual,30,50,121,2142,GPS-003,,153bce32-3775-4fd3-acc6-01192f5fa8cc,5/23/2026 4:32:35 AM,KARABEER@boisestate.edu_boisestate,5/23/2026 4:32:35 AM,KARABEER@boisestate.edu_boisestate
1471,e3b331b1-114d-4f9c-a527-78d0e59f7e2d,T3,1,1779480000000,09:20,WISN,0,,,0,,,1,Audio,30,30,66,2142,GPS-003,,153bce32-3775-4fd3-acc6-01192f5fa8cc,5/23/2026 4:32:35 AM,KARABEER@boisestate.edu_boisestate,5/23/2026 4:32:35 AM,KARABEER@boisestate.edu_boisestate
1472,4d8dc8cb-5f5a-4351-a313-4019104a9513,T3,1,1779480000000,09:20,WIPT,1,1,,0,0,,0,Visual,30,300,22,2141,GPS-003,,153bce32-3775-4fd3-acc6-01192f5fa8cc,5/23/2026 4:32:35 AM,KARABEER@boisestate.edu_boisestate,5/23/2026 4:32:35 AM,KARABEER@boisestate.edu_boisestate
1473,6a834aa0-5fb5-4d63-9d47-41842b5cf280,T3,1,1779480000000,09:21,WIPT,1,1,,1,1,,0,Visual,30,90,32,2143,GPS-003,,153bce32-3775-4fd3-acc6-01192f5fa8cc,5/23/2026 4:32:35 AM,KARABEER@boisestate.edu_boisestate,5/23/2026 4:32:35 AM,KARABEER@boisestate.edu_boisestate
1474,c2578649-c4ae-4b89-8bdd-6bbe3b187eb9,T3,1,1779480000000,09:22,WIPT,1,1,,0,0,,0,Visual,30,260,102,2144,GPS-003,,153bce32-3775-4fd3-acc6-01192f5fa8cc,5/23/2026 4:32:35 AM,KARABEER@boisestate.edu_boisestate,5/23/2026 4:32:35 AM,KARABEER@boisestate.edu_boisestate
1475,6fb97489-06ad-49d2-b712-3760fa26b32f,T3,1,1779480000000,09:22,WIPT,1,1,,0,0,,0,Visual,30,30,116,2144,GPS-003,,153bce32-3775-4fd3-acc6-01192f5fa8cc,5/23/2026 4:32:35 AM,KARABEER@boisestate.edu_boisestate,5/23/2026 4:32:35 AM,KARABEER@boisestate.edu_boisestate
1476,298f23e5-f919-4f3a-bbb8-37598c0c3585,T3,1,1779480000000,09:23,WIPT,1,1,,0,0,,0,Visual,31,300,75,2145,GPS-003,,153bce32-3775-4fd3-acc6-01192f5fa8cc,5/23/2026 4:32:35 AM,KARABEER@boisestate.edu_boisestate,5/23/2026 4:32:35 AM,KARABEER@boisestate.edu_boisestate
1477,4f64f646-dd77-4ff2-b8fa-9a8ff1be8eb9,T3,1,1779480000000,09:24,WIPT,1,1,,0,0,,0,Visual,31,290,110,2146,GPS-003,,153bce32-3775-4fd3-acc6-01192f5fa8cc,5/23/2026 4:32:35 AM,KARABEER@boisestate.edu_boisestate,5/23/2026 4:32:35 AM,KARABEER@boisestate.edu_boisestate
1478,f1db9f8d-0dfe-4096-843a-7babeb254671,T3,1,1779480000000,09:24,WIPT,1,1,,1,1,,0,Visual,31,300,42,2147,GPS-003,,153bce32-3775-4fd3-acc6-01192f5fa8cc,5/23/2026 4:32:35 AM,KARABEER@boisestate.edu_boisestate,5/23/2026 4:32:35 AM,KARABEER@boisestate.edu_boisestate
1479,eb6535ec-9dde-40b2-ad99-b38f39f8842d,T3,1,1779480000000,09:25,WIPT,1,1,,0,0,,0,Visual,31,90,74,2148,GPS-003,,153bce32-3775-4fd3-acc6-01192f5fa8cc,5/23/2026 4:32:35 AM,KARABEER@boisestate.edu_boisestate,5/23/2026 4:32:35 AM,KARABEER@boisestate.edu_boisestate
1480,905e333b-a6f4-451e-83da-b00fec15a701,T3,1,1779480000000,09:26,WIPT,1,1,,0,0,,0,Visual,31,90,105,2149,GPS-003,,153bce32-3775-4fd3-acc6-01192f5fa8cc,5/23/2026 4:32:35 AM,KARABEER@boisestate.edu_boisestate,5/23/2026 4:32:35 AM,KARABEER@boisestate.edu_boisestate
1481,5df525ef-0964-4547-98de-e4770f3b653e,T3,1,1779480000000,09:26,WIPT,1,1,,0,0,,0,Visual,31,320,54,2149,GPS-003,,153bce32-3775-4fd3-acc6-01192f5fa8cc,5/23/2026 4:32:35 AM,KARABEER@boisestate.edu_boisestate,5/23/2026 4:32:35 AM,KARABEER@boisestate.edu_boisestate
1482,893665b9-0c76-4be6-848b-ec027744929b,T3,1,1779480000000,09:27,WIPT,1,1,,0,0,,0,Visual,31,270,91,2150,GPS-003,,153bce32-3775-4fd3-acc6-01192f5fa8cc,5/23/2026 4:32:35 AM,KARABEER@boisestate.edu_boisestate,5/23/2026 4:32:35 AM,KARABEER@boisestate.edu_boisestate
1483,7a7c17a5-6b17-4e21-87ea-c5861135cc5b,T3,1,1779480000000,09:28,WIPT,1,1,,1,1,,0,Visual,31,120,127,2151,GPS-003,,153bce32-3775-4fd3-acc6-01192f5fa8cc,5/23/2026 4:32:35 AM,KARABEER@boisestate.edu_boisestate,5/23/2026 4:32:35 AM,KARABEER@boisestate.edu_boisestate
1484,c7072e93-65fd-4833-b710-4f3c7b3039ae,T3,1,1779480000000,09:29,WIPT,1,1,,0,0,,0,Visual,31,300,57,2151,GPS-003,,153bce32-3775-4fd3-acc6-01192f5fa8cc,5/23/2026 4:32:35 AM,KARABEER@boisestate.edu_boisestate,5/23/2026 4:32:35 AM,KARABEER@boisestate.edu_boisestate
1485,cadcf80b-4355-4b49-9b29-f25d4cc97b03,T3,1,1779480000000,09:30,LTJA,0,,,0,,,1,Visual,31,40,157,2152,GPS-003,,153bce32-3775-4fd3-acc6-01192f5fa8cc,5/23/2026 4:32:35 AM,KARABEER@boisestate.edu_boisestate,5/23/2026 4:32:35 AM,KARABEER@boisestate.edu_boisestate
1486,dc6a12c8-6268-4dd4-8cae-fb80c9b16dbe,T3,1,1779480000000,09:30,WISN,0,,,0,,,1,Audio,31,30,55,2152,GPS-003,,153bce32-3775-4fd3-acc6-01192f5fa8cc,5/23/2026 4:32:35 AM,KARABEER@boisestate.edu_boisestate,5/23/2026 4:32:35 AM,KARABEER@boisestate.edu_boisestate
1487,bc1ead2a-32c9-4f37-93dc-fa3b8bf52546,T3,1,1779480000000,09:31,WIPT,1,1,,0,0,,0,Visual,31,290,52,2153,GPS-003,,153bce32-3775-4fd3-acc6-01192f5fa8cc,5/23/2026 4:32:35 AM,KARABEER@boisestate.edu_boisestate,5/23/2026 4:32:35 AM,KARABEER@boisestate.edu_boisestate
1488,e4b9a995-dfb5-4067-ba43-1ce75e771202,T3,1,1779480000000,09:32,WIPT,1,1,,0,0,,0,Visual,31,280,56,2154,GPS-003,,153bce32-3775-4fd3-acc6-01192f5fa8cc,5/23/2026 4:32:35 AM,KARABEER@boisestate.edu_boisestate,5/23/2026 4:32:35 AM,KARABEER@boisestate.edu_boisestate
1489,b1bb1c11-1f53-4cd5-9fdc-4ee02dc3a7ce,T3,1,1779480000000,09:33,WIPT,1,1,,0,0,,0,Visual,31,280,320,2154,GPS-003,,153bce32-3775-4fd3-acc6-01192f5fa8cc,5/23/2026 4:32:35 AM,KARABEER@boisestate.edu_boisestate,5/23/2026 4:32:35 AM,KARABEER@boisestate.edu_boisestate
1490,c1e2d683-aec0-4b39-98e5-87a36aebef99,T3,1,1779480000000,09:33,WIPT,1,1,,0,0,,0,Visual,31,80,28,2154,GPS-003,,153bce32-3775-4fd3-acc6-01192f5fa8cc,5/23/2026 4:32:35 AM,KARABEER@boisestate.edu_boisestate,5/23/2026 4:32:35 AM,KARABEER@boisestate.edu_boisestate
1491,b2edbc16-81e4-404f-be4d-22264f4f14e0,T3,1,1779480000000,09:34,WIPT,1,1,,0,0,,0,Visual,31,-99,0,2155,GPS-003,,153bce32-3775-4fd3-acc6-01192f5fa8cc,5/23/2026 4:32:35 AM,KARABEER@boisestate.edu_boisestate,5/23/2026 4:32:35 AM,KARABEER@boisestate.edu_boisestate
1492,3a1471d0-089d-420f-b14f-3a07b3dfbf86,T3,1,1779480000000,09:35,WIPT,1,1,,0,0,,0,Visual,31,290,61,2156,GPS-003,,153bce32-3775-4fd3-acc6-01192f5fa8cc,5/23/2026 4:32:35 AM,KARABEER@boisestate.edu_boisestate,5/23/2026 4:32:35 AM,KARABEER@boisestate.edu_boisestate
1493,9a467d02-b34a-455c-a22c-c9946aa10006,T3,1,1779480000000,09:37,WIPT,1,1,,0,0,,0,Visual,31,95,102,2157,GPS-003,,153bce32-3775-4fd3-acc6-01192f5fa8cc,5/23/2026 4:32:35 AM,KARABEER@boisestate.edu_boisestate,5/23/2026 4:32:35 AM,KARABEER@boisestate.edu_boisestate
1494,67a16a08-edd1-4991-814d-0d4694f3a32f,T3,1,1779480000000,09:38,LTJA,0,,,0,,,1,Audio,31,80,73,2158,GPS-003,,153bce32-3775-4fd3-acc6-01192f5fa8cc,5/23/2026 4:32:35 AM,KARABEER@boisestate.edu_boisestate,5/23/2026 4:32:35 AM,KARABEER@boisestate.edu_boisestate
1495,af9fc0dc-e2e6-44b8-a5a9-947975ef03a3,T3,1,1779480000000,09:39,WIPT,1,1,,0,0,,0,Visual,32,300,79,2159,GPS-003,,153bce32-3775-4fd3-acc6-01192f5fa8cc,5/23/2026 4:32:35 AM,KARABEER@boisestate.edu_boisestate,5/23/2026 4:32:35 AM,KARABEER@boisestate.edu_boisestate
1496,9dfec6c9-e5f4-4ad8-972e-230c57e10d59,T3,1,1779480000000,09:39,WISN,0,,,0,,,1,Audio,32,120,20,2159,GPS-003,,153bce32-3775-4fd3-acc6-01192f5fa8cc,5/23/2026 4:32:35 AM,KARABEER@boisestate.edu_boisestate,5/23/2026 4:32:35 AM,KARABEER@boisestate.edu_boisestate
1497,8ea6a144-a4d4-4e0d-beca-df4fb359e6fa,T3,1,1779480000000,09:41,WIPT,1,1,,0,0,,0,Visual,32,285,77,2160,GPS-003,,153bce32-3775-4fd3-acc6-01192f5fa8cc,5/23/2026 4:32:35 AM,KARABEER@boisestate.edu_boisestate,5/23/2026 4:32:35 AM,KARABEER@boisestate.edu_boisestate
1498,d12ced3b-4395-4595-84b9-4f0d736efd90,T3,1,1779480000000,09:41,WIPT,1,1,,1,1,,0,Visual,32,70,89,2160,GPS-003,,153bce32-3775-4fd3-acc6-01192f5fa8cc,5/23/2026 4:32:35 AM,KARABEER@boisestate.edu_boisestate,5/23/2026 4:32:35 AM,KARABEER@boisestate.edu_boisestate
1499,206ad083-6312-427f-a5fb-e8ab0e4d0127,T3,1,1779480000000,09:42,WIPT,1,1,,1,1,,0,Visual,32,285,29,2161,GPS-003,,153bce32-3775-4fd3-acc6-01192f5fa8cc,5/23/2026 4:32:35 AM,KARABEER@boisestate.edu_boisestate,5/23/2026 4:32:35 AM,KARABEER@boisestate.edu_boisestate
1500,c137c426-e027-4ab4-83e9-4e38d4157e75,T3,1,1779480000000,09:42,WIPT,1,1,,0,0,,0,Visual,32,80,139,2162,GPS-003,,153bce32-3775-4fd3-acc6-01192f5fa8cc,5/23/2026 4:32:35 AM,KARABEER@boisestate.edu_boisestate,5/23/2026 4:32:35 AM,KARABEER@boisestate.edu_boisestate
1501,0b5c04a0-0dcd-4817-884c-11272cc5116f,T3,1,1779480000000,09:43,WIPT,1,1,,0,0,,0,Visual,32,285,90,2162,GPS-003,,153bce32-3775-4fd3-acc6-01192f5fa8cc,5/23/2026 4:32:35 AM,KARABEER@boisestate.edu_boisestate,5/23/2026 4:32:35 AM,KARABEER@boisestate.edu_boisestate
1502,98296f67-63ec-4d3d-b123-10aac2ac7b43,T3,1,1779480000000,09:43,WIPT,1,1,,1,1,,0,Visual,32,290,18,2163,GPS-003,,153bce32-3775-4fd3-acc6-01192f5fa8cc,5/23/2026 4:32:35 AM,KARABEER@boisestate.edu_boisestate,5/23/2026 4:32:35 AM,KARABEER@boisestate.edu_boisestate
1503,e9119059-88a0-4981-abdd-286ac19bd2fd,T3,1,1779480000000,09:44,WIPT,1,1,,0,0,,0,Visual,32,290,314,2163,GPS-003,,153bce32-3775-4fd3-acc6-01192f5fa8cc,5/23/2026 4:32:35 AM,KARABEER@boisestate.edu_boisestate,5/23/2026 4:32:35 AM,KARABEER@boisestate.edu_boisestate
1504,29c943f8-4ea5-47bb-871d-48b8e34b67aa,T3,1,1779480000000,09:44,WISN,0,,,0,,,1,Audio,32,140,10,2163,GPS-003,,153bce32-3775-4fd3-acc6-01192f5fa8cc,5/23/2026 4:32:35 AM,KARABEER@boisestate.edu_boisestate,5/23/2026 4:32:35 AM,KARABEER@boisestate.edu_boisestate
1505,33acccbc-685a-4327-b5c2-d4cb9cb518a8,T3,1,1779480000000,09:45,WIPT,1,1,,0,0,,0,Visual,32,95,146,2164,GPS-003,,153bce32-3775-4fd3-acc6-01192f5fa8cc,5/23/2026 4:32:35 AM,KARABEER@boisestate.edu_boisestate,5/23/2026 4:32:35 AM,KARABEER@boisestate.edu_boisestate
1506,adaddb77-323c-40b4-8364-ea38c89cca47,T3,1,1779480000000,09:45,WISN,0,,,0,,,2,Visual,32,-99,0,2165,GPS-003,,153bce32-3775-4fd3-acc6-01192f5fa8cc,5/23/2026 4:32:35 AM,KARABEER@boisestate.edu_boisestate,5/23/2026 4:32:35 AM,KARABEER@boisestate.edu_boisestate
1507,03bef5f2-9d7f-4ff2-a95e-3d353e46c394,T3,1,1779480000000,09:46,WIPT,1,1,,0,0,,0,Visual,32,300,55,2165,GPS-003,,153bce32-3775-4fd3-acc6-01192f5fa8cc,5/23/2026 4:32:35 AM,KARABEER@boisestate.edu_boisestate,5/23/2026 4:32:35 AM,KARABEER@boisestate.edu_boisestate
1508,b1054478-96df-4324-9423-a8802534dd8b,T3,1,1779480000000,09:46,WIPT,2,2,,0,0,,0,Visual,32,340,240,2165,GPS-003,,153bce32-3775-4fd3-acc6-01192f5fa8cc,5/23/2026 4:32:35 AM,KARABEER@boisestate.edu_boisestate,5/23/2026 4:32:35 AM,KARABEER@boisestate.edu_boisestate
1509,264805e4-bcab-4a39-a419-92fac9cfc587,T3,1,1779480000000,09:47,WIPT,1,1,,0,0,,0,Visual,32,335,360,2165,GPS-003,,153bce32-3775-4fd3-acc6-01192f5fa8cc,5/23/2026 4:32:35 AM,KARABEER@boisestate.edu_boisestate,5/23/2026 4:32:35 AM,KARABEER@boisestate.edu_boisestate
1510,0b505092-b544-456e-ba50-d2f94ba065b2,T3,1,1779480000000,09:47,WIPT,1,1,,0,0,,0,Visual,32,140,20,2166,GPS-003,,153bce32-3775-4fd3-acc6-01192f5fa8cc,5/23/2026 4:32:35 AM,KARABEER@boisestate.edu_boisestate,5/23/2026 4:32:35 AM,KARABEER@boisestate.edu_boisestate
1511,bf3ddb32-41c6-4451-a3ab-7d781ea5f645,T3,1,1779480000000,09:48,WIPT,1,1,,0,0,,0,Visual,32,85,180,2166,GPS-003,,153bce32-3775-4fd3-acc6-01192f5fa8cc,5/23/2026 4:32:35 AM,KARABEER@boisestate.edu_boisestate,5/23/2026 4:32:35 AM,KARABEER@boisestate.edu_boisestate
1512,34be9a9d-185b-4f79-8034-4dcd085a1700,T3,1,1779480000000,09:48,LTJA,0,,,0,,,1,Visual,32,300,200,2166,GPS-003,,153bce32-3775-4fd3-acc6-01192f5fa8cc,5/23/2026 4:32:35 AM,KARABEER@boisestate.edu_boisestate,5/23/2026 4:32:35 AM,KARABEER@boisestate.edu_boisestate
1513,2d040f55-349e-4ac3-bce5-e3eda1ff567c,T3,1,1779480000000,09:49,WIPT,1,1,,0,0,,0,Audio,32,250,70,2167,GPS-003,,153bce32-3775-4fd3-acc6-01192f5fa8cc,5/23/2026 4:32:35 AM,KARABEER@boisestate.edu_boisestate,5/23/2026 4:32:35 AM,KARABEER@boisestate.edu_boisestate
1514,3a30593a-e1d3-4e7c-a8ba-892e60889e5b,T3,1,1779480000000,09:49,WIPT,1,1,,0,0,,0,Visual,32,100,91,2168,GPS-003,,153bce32-3775-4fd3-acc6-01192f5fa8cc,5/23/2026 4:32:35 AM,KARABEER@boisestate.edu_boisestate,5/23/2026 4:32:35 AM,KARABEER@boisestate.edu_boisestate
1515,58da0700-fd1e-4ca2-a024-88629efc1b57,T3,1,1779480000000,09:50,LTJA,0,,,0,,,2,Visual,32,280,100,2168,GPS-003,,153bce32-3775-4fd3-acc6-01192f5fa8cc,5/23/2026 4:32:35 AM,KARABEER@boisestate.edu_boisestate,5/23/2026 4:32:35 AM,KARABEER@boisestate.edu_boisestate
1516,c06a95b6-39e4-48e0-a00b-685bff0e3369,T3,1,1779480000000,09:50,WIPT,1,1,,0,0,,0,Visual,32,310,185,2168,GPS-003,,153bce32-3775-4fd3-acc6-01192f5fa8cc,5/23/2026 4:32:35 AM,KARABEER@boisestate.edu_boisestate,5/23/2026 4:32:35 AM,KARABEER@boisestate.edu_boisestate
1517,27ab3d39-ee6d-4e4e-8d38-c9d5fab5fa4a,T3,1,1779480000000,09:51,WIPT,1,1,,0,0,,0,Visual,32,320,230,2168,GPS-003,,153bce32-3775-4fd3-acc6-01192f5fa8cc,5/23/2026 4:32:35 AM,KARABEER@boisestate.edu_boisestate,5/23/2026 4:32:35 AM,KARABEER@boisestate.edu_boisestate
1518,768e413f-8387-4d5d-95ef-88ee3f033c10,T3,1,1779480000000,09:51,WIPT,1,1,,0,0,,0,Visual,32,300,29,2169,GPS-003,,153bce32-3775-4fd3-acc6-01192f5fa8cc,5/23/2026 4:32:35 AM,KARABEER@boisestate.edu_boisestate,5/23/2026 4:32:35 AM,KARABEER@boisestate.edu_boisestate
1519,049f4368-1f10-4feb-863f-78d428a536e6,T3,1,1779480000000,09:52,WIPT,1,1,,0,0,,0,Visual,32,100,52,2169,GPS-003,,153bce32-3775-4fd3-acc6-01192f5fa8cc,5/23/2026 4:32:35 AM,KARABEER@boisestate.edu_boisestate,5/23/2026 4:32:35 AM,KARABEER@boisestate.edu_boisestate
1520,8bfa5a64-aba2-47e4-9f68-44d36dc8d413,T3,1,1779480000000,09:52,WIPT,1,1,,0,0,,0,Visual,32,110,68,2170,GPS-003,,153bce32-3775-4fd3-acc6-01192f5fa8cc,5/23/2026 4:32:35 AM,KARABEER@boisestate.edu_boisestate,5/23/2026 4:32:35 AM,KARABEER@boisestate.edu_boisestate
1521,6a971381-e11a-4db6-91f0-0f26c80e0f78,T3,1,1779480000000,09:54,WIPT,1,1,,0,0,,0,Visual,32,300,104,2170,GPS-003,,153bce32-3775-4fd3-acc6-01192f5fa8cc,5/23/2026 4:32:35 AM,KARABEER@boisestate.edu_boisestate,5/23/2026 4:32:35 AM,KARABEER@boisestate.edu_boisestate
1522,d0280ee2-636a-4ce1-945c-567638bb16e7,T3,1,1779480000000,09:55,WIPT,1,1,,0,0,,0,Visual,32,310,74,2171,GPS-003,,153bce32-3775-4fd3-acc6-01192f5fa8cc,5/23/2026 4:32:35 AM,KARABEER@boisestate.edu_boisestate,5/23/2026 4:32:35 AM,KARABEER@boisestate.edu_boisestate
1523,032ca503-b3de-4d13-94e0-1f5fb2917810,T3,1,1779480000000,09:55,WIPT,1,1,,0,0,,0,Audio,32,110,38,2172,GPS-003,,153bce32-3775-4fd3-acc6-01192f5fa8cc,5/23/2026 4:32:35 AM,KARABEER@boisestate.edu_boisestate,5/23/2026 4:32:35 AM,KARABEER@boisestate.edu_boisestate
1524,e2c964dc-2695-4496-a541-eb1891ac7800,T3,1,1779480000000,09:56,LTJA,0,,,0,,,1,Visual,32,330,131,217,GPS-003,,153bce32-3775-4fd3-acc6-01192f5fa8cc,5/23/2026 4:32:35 AM,KARABEER@boisestate.edu_boisestate,5/23/2026 4:32:35 AM,KARABEER@boisestate.edu_boisestate
1525,4b667415-0a71-40a5-b3fa-69a4ad13818f,T3,1,1779480000000,09:56,WIPT,1,1,,0,0,,0,Visual,33,90,74,2173,GPS-003,,153bce32-3775-4fd3-acc6-01192f5fa8cc,5/23/2026 4:32:35 AM,KARABEER@boisestate.edu_boisestate,5/23/2026 4:32:35 AM,KARABEER@boisestate.edu_boisestate
1526,00ec551f-9d01-46e1-815a-cce1ff7d7a39,T3,1,1779480000000,09:57,WIPT,1,1,,0,0,,0,Visual,33,310,71,2173,GPS-003,,153bce32-3775-4fd3-acc6-01192f5fa8cc,5/23/2026 4:32:35 AM,KARABEER@boisestate.edu_boisestate,5/23/2026 4:32:35 AM,KARABEER@boisestate.edu_boisestate
1527,09a39d45-a6cc-4917-afdf-d615a72b16f0,T3,1,1779480000000,09:58,WIPT,1,1,,0,0,,0,Visual,33,295,260,2174,GPS-003,,153bce32-3775-4fd3-acc6-01192f5fa8cc,5/23/2026 4:32:35 AM,KARABEER@boisestate.edu_boisestate,5/23/2026 4:32:35 AM,KARABEER@boisestate.edu_boisestate
1528,d3c6729e-d2b0-4ce3-9c21-5a34baa967d1,T3,1,1779480000000,09:58,WIPT,2,2,,0,0,,0,Visual,33,320,94,2174,GPS-003,,153bce32-3775-4fd3-acc6-01192f5fa8cc,5/23/2026 4:32:35 AM,KARABEER@boisestate.edu_boisestate,5/23/2026 4:32:35 AM,KARABEER@boisestate.edu_boisestate
1529,469baf73-41c0-43b8-9a47-a0759235ef11,T3,1,1779480000000,09:59,WIPT,3,3,,0,0,,0,Visual,33,90,177,2174,GPS-003,,153bce32-3775-4fd3-acc6-01192f5fa8cc,5/23/2026 4:32:35 AM,KARABEER@boisestate.edu_boisestate,5/23/2026 4:32:35 AM,KARABEER@boisestate.edu_boisestate
1530,20199fd5-7fb8-4f9b-95bf-ea1a36c937b0,T3,1,1779480000000,09:59,WIPT,1,1,,0,0,,0,Visual,33,100,93,2175,GPS-003,,153bce32-3775-4fd3-acc6-01192f5fa8cc,5/23/2026 4:32:35 AM,KARABEER@boisestate.edu_boisestate,5/23/2026 4:32:35 AM,KARABEER@boisestate.edu_boisestate
1531,dcb6893a-9068-4dbb-a2f1-a2bcfcf2f952,T3,1,1779480000000,09:59,WIPT,1,1,,0,0,,0,Visual,33,325,35,2175,GPS-003,,153bce32-3775-4fd3-acc6-01192f5fa8cc,5/23/2026 4:32:35 AM,KARABEER@boisestate.edu_boisestate,5/23/2026 4:32:35 AM,KARABEER@boisestate.edu_boisestate
1532,4a5c50b0-8c65-40dd-b186-b0ddb84647a1,T3,1,1779480000000,10:01,WIPT,1,1,,0,0,,0,Visual,33,100,147,2176,GPS-003,,153bce32-3775-4fd3-acc6-01192f5fa8cc,5/23/2026 4:32:35 AM,KARABEER@boisestate.edu_boisestate,5/23/2026 4:32:35 AM,KARABEER@boisestate.edu_boisestate
1533,e3a71745-dab5-46ec-99b8-7dda68ba147d,T3,1,1779480000000,10:01,WIPT,1,1,,0,0,,0,Visual,33,300,230,2177,GPS-003,,153bce32-3775-4fd3-acc6-01192f5fa8cc,5/23/2026 4:32:35 AM,KARABEER@boisestate.edu_boisestate,5/23/2026 4:32:35 AM,KARABEER@boisestate.edu_boisestate
1534,6c886cb8-a221-44d1-bbe2-bdea7a1eb5d0,T3,1,1779480000000,10:01,WIPT,1,1,,0,0,,0,Visual,33,330,45,2177,GPS-003,,153bce32-3775-4fd3-acc6-01192f5fa8cc,5/23/2026 4:32:35 AM,KARABEER@boisestate.edu_boisestate,5/23/2026 4:32:35 AM,KARABEER@boisestate.edu_boisestate
1535,eb39f040-b8b6-4ef9-9f61-a0c66de16c81,T3,1,1779480000000,10:02,WIPT,1,1,,0,0,,0,Visual,33,330,179,2177,GPS-003,,153bce32-3775-4fd3-acc6-01192f5fa8cc,5/23/2026 4:32:35 AM,KARABEER@boisestate.edu_boisestate,5/23/2026 4:32:35 AM,KARABEER@boisestate.edu_boisestate
1536,614e622b-41f5-4ffd-9e96-22edc18c91e3,T3,1,1779480000000,10:03,WIPT,1,1,,0,0,,0,Visual,33,110,22,2178,GPS-003,,153bce32-3775-4fd3-acc6-01192f5fa8cc,5/23/2026 4:32:35 AM,KARABEER@boisestate.edu_boisestate,5/23/2026 4:32:35 AM,KARABEER@boisestate.edu_boisestate
1537,0025350d-ae1a-460a-ae70-84f54b759ddc,T3,1,1779480000000,10:03,WIPT,1,1,,0,0,,0,Visual,33,315,300,2178,GPS-003,,153bce32-3775-4fd3-acc6-01192f5fa8cc,5/23/2026 4:32:35 AM,KARABEER@boisestate.edu_boisestate,5/23/2026 4:32:35 AM,KARABEER@boisestate.edu_boisestate
1538,8add4252-4069-412e-9a8b-4f17fda4cf52,T3,1,1779480000000,10:03,WIPT,1,1,,0,0,,0,Visual,33,320,16,2178,GPS-003,,153bce32-3775-4fd3-acc6-01192f5fa8cc,5/23/2026 4:32:35 AM,KARABEER@boisestate.edu_boisestate,5/23/2026 4:32:35 AM,KARABEER@boisestate.edu_boisestate
1539,ed3279cd-7653-4e42-90e7-2798528c4580,T3,1,1779480000000,10:04,WIPT,1,1,,0,0,,0,Visual,33,80,70,2179,GPS-003,,153bce32-3775-4fd3-acc6-01192f5fa8cc,5/23/2026 4:32:35 AM,KARABEER@boisestate.edu_boisestate,5/23/2026 4:32:35 AM,KARABEER@boisestate.edu_boisestate
1540,1f08d6fc-2806-4217-aa37-2a83594dde97,T3,1,1779480000000,10:05,WIPT,2,2,,0,0,,0,Visual,33,320,60,2179,GPS-003,,153bce32-3775-4fd3-acc6-01192f5fa8cc,5/23/2026 4:32:35 AM,KARABEER@boisestate.edu_boisestate,5/23/2026 4:32:35 AM,KARABEER@boisestate.edu_boisestate
1541,bb1bf948-729d-4c1d-b29b-40eb4aeca289,T3,1,1779480000000,10:05,WIPT,1,1,,0,0,,0,Visual,33,330,299,2179,GPS-003,,153bce32-3775-4fd3-acc6-01192f5fa8cc,5/23/2026 4:32:35 AM,KARABEER@boisestate.edu_boisestate,5/23/2026 4:32:35 AM,KARABEER@boisestate.edu_boisestate
1542,a5fd9423-7269-4c4f-b0e6-cfeccb06e1eb,T3,1,1779480000000,10:06,WIPT,1,1,,0,0,,0,Visual,33,140,15,2180,GPS-003,,153bce32-3775-4fd3-acc6-01192f5fa8cc,5/23/2026 4:32:35 AM,KARABEER@boisestate.edu_boisestate,5/23/2026 4:32:35 AM,KARABEER@boisestate.edu_boisestate
1543,0cc31c5e-5e7c-4bc0-a603-0ca7b009cdf9,T3,1,1779480000000,10:07,WIPT,1,1,,0,0,,0,Visual,33,315,163,2180,GPS-003,,153bce32-3775-4fd3-acc6-01192f5fa8cc,5/23/2026 4:32:35 AM,KARABEER@boisestate.edu_boisestate,5/23/2026 4:32:35 AM,KARABEER@boisestate.edu_boisestate
1544,d026fa01-ee43-4598-ab37-a6f1b2dfc8c0,T3,1,1779480000000,10:08,WIPT,1,1,,0,0,,0,Visual,33,100,260,2181,GPS-003,,153bce32-3775-4fd3-acc6-01192f5fa8cc,5/23/2026 4:32:35 AM,KARABEER@boisestate.edu_boisestate,5/23/2026 4:32:35 AM,KARABEER@boisestate.edu_boisestate
1545,cdd027b2-c981-4582-b756-7d99cfd22a3a,T3,1,1779480000000,10:08,WIPT,1,1,,0,0,,0,Visual,33,300,41,2182,GPS-003,,153bce32-3775-4fd3-acc6-01192f5fa8cc,5/23/2026 4:32:35 AM,KARABEER@boisestate.edu_boisestate,5/23/2026 4:32:35 AM,KARABEER@boisestate.edu_boisestate
1546,f686e7b1-79e5-412e-86df-c13b9a99ff9a,T3,1,1779480000000,10:09,WIPT,1,1,,0,0,,0,Visual,33,290,237,2183,GPS-003,,153bce32-3775-4fd3-acc6-01192f5fa8cc,5/23/2026 4:32:35 AM,KARABEER@boisestate.edu_boisestate,5/23/2026 4:32:35 AM,KARABEER@boisestate.edu_boisestate
1547,5de5f0d5-9a4c-4b34-a046-6f6fb99a0364,T3,1,1779480000000,10:10,WIPT,1,1,,0,0,,0,Visual,33,290,22,2184,GPS-003,,153bce32-3775-4fd3-acc6-01192f5fa8cc,5/23/2026 4:32:35 AM,KARABEER@boisestate.edu_boisestate,5/23/2026 4:32:35 AM,KARABEER@boisestate.edu_boisestate
1548,6e4789c6-2cd8-4894-bbc7-f62312fbc5cd,T3,1,1779480000000,10:11,WIPT,1,1,,0,0,,0,Visual,33,290,23,2185,GPS-003,,153bce32-3775-4fd3-acc6-01192f5fa8cc,5/23/2026 4:32:35 AM,KARABEER@boisestate.edu_boisestate,5/23/2026 4:32:35 AM,KARABEER@boisestate.edu_boisestate
1549,2dfaca32-d01e-4cde-aa17-a351c8e0ed7f,T3,1,1779480000000,10:12,LTJA,0,,,0,,,1,Audio,33,100,117,2186,GPS-003,,153bce32-3775-4fd3-acc6-01192f5fa8cc,5/23/2026 4:32:35 AM,KARABEER@boisestate.edu_boisestate,5/23/2026 4:32:35 AM,KARABEER@boisestate.edu_boisestate
1550,8d72d11c-bc06-430f-a24e-e8326eb5226c,T3,1,1779480000000,10:13,WIPT,1,1,,0,0,,0,Audio,33,90,30,2187,GPS-003,,153bce32-3775-4fd3-acc6-01192f5fa8cc,5/23/2026 4:32:35 AM,KARABEER@boisestate.edu_boisestate,5/23/2026 4:32:35 AM,KARABEER@boisestate.edu_boisestate
1551,48996b7f-84f2-47b6-bb44-8eeadc468708,T3,1,1779480000000,10:14,WIPT,1,1,,1,1,,0,Visual,34,80,29,2188,GPS-003,,153bce32-3775-4fd3-acc6-01192f5fa8cc,5/23/2026 4:32:35 AM,KARABEER@boisestate.edu_boisestate,5/23/2026 4:32:35 AM,KARABEER@boisestate.edu_boisestate
1552,f5cff959-e7e4-4699-b3ef-628cbb56b7db,T3,1,1779480000000,10:14,WIPT,1,1,,0,0,,0,Visual,34,270,85,2188,GPS-003,,153bce32-3775-4fd3-acc6-01192f5fa8cc,5/23/2026 4:32:35 AM,KARABEER@boisestate.edu_boisestate,5/23/2026 4:32:35 AM,KARABEER@boisestate.edu_boisestate
1553,b2fd89f6-0b03-4d90-948d-245ecdbf06f1,T3,1,1779480000000,10:15,WIPT,1,1,,0,0,,0,Visual,34,310,160,2188,GPS-003,,153bce32-3775-4fd3-acc6-01192f5fa8cc,5/23/2026 4:32:35 AM,KARABEER@boisestate.edu_boisestate,5/23/2026 4:32:35 AM,KARABEER@boisestate.edu_boisestate
1554,f74baa1b-dffd-4e78-88ca-e5cec6a5f266,T3,1,1779480000000,10:15,WIPT,1,1,,0,0,,0,Visual,34,-99,0,2189,GPS-003,,153bce32-3775-4fd3-acc6-01192f5fa8cc,5/23/2026 4:32:35 AM,KARABEER@boisestate.edu_boisestate,5/23/2026 4:32:35 AM,KARABEER@boisestate.edu_boisestate
1555,6ee00ab4-3a6e-44f6-8872-d86f4b43497a,T3,1,1779480000000,10:16,WIPT,1,1,,0,0,,0,Visual,34,280,251,2189,GPS-003,,153bce32-3775-4fd3-acc6-01192f5fa8cc,5/23/2026 4:32:35 AM,KARABEER@boisestate.edu_boisestate,5/23/2026 4:32:35 AM,KARABEER@boisestate.edu_boisestate
1556,f2c785bf-d4ef-46e8-90a8-dce4b3e63283,T3,1,1779480000000,10:17,WIPT,1,1,,0,0,,0,Visual,34,260,41,2190,GPS-003,,153bce32-3775-4fd3-acc6-01192f5fa8cc,5/23/2026 4:32:35 AM,KARABEER@boisestate.edu_boisestate,5/23/2026 4:32:35 AM,KARABEER@boisestate.edu_boisestate
1557,5e9d3392-9f8d-4f1f-84b0-33c5c8add049,T3,1,1779480000000,10:17,WIPT,2,2,,0,0,,0,Visual,34,270,160,2191,GPS-003,,153bce32-3775-4fd3-acc6-01192f5fa8cc,5/23/2026 4:32:35 AM,KARABEER@boisestate.edu_boisestate,5/23/2026 4:32:35 AM,KARABEER@boisestate.edu_boisestate
1558,2dc0c18d-35c9-4d56-8ee7-75aa890eb791,T3,1,1779480000000,10:18,WIPT,1,1,,0,0,,0,Visual,34,290,28,2191,GPS-003,,153bce32-3775-4fd3-acc6-01192f5fa8cc,5/23/2026 4:32:35 AM,KARABEER@boisestate.edu_boisestate,5/23/2026 4:32:35 AM,KARABEER@boisestate.edu_boisestate
1559,b264840f-12ea-490d-a27d-6f90f5f2a83e,T3,1,1779480000000,10:18,WIPT,3,3,,0,0,,0,Visual,34,310,415,2191,GPS-003,,153bce32-3775-4fd3-acc6-01192f5fa8cc,5/23/2026 4:32:35 AM,KARABEER@boisestate.edu_boisestate,5/23/2026 4:32:35 AM,KARABEER@boisestate.edu_boisestate
1560,71be7593-a503-498e-99a6-abb5e7d2eaf7,T3,1,1779480000000,10:19,WIPT,1,1,,0,0,,0,Visual,34,260,18,2192,GPS-003,,153bce32-3775-4fd3-acc6-01192f5fa8cc,5/23/2026 4:32:35 AM,KARABEER@boisestate.edu_boisestate,5/23/2026 4:32:35 AM,KARABEER@boisestate.edu_boisestate
1561,979b280f-1be1-4805-862d-c97f57886873,T3,1,1779480000000,10:19,WIPT,1,1,,0,0,,0,Visual,34,110,24,2193,GPS-003,,153bce32-3775-4fd3-acc6-01192f5fa8cc,5/23/2026 4:32:35 AM,KARABEER@boisestate.edu_boisestate,5/23/2026 4:32:35 AM,KARABEER@boisestate.edu_boisestate
1562,ca1f52de-1cbd-4c2a-8697-0b6085164fa3,T3,1,1779480000000,10:20,WIPT,1,1,,0,0,,0,Visual,34,80,46,2194,GPS-003,,153bce32-3775-4fd3-acc6-01192f5fa8cc,5/23/2026 4:32:35 AM,KARABEER@boisestate.edu_boisestate,5/23/2026 4:32:35 AM,KARABEER@boisestate.edu_boisestate
1563,891c89aa-0a95-4869-a693-2d13c0f27dbe,T3,1,1779480000000,10:20,WIPT,1,1,,0,0,,0,Visual,34,250,52,2194,GPS-003,,153bce32-3775-4fd3-acc6-01192f5fa8cc,5/23/2026 4:32:35 AM,KARABEER@boisestate.edu_boisestate,5/23/2026 4:32:35 AM,KARABEER@boisestate.edu_boisestate
1564,246c1981-51d2-4808-b961-a65154f4e613,T3,1,1779480000000,10:21,WIPT,1,1,,0,0,,0,Visual,34,65,163,2195,GPS-003,,153bce32-3775-4fd3-acc6-01192f5fa8cc,5/23/2026 4:32:35 AM,KARABEER@boisestate.edu_boisestate,5/23/2026 4:32:35 AM,KARABEER@boisestate.edu_boisestate
1565,a17b6ff3-01f6-4d9d-ad40-3f6540556633,T3,1,1779480000000,10:22,WIPT,1,1,,0,0,,0,Visual,34,65,88,2196,GPS-003,,153bce32-3775-4fd3-acc6-01192f5fa8cc,5/23/2026 4:32:35 AM,KARABEER@boisestate.edu_boisestate,5/23/2026 4:32:35 AM,KARABEER@boisestate.edu_boisestate
1566,d2ac76e0-ea65-410f-8f83-f75299bf9e94,T3,1,1779480000000,10:22,WIPT,1,1,,0,0,,0,Visual,34,265,71,2197,GPS-003,,153bce32-3775-4fd3-acc6-01192f5fa8cc,5/23/2026 4:32:35 AM,KARABEER@boisestate.edu_boisestate,5/23/2026 4:32:35 AM,KARABEER@boisestate.edu_boisestate
1567,4ba99882-a6d8-4ba7-9489-204f521e3d24,T3,1,1779480000000,10:23,WIPT,1,1,,0,0,,0,Visual,34,38,50,2197,GPS-003,,153bce32-3775-4fd3-acc6-01192f5fa8cc,5/23/2026 4:32:35 AM,KARABEER@boisestate.edu_boisestate,5/23/2026 4:32:35 AM,KARABEER@boisestate.edu_boisestate
1568,4644d395-a066-4747-be8a-bb8ce5141825,T3,1,1779480000000,10:24,WIPT,1,1,,0,0,,0,Visual,34,260,41,2198,GPS-003,,153bce32-3775-4fd3-acc6-01192f5fa8cc,5/23/2026 4:32:35 AM,KARABEER@boisestate.edu_boisestate,5/23/2026 4:32:35 AM,KARABEER@boisestate.edu_boisestate
1569,5b0481ee-aaba-4ae4-8f12-53d761f1a9e8,T3,1,1779480000000,10:24,WIPT,1,1,,0,0,,0,Visual,34,275,157,2198,GPS-003,,153bce32-3775-4fd3-acc6-01192f5fa8cc,5/23/2026 4:32:35 AM,KARABEER@boisestate.edu_boisestate,5/23/2026 4:32:35 AM,KARABEER@boisestate.edu_boisestate
1570,16afc9b5-7c09-4a0c-9582-32314fbafe93,T3,1,1779480000000,10:24,WIPT,1,1,,0,0,,0,Visual,34,280,300,2198,GPS-003,,153bce32-3775-4fd3-acc6-01192f5fa8cc,5/23/2026 4:32:35 AM,KARABEER@boisestate.edu_boisestate,5/23/2026 4:32:35 AM,KARABEER@boisestate.edu_boisestate
1571,5f135651-5ec9-403b-b23f-322de533411d,T3,1,1779480000000,10:25,WIPT,2,2,,0,0,,0,Visual,34,-99,0,2199,GPS-003,,153bce32-3775-4fd3-acc6-01192f5fa8cc,5/23/2026 4:32:35 AM,KARABEER@boisestate.edu_boisestate,5/23/2026 4:32:35 AM,KARABEER@boisestate.edu_boisestate
1572,0b0c79ee-d8ec-4836-ba6f-148e269aec24,T3,1,1779480000000,10:26,WIPT,1,1,,0,0,,0,Visual,34,280,60,2200,GPS-003,,153bce32-3775-4fd3-acc6-01192f5fa8cc,5/23/2026 4:32:35 AM,KARABEER@boisestate.edu_boisestate,5/23/2026 4:32:35 AM,KARABEER@boisestate.edu_boisestate
1573,5df8d988-389f-4f94-a86d-2c5ce6fd9134,T3,1,1779480000000,10:27,LTJA,0,,,0,,,1,Visual,34,310,100,2201,GPS-003,,153bce32-3775-4fd3-acc6-01192f5fa8cc,5/23/2026 4:32:35 AM,KARABEER@boisestate.edu_boisestate,5/23/2026 4:32:35 AM,KARABEER@boisestate.edu_boisestate
1574,9fd313f0-a5a2-4a09-8194-7845198971f2,T3,1,1779480000000,10:27,WIPT,1,1,,0,0,,0,Visual,34,290,20,2202,GPS-003,,153bce32-3775-4fd3-acc6-01192f5fa8cc,5/23/2026 4:32:35 AM,KARABEER@boisestate.edu_boisestate,5/23/2026 4:32:35 AM,KARABEER@boisestate.edu_boisestate
1575,56734196-7e18-461f-98d8-7f6a5c7c9239,T3,1,1779480000000,10:28,WIPT,1,1,,0,0,,0,Visual,34,90,19,L,GPS-003,,153bce32-3775-4fd3-acc6-01192f5fa8cc,5/23/2026 4:32:35 AM,KARABEER@boisestate.edu_boisestate,5/23/2026 4:32:35 AM,KARABEER@boisestate.edu_boisestate
1576,16e5d331-60f5-4dc8-ba24-56a997507ef2,T3,1,1779480000000,10:29,WIPT,1,1,,0,0,,0,Visual,34,-99,0,2203,GPS-003,,153bce32-3775-4fd3-acc6-01192f5fa8cc,5/23/2026 4:32:35 AM,KARABEER@boisestate.edu_boisestate,5/23/2026 4:32:35 AM,KARABEER@boisestate.edu_boisestate
1577,0f5f271e-5970-4c8a-b05a-afe9046aa942,T3,1,1779480000000,10:29,WIPT,2,2,,0,0,,0,Visual,34,270,386,2204,GPS-003,,153bce32-3775-4fd3-acc6-01192f5fa8cc,5/23/2026 4:32:35 AM,KARABEER@boisestate.edu_boisestate,5/23/2026 4:32:35 AM,KARABEER@boisestate.edu_boisestate
1578,fffa6f58-cb9e-4b47-a697-a69d8896a4b6,T3,1,1779480000000,10:30,WIPT,1,1,,1,1,,0,Visual,34,280,130,2204,GPS-003,,153bce32-3775-4fd3-acc6-01192f5fa8cc,5/23/2026 4:32:35 AM,KARABEER@boisestate.edu_boisestate,5/23/2026 4:32:35 AM,KARABEER@boisestate.edu_boisestate
1579,2b27b5be-b707-4f4a-8c59-98c51278dc7f,T3,1,1779480000000,10:30,WIPT,2,2,,0,0,,0,Visual,34,300,220,2204,GPS-003,,153bce32-3775-4fd3-acc6-01192f5fa8cc,5/23/2026 4:32:35 AM,KARABEER@boisestate.edu_boisestate,5/23/2026 4:32:35 AM,KARABEER@boisestate.edu_boisestate
1580,d3330134-2a5d-46c0-994a-8b971d728900,T3,1,1779480000000,10:31,WIPT,1,1,,1,1,,0,Visual,34,70,57,2205,GPS-003,,153bce32-3775-4fd3-acc6-01192f5fa8cc,5/23/2026 4:32:35 AM,KARABEER@boisestate.edu_boisestate,5/23/2026 4:32:35 AM,KARABEER@boisestate.edu_boisestate
1581,970e3630-d1af-40d6-a596-2bdbd9d8330f,T3,1,1779480000000,10:32,WIPT,1,1,,0,0,,0,Visual,34,70,109,2206,GPS-003,,153bce32-3775-4fd3-acc6-01192f5fa8cc,5/23/2026 4:32:35 AM,KARABEER@boisestate.edu_boisestate,5/23/2026 4:32:35 AM,KARABEER@boisestate.edu_boisestate
1582,3d8256ec-37f2-4139-afc9-13df49c084d0,T3,1,1779480000000,10:32,WIPT,1,1,,0,0,,0,Visual,34,290,190,2206,GPS-003,,153bce32-3775-4fd3-acc6-01192f5fa8cc,5/23/2026 4:32:35 AM,KARABEER@boisestate.edu_boisestate,5/23/2026 4:32:35 AM,KARABEER@boisestate.edu_boisestate
1583,319441ae-564d-4003-a5e4-8a703e2983ea,T3,1,1779480000000,10:33,WIPT,1,1,,0,0,,0,Visual,35,60,62,2207,GPS-003,,153bce32-3775-4fd3-acc6-01192f5fa8cc,5/23/2026 4:32:35 AM,KARABEER@boisestate.edu_boisestate,5/23/2026 4:32:35 AM,KARABEER@boisestate.edu_boisestate
1584,ddc83bc9-8d47-4996-9f11-a63be37abd81,T3,1,1779480000000,10:33,WIPT,2,2,,0,0,,0,Visual,35,70,260,2207,GPS-003,,153bce32-3775-4fd3-acc6-01192f5fa8cc,5/23/2026 4:32:35 AM,KARABEER@boisestate.edu_boisestate,5/23/2026 4:32:35 AM,KARABEER@boisestate.edu_boisestate
1585,1145a35b-1e1c-481b-b0cf-5f914dd0bd24,T3,1,1779480000000,10:33,WIPT,1,1,,0,0,,0,Visual,35,310,150,2207,GPS-003,,153bce32-3775-4fd3-acc6-01192f5fa8cc,5/23/2026 4:32:35 AM,KARABEER@boisestate.edu_boisestate,5/23/2026 4:32:35 AM,KARABEER@boisestate.edu_boisestate
1586,c8240020-796a-47a4-a24d-f392286755c6,T3,1,1779480000000,10:34,WISN,0,,,0,,,1,Audio,35,-99,0,2207,GPS-003,,153bce32-3775-4fd3-acc6-01192f5fa8cc,5/23/2026 4:32:35 AM,KARABEER@boisestate.edu_boisestate,5/23/2026 4:32:35 AM,KARABEER@boisestate.edu_boisestate
1587,325e3aa4-453c-410c-bc3a-42c024a61054,T3,1,1779480000000,10:34,WIPT,1,1,,0,0,,0,Visual,35,260,23,2208,GPS-003,,153bce32-3775-4fd3-acc6-01192f5fa8cc,5/23/2026 4:32:35 AM,KARABEER@boisestate.edu_boisestate,5/23/2026 4:32:35 AM,KARABEER@boisestate.edu_boisestate
1588,05850f27-cd6f-4f20-8717-b37018aabdd4,T3,1,1779480000000,10:35,WIPT,1,1,,0,0,,0,Visual,35,-99,0,2209,GPS-003,,153bce32-3775-4fd3-acc6-01192f5fa8cc,5/23/2026 4:32:35 AM,KARABEER@boisestate.edu_boisestate,5/23/2026 4:32:35 AM,KARABEER@boisestate.edu_boisestate
1589,5927e0f3-0c28-4063-9593-749589739daf,T3,1,1779480000000,10:35,WIPT,1,1,,0,0,,0,Visual,35,70,18,2209,GPS-003,,153bce32-3775-4fd3-acc6-01192f5fa8cc,5/23/2026 4:32:35 AM,KARABEER@boisestate.edu_boisestate,5/23/2026 4:32:35 AM,KARABEER@boisestate.edu_boisestate
1590,86ba2550-27b9-48cd-b905-0992a02b66d0,T3,1,1779480000000,10:36,WIPT,1,1,,0,0,,0,Visual,35,65,80,2210,GPS-003,,153bce32-3775-4fd3-acc6-01192f5fa8cc,5/23/2026 4:32:35 AM,KARABEER@boisestate.edu_boisestate,5/23/2026 4:32:35 AM,KARABEER@boisestate.edu_boisestate
1591,f46c16f2-52d2-4ef4-ab93-05aa1302b532,T3,1,1779480000000,10:36,LTJA,0,,,0,,,2,Visual,35,-99,0,2211,GPS-003,,153bce32-3775-4fd3-acc6-01192f5fa8cc,5/23/2026 4:32:35 AM,KARABEER@boisestate.edu_boisestate,5/23/2026 4:32:35 AM,KARABEER@boisestate.edu_boisestate
1592,63ad2cc1-e2df-4f9c-8e07-d9abc71c1ca6,T3,1,1779480000000,10:37,WIPT,2,2,,0,0,,0,Visual,35,260,36,2212,GPS-003,,153bce32-3775-4fd3-acc6-01192f5fa8cc,5/23/2026 4:32:35 AM,KARABEER@boisestate.edu_boisestate,5/23/2026 4:32:35 AM,KARABEER@boisestate.edu_boisestate
1593,d90acc90-7b1f-4d86-bf5c-b9f80c001d11,T3,1,1779480000000,10:37,GOPL,0,,,0,,,1,Audio,35,290,30,2212,GPS-003,,153bce32-3775-4fd3-acc6-01192f5fa8cc,5/23/2026 4:32:35 AM,KARABEER@boisestate.edu_boisestate,5/23/2026 4:32:35 AM,KARABEER@boisestate.edu_boisestate
1594,bf46373c-5d5d-4c6e-a772-fc24841e7c14,T3,1,1779480000000,10:37,WIPT,1,1,,0,0,,0,Visual,35,300,170,2212,GPS-003,,153bce32-3775-4fd3-acc6-01192f5fa8cc,5/23/2026 4:32:35 AM,KARABEER@boisestate.edu_boisestate,5/23/2026 4:32:35 AM,KARABEER@boisestate.edu_boisestate
1595,c023200c-d992-4918-92db-9bd2590b65a2,T3,1,1779480000000,10:37,WIPT,1,1,,0,0,,0,Visual,35,40,52,2212,GPS-003,,153bce32-3775-4fd3-acc6-01192f5fa8cc,5/23/2026 4:32:35 AM,KARABEER@boisestate.edu_boisestate,5/23/2026 4:32:35 AM,KARABEER@boisestate.edu_boisestate
1596,78171918-5469-4ba7-8287-982ea3b5d089,T3,1,1779480000000,10:38,WIPT,1,1,,0,0,,0,Visual,35,70,71,2213,GPS-003,,153bce32-3775-4fd3-acc6-01192f5fa8cc,5/23/2026 4:32:35 AM,KARABEER@boisestate.edu_boisestate,5/23/2026 4:32:35 AM,KARABEER@boisestate.edu_boisestate
1597,339148ab-33cd-475a-84ff-61954e2b09e2,T3,1,1779480000000,10:39,WIPT,1,1,,0,0,,0,Audio,35,350,18,2214,GPS-003,,153bce32-3775-4fd3-acc6-01192f5fa8cc,5/23/2026 4:32:35 AM,KARABEER@boisestate.edu_boisestate,5/23/2026 4:32:35 AM,KARABEER@boisestate.edu_boisestate
1598,65e63a3e-4d21-4d1e-af29-ab7caefd51e1,T3,1,1779480000000,10:40,WIPT,1,1,,0,0,,0,Visual,35,190,8,2215,GPS-003,,153bce32-3775-4fd3-acc6-01192f5fa8cc,5/23/2026 4:32:35 AM,KARABEER@boisestate.edu_boisestate,5/23/2026 4:32:35 AM,KARABEER@boisestate.edu_boisestate
1599,54681365-cbed-4840-a0cd-6dce24c83abd,T3,1,1779480000000,10:40,WIPT,1,1,,0,0,,0,Visual,35,350,165,2216,GPS-003,,153bce32-3775-4fd3-acc6-01192f5fa8cc,5/23/2026 4:32:35 AM,KARABEER@boisestate.edu_boisestate,5/23/2026 4:32:35 AM,KARABEER@boisestate.edu_boisestate
1600,760d5406-1b0a-42ab-9c49-9fc49ac99b21,T3,1,1779480000000,10:41,WIPT,1,1,,0,0,,0,Visual,35,350,35,2216,GPS-003,,153bce32-3775-4fd3-acc6-01192f5fa8cc,5/23/2026 4:32:35 AM,KARABEER@boisestate.edu_boisestate,5/23/2026 4:32:35 AM,KARABEER@boisestate.edu_boisestate
1601,a87cd442-ba50-4675-b7f6-db9a0d7ec47f,T3,1,1779480000000,10:41,WIPT,1,1,,0,0,,0,Visual,35,190,229,2216,GPS-003,,153bce32-3775-4fd3-acc6-01192f5fa8cc,5/23/2026 4:32:35 AM,KARABEER@boisestate.edu_boisestate,5/23/2026 4:32:35 AM,KARABEER@boisestate.edu_boisestate
1602,2f1c3249-0858-41ed-9c37-33767c8eda6b,T3,1,1779480000000,10:41,WIPT,1,1,,0,0,,0,Visual,35,215,36,2216,GPS-003,,153bce32-3775-4fd3-acc6-01192f5fa8cc,5/23/2026 4:32:35 AM,KARABEER@boisestate.edu_boisestate,5/23/2026 4:32:35 AM,KARABEER@boisestate.edu_boisestate
1603,ad86d215-f3b5-470c-842a-7658f1952618,T3,1,1779480000000,10:42,WIPT,1,1,,0,0,,0,Visual,35,0,83,2217,GPS-003,,153bce32-3775-4fd3-acc6-01192f5fa8cc,5/23/2026 4:32:35 AM,KARABEER@boisestate.edu_boisestate,5/23/2026 4:32:35 AM,KARABEER@boisestate.edu_boisestate
1604,afdb817d-e704-4989-9b6c-4e97d55f0f16,T3,1,1779480000000,10:42,WIPT,1,1,,0,0,,0,Visual,35,0,27,2217,GPS-003,,153bce32-3775-4fd3-acc6-01192f5fa8cc,5/23/2026 4:32:35 AM,KARABEER@boisestate.edu_boisestate,5/23/2026 4:32:35 AM,KARABEER@boisestate.edu_boisestate
1605,ace73cb8-7853-421b-9e86-93ce759ae2e7,T3,1,1779480000000,10:43,WIPT,1,1,,0,0,,0,Visual,35,210,67,2217,GPS-003,,153bce32-3775-4fd3-acc6-01192f5fa8cc,5/23/2026 4:32:35 AM,KARABEER@boisestate.edu_boisestate,5/23/2026 4:32:35 AM,KARABEER@boisestate.edu_boisestate
1606,158601c6-8d11-4df8-9820-54c721b94611,T3,1,1779480000000,10:43,WISN,0,,,0,,,1,Audio,35,34,40,2217,GPS-003,,153bce32-3775-4fd3-acc6-01192f5fa8cc,5/23/2026 4:32:35 AM,KARABEER@boisestate.edu_boisestate,5/23/2026 4:32:35 AM,KARABEER@boisestate.edu_boisestate
1607,40ea14b4-38ea-4545-8e79-430ce9c39547,T3,1,1779480000000,10:44,WIPT,1,1,,0,0,,0,Visual,35,350,41,2218,GPS-003,,153bce32-3775-4fd3-acc6-01192f5fa8cc,5/23/2026 4:32:35 AM,KARABEER@boisestate.edu_boisestate,5/23/2026 4:32:35 AM,KARABEER@boisestate.edu_boisestate
1608,14274c31-5c5c-4059-afa0-b8f6d4bf729a,T3,1,1779480000000,10:44,WIPT,1,1,,1,1,,0,Visual,35,200,30,2218,GPS-003,,153bce32-3775-4fd3-acc6-01192f5fa8cc,5/23/2026 4:32:35 AM,KARABEER@boisestate.edu_boisestate,5/23/2026 4:32:35 AM,KARABEER@boisestate.edu_boisestate
1609,2cd241d5-9aef-4464-99a9-72df3d7a509a,T3,1,1779480000000,10:44,WIPT,1,1,,0,0,,0,Visual,35,190,139,2218,GPS-003,,153bce32-3775-4fd3-acc6-01192f5fa8cc,5/23/2026 4:32:35 AM,KARABEER@boisestate.edu_boisestate,5/23/2026 4:32:35 AM,KARABEER@boisestate.edu_boisestate
1610,64da880f-0f21-4e9f-a927-8c8b9a525f4f,T3,1,1779480000000,10:45,LTJA,0,,,0,,,3,Audio,35,0,82,2218,GPS-003,,153bce32-3775-4fd3-acc6-01192f5fa8cc,5/23/2026 4:32:35 AM,KARABEER@boisestate.edu_boisestate,5/23/2026 4:32:35 AM,KARABEER@boisestate.edu_boisestate
1611,2208fe30-722c-42ff-ba0f-b530634ff12f,T3,1,1779480000000,10:45,WIPT,1,1,,0,0,,0,Visual,35,220,500,2218,GPS-003,,153bce32-3775-4fd3-acc6-01192f5fa8cc,5/23/2026 4:32:35 AM,KARABEER@boisestate.edu_boisestate,5/23/2026 4:32:35 AM,KARABEER@boisestate.edu_boisestate
1612,0ead0093-16ce-438d-adc4-c74d437ff3bc,T3,1,1779480000000,10:47,LTJA,0,,,0,,,1,Audio,35,200,108,2219,GPS-003,,153bce32-3775-4fd3-acc6-01192f5fa8cc,5/23/2026 4:32:35 AM,KARABEER@boisestate.edu_boisestate,5/23/2026 4:32:35 AM,KARABEER@boisestate.edu_boisestate
1613,14dd0a40-033f-42fb-8b83-ef6ef484f041,T3,1,1779480000000,10:48,WIPT,1,1,,0,0,,0,Visual,35,190,294,2220,GPS-003,,153bce32-3775-4fd3-acc6-01192f5fa8cc,5/23/2026 4:32:35 AM,KARABEER@boisestate.edu_boisestate,5/23/2026 4:32:35 AM,KARABEER@boisestate.edu_boisestate
1614,d1469fd1-2c2c-43f4-abad-fff5578b58ee,T3,1,1779480000000,10:48,GOPL,2,,,0,,,0,Visual,35,220,40,2221,GPS-003,,153bce32-3775-4fd3-acc6-01192f5fa8cc,5/23/2026 4:32:35 AM,KARABEER@boisestate.edu_boisestate,5/23/2026 4:32:35 AM,KARABEER@boisestate.edu_boisestate
1615,b91feab1-1363-4614-8c60-c83321f5a6c3,T3,1,1779480000000,10:49,WIPT,1,1,,0,0,,0,Visual,35,240,120,2221,GPS-003,,153bce32-3775-4fd3-acc6-01192f5fa8cc,5/23/2026 4:32:35 AM,KARABEER@boisestate.edu_boisestate,5/23/2026 4:32:35 AM,KARABEER@boisestate.edu_boisestate
1616,63e207ca-174d-4697-aa82-b52975f66632,T3,1,1779480000000,10:50,WIPT,1,1,,1,1,,0,Visual,35,35,38,2222,GPS-003,,153bce32-3775-4fd3-acc6-01192f5fa8cc,5/23/2026 4:32:35 AM,KARABEER@boisestate.edu_boisestate,5/23/2026 4:32:35 AM,KARABEER@boisestate.edu_boisestate
1617,1f53816c-a4ef-4b5a-86c7-b17bd49bc59d,T3,1,1779480000000,10:50,WIPT,1,1,,0,0,,0,Visual,35,60,140,2222,GPS-003,,153bce32-3775-4fd3-acc6-01192f5fa8cc,5/23/2026 4:32:35 AM,KARABEER@boisestate.edu_boisestate,5/23/2026 4:32:35 AM,KARABEER@boisestate.edu_boisestate
1618,fd769f82-6428-4f0b-8e46-972092bf75bf,T3,1,1779480000000,10:52,WIPT,1,1,,0,0,,0,Visual,36,90,40,2223,GPS-003,,153bce32-3775-4fd3-acc6-01192f5fa8cc,5/23/2026 4:32:35 AM,KARABEER@boisestate.edu_boisestate,5/23/2026 4:32:35 AM,KARABEER@boisestate.edu_boisestate
1619,a30740d4-1236-4293-9e78-1cba2a7b889b,T3,1,1779480000000,10:52,WIPT,1,1,,0,0,,0,Visual,36,100,39,2224,GPS-003,,153bce32-3775-4fd3-acc6-01192f5fa8cc,5/23/2026 4:32:35 AM,KARABEER@boisestate.edu_boisestate,5/23/2026 4:32:35 AM,KARABEER@boisestate.edu_boisestate
1620,56a65120-a3d6-4e91-8983-82d2f2575523,T3,1,1779480000000,10:53,WIPT,1,1,,0,0,,0,Visual,36,50,210,2224,GPS-003,,153bce32-3775-4fd3-acc6-01192f5fa8cc,5/23/2026 4:32:35 AM,KARABEER@boisestate.edu_boisestate,5/23/2026 4:32:35 AM,KARABEER@boisestate.edu_boisestate
1621,c8b4579d-c737-423c-9960-e82fd60227cf,T3,1,1779480000000,10:53,WIPT,1,1,,0,0,,0,Visual,36,280,143,2224,GPS-003,,153bce32-3775-4fd3-acc6-01192f5fa8cc,5/23/2026 4:32:35 AM,KARABEER@boisestate.edu_boisestate,5/23/2026 4:32:35 AM,KARABEER@boisestate.edu_boisestate
1622,f1a09c9c-0565-42b0-8993-21c1234f5624,T3,1,1779480000000,10:56,WIPT,1,1,,0,0,,0,Visual,36,280,86,2225,GPS-003,,153bce32-3775-4fd3-acc6-01192f5fa8cc,5/23/2026 4:32:35 AM,KARABEER@boisestate.edu_boisestate,5/23/2026 4:32:35 AM,KARABEER@boisestate.edu_boisestate
1623,ec14f3d9-3b1c-46d8-ae4f-64f960db0160,T3,1,1779480000000,10:57,WIPT,1,1,,0,0,,0,Visual,36,-99,0,2226,GPS-003,,153bce32-3775-4fd3-acc6-01192f5fa8cc,5/23/2026 4:32:35 AM,KARABEER@boisestate.edu_boisestate,5/23/2026 4:32:35 AM,KARABEER@boisestate.edu_boisestate
1624,a859d6a0-8ffc-463e-90e7-2e70acaf7b79,T3,1,1779480000000,10:58,WIPT,1,1,,0,0,,0,Visual,36,280,112,2227,GPS-003,,153bce32-3775-4fd3-acc6-01192f5fa8cc,5/23/2026 4:32:35 AM,KARABEER@boisestate.edu_boisestate,5/23/2026 4:32:35 AM,KARABEER@boisestate.edu_boisestate
1625,093a6bf3-5134-4c3a-a425-396e01c46a4b,T3,1,1779480000000,10:58,WIPT,1,1,,0,0,,0,Visual,36,90,43,2228,GPS-003,,153bce32-3775-4fd3-acc6-01192f5fa8cc,5/23/2026 4:32:35 AM,KARABEER@boisestate.edu_boisestate,5/23/2026 4:32:35 AM,KARABEER@boisestate.edu_boisestate
1626,2d5d2f38-e52d-4b6c-906c-395359204dac,T3,1,1779480000000,10:59,WIPT,1,1,,0,0,,0,Visual,36,80,153,2228,GPS-003,,153bce32-3775-4fd3-acc6-01192f5fa8cc,5/23/2026 4:32:35 AM,KARABEER@boisestate.edu_boisestate,5/23/2026 4:32:35 AM,KARABEER@boisestate.edu_boisestate
1627,3c99fbbf-538c-44f5-8de6-d8e9927b9612,T3,1,1779480000000,10:59,WIPT,1,1,,0,0,,0,Visual,36,295,127,2228,GPS-003,,153bce32-3775-4fd3-acc6-01192f5fa8cc,5/23/2026 4:32:35 AM,KARABEER@boisestate.edu_boisestate,5/23/2026 4:32:35 AM,KARABEER@boisestate.edu_boisestate
1628,28449fc6-b9c3-4618-9958-6f26240b7e42,T3,1,1779480000000,10:59,WIPT,1,1,,0,0,,0,Visual,36,270,265,2228,GPS-003,,153bce32-3775-4fd3-acc6-01192f5fa8cc,5/23/2026 4:32:35 AM,KARABEER@boisestate.edu_boisestate,5/23/2026 4:32:35 AM,KARABEER@boisestate.edu_boisestate
1629,468d95aa-b158-4a3c-a26a-7e0a5f629b89,T3,1,1779480000000,11:00,WIPT,1,1,,0,0,,0,Visual,36,310,336,2228,GPS-003,,153bce32-3775-4fd3-acc6-01192f5fa8cc,5/23/2026 4:32:35 AM,KARABEER@boisestate.edu_boisestate,5/23/2026 4:32:35 AM,KARABEER@boisestate.edu_boisestate
1630,7e57c86e-f6ff-48b2-aaeb-fc85251e1c94,T3,1,1779480000000,11:00,GOPL,1,,,1,,,0,Visual,36,90,37,2229,GPS-003,,153bce32-3775-4fd3-acc6-01192f5fa8cc,5/23/2026 4:32:35 AM,KARABEER@boisestate.edu_boisestate,5/23/2026 4:32:35 AM,KARABEER@boisestate.edu_boisestate
1631,20bb701f-9946-42b2-a645-89acaa5699cd,T3,1,1779480000000,11:00,LTJA,0,,,0,,,1,Visual,36,300,100,2229,GPS-003,,153bce32-3775-4fd3-acc6-01192f5fa8cc,5/23/2026 4:32:35 AM,KARABEER@boisestate.edu_boisestate,5/23/2026 4:32:35 AM,KARABEER@boisestate.edu_boisestate
1632,8081ca2b-73f8-4298-977c-510ae6718abd,T3,1,1779480000000,11:01,WIPT,1,1,,0,0,,0,Visual,36,315,89,2229,GPS-003,,153bce32-3775-4fd3-acc6-01192f5fa8cc,5/23/2026 4:32:35 AM,KARABEER@boisestate.edu_boisestate,5/23/2026 4:32:35 AM,KARABEER@boisestate.edu_boisestate
1633,182b4453-f278-4acd-b323-3c2715ad8487,T3,1,1779480000000,11:02,LTJA,0,,,0,,,1,Visual,36,310,100,2230,GPS-003,,153bce32-3775-4fd3-acc6-01192f5fa8cc,5/23/2026 4:32:35 AM,KARABEER@boisestate.edu_boisestate,5/23/2026 4:32:35 AM,KARABEER@boisestate.edu_boisestate
1634,7e2a8bf0-4d26-4be5-9fcb-6d46350ea499,T3,1,1779480000000,11:03,ROPT,1,,1,0,,0,0,Visual,36,320,74,2230,GPS-003,,153bce32-3775-4fd3-acc6-01192f5fa8cc,5/23/2026 4:32:35 AM,KARABEER@boisestate.edu_boisestate,5/23/2026 4:32:35 AM,KARABEER@boisestate.edu_boisestate
1635,deffbdad-579e-408e-94e1-385363e4310e,T3,1,1779480000000,11:04,WIPT,1,1,,0,0,,0,Visual,36,100,77,2231,GPS-003,,153bce32-3775-4fd3-acc6-01192f5fa8cc,5/23/2026 4:32:35 AM,KARABEER@boisestate.edu_boisestate,5/23/2026 4:32:35 AM,KARABEER@boisestate.edu_boisestate
1636,4207c77f-bfa6-4b1c-8d61-71259f97d792,T3,1,1779480000000,11:05,WIPT,1,1,,0,0,,0,Visual,36,240,12,2232,GPS-003,,153bce32-3775-4fd3-acc6-01192f5fa8cc,5/23/2026 4:32:35 AM,KARABEER@boisestate.edu_boisestate,5/23/2026 4:32:35 AM,KARABEER@boisestate.edu_boisestate
1637,f5f00d1f-39c7-4cd8-bfd0-2b4a38b79131,T3,1,1779480000000,11:05,WIPT,1,1,,0,0,,0,Visual,36,90,185,2233,GPS-003,,153bce32-3775-4fd3-acc6-01192f5fa8cc,5/23/2026 4:32:35 AM,KARABEER@boisestate.edu_boisestate,5/23/2026 4:32:35 AM,KARABEER@boisestate.edu_boisestate
1638,6dfb65c1-32d2-48de-85d0-56f7ae287998,T3,1,1779480000000,11:06,WIPT,1,1,,0,0,,0,Visual,37,-99,0,2234,GPS-003,,153bce32-3775-4fd3-acc6-01192f5fa8cc,5/23/2026 4:32:35 AM,KARABEER@boisestate.edu_boisestate,5/23/2026 4:32:35 AM,KARABEER@boisestate.edu_boisestate
1639,bda03e2f-c945-48ed-9ec9-196447ea10f5,T3,1,1779480000000,11:06,WIPT,1,1,,0,0,,0,Visual,37,90,73,2234,GPS-003,,153bce32-3775-4fd3-acc6-01192f5fa8cc,5/23/2026 4:32:35 AM,KARABEER@boisestate.edu_boisestate,5/23/2026 4:32:35 AM,KARABEER@boisestate.edu_boisestate
1640,f3235740-9951-4b96-8631-fe629afb7378,T3,1,1779480000000,11:07,ROPT,1,,1,0,,0,0,Audio,37,70,100,2235,GPS-003,,153bce32-3775-4fd3-acc6-01192f5fa8cc,5/23/2026 4:32:35 AM,KARABEER@boisestate.edu_boisestate,5/23/2026 4:32:35 AM,KARABEER@boisestate.edu_boisestate
1641,63499638-f343-4dd6-8d9d-b274c383d88c,T3,1,1779480000000,11:08,WIPT,1,1,,0,0,,0,Visual,37,260,390,2235,GPS-003,,153bce32-3775-4fd3-acc6-01192f5fa8cc,5/23/2026 4:32:35 AM,KARABEER@boisestate.edu_boisestate,5/23/2026 4:32:35 AM,KARABEER@boisestate.edu_boisestate
1642,4729387c-479c-4c19-9de6-d594c66e61c2,T3,1,1779480000000,11:10,WIPT,1,1,,0,0,,0,Visual,37,300,120,2236,GPS-003,,153bce32-3775-4fd3-acc6-01192f5fa8cc,5/23/2026 4:32:35 AM,KARABEER@boisestate.edu_boisestate,5/23/2026 4:32:35 AM,KARABEER@boisestate.edu_boisestate
1643,2c989b76-ba06-4905-b474-c972185c89d8,T3,1,1779480000000,11:12,ROPT,1,,1,0,,0,0,Visual,37,-99,0,2237,GPS-003,,153bce32-3775-4fd3-acc6-01192f5fa8cc,5/23/2026 4:32:35 AM,KARABEER@boisestate.edu_boisestate,5/23/2026 4:32:35 AM,KARABEER@boisestate.edu_boisestate
1644,b8646578-d40f-4f87-8c2b-4d0957e67943,T3,1,1779480000000,11:14,ROPT,0,,0,0,,0,1,Visual,37,70,120,2238,GPS-003,,153bce32-3775-4fd3-acc6-01192f5fa8cc,5/23/2026 4:32:35 AM,KARABEER@boisestate.edu_boisestate,5/23/2026 4:32:35 AM,KARABEER@boisestate.edu_boisestate
1645,cf2a7b48-ffc4-4509-a759-25ff0a0389f1,T3,1,1779480000000,11:14,ROPT,0,,0,0,,0,1,Visual,37,170,72,2238,GPS-003,,153bce32-3775-4fd3-acc6-01192f5fa8cc,5/23/2026 4:32:35 AM,KARABEER@boisestate.edu_boisestate,5/23/2026 4:32:35 AM,KARABEER@boisestate.edu_boisestate
1646,efa801f8-6e5c-4d07-a574-001b5bd7626c,T3,1,1779480000000,11:15,ROPT,1,,1,0,,0,0,Visual,37,65,117,2239,GPS-003,,153bce32-3775-4fd3-acc6-01192f5fa8cc,5/23/2026 4:32:35 AM,KARABEER@boisestate.edu_boisestate,5/23/2026 4:32:35 AM,KARABEER@boisestate.edu_boisestate
1647,0eb77082-447a-4b85-888b-e526c2c3dd8b,T3,1,1779480000000,11:16,WIPT,1,1,,0,0,,0,Visual,37,-99,0,2240,GPS-003,,153bce32-3775-4fd3-acc6-01192f5fa8cc,5/23/2026 4:32:35 AM,KARABEER@boisestate.edu_boisestate,5/23/2026 4:32:35 AM,KARABEER@boisestate.edu_boisestate
1648,51be1ed1-82eb-4161-88b9-8b969aaaf39e,T3,1,1779480000000,11:16,WIPT,1,1,,0,0,,0,Visual,37,80,9,2241,GPS-003,,153bce32-3775-4fd3-acc6-01192f5fa8cc,5/23/2026 4:32:35 AM,KARABEER@boisestate.edu_boisestate,5/23/2026 4:32:35 AM,KARABEER@boisestate.edu_boisestate
1649,08f730ff-4f1f-416b-b562-e523939e3d6c,C1,1,1779652800000,07:41,WIPT,1,1,,0,0,,0,Visual,34,330,108,2242,GPS-003,,7234423b-ae5b-4dae-8459-d1d92a62f71e,5/24/2026 11:37:58 PM,KARABEER@boisestate.edu_boisestate,5/24/2026 11:37:58 PM,KARABEER@boisestate.edu_boisestate
1650,46354fe1-8056-457f-b1d6-cbac4ef29c98,C1,1,1779652800000,07:45,WISN,0,,,0,,,1,Audio,34,0,20,2242,GPS-003,,7234423b-ae5b-4dae-8459-d1d92a62f71e,5/24/2026 11:37:58 PM,KARABEER@boisestate.edu_boisestate,5/24/2026 11:37:58 PM,KARABEER@boisestate.edu_boisestate
1651,9c9cc59b-0b29-487e-a23d-45ebfed04004,C1,1,1779652800000,07:46,WIPT,1,1,,0,0,,0,Visual,34,280,89,2243,GPS-003,,7234423b-ae5b-4dae-8459-d1d92a62f71e,5/24/2026 11:37:58 PM,KARABEER@boisestate.edu_boisestate,5/24/2026 11:37:58 PM,KARABEER@boisestate.edu_boisestate
1652,639e437e-e868-4660-8cce-5f6858e23904,C1,1,1779652800000,07:47,WIPT,1,1,,0,0,,0,Visual,34,320,240,2244,GPS-003,,7234423b-ae5b-4dae-8459-d1d92a62f71e,5/24/2026 11:37:58 PM,KARABEER@boisestate.edu_boisestate,5/24/2026 11:37:58 PM,KARABEER@boisestate.edu_boisestate
1653,02ecce44-1685-46a6-8ba7-a21596c9d714,C1,1,1779652800000,07:48,WIPT,1,1,,0,0,,0,Visual,34,-99,0,2245,GPS-003,,7234423b-ae5b-4dae-8459-d1d92a62f71e,5/24/2026 11:37:58 PM,KARABEER@boisestate.edu_boisestate,5/24/2026 11:37:58 PM,KARABEER@boisestate.edu_boisestate
1654,17b3006d-24d6-4d3f-a507-db217bc5e3e3,C1,1,1779652800000,07:49,WIPT,1,1,,0,0,,0,Visual,35,140,41,2246,GPS-003,,7234423b-ae5b-4dae-8459-d1d92a62f71e,5/24/2026 11:37:58 PM,KARABEER@boisestate.edu_boisestate,5/24/2026 11:37:58 PM,KARABEER@boisestate.edu_boisestate
1655,44ec3553-eaac-469e-ac42-b3d0939b2ceb,C1,1,1779652800000,07:50,WIPT,1,1,,0,0,,0,Visual,35,330,189,2247,GPS-003,,7234423b-ae5b-4dae-8459-d1d92a62f71e,5/24/2026 11:37:58 PM,KARABEER@boisestate.edu_boisestate,5/24/2026 11:37:58 PM,KARABEER@boisestate.edu_boisestate
1656,3a093435-ea9d-4de6-b9e6-99f2413984e6,C1,1,1779652800000,07:51,WIPT,2,2,,0,0,,0,Visual,35,0,59,2248,GPS-003,,7234423b-ae5b-4dae-8459-d1d92a62f71e,5/24/2026 11:37:58 PM,KARABEER@boisestate.edu_boisestate,5/24/2026 11:37:58 PM,KARABEER@boisestate.edu_boisestate
1657,c1f1a89e-301d-492c-ba0e-5e9de386f49b,C1,1,1779652800000,07:52,WIPT,1,1,,0,0,,0,Visual,35,240,245,2249,GPS-003,,7234423b-ae5b-4dae-8459-d1d92a62f71e,5/24/2026 11:37:58 PM,KARABEER@boisestate.edu_boisestate,5/24/2026 11:37:58 PM,KARABEER@boisestate.edu_boisestate
1658,8efa7277-7c52-4db6-af52-76281d1e3ccf,C1,1,1779652800000,07:53,WIPT,1,1,,0,0,,0,Visual,35,0,15,2250,GPS-003,,7234423b-ae5b-4dae-8459-d1d92a62f71e,5/24/2026 11:37:58 PM,KARABEER@boisestate.edu_boisestate,5/24/2026 11:37:58 PM,KARABEER@boisestate.edu_boisestate
1659,505eb9d8-e1e3-49e1-a37b-8affa85f6709,C1,1,1779652800000,07:54,WIPT,1,1,,0,0,,0,Visual,35,-99,0,2251,GPS-003,,7234423b-ae5b-4dae-8459-d1d92a62f71e,5/24/2026 11:37:58 PM,KARABEER@boisestate.edu_boisestate,5/24/2026 11:37:58 PM,KARABEER@boisestate.edu_boisestate
1660,bc969aef-1011-454b-948c-0ebc56dc1667,C1,1,1779652800000,07:57,WIPT,1,1,,0,0,,0,Visual,36,310,18,2252,GPS-003,,7234423b-ae5b-4dae-8459-d1d92a62f71e,5/24/2026 11:37:58 PM,KARABEER@boisestate.edu_boisestate,5/24/2026 11:37:58 PM,KARABEER@boisestate.edu_boisestate
1661,ff391678-b6e8-4d93-b1b5-90e91421109e,C1,1,1779652800000,07:57,WIPT,2,2,,0,0,,0,Visual,36,-99,0,2253,GPS-003,,7234423b-ae5b-4dae-8459-d1d92a62f71e,5/24/2026 11:37:58 PM,KARABEER@boisestate.edu_boisestate,5/24/2026 11:37:58 PM,KARABEER@boisestate.edu_boisestate
1662,4b4f953f-c573-4227-a594-864167524052,C1,1,1779652800000,07:58,WIPT,1,1,,0,0,,0,Visual,36,-99,0,2254,GPS-003,,7234423b-ae5b-4dae-8459-d1d92a62f71e,5/24/2026 11:37:58 PM,KARABEER@boisestate.edu_boisestate,5/24/2026 11:37:58 PM,KARABEER@boisestate.edu_boisestate
1663,14f669b0-b12e-44c3-9837-4403f8b73c98,C1,1,1779652800000,08:02,WIPT,1,1,,0,0,,0,Visual,37,300,103,2255,GPS-003,,7234423b-ae5b-4dae-8459-d1d92a62f71e,5/24/2026 11:37:58 PM,KARABEER@boisestate.edu_boisestate,5/24/2026 11:37:58 PM,KARABEER@boisestate.edu_boisestate
1664,d046973e-afb5-40b8-b9b8-c10e8cf9122e,C1,1,1779652800000,08:03,WIPT,1,1,,0,0,,0,Visual,37,-99,0,2256,GPS-003,,7234423b-ae5b-4dae-8459-d1d92a62f71e,5/24/2026 11:37:58 PM,KARABEER@boisestate.edu_boisestate,5/24/2026 11:37:58 PM,KARABEER@boisestate.edu_boisestate
1665,349ab004-d7f9-4f33-b70d-6fe8e1cfb0dd,C1,1,1779652800000,08:03,WIPT,1,1,,0,0,,0,Visual,37,0,49,2256,GPS-003,,7234423b-ae5b-4dae-8459-d1d92a62f71e,5/24/2026 11:37:58 PM,KARABEER@boisestate.edu_boisestate,5/24/2026 11:37:58 PM,KARABEER@boisestate.edu_boisestate
1666,ff2dbb34-f9d5-4198-b612-2b66df5bd62b,C1,1,1779652800000,08:06,WIPT,1,1,,0,0,,0,Visual,38,-99,0,2257,GPS-003,,7234423b-ae5b-4dae-8459-d1d92a62f71e,5/24/2026 11:37:58 PM,KARABEER@boisestate.edu_boisestate,5/24/2026 11:37:58 PM,KARABEER@boisestate.edu_boisestate
1667,029f7e75-02a9-4b70-b6b8-b0d164b83e10,C1,1,1779652800000,08:07,LTJA,0,,,0,,,1,Visual,38,-99,0,2258,GPS-003,,7234423b-ae5b-4dae-8459-d1d92a62f71e,5/24/2026 11:37:58 PM,KARABEER@boisestate.edu_boisestate,5/24/2026 11:37:58 PM,KARABEER@boisestate.edu_boisestate
1668,98853e88-f02b-42de-b0bf-f920ae5cfd16,C1,1,1779652800000,08:09,LTJA,0,,,0,,,3,Visual,38,290,50,2259,GPS-003,,7234423b-ae5b-4dae-8459-d1d92a62f71e,5/24/2026 11:37:58 PM,KARABEER@boisestate.edu_boisestate,5/24/2026 11:37:58 PM,KARABEER@boisestate.edu_boisestate
1669,a3a4c7f2-bf68-4294-bf9b-e1a678b7decf,C1,1,1779652800000,08:11,WIPT,2,1,,0,0,,0,Visual,39,350,224,2260,GPS-003,,7234423b-ae5b-4dae-8459-d1d92a62f71e,5/24/2026 11:37:58 PM,KARABEER@boisestate.edu_boisestate,5/24/2026 11:37:58 PM,KARABEER@boisestate.edu_boisestate
1670,ea572140-3bb4-4939-8ffe-34324b35cedc,C1,1,1779652800000,08:17,LTJA,0,,,0,,,1,Visual,40,330,160,2261,GPS-003,,7234423b-ae5b-4dae-8459-d1d92a62f71e,5/24/2026 11:37:58 PM,KARABEER@boisestate.edu_boisestate,5/24/2026 11:37:58 PM,KARABEER@boisestate.edu_boisestate
1671,4db59bc0-6d95-4964-ae09-0c2fac9fd671,C1,1,1779652800000,08:18,WIPT,1,1,,0,0,,0,Visual,40,320,137,2261,GPS-003,,7234423b-ae5b-4dae-8459-d1d92a62f71e,5/24/2026 11:37:58 PM,KARABEER@boisestate.edu_boisestate,5/24/2026 11:37:58 PM,KARABEER@boisestate.edu_boisestate
1672,771bb485-c2dc-4f05-b390-4e6ff50de79d,C1,1,1779652800000,08:22,WIPT,1,1,,0,0,,0,Visual,41,-99,0,2262,GPS-003,,7234423b-ae5b-4dae-8459-d1d92a62f71e,5/24/2026 11:37:58 PM,KARABEER@boisestate.edu_boisestate,5/24/2026 11:37:58 PM,KARABEER@boisestate.edu_boisestate
1673,9ab25300-f6bf-4658-84af-b9ed340d6db7,C1,1,1779652800000,08:22,GOPL,0,,,0,,,1,Audio,41,0,50,2262,GPS-003,,7234423b-ae5b-4dae-8459-d1d92a62f71e,5/24/2026 11:37:58 PM,KARABEER@boisestate.edu_boisestate,5/24/2026 11:37:58 PM,KARABEER@boisestate.edu_boisestate
1674,0f963605-253c-40e7-8e86-8aab8414598d,C1,1,1779652800000,08:23,WIPT,1,1,,0,0,,0,Visual,41,0,22,2263,GPS-003,,7234423b-ae5b-4dae-8459-d1d92a62f71e,5/24/2026 11:37:58 PM,KARABEER@boisestate.edu_boisestate,5/24/2026 11:37:58 PM,KARABEER@boisestate.edu_boisestate
1675,1a61de60-df5e-45b8-9d0b-45bb472a11bf,C1,1,1779652800000,08:24,WIPT,1,1,,0,0,,0,Visual,41,10,27,2267,GPS-003,,7234423b-ae5b-4dae-8459-d1d92a62f71e,5/24/2026 11:37:58 PM,KARABEER@boisestate.edu_boisestate,5/24/2026 11:37:58 PM,KARABEER@boisestate.edu_boisestate
1676,e5c77b75-fc92-4c41-918b-2b0e5509eb1e,C1,1,1779652800000,08:28,WIPT,1,1,,0,0,,0,Visual,42,-99,0,2265,GPS-003,,7234423b-ae5b-4dae-8459-d1d92a62f71e,5/24/2026 11:37:58 PM,KARABEER@boisestate.edu_boisestate,5/24/2026 11:37:58 PM,KARABEER@boisestate.edu_boisestate
1677,b3f076eb-d1a0-4546-80cc-a24ef43f2dec,C1,1,1779652800000,08:33,WIPT,1,1,,0,0,,0,Visual,43,100,48,2266,GPS-003,,7234423b-ae5b-4dae-8459-d1d92a62f71e,5/24/2026 11:37:58 PM,KARABEER@boisestate.edu_boisestate,5/24/2026 11:37:58 PM,KARABEER@boisestate.edu_boisestate
1678,e55822b1-48c5-4238-a5f8-a85669a54d22,C1,1,1779652800000,08:35,ROPT,1,,1,0,,0,0,Visual,43,310,159,2267,GPS-003,,7234423b-ae5b-4dae-8459-d1d92a62f71e,5/24/2026 11:37:58 PM,KARABEER@boisestate.edu_boisestate,5/24/2026 11:37:58 PM,KARABEER@boisestate.edu_boisestate
1679,1eb9e5e2-b414-4512-87be-bac1ef3ff5d7,C1,1,1779652800000,08:36,WIPT,0,0,,1,1,,0,Visual,42,-99,0,2268,GPS-003,,7234423b-ae5b-4dae-8459-d1d92a62f71e,5/24/2026 11:37:58 PM,KARABEER@boisestate.edu_boisestate,5/24/2026 11:37:58 PM,KARABEER@boisestate.edu_boisestate
1680,37c9cae4-1ce9-451a-a828-bffb2861bcd9,C1,1,1779652800000,08:37,WIPT,1,1,,0,0,,0,Visual,43,-99,0,2269,GPS-003,,7234423b-ae5b-4dae-8459-d1d92a62f71e,5/24/2026 11:37:58 PM,KARABEER@boisestate.edu_boisestate,5/24/2026 11:37:58 PM,KARABEER@boisestate.edu_boisestate
1681,a1a6311e-6ee6-462e-880f-4a71df974be1,C1,1,1779652800000,08:38,WIPT,1,1,,0,0,,0,Visual,43,100,218,2269,GPS-003,,7234423b-ae5b-4dae-8459-d1d92a62f71e,5/24/2026 11:37:58 PM,KARABEER@boisestate.edu_boisestate,5/24/2026 11:37:58 PM,KARABEER@boisestate.edu_boisestate
1682,dabc6182-3b33-4d16-8418-d8d19585ac75,C1,1,1779652800000,08:39,WIPT,1,1,,0,0,,0,Visual,43,-99,0,2270,GPS-003,,7234423b-ae5b-4dae-8459-d1d92a62f71e,5/24/2026 11:37:58 PM,KARABEER@boisestate.edu_boisestate,5/24/2026 11:37:58 PM,KARABEER@boisestate.edu_boisestate
1683,cc5a6e00-e7df-40a9-96bf-82880fcf9984,C2,1,1779652800000,08:43,WIPT,1,1,,1,1,,0,Visual,44,-99,0,2271,GPS-003,,fce2a870-5f54-4e0a-ad66-995b448f1880,5/24/2026 11:37:59 PM,KARABEER@boisestate.edu_boisestate,5/24/2026 11:37:59 PM,KARABEER@boisestate.edu_boisestate
1684,67cffbd2-1ac2-4d94-8228-2cdbf5768c38,C2,1,1779652800000,08:47,WIPT,1,1,,0,0,,0,Visual,45,100,35,2272,GPS-003,,fce2a870-5f54-4e0a-ad66-995b448f1880,5/24/2026 11:37:59 PM,KARABEER@boisestate.edu_boisestate,5/24/2026 11:37:59 PM,KARABEER@boisestate.edu_boisestate
1685,501d8a89-e92c-450e-843d-8d9ae9408862,C2,1,1779652800000,08:48,WIPT,1,1,,0,0,,0,Visual,45,265,260,2272,GPS-003,,fce2a870-5f54-4e0a-ad66-995b448f1880,5/24/2026 11:37:59 PM,KARABEER@boisestate.edu_boisestate,5/24/2026 11:37:59 PM,KARABEER@boisestate.edu_boisestate
1686,2213e8e4-e6e4-403e-81a3-c52aa3e79df0,C2,1,1779652800000,08:49,WIPT,1,1,,0,0,,0,Visual,45,90,76,2273,GPS-003,,fce2a870-5f54-4e0a-ad66-995b448f1880,5/24/2026 11:37:59 PM,KARABEER@boisestate.edu_boisestate,5/24/2026 11:37:59 PM,KARABEER@boisestate.edu_boisestate
1687,b591dbf1-aada-4a8d-957a-d557a27c74c6,C2,1,1779652800000,08:59,PTAR,0,,,0,,,1,Visual,47,160,250,2274,GPS-003,,fce2a870-5f54-4e0a-ad66-995b448f1880,5/24/2026 11:37:59 PM,KARABEER@boisestate.edu_boisestate,5/24/2026 11:37:59 PM,KARABEER@boisestate.edu_boisestate
1688,92771d08-bfee-4a10-a2d7-db9ba06449d7,C2,1,1779652800000,09:04,AGSQ,0,,,0,,,1,Visual,48,310,82,2275,GPS-003,,fce2a870-5f54-4e0a-ad66-995b448f1880,5/24/2026 11:37:59 PM,KARABEER@boisestate.edu_boisestate,5/24/2026 11:37:59 PM,KARABEER@boisestate.edu_boisestate
1689,bb885eeb-d4d9-4cce-9b48-67e3c4c67f5b,C2,1,1779652800000,09:05,ROPT,1,,1,0,,0,0,Visual,48,30,240,2276,GPS-003,,fce2a870-5f54-4e0a-ad66-995b448f1880,5/24/2026 11:37:59 PM,KARABEER@boisestate.edu_boisestate,5/24/2026 11:37:59 PM,KARABEER@boisestate.edu_boisestate
1690,984f76e8-7acf-494f-a43e-330bf641fbdd,C2,1,1779652800000,09:09,WIPT,1,1,,0,0,,0,Visual,49,230,18,2277,GPS-003,,fce2a870-5f54-4e0a-ad66-995b448f1880,5/24/2026 11:37:59 PM,KARABEER@boisestate.edu_boisestate,5/24/2026 11:37:59 PM,KARABEER@boisestate.edu_boisestate
1691,1d0b809f-c23e-42d8-b1c6-9e32235a7c78,C2,1,1779652800000,09:12,WIPT,1,1,,0,0,,0,Visual,50,35,56,2278,GPS-003,,fce2a870-5f54-4e0a-ad66-995b448f1880,5/24/2026 11:37:59 PM,KARABEER@boisestate.edu_boisestate,5/24/2026 11:37:59 PM,KARABEER@boisestate.edu_boisestate
1692,c3fd7b1b-55ab-47ed-8d73-aeca8e80231a,C2,1,1779652800000,09:13,WIPT,1,1,,0,0,,0,Visual,50,-99,0,2279,GPS-003,,fce2a870-5f54-4e0a-ad66-995b448f1880,5/24/2026 11:37:59 PM,KARABEER@boisestate.edu_boisestate,5/24/2026 11:37:59 PM,KARABEER@boisestate.edu_boisestate
1693,4694059d-b64f-45e1-9bb5-fde08357cb4e,C2,1,1779652800000,09:14,ROPT,1,,1,0,,0,0,Visual,50,50,450,228,GPS-003,,fce2a870-5f54-4e0a-ad66-995b448f1880,5/24/2026 11:37:59 PM,KARABEER@boisestate.edu_boisestate,5/24/2026 11:37:59 PM,KARABEER@boisestate.edu_boisestate
1694,88d71909-9534-47a6-b530-a22c7225c08f,C2,1,1779652800000,09:15,WIPT,1,1,,0,0,,0,Visual,50,50,450,2280,GPS-003,,fce2a870-5f54-4e0a-ad66-995b448f1880,5/24/2026 11:37:59 PM,KARABEER@boisestate.edu_boisestate,5/24/2026 11:37:59 PM,KARABEER@boisestate.edu_boisestate
1695,62cdaa18-70c1-46f2-98e6-fa7c8940ef3b,C2,1,1779652800000,09:17,WIPT,1,1,,0,0,,0,Visual,50,-99,0,2281,GPS-003,,fce2a870-5f54-4e0a-ad66-995b448f1880,5/24/2026 11:37:59 PM,KARABEER@boisestate.edu_boisestate,5/24/2026 11:37:59 PM,KARABEER@boisestate.edu_boisestate
1696,5c0f88ad-5079-4d8b-a158-3fc7540e08e8,C2,1,1779652800000,09:17,WISN,0,,,0,,,1,Audio,50,62,20,2281,GPS-003,,fce2a870-5f54-4e0a-ad66-995b448f1880,5/24/2026 11:37:59 PM,KARABEER@boisestate.edu_boisestate,5/24/2026 11:37:59 PM,KARABEER@boisestate.edu_boisestate
1697,4fdc0cae-dd2a-451b-9e5a-81330007cf17,C2,1,1779652800000,09:18,WIPT,1,1,,0,0,,0,Visual,50,40,56,2282,GPS-003,,fce2a870-5f54-4e0a-ad66-995b448f1880,5/24/2026 11:37:59 PM,KARABEER@boisestate.edu_boisestate,5/24/2026 11:37:59 PM,KARABEER@boisestate.edu_boisestate
1698,1d0fb886-2799-4c91-bf93-e7d38fc850ac,C2,1,1779652800000,09:21,WIPT,2,2,,0,0,,0,Visual,51,30,65,2283,GPS-003,,fce2a870-5f54-4e0a-ad66-995b448f1880,5/24/2026 11:37:59 PM,KARABEER@boisestate.edu_boisestate,5/24/2026 11:37:59 PM,KARABEER@boisestate.edu_boisestate
1699,ffc68acd-c8d1-45da-b38e-7bb13a95bc1e,C2,1,1779652800000,09:22,WIPT,1,1,,0,0,,0,Visual,51,190,51,2284,GPS-003,,fce2a870-5f54-4e0a-ad66-995b448f1880,5/24/2026 11:37:59 PM,KARABEER@boisestate.edu_boisestate,5/24/2026 11:37:59 PM,KARABEER@boisestate.edu_boisestate
1700,2fe7c5b3-92a7-4a11-b2c0-e4972141242b,C2,1,1779652800000,09:23,WIPT,1,1,,0,0,,0,Visual,51,180,15,2285,GPS-003,,fce2a870-5f54-4e0a-ad66-995b448f1880,5/24/2026 11:37:59 PM,KARABEER@boisestate.edu_boisestate,5/24/2026 11:37:59 PM,KARABEER@boisestate.edu_boisestate
1701,a8c18ab3-e70f-4441-bdf2-dbd0b7dba7a2,C2,1,1779652800000,09:25,WIPT,2,2,,0,0,,0,Visual,52,140,213,2286,GPS-003,,fce2a870-5f54-4e0a-ad66-995b448f1880,5/24/2026 11:37:59 PM,KARABEER@boisestate.edu_boisestate,5/24/2026 11:37:59 PM,KARABEER@boisestate.edu_boisestate
1702,4544b380-5023-4348-9e74-81e9dbd3b657,C2,1,1779652800000,09:26,LTJA,0,,,0,,,1,Visual,51,15,98,2287,GPS-003,,fce2a870-5f54-4e0a-ad66-995b448f1880,5/24/2026 11:37:59 PM,KARABEER@boisestate.edu_boisestate,5/24/2026 11:37:59 PM,KARABEER@boisestate.edu_boisestate
1703,9f3a7b4e-c1ab-49db-9d4c-e6632bc3931d,C2,1,1779652800000,09:29,ROPT,2,,2,0,,0,0,Visual,52,0,219,2288,GPS-003,,fce2a870-5f54-4e0a-ad66-995b448f1880,5/24/2026 11:37:59 PM,KARABEER@boisestate.edu_boisestate,5/24/2026 11:37:59 PM,KARABEER@boisestate.edu_boisestate
1704,6295bd50-4017-471a-a7ef-0a1ee08b5310,C2,1,1779652800000,09:32,ROPT,2,,2,0,,0,0,Visual,53,260,37,2289,GPS-003,,fce2a870-5f54-4e0a-ad66-995b448f1880,5/24/2026 11:37:59 PM,KARABEER@boisestate.edu_boisestate,5/24/2026 11:37:59 PM,KARABEER@boisestate.edu_boisestate
1705,55165a00-bc9b-4822-a498-a6ddc1010f40,C2,2,1779652800000,09:54,GOPL,0,,,0,,,1,Visual,54,110,87,2290,GPS-003,,5d84f82c-e345-4b13-92ab-b749117bd986,5/24/2026 11:38:00 PM,KARABEER@boisestate.edu_boisestate,5/24/2026 11:38:00 PM,KARABEER@boisestate.edu_boisestate
1706,52118ed6-5760-40d5-a7a9-9276b984648f,C2,2,1779652800000,10:01,ROPT,1,,1,1,,1,0,Visual,53,130,24,2291,GPS-003,,5d84f82c-e345-4b13-92ab-b749117bd986,5/24/2026 11:38:00 PM,KARABEER@boisestate.edu_boisestate,5/24/2026 11:38:00 PM,KARABEER@boisestate.edu_boisestate
1707,d82e8552-e774-482a-96e9-4b5c8dc4baca,C2,2,1779652800000,10:11,WIPT,0,0,,0,0,,1,Audio,52,120,20,2292,GPS-003,,5d84f82c-e345-4b13-92ab-b749117bd986,5/24/2026 11:38:00 PM,KARABEER@boisestate.edu_boisestate,5/24/2026 11:38:00 PM,KARABEER@boisestate.edu_boisestate
1708,3196ff60-9def-4edb-b678-2b9f2c6ab0c8,C2,2,1779652800000,10:14,WIPT,1,1,,0,0,,0,Visual,51,160,10,2293,GPS-003,,5d84f82c-e345-4b13-92ab-b749117bd986,5/24/2026 11:38:00 PM,KARABEER@boisestate.edu_boisestate,5/24/2026 11:38:00 PM,KARABEER@boisestate.edu_boisestate
1709,42c6658c-609a-4215-8bec-aad2fafd3a1d,C2,2,1779652800000,10:15,PTAR,0,,,0,,,1,Visual,53,165,321,2293,GPS-003,,5d84f82c-e345-4b13-92ab-b749117bd986,5/24/2026 11:38:00 PM,KARABEER@boisestate.edu_boisestate,5/24/2026 11:38:00 PM,KARABEER@boisestate.edu_boisestate
1710,53b9ddca-a5a0-444e-80bd-6754ef4544e8,C2,2,1779652800000,10:19,WIPT,1,1,,0,0,,0,Visual,50,10,284,2294,GPS-003,,5d84f82c-e345-4b13-92ab-b749117bd986,5/24/2026 11:38:00 PM,KARABEER@boisestate.edu_boisestate,5/24/2026 11:38:00 PM,KARABEER@boisestate.edu_boisestate
1711,7e96bfc6-e389-4bef-b836-04e0d3118986,C2,2,1779652800000,10:22,WIPT,1,1,,0,0,,0,Visual,50,-99,0,2295,GPS-003,,5d84f82c-e345-4b13-92ab-b749117bd986,5/24/2026 11:38:00 PM,KARABEER@boisestate.edu_boisestate,5/24/2026 11:38:00 PM,KARABEER@boisestate.edu_boisestate
1712,d58624a3-0194-4d1f-ad14-8cb10446b12b,C2,2,1779652800000,10:23,WIPT,1,1,,0,0,,0,Visual,50,-99,0,2296,GPS-003,,5d84f82c-e345-4b13-92ab-b749117bd986,5/24/2026 11:38:00 PM,KARABEER@boisestate.edu_boisestate,5/24/2026 11:38:00 PM,KARABEER@boisestate.edu_boisestate
1713,27817fe1-b9de-4caa-8722-3e1503a8b64e,C2,2,1779652800000,10:24,WISN,0,,,0,,,1,Audio,50,-99,0,2296,GPS-003,,5d84f82c-e345-4b13-92ab-b749117bd986,5/24/2026 11:38:00 PM,KARABEER@boisestate.edu_boisestate,5/24/2026 11:38:00 PM,KARABEER@boisestate.edu_boisestate
1714,1cc2e100-0c79-4c2a-af71-29038720682e,C2,2,1779652800000,10:25,WIPT,0,0,,0,0,,1,Visual,49,140,50,2297,GPS-003,,5d84f82c-e345-4b13-92ab-b749117bd986,5/24/2026 11:38:00 PM,KARABEER@boisestate.edu_boisestate,5/24/2026 11:38:00 PM,KARABEER@boisestate.edu_boisestate
1715,7610a6e2-e7bb-41bc-a2b8-7504d49ff057,C2,2,1779652800000,10:31,AGSQ,0,,,0,,,1,Visual,48,300,240,2298,GPS-003,,5d84f82c-e345-4b13-92ab-b749117bd986,5/24/2026 11:38:00 PM,KARABEER@boisestate.edu_boisestate,5/24/2026 11:38:00 PM,KARABEER@boisestate.edu_boisestate
1716,3018e0d4-74d2-4d43-ad8f-e03db9409af9,C2,2,1779652800000,10:38,WIPT,1,1,,0,0,,0,Visual,47,160,94,2299,GPS-003,,5d84f82c-e345-4b13-92ab-b749117bd986,5/24/2026 11:38:00 PM,KARABEER@boisestate.edu_boisestate,5/24/2026 11:38:00 PM,KARABEER@boisestate.edu_boisestate
1717,690e4059-7f1e-406f-b00e-a53576708280,C2,2,1779652800000,10:45,WIPT,1,1,,0,0,,0,Visual,54,150,100,2300,GPS-003,,5d84f82c-e345-4b13-92ab-b749117bd986,5/24/2026 11:38:00 PM,KARABEER@boisestate.edu_boisestate,5/24/2026 11:38:00 PM,KARABEER@boisestate.edu_boisestate
1718,aa3cdeb8-a7de-4640-976a-4a4118c893a3,C2,2,1779652800000,10:46,PTAR,0,,,0,,,1,Visual,45,100,62,2301,GPS-003,,5d84f82c-e345-4b13-92ab-b749117bd986,5/24/2026 11:38:00 PM,KARABEER@boisestate.edu_boisestate,5/24/2026 11:38:00 PM,KARABEER@boisestate.edu_boisestate
1719,cd477e16-9b8c-411c-8700-4c88eddb51c0,C2,2,1779652800000,10:49,WIPT,1,1,,0,0,,0,Visual,44,280,337,2302,GPS-003,,5d84f82c-e345-4b13-92ab-b749117bd986,5/24/2026 11:38:00 PM,KARABEER@boisestate.edu_boisestate,5/24/2026 11:38:00 PM,KARABEER@boisestate.edu_boisestate
1720,a69608e2-bf91-44ee-9a81-a0c8fc72637b,C1,2,1779652800000,10:52,WIPT,1,1,,0,0,,0,Visual,44,-99,0,2303,GPS-003,,2c37a4ac-7c87-458e-af23-61c0d1ae3dcd,5/24/2026 11:38:01 PM,KARABEER@boisestate.edu_boisestate,5/24/2026 11:38:01 PM,KARABEER@boisestate.edu_boisestate
1721,a2b880ac-1bab-4f3e-977a-0ec11aad6141,C1,2,1779652800000,10:55,WIPT,1,1,,0,0,,0,Visual,44,-99,0,2304,GPS-003,,2c37a4ac-7c87-458e-af23-61c0d1ae3dcd,5/24/2026 11:38:01 PM,KARABEER@boisestate.edu_boisestate,5/24/2026 11:38:01 PM,KARABEER@boisestate.edu_boisestate
1722,743bccca-cc1c-4b81-beda-d54105f0f5cf,C1,2,1779652800000,10:57,WIPT,1,1,,0,0,,0,Visual,43,-99,0,2305,GPS-003,,2c37a4ac-7c87-458e-af23-61c0d1ae3dcd,5/24/2026 11:38:01 PM,KARABEER@boisestate.edu_boisestate,5/24/2026 11:38:01 PM,KARABEER@boisestate.edu_boisestate
1723,78bf9934-fe7c-4e44-8699-0897cfb50f83,C1,2,1779652800000,11:03,ROPT,1,,1,0,,0,0,Visual,42,-99,0,2306,GPS-003,,2c37a4ac-7c87-458e-af23-61c0d1ae3dcd,5/24/2026 11:38:01 PM,KARABEER@boisestate.edu_boisestate,5/24/2026 11:38:01 PM,KARABEER@boisestate.edu_boisestate
1724,428c4376-4f3b-4b5e-ace9-92affafe2ae7,C1,2,1779652800000,11:08,WIPT,1,1,,0,0,,0,Visual,41,90,35,2307,GPS-003,,2c37a4ac-7c87-458e-af23-61c0d1ae3dcd,5/24/2026 11:38:01 PM,KARABEER@boisestate.edu_boisestate,5/24/2026 11:38:01 PM,KARABEER@boisestate.edu_boisestate
1725,a4eb68c5-dfdc-4a86-b1f4-49cab4e4a926,C1,2,1779652800000,11:09,WIPT,1,1,,0,0,,0,Visual,41,305,194,2308,GPS-003,,2c37a4ac-7c87-458e-af23-61c0d1ae3dcd,5/24/2026 11:38:01 PM,KARABEER@boisestate.edu_boisestate,5/24/2026 11:38:01 PM,KARABEER@boisestate.edu_boisestate
1726,60b9793b-df9e-4539-9b2d-44eb531e5046,C1,2,1779652800000,11:10,WIPT,1,1,,0,0,,0,Visual,41,-99,0,2309,GPS-003,,2c37a4ac-7c87-458e-af23-61c0d1ae3dcd,5/24/2026 11:38:01 PM,KARABEER@boisestate.edu_boisestate,5/24/2026 11:38:01 PM,KARABEER@boisestate.edu_boisestate
1727,0624b8d5-cabd-46ea-b5ed-b46ed5d1d262,C1,2,1779652800000,11:11,LTJA,0,,,0,,,1,Visual,41,290,60,2310,GPS-003,,2c37a4ac-7c87-458e-af23-61c0d1ae3dcd,5/24/2026 11:38:01 PM,KARABEER@boisestate.edu_boisestate,5/24/2026 11:38:01 PM,KARABEER@boisestate.edu_boisestate
1728,2d030bd4-dd90-4c8e-a9e3-6e30acfd89c6,C1,2,1779652800000,11:14,WIPT,1,1,,0,0,,0,Visual,40,150,720,2311,GPS-003,,2c37a4ac-7c87-458e-af23-61c0d1ae3dcd,5/24/2026 11:38:01 PM,KARABEER@boisestate.edu_boisestate,5/24/2026 11:38:01 PM,KARABEER@boisestate.edu_boisestate
1729,208ef308-8e43-4e02-ba95-3c9267062721,C1,2,1779652800000,11:15,WIPT,1,1,,0,0,,0,Visual,40,150,330,2311,GPS-003,,2c37a4ac-7c87-458e-af23-61c0d1ae3dcd,5/24/2026 11:38:01 PM,KARABEER@boisestate.edu_boisestate,5/24/2026 11:38:01 PM,KARABEER@boisestate.edu_boisestate
1730,86299a95-f808-4b43-8221-ecd5b7558a57,C1,2,1779652800000,11:15,WIPT,1,1,,0,0,,0,Visual,40,150,230,2311,GPS-003,,2c37a4ac-7c87-458e-af23-61c0d1ae3dcd,5/24/2026 11:38:01 PM,KARABEER@boisestate.edu_boisestate,5/24/2026 11:38:01 PM,KARABEER@boisestate.edu_boisestate
1731,52a9b6fa-3143-47b8-9924-aa7cc743a351,C1,2,1779652800000,11:16,LTJA,0,,,0,,,5,Visual,40,80,200,2312,GPS-003,,2c37a4ac-7c87-458e-af23-61c0d1ae3dcd,5/24/2026 11:38:01 PM,KARABEER@boisestate.edu_boisestate,5/24/2026 11:38:01 PM,KARABEER@boisestate.edu_boisestate
1732,471944ab-9421-48a2-895c-3e0001cd8599,C1,2,1779652800000,11:17,WIPT,1,1,,0,0,,0,Visual,40,280,54,2313,GPS-003,,2c37a4ac-7c87-458e-af23-61c0d1ae3dcd,5/24/2026 11:38:01 PM,KARABEER@boisestate.edu_boisestate,5/24/2026 11:38:01 PM,KARABEER@boisestate.edu_boisestate
1733,4d361c46-fb1d-43ae-9bb8-e6765ab328c9,C1,2,1779652800000,11:17,WIPT,1,1,,0,0,,0,Visual,40,280,161,2314,GPS-003,,2c37a4ac-7c87-458e-af23-61c0d1ae3dcd,5/24/2026 11:38:01 PM,KARABEER@boisestate.edu_boisestate,5/24/2026 11:38:01 PM,KARABEER@boisestate.edu_boisestate
1734,8c7f999b-effa-414b-ac5f-fff2766e410e,C1,2,1779652800000,11:21,WISN,0,,,0,,,1,Audio,39,330,60,2315,GPS-003,,2c37a4ac-7c87-458e-af23-61c0d1ae3dcd,5/24/2026 11:38:01 PM,KARABEER@boisestate.edu_boisestate,5/24/2026 11:38:01 PM,KARABEER@boisestate.edu_boisestate
1735,16fcd33f-58cf-48b3-ae65-a03e99f8fc7c,C1,2,1779652800000,11:21,WIPT,1,1,,0,0,,0,Visual,39,-99,0,2316,GPS-003,,2c37a4ac-7c87-458e-af23-61c0d1ae3dcd,5/24/2026 11:38:01 PM,KARABEER@boisestate.edu_boisestate,5/24/2026 11:38:01 PM,KARABEER@boisestate.edu_boisestate
1736,c5db3ab3-6700-4c05-b610-409ecdf58601,C1,2,1779652800000,11:23,WIPT,1,1,,0,0,,0,Visual,39,260,392,2317,GPS-003,,2c37a4ac-7c87-458e-af23-61c0d1ae3dcd,5/24/2026 11:38:01 PM,KARABEER@boisestate.edu_boisestate,5/24/2026 11:38:01 PM,KARABEER@boisestate.edu_boisestate
1737,b04ba693-4bd2-4fe9-a14a-5a2568cc335a,C1,2,1779652800000,11:40,WIPT,1,1,,0,0,,0,Visual,35,280,167,2318,GPS-003,,2c37a4ac-7c87-458e-af23-61c0d1ae3dcd,5/24/2026 11:38:01 PM,KARABEER@boisestate.edu_boisestate,5/24/2026 11:38:01 PM,KARABEER@boisestate.edu_boisestate
1738,fb6177d5-85ea-4e4a-acb5-2a1d63d9548b,C1,2,1779652800000,11:41,WIPT,1,1,,0,0,,0,Visual,35,275,60,2319,GPS-003,,2c37a4ac-7c87-458e-af23-61c0d1ae3dcd,5/24/2026 11:38:01 PM,KARABEER@boisestate.edu_boisestate,5/24/2026 11:38:01 PM,KARABEER@boisestate.edu_boisestate
1739,55e6972d-be2d-4d91-a6c1-342830d64a62,C1,2,1779652800000,11:42,WIPT,1,1,,0,0,,0,Visual,35,-99,0,2320,GPS-002,,2c37a4ac-7c87-458e-af23-61c0d1ae3dcd,5/24/2026 11:38:01 PM,KARABEER@boisestate.edu_boisestate,5/24/2026 11:38:01 PM,KARABEER@boisestate.edu_boisestate
1740,b7167abe-14f4-48e9-978d-f38dcc89fb1d,C1,2,1779652800000,11:42,WIPT,1,1,,0,0,,0,Visual,35,310,258,2321,GPS-003,,2c37a4ac-7c87-458e-af23-61c0d1ae3dcd,5/24/2026 11:38:01 PM,KARABEER@boisestate.edu_boisestate,5/24/2026 11:38:01 PM,KARABEER@boisestate.edu_boisestate
1741,2cb22c0f-bc37-43c7-ab48-fe2bc0948967,C1,2,1779652800000,11:44,WIPT,1,1,,0,0,,0,Visual,35,310,333,2322,GPS-003,,2c37a4ac-7c87-458e-af23-61c0d1ae3dcd,5/24/2026 11:38:01 PM,KARABEER@boisestate.edu_boisestate,5/24/2026 11:38:01 PM,KARABEER@boisestate.edu_boisestate
1742,a6db353e-ad9c-4c81-9106-2bdbbdb491a2,C1,2,1779652800000,11:44,WIPT,1,1,,1,1,,0,Visual,35,250,86,2322,GPS-003,,2c37a4ac-7c87-458e-af23-61c0d1ae3dcd,5/24/2026 11:38:01 PM,KARABEER@boisestate.edu_boisestate,5/24/2026 11:38:01 PM,KARABEER@boisestate.edu_boisestate
1743,744b226d-4b08-4300-93e2-9129d90f4ef1,C1,2,1779652800000,11:45,WIPT,1,1,,0,0,,0,Visual,35,260,50,2323,GPS-003,,2c37a4ac-7c87-458e-af23-61c0d1ae3dcd,5/24/2026 11:38:01 PM,KARABEER@boisestate.edu_boisestate,5/24/2026 11:38:01 PM,KARABEER@boisestate.edu_boisestate
1744,79fd2720-a39b-4ea8-9f3d-f766da343b63,C1,2,1779652800000,11:46,WIPT,1,1,,0,0,,0,Visual,35,260,157,2323,GPS-003,,2c37a4ac-7c87-458e-af23-61c0d1ae3dcd,5/24/2026 11:38:01 PM,KARABEER@boisestate.edu_boisestate,5/24/2026 11:38:01 PM,KARABEER@boisestate.edu_boisestate
1745,64e2fb7b-d26e-4999-bfc8-c3a664593aec,C1,2,1779652800000,11:46,WIPT,2,2,,0,0,,0,Visual,35,250,245,2323,GPS-003,,2c37a4ac-7c87-458e-af23-61c0d1ae3dcd,5/24/2026 11:38:01 PM,KARABEER@boisestate.edu_boisestate,5/24/2026 11:38:01 PM,KARABEER@boisestate.edu_boisestate
1746,ad47b21b-bc04-4ac0-9854-71e502b916af,C1,2,1779652800000,11:48,WIPT,1,1,,0,0,,0,Visual,34,250,30,2324,GPS-003,,2c37a4ac-7c87-458e-af23-61c0d1ae3dcd,5/24/2026 11:38:01 PM,KARABEER@boisestate.edu_boisestate,5/24/2026 11:38:01 PM,KARABEER@boisestate.edu_boisestate
1747,558fa9e3-c2bb-47ae-b853-60d1104caab6,C1,2,1779652800000,11:48,WIPT,1,1,,0,0,,0,Visual,34,225,270,2324,GPS-003,,2c37a4ac-7c87-458e-af23-61c0d1ae3dcd,5/24/2026 11:38:01 PM,KARABEER@boisestate.edu_boisestate,5/24/2026 11:38:01 PM,KARABEER@boisestate.edu_boisestate
1748,a905dafa-a560-48ad-9e39-c57d3bc48e41,K6,1,1779739200000,08:39,WIPT,1,1,,0,0,,0,Visual,63,220,10,2325,GPS-003,,7979ee07-53d1-499b-acd4-ac391b6bba72,5/27/2026 3:46:22 AM,KARABEER@boisestate.edu_boisestate,5/27/2026 3:46:22 AM,KARABEER@boisestate.edu_boisestate
1749,e4045cad-035b-4fb7-ab8f-480cb914d2ba,K6,1,1779739200000,08:41,WIPT,1,1,,1,1,,0,Visual,64,220,22,2326,GPS-003,,7979ee07-53d1-499b-acd4-ac391b6bba72,5/27/2026 3:46:22 AM,KARABEER@boisestate.edu_boisestate,5/27/2026 3:46:22 AM,KARABEER@boisestate.edu_boisestate
1750,346fa699-c6eb-48e0-94b2-a1101b3299a3,K6,1,1779739200000,08:48,WIPT,1,1,,0,0,,0,Visual,65,-99,0,2327,GPS-003,,7979ee07-53d1-499b-acd4-ac391b6bba72,5/27/2026 3:46:22 AM,KARABEER@boisestate.edu_boisestate,5/27/2026 3:46:22 AM,KARABEER@boisestate.edu_boisestate
1751,259c3d9b-10b0-4962-8f02-c87751e85b26,K6,1,1779739200000,08:51,WIPT,1,1,,1,1,,0,Visual,66,-99,0,2328,GPS-003,,7979ee07-53d1-499b-acd4-ac391b6bba72,5/27/2026 3:46:22 AM,KARABEER@boisestate.edu_boisestate,5/27/2026 3:46:22 AM,KARABEER@boisestate.edu_boisestate
1752,403a7cea-20a3-46de-b3a9-33fd84de03ba,K6,1,1779739200000,08:54,SSHA,0,,,0,,,1,Visual,67,-99,0,2329,GPS-003,,7979ee07-53d1-499b-acd4-ac391b6bba72,5/27/2026 3:46:22 AM,KARABEER@boisestate.edu_boisestate,5/27/2026 3:46:22 AM,KARABEER@boisestate.edu_boisestate
1753,f4628321-9940-4e0f-8a7e-ea4f94f9e362,K6,1,1779739200000,08:57,SSHA,0,,,0,,,1,Visual,68,-99,0,2330,GPS-003,,7979ee07-53d1-499b-acd4-ac391b6bba72,5/27/2026 3:46:22 AM,KARABEER@boisestate.edu_boisestate,5/27/2026 3:46:22 AM,KARABEER@boisestate.edu_boisestate
1754,89f8bf21-8d9d-4e24-acae-d39b1b8f222d,K6,1,1779739200000,08:58,NOHA,1,,,0,,,0,Visual,68,-99,0,2331,GPS-003,,7979ee07-53d1-499b-acd4-ac391b6bba72,5/27/2026 3:46:22 AM,KARABEER@boisestate.edu_boisestate,5/27/2026 3:46:22 AM,KARABEER@boisestate.edu_boisestate
1755,3987d72d-2d1c-4168-bae4-8b8720e6918a,K6,1,1779739200000,09:04,WIPT,1,1,,0,0,,0,Visual,69,-99,0,2332,GPS-003,,7979ee07-53d1-499b-acd4-ac391b6bba72,5/27/2026 3:46:22 AM,KARABEER@boisestate.edu_boisestate,5/27/2026 3:46:22 AM,KARABEER@boisestate.edu_boisestate
1756,ae987dd4-40bd-4a14-922f-ff2c7460d1d7,K6,1,1779739200000,09:07,WIPT,1,1,,1,1,,0,Visual,69,-99,0,2333,GPS-003,,7979ee07-53d1-499b-acd4-ac391b6bba72,5/27/2026 3:46:22 AM,KARABEER@boisestate.edu_boisestate,5/27/2026 3:46:22 AM,KARABEER@boisestate.edu_boisestate
1757,50abe35c-e1b6-4170-b808-8636d35bb764,K6,1,1779739200000,09:10,WIPT,2,2,,1,1,,0,Visual,69,-99,0,2334,GPS-003,,7979ee07-53d1-499b-acd4-ac391b6bba72,5/27/2026 3:46:22 AM,KARABEER@boisestate.edu_boisestate,5/27/2026 3:46:22 AM,KARABEER@boisestate.edu_boisestate
1758,d4ea0516-8cec-4bca-92a7-6ab9a176f1fd,K6,1,1779739200000,09:13,WIPT,1,1,,0,0,,0,Visual,70,140,24,2335,GPS-003,,7979ee07-53d1-499b-acd4-ac391b6bba72,5/27/2026 3:46:22 AM,KARABEER@boisestate.edu_boisestate,5/27/2026 3:46:22 AM,KARABEER@boisestate.edu_boisestate
1759,d6749e88-e658-48f8-9c56-55d95a409db9,K6,1,1779739200000,09:18,WIPT,1,1,,0,0,,0,Visual,71,330,350,2336,GPS-003,,7979ee07-53d1-499b-acd4-ac391b6bba72,5/27/2026 3:46:22 AM,KARABEER@boisestate.edu_boisestate,5/27/2026 3:46:22 AM,KARABEER@boisestate.edu_boisestate
1760,be25cd00-283e-4dd7-b925-fbd10c6619e2,K6,1,1779739200000,09:23,WIPT,1,1,,0,0,,0,Visual,72,0,103,2337,GPS-003,,7979ee07-53d1-499b-acd4-ac391b6bba72,5/27/2026 3:46:22 AM,KARABEER@boisestate.edu_boisestate,5/27/2026 3:46:22 AM,KARABEER@boisestate.edu_boisestate
1761,3b0ead59-46e6-488e-8457-bb6cac27ee29,K6,1,1779739200000,09:24,WIPT,1,1,,0,0,,0,Visual,72,150,14,2338,GPS-003,,7979ee07-53d1-499b-acd4-ac391b6bba72,5/27/2026 3:46:22 AM,KARABEER@boisestate.edu_boisestate,5/27/2026 3:46:22 AM,KARABEER@boisestate.edu_boisestate
1762,35a3f841-796a-4785-a280-a3d8cf3eaef1,K6,1,1779739200000,09:26,WIPT,1,1,,0,0,,0,Visual,72,-99,0,2339,GPS-003,,7979ee07-53d1-499b-acd4-ac391b6bba72,5/27/2026 3:46:22 AM,KARABEER@boisestate.edu_boisestate,5/27/2026 3:46:22 AM,KARABEER@boisestate.edu_boisestate
1763,10f5bfbf-32f6-44b7-b2dd-693bf7550ead,K7,1,1779739200000,09:27,WIPT,2,2,,0,0,,0,Visual,73,350,62,2340,GPS-003,,81a9a746-8f48-4215-b0d0-c48754e71c83,5/27/2026 3:46:23 AM,KARABEER@boisestate.edu_boisestate,5/27/2026 3:46:23 AM,KARABEER@boisestate.edu_boisestate
1764,2b56dbff-4b8b-472f-acc9-20c9e74d4835,K7,1,1779739200000,09:32,WIPT,1,1,,0,0,,0,Visual,73,310,45,2341,GPS-003,,81a9a746-8f48-4215-b0d0-c48754e71c83,5/27/2026 3:46:23 AM,KARABEER@boisestate.edu_boisestate,5/27/2026 3:46:23 AM,KARABEER@boisestate.edu_boisestate
1765,8a5a1b83-7600-40ca-98ab-4662ae55fe1b,K7,1,1779739200000,09:36,WIPT,1,1,,0,0,,0,Visual,74,330,26,2342,GPS-003,,81a9a746-8f48-4215-b0d0-c48754e71c83,5/27/2026 3:46:23 AM,KARABEER@boisestate.edu_boisestate,5/27/2026 3:46:23 AM,KARABEER@boisestate.edu_boisestate
1766,4950e53f-67b5-4adb-93d7-b6aaee06e8bf,K7,1,1779739200000,09:37,WIPT,1,1,,0,0,,0,Visual,74,290,38,2343,GPS-003,,81a9a746-8f48-4215-b0d0-c48754e71c83,5/27/2026 3:46:23 AM,KARABEER@boisestate.edu_boisestate,5/27/2026 3:46:23 AM,KARABEER@boisestate.edu_boisestate
1767,31c8979a-6e94-488c-8e2a-96c7570fae7c,K7,1,1779739200000,09:38,WIPT,1,1,,0,0,,0,Visual,74,120,63,2344,GPS-003,,81a9a746-8f48-4215-b0d0-c48754e71c83,5/27/2026 3:46:23 AM,KARABEER@boisestate.edu_boisestate,5/27/2026 3:46:23 AM,KARABEER@boisestate.edu_boisestate
1768,e6c12968-9970-43c5-9f75-9773929765bd,K7,1,1779739200000,09:40,WIPT,1,1,,0,0,,0,Visual,74,120,92,2345,GPS-003,,81a9a746-8f48-4215-b0d0-c48754e71c83,5/27/2026 3:46:23 AM,KARABEER@boisestate.edu_boisestate,5/27/2026 3:46:23 AM,KARABEER@boisestate.edu_boisestate
1769,62efe174-f2ae-4346-9a82-b495abfb0006,K7,1,1779739200000,09:41,WIPT,2,2,,0,0,,0,Visual,74,0,340,2346,GPS-003,,81a9a746-8f48-4215-b0d0-c48754e71c83,5/27/2026 3:46:23 AM,KARABEER@boisestate.edu_boisestate,5/27/2026 3:46:23 AM,KARABEER@boisestate.edu_boisestate
1770,d42c1924-6d94-4085-987b-7cd1a81e4a32,K7,1,1779739200000,09:43,WIPT,1,1,,0,0,,0,Visual,75,340,11,2347,GPS-003,,81a9a746-8f48-4215-b0d0-c48754e71c83,5/27/2026 3:46:23 AM,KARABEER@boisestate.edu_boisestate,5/27/2026 3:46:23 AM,KARABEER@boisestate.edu_boisestate
1771,df50fb54-9391-435e-96d0-7c4a92ffa13d,K7,1,1779739200000,09:43,WIPT,1,1,,0,0,,0,Visual,75,340,48,2348,GPS-003,,81a9a746-8f48-4215-b0d0-c48754e71c83,5/27/2026 3:46:23 AM,KARABEER@boisestate.edu_boisestate,5/27/2026 3:46:23 AM,KARABEER@boisestate.edu_boisestate
1772,a538832f-24db-4bf1-b78f-66893625985f,K7,1,1779739200000,09:43,WIPT,1,1,,0,0,,0,Visual,75,0,178,2348,GPS-003,,81a9a746-8f48-4215-b0d0-c48754e71c83,5/27/2026 3:46:23 AM,KARABEER@boisestate.edu_boisestate,5/27/2026 3:46:23 AM,KARABEER@boisestate.edu_boisestate
1773,92e17f07-930a-438e-b661-e34ea57ecfe1,K7,1,1779739200000,09:44,WIPT,1,1,,0,0,,0,Visual,75,330,19,2349,GPS-003,,81a9a746-8f48-4215-b0d0-c48754e71c83,5/27/2026 3:46:23 AM,KARABEER@boisestate.edu_boisestate,5/27/2026 3:46:23 AM,KARABEER@boisestate.edu_boisestate
1774,1ff2d29d-55e4-4cf3-913c-f9674ee8c944,K7,1,1779739200000,09:45,WIPT,1,1,,0,0,,0,Visual,75,-99,0,2350,GPS-003,,81a9a746-8f48-4215-b0d0-c48754e71c83,5/27/2026 3:46:23 AM,KARABEER@boisestate.edu_boisestate,5/27/2026 3:46:23 AM,KARABEER@boisestate.edu_boisestate
1775,d2551057-a436-40ef-9f64-df402306dcb9,K7,1,1779739200000,09:47,WIPT,1,1,,0,0,,0,Visual,75,-99,0,2351,GPS-003,,81a9a746-8f48-4215-b0d0-c48754e71c83,5/27/2026 3:46:23 AM,KARABEER@boisestate.edu_boisestate,5/27/2026 3:46:23 AM,KARABEER@boisestate.edu_boisestate
1776,fd4c9202-3288-465e-a764-e16e40781eef,K7,1,1779739200000,09:48,WIPT,1,1,,0,0,,0,Visual,76,190,13,2352,GPS-003,,81a9a746-8f48-4215-b0d0-c48754e71c83,5/27/2026 3:46:23 AM,KARABEER@boisestate.edu_boisestate,5/27/2026 3:46:23 AM,KARABEER@boisestate.edu_boisestate
1777,bc385cdd-f377-4913-bfd3-9a3a3cc45312,K7,1,1779739200000,09:49,WIPT,1,1,,1,1,,0,Visual,76,-99,0,2353,GPS-003,,81a9a746-8f48-4215-b0d0-c48754e71c83,5/27/2026 3:46:23 AM,KARABEER@boisestate.edu_boisestate,5/27/2026 3:46:23 AM,KARABEER@boisestate.edu_boisestate
1778,bdd49e8d-1da3-4f64-a1c2-595811ffb563,K7,1,1779739200000,09:51,WIPT,1,1,,0,0,,0,Visual,76,352,27,2354,GPS-003,,81a9a746-8f48-4215-b0d0-c48754e71c83,5/27/2026 3:46:23 AM,KARABEER@boisestate.edu_boisestate,5/27/2026 3:46:23 AM,KARABEER@boisestate.edu_boisestate
1779,07e79a6b-505b-4a88-8f78-6b22afd911b7,K7,1,1779739200000,09:52,WIPT,1,1,,0,0,,0,Visual,76,350,10,2355,GPS-003,,81a9a746-8f48-4215-b0d0-c48754e71c83,5/27/2026 3:46:23 AM,KARABEER@boisestate.edu_boisestate,5/27/2026 3:46:23 AM,KARABEER@boisestate.edu_boisestate
1780,23904af1-c9bd-40d2-a621-fb0251588d4a,K7,1,1779739200000,09:56,WIPT,2,2,,0,0,,0,Visual,77,-99,0,2356,GPS-003,,81a9a746-8f48-4215-b0d0-c48754e71c83,5/27/2026 3:46:23 AM,KARABEER@boisestate.edu_boisestate,5/27/2026 3:46:23 AM,KARABEER@boisestate.edu_boisestate
1781,3dc16ce0-3876-447c-9db4-77b7b0903586,K7,1,1779739200000,09:58,WIPT,1,1,,0,0,,0,Visual,77,130,28,2357,GPS-003,,81a9a746-8f48-4215-b0d0-c48754e71c83,5/27/2026 3:46:23 AM,KARABEER@boisestate.edu_boisestate,5/27/2026 3:46:23 AM,KARABEER@boisestate.edu_boisestate
1782,ffc1ce7d-d4d7-4daa-9939-7c6109c76089,K7,1,1779739200000,09:59,WIPT,2,2,,0,0,,0,Visual,78,-99,0,2358,GPS-003,,81a9a746-8f48-4215-b0d0-c48754e71c83,5/27/2026 3:46:23 AM,KARABEER@boisestate.edu_boisestate,5/27/2026 3:46:23 AM,KARABEER@boisestate.edu_boisestate
1783,c44250b4-fda0-4032-a40c-2dbd08f51d4e,K7,1,1779739200000,10:00,WIPT,1,1,,0,0,,0,Visual,78,340,9,2359,GPS-003,,81a9a746-8f48-4215-b0d0-c48754e71c83,5/27/2026 3:46:23 AM,KARABEER@boisestate.edu_boisestate,5/27/2026 3:46:23 AM,KARABEER@boisestate.edu_boisestate
1784,75793465-402c-4877-9184-4933b1797e3e,K7,1,1779739200000,10:02,WIPT,1,1,,0,0,,0,Visual,78,340,378,2360,GPS-003,,81a9a746-8f48-4215-b0d0-c48754e71c83,5/27/2026 3:46:23 AM,KARABEER@boisestate.edu_boisestate,5/27/2026 3:46:23 AM,KARABEER@boisestate.edu_boisestate
1785,b3e755b5-f154-4064-8be2-d062d0dc8330,K7,1,1779739200000,10:05,WIPT,1,1,,0,0,,0,Visual,79,320,51,2361,GPS-003,,81a9a746-8f48-4215-b0d0-c48754e71c83,5/27/2026 3:46:23 AM,KARABEER@boisestate.edu_boisestate,5/27/2026 3:46:23 AM,KARABEER@boisestate.edu_boisestate
1786,8fbd2ac9-a6f8-47ce-9547-ad96f86f08f3,K7,1,1779739200000,10:09,WIPT,2,2,,0,0,,0,Visual,80,-99,0,2362,GPS-003,,81a9a746-8f48-4215-b0d0-c48754e71c83,5/27/2026 3:46:23 AM,KARABEER@boisestate.edu_boisestate,5/27/2026 3:46:23 AM,KARABEER@boisestate.edu_boisestate
1787,7068b139-525c-4a85-ba50-e72df6c6f97c,K7,1,1779739200000,10:10,WIPT,1,1,,1,1,,0,Visual,80,-99,0,2363,GPS-003,,81a9a746-8f48-4215-b0d0-c48754e71c83,5/27/2026 3:46:23 AM,KARABEER@boisestate.edu_boisestate,5/27/2026 3:46:23 AM,KARABEER@boisestate.edu_boisestate
1788,65a027c2-f8b3-4ac3-af08-3edc3645ac77,K7,1,1779739200000,10:12,WIPT,1,1,,0,0,,0,Visual,80,310,12,2364,GPS-003,,81a9a746-8f48-4215-b0d0-c48754e71c83,5/27/2026 3:46:23 AM,KARABEER@boisestate.edu_boisestate,5/27/2026 3:46:23 AM,KARABEER@boisestate.edu_boisestate
1789,185f44c6-b1e0-422d-b208-571979ba89e8,K7,1,1779739200000,10:15,WIPT,1,1,,0,0,,0,Visual,71,110,6,2365,GPS-003,,81a9a746-8f48-4215-b0d0-c48754e71c83,5/27/2026 3:46:23 AM,KARABEER@boisestate.edu_boisestate,5/27/2026 3:46:23 AM,KARABEER@boisestate.edu_boisestate
1790,52107eaa-e399-4ce9-8d4c-1345bdbcd6c1,K7,1,1779739200000,10:18,WIPT,1,1,,0,0,,0,Visual,81,320,17,2366,GPS-003,,81a9a746-8f48-4215-b0d0-c48754e71c83,5/27/2026 3:46:23 AM,KARABEER@boisestate.edu_boisestate,5/27/2026 3:46:23 AM,KARABEER@boisestate.edu_boisestate
1791,a290620b-4655-42c5-9538-f6a66cfd8b37,K7,1,1779739200000,10:20,WIPT,1,1,,0,0,,0,Visual,81,190,40,2367,GPS-003,,81a9a746-8f48-4215-b0d0-c48754e71c83,5/27/2026 3:46:23 AM,KARABEER@boisestate.edu_boisestate,5/27/2026 3:46:23 AM,KARABEER@boisestate.edu_boisestate
1792,c2e74a9d-0f65-4517-a1e2-ba98152a8f20,K7,1,1779739200000,10:21,WIPT,1,1,,0,0,,0,Visual,82,330,341,2368,GPS-003,,81a9a746-8f48-4215-b0d0-c48754e71c83,5/27/2026 3:46:23 AM,KARABEER@boisestate.edu_boisestate,5/27/2026 3:46:23 AM,KARABEER@boisestate.edu_boisestate
1793,adceb4f5-6e53-4ee4-acc6-d305636eed7a,K7,1,1779739200000,10:22,WIPT,1,1,,1,1,,0,Visual,82,-99,0,2369,GPS-001,,81a9a746-8f48-4215-b0d0-c48754e71c83,5/27/2026 3:46:23 AM,KARABEER@boisestate.edu_boisestate,5/27/2026 3:46:23 AM,KARABEER@boisestate.edu_boisestate
1794,3fd50d1d-a042-4a34-8ae4-c833694c3850,K7,1,1779739200000,10:24,WIPT,1,1,,0,0,,0,Visual,82,-99,0,2370,GPS-003,,81a9a746-8f48-4215-b0d0-c48754e71c83,5/27/2026 3:46:23 AM,KARABEER@boisestate.edu_boisestate,5/27/2026 3:46:23 AM,KARABEER@boisestate.edu_boisestate
1795,7526fa72-273a-4f39-9ac3-e2a9f1789d2e,K7,1,1779739200000,10:25,WIPT,1,1,,0,0,,0,Visual,82,110,36,2371,GPS-003,,81a9a746-8f48-4215-b0d0-c48754e71c83,5/27/2026 3:46:23 AM,KARABEER@boisestate.edu_boisestate,5/27/2026 3:46:23 AM,KARABEER@boisestate.edu_boisestate
1796,494d220e-48e8-45c2-b909-03aefa550c14,K7,1,1779739200000,10:27,WIPT,1,1,,0,0,,0,Visual,83,0,210,2372,GPS-003,,81a9a746-8f48-4215-b0d0-c48754e71c83,5/27/2026 3:46:23 AM,KARABEER@boisestate.edu_boisestate,5/27/2026 3:46:23 AM,KARABEER@boisestate.edu_boisestate
1797,e4e372f8-42b2-4821-a01d-469675aa8e3d,K7,1,1779739200000,10:28,WIPT,1,1,,1,1,,0,Visual,83,-99,0,2373,GPS-003,,81a9a746-8f48-4215-b0d0-c48754e71c83,5/27/2026 3:46:23 AM,KARABEER@boisestate.edu_boisestate,5/27/2026 3:46:23 AM,KARABEER@boisestate.edu_boisestate
1798,d722f7d7-754c-4502-a9e2-00c371525504,K7,2,1779739200000,10:33,WIPT,1,1,,0,0,,0,Visual,83,-99,0,2374,GPS-003,,184e6006-fec2-4965-9d24-8268fee56cad,5/27/2026 3:46:24 AM,KARABEER@boisestate.edu_boisestate,5/27/2026 3:46:24 AM,KARABEER@boisestate.edu_boisestate
1799,72f268bf-67fe-47d8-9efe-1535fec1860d,K7,2,1779739200000,10:36,WIPT,1,1,,1,1,,0,Visual,83,280,32,2375,GPS-003,,184e6006-fec2-4965-9d24-8268fee56cad,5/27/2026 3:46:24 AM,KARABEER@boisestate.edu_boisestate,5/27/2026 3:46:24 AM,KARABEER@boisestate.edu_boisestate
1800,e823e215-1fc0-4017-88a1-6f80611bea7d,K7,2,1779739200000,10:38,WIPT,1,1,,0,0,,0,Visual,83,270,203,2376,GPS-003,,184e6006-fec2-4965-9d24-8268fee56cad,5/27/2026 3:46:24 AM,KARABEER@boisestate.edu_boisestate,5/27/2026 3:46:24 AM,KARABEER@boisestate.edu_boisestate
1801,7bf8d31e-b435-49b2-b269-dcaa8729d833,K7,2,1779739200000,10:41,WIPT,1,1,,0,0,,0,Visual,82,-99,0,2377,GPS-003,,184e6006-fec2-4965-9d24-8268fee56cad,5/27/2026 3:46:24 AM,KARABEER@boisestate.edu_boisestate,5/27/2026 3:46:24 AM,KARABEER@boisestate.edu_boisestate
1802,6ed444f2-84eb-46b9-bee1-3771f5742449,K7,2,1779739200000,10:45,WIPT,1,1,,0,0,,0,Visual,82,90,65,2378,GPS-003,,184e6006-fec2-4965-9d24-8268fee56cad,5/27/2026 3:46:24 AM,KARABEER@boisestate.edu_boisestate,5/27/2026 3:46:24 AM,KARABEER@boisestate.edu_boisestate
1803,b4cfb290-51dc-4758-b9e8-af2a1de7b53b,K7,2,1779739200000,10:46,WIPT,1,1,,0,0,,0,Visual,82,-99,0,2379,GPS-003,,184e6006-fec2-4965-9d24-8268fee56cad,5/27/2026 3:46:24 AM,KARABEER@boisestate.edu_boisestate,5/27/2026 3:46:24 AM,KARABEER@boisestate.edu_boisestate
1804,4bf40a02-bd25-41d2-aee6-02e1932f0b68,K7,2,1779739200000,10:47,WIPT,1,1,,0,0,,0,Visual,82,270,121,2380,GPS-003,,184e6006-fec2-4965-9d24-8268fee56cad,5/27/2026 3:46:24 AM,KARABEER@boisestate.edu_boisestate,5/27/2026 3:46:24 AM,KARABEER@boisestate.edu_boisestate
1805,6e9486b7-cd9f-4a9f-8e5f-abcd1141a218,K7,2,1779739200000,10:48,GOPL,0,,,0,,,1,Audio,82,210,40,2380,GPS-003,,184e6006-fec2-4965-9d24-8268fee56cad,5/27/2026 3:46:24 AM,KARABEER@boisestate.edu_boisestate,5/27/2026 3:46:24 AM,KARABEER@boisestate.edu_boisestate
1806,43c85b7d-0ea9-44a9-8c67-b9f3fc18aa7a,K7,2,1779739200000,10:49,WIPT,1,1,,0,0,,0,Visual,82,250,16,2381,GPS-003,,184e6006-fec2-4965-9d24-8268fee56cad,5/27/2026 3:46:24 AM,KARABEER@boisestate.edu_boisestate,5/27/2026 3:46:24 AM,KARABEER@boisestate.edu_boisestate
1807,f0b881b6-ca9a-4665-b1ba-958731df2e8e,K7,2,1779739200000,10:51,WIPT,1,1,,0,0,,0,Visual,82,260,5,2382,GPS-003,,184e6006-fec2-4965-9d24-8268fee56cad,5/27/2026 3:46:24 AM,KARABEER@boisestate.edu_boisestate,5/27/2026 3:46:24 AM,KARABEER@boisestate.edu_boisestate
1808,79310172-a54b-49c8-8d12-2e1422d5e94f,K7,2,1779739200000,10:54,WIPT,1,1,,0,0,,0,Visual,80,-99,0,2383,GPS-003,,184e6006-fec2-4965-9d24-8268fee56cad,5/27/2026 3:46:24 AM,KARABEER@boisestate.edu_boisestate,5/27/2026 3:46:24 AM,KARABEER@boisestate.edu_boisestate
1809,f705c7ba-0280-416d-a0eb-0b4e6dfc5986,K7,2,1779739200000,10:55,WIPT,1,1,,0,0,,0,Visual,80,240,32,2384,GPS-003,,184e6006-fec2-4965-9d24-8268fee56cad,5/27/2026 3:46:24 AM,KARABEER@boisestate.edu_boisestate,5/27/2026 3:46:24 AM,KARABEER@boisestate.edu_boisestate
1810,f5b7ccab-c5c8-405f-8553-c9cf6d296862,K7,2,1779739200000,10:56,WIPT,1,1,,1,1,,0,Visual,80,-99,0,2385,GPS-003,,184e6006-fec2-4965-9d24-8268fee56cad,5/27/2026 3:46:24 AM,KARABEER@boisestate.edu_boisestate,5/27/2026 3:46:24 AM,KARABEER@boisestate.edu_boisestate
1811,d0431e83-c8d6-4383-8d2b-b3b434e0de3a,K7,2,1779739200000,10:58,WIPT,1,1,,0,0,,0,Visual,80,90,6,2386,GPS-003,,184e6006-fec2-4965-9d24-8268fee56cad,5/27/2026 3:46:24 AM,KARABEER@boisestate.edu_boisestate,5/27/2026 3:46:24 AM,KARABEER@boisestate.edu_boisestate
1812,9a031298-b0fc-41f1-83c6-466ba9f80b75,K7,2,1779739200000,10:59,WIPT,1,1,,0,0,,0,Visual,80,-99,0,2387,GPS-003,,184e6006-fec2-4965-9d24-8268fee56cad,5/27/2026 3:46:24 AM,KARABEER@boisestate.edu_boisestate,5/27/2026 3:46:24 AM,KARABEER@boisestate.edu_boisestate
1813,610cba80-8179-42dc-91e8-a2f926fdcd6b,K7,2,1779739200000,10:59,WISN,0,,,0,,,1,Audio,80,110,60,2387,GPS-003,,184e6006-fec2-4965-9d24-8268fee56cad,5/27/2026 3:46:24 AM,KARABEER@boisestate.edu_boisestate,5/27/2026 3:46:24 AM,KARABEER@boisestate.edu_boisestate
1814,d920b55a-5c77-406a-98c4-1e5ccdab6ed0,K7,2,1779739200000,11:00,LTJA,0,,,0,,,1,Visual,79,260,35,2388,GPS-003,,184e6006-fec2-4965-9d24-8268fee56cad,5/27/2026 3:46:24 AM,KARABEER@boisestate.edu_boisestate,5/27/2026 3:46:24 AM,KARABEER@boisestate.edu_boisestate
1815,0396b55c-b16a-4472-a4bb-1df6536f6a10,K7,2,1779739200000,11:04,WIPT,1,1,,0,0,,0,Visual,78,250,403,2389,GPS-003,,184e6006-fec2-4965-9d24-8268fee56cad,5/27/2026 3:46:24 AM,KARABEER@boisestate.edu_boisestate,5/27/2026 3:46:24 AM,KARABEER@boisestate.edu_boisestate
1816,93ace3d8-158e-46d0-b728-33800c382590,K7,2,1779739200000,11:05,WIPT,1,1,,0,0,,0,Visual,78,-99,0,2390,GPS-003,,184e6006-fec2-4965-9d24-8268fee56cad,5/27/2026 3:46:24 AM,KARABEER@boisestate.edu_boisestate,5/27/2026 3:46:24 AM,KARABEER@boisestate.edu_boisestate
1817,328602e7-c3a6-4234-84f4-cc91c1494216,K7,2,1779739200000,11:08,WIPT,1,1,,0,0,,0,Visual,78,270,19,2391,GPS-003,,184e6006-fec2-4965-9d24-8268fee56cad,5/27/2026 3:46:24 AM,KARABEER@boisestate.edu_boisestate,5/27/2026 3:46:24 AM,KARABEER@boisestate.edu_boisestate
1818,a625d7d7-d24b-41f2-96d9-270559a06f3e,K7,2,1779739200000,11:10,PTAR,0,,,0,,,1,Visual,77,250,515,2392,GPS-003,,184e6006-fec2-4965-9d24-8268fee56cad,5/27/2026 3:46:24 AM,KARABEER@boisestate.edu_boisestate,5/27/2026 3:46:24 AM,KARABEER@boisestate.edu_boisestate
1819,35450d73-2ef9-4c4d-b4e6-5c56e6cdc8d0,K7,2,1779739200000,11:10,WIPT,1,1,,0,0,,0,Visual,77,120,6,2393,GPS-003,,184e6006-fec2-4965-9d24-8268fee56cad,5/27/2026 3:46:24 AM,KARABEER@boisestate.edu_boisestate,5/27/2026 3:46:24 AM,KARABEER@boisestate.edu_boisestate
1820,910b0c4b-7dc5-48bd-898f-37c0c3ec0485,K7,2,1779739200000,11:11,WIPT,1,1,,0,0,,0,Visual,77,80,19,2394,GPS-003,,184e6006-fec2-4965-9d24-8268fee56cad,5/27/2026 3:46:24 AM,KARABEER@boisestate.edu_boisestate,5/27/2026 3:46:24 AM,KARABEER@boisestate.edu_boisestate
1821,50a653ed-80f4-45a8-91be-4baf4a72ebc4,K7,2,1779739200000,11:12,WIPT,1,1,,0,0,,0,Visual,77,60,22,2395,GPS-003,,184e6006-fec2-4965-9d24-8268fee56cad,5/27/2026 3:46:24 AM,KARABEER@boisestate.edu_boisestate,5/27/2026 3:46:24 AM,KARABEER@boisestate.edu_boisestate
1822,93d2c97a-0187-4364-a528-a19dacd9caeb,K7,2,1779739200000,11:12,WIPT,1,1,,0,0,,0,Visual,77,-99,0,2396,GPS-003,,184e6006-fec2-4965-9d24-8268fee56cad,5/27/2026 3:46:24 AM,KARABEER@boisestate.edu_boisestate,5/27/2026 3:46:24 AM,KARABEER@boisestate.edu_boisestate
1823,4daaf0c5-009b-443e-91cc-089c24247a39,K7,2,1779739200000,11:14,WIPT,1,1,,0,0,,0,Visual,77,100,47,2397,GPS-003,,184e6006-fec2-4965-9d24-8268fee56cad,5/27/2026 3:46:24 AM,KARABEER@boisestate.edu_boisestate,5/27/2026 3:46:24 AM,KARABEER@boisestate.edu_boisestate
1824,949458e0-250b-422b-8461-7c516303b81c,K7,2,1779739200000,11:15,WIPT,1,1,,0,0,,0,Visual,77,-99,0,2398,GPS-003,,184e6006-fec2-4965-9d24-8268fee56cad,5/27/2026 3:46:24 AM,KARABEER@boisestate.edu_boisestate,5/27/2026 3:46:24 AM,KARABEER@boisestate.edu_boisestate
1825,d46d9735-31c0-484d-9bcb-5037dc709ed9,K7,2,1779739200000,11:15,WIPT,1,1,,0,0,,0,Visual,77,270,60,2399,GPS-003,,184e6006-fec2-4965-9d24-8268fee56cad,5/27/2026 3:46:24 AM,KARABEER@boisestate.edu_boisestate,5/27/2026 3:46:24 AM,KARABEER@boisestate.edu_boisestate
1826,f233349c-f977-424f-8c6b-1e2f5589eaa3,K7,2,1779739200000,11:16,WIPT,1,1,,0,0,,0,Visual,77,110,130,2400,GPS-003,,184e6006-fec2-4965-9d24-8268fee56cad,5/27/2026 3:46:24 AM,KARABEER@boisestate.edu_boisestate,5/27/2026 3:46:24 AM,KARABEER@boisestate.edu_boisestate
1827,a37ad3a3-255c-47ef-84f7-efb90b936344,K7,2,1779739200000,11:17,WIPT,1,1,,0,0,,0,Visual,76,260,79,2401,GPS-003,,184e6006-fec2-4965-9d24-8268fee56cad,5/27/2026 3:46:24 AM,KARABEER@boisestate.edu_boisestate,5/27/2026 3:46:24 AM,KARABEER@boisestate.edu_boisestate
1828,5c5a965b-8af8-4a9b-834d-8f1e9336594a,K7,2,1779739200000,11:19,WIPT,1,1,,0,0,,0,Visual,75,-99,0,2402,GPS-003,,184e6006-fec2-4965-9d24-8268fee56cad,5/27/2026 3:46:24 AM,KARABEER@boisestate.edu_boisestate,5/27/2026 3:46:24 AM,KARABEER@boisestate.edu_boisestate
1829,3612a08c-d957-41fc-975f-43335ec3dd90,K7,2,1779739200000,11:23,WIPT,1,1,,0,0,,0,Visual,75,-99,0,2403,GPS-003,,184e6006-fec2-4965-9d24-8268fee56cad,5/27/2026 3:46:24 AM,KARABEER@boisestate.edu_boisestate,5/27/2026 3:46:24 AM,KARABEER@boisestate.edu_boisestate
1830,ed604c44-c135-44fd-9aaf-938c15524178,K7,2,1779739200000,11:24,WIPT,1,1,,0,0,,0,Visual,75,-99,0,2404,GPS-003,,184e6006-fec2-4965-9d24-8268fee56cad,5/27/2026 3:46:24 AM,KARABEER@boisestate.edu_boisestate,5/27/2026 3:46:24 AM,KARABEER@boisestate.edu_boisestate
1831,6c2ca80c-8556-4a84-8fdd-e89036be3e34,K7,2,1779739200000,11:25,WIPT,1,1,,0,0,,0,Visual,75,120,58,2405,GPS-003,,184e6006-fec2-4965-9d24-8268fee56cad,5/27/2026 3:46:24 AM,KARABEER@boisestate.edu_boisestate,5/27/2026 3:46:24 AM,KARABEER@boisestate.edu_boisestate
1832,5bada5e7-ac12-4097-9ca1-dfca67565274,K7,2,1779739200000,11:25,WIPT,1,1,,0,0,,0,Visual,75,290,76,2405,GPS-003,,184e6006-fec2-4965-9d24-8268fee56cad,5/27/2026 3:46:24 AM,KARABEER@boisestate.edu_boisestate,5/27/2026 3:46:24 AM,KARABEER@boisestate.edu_boisestate
1833,a0781508-a9a8-43ff-b13a-c881e6d8e765,K7,2,1779739200000,11:25,WIPT,1,1,,0,0,,0,Visual,75,250,47,2405,GPS-003,,184e6006-fec2-4965-9d24-8268fee56cad,5/27/2026 3:46:24 AM,KARABEER@boisestate.edu_boisestate,5/27/2026 3:46:24 AM,KARABEER@boisestate.edu_boisestate
1834,6c43766f-b042-45ac-88ae-260af846d2de,K7,2,1779739200000,11:27,WIPT,1,1,,0,0,,0,Visual,74,270,135,2406,GPS-003,,184e6006-fec2-4965-9d24-8268fee56cad,5/27/2026 3:46:24 AM,KARABEER@boisestate.edu_boisestate,5/27/2026 3:46:24 AM,KARABEER@boisestate.edu_boisestate
1835,a0a7fafa-eeb4-4796-b776-3e1f84390646,K7,2,1779739200000,11:28,WIPT,2,2,,0,0,,0,Visual,74,-99,0,2407,GPS-003,,184e6006-fec2-4965-9d24-8268fee56cad,5/27/2026 3:46:24 AM,KARABEER@boisestate.edu_boisestate,5/27/2026 3:46:24 AM,KARABEER@boisestate.edu_boisestate
1836,1ed644b6-2537-4914-9db2-7c182e363d6a,K7,2,1779739200000,11:29,WIPT,3,3,,0,0,,0,Visual,74,270,9,2408,GPS-003,,184e6006-fec2-4965-9d24-8268fee56cad,5/27/2026 3:46:24 AM,KARABEER@boisestate.edu_boisestate,5/27/2026 3:46:24 AM,KARABEER@boisestate.edu_boisestate
1837,13433e44-8c06-451f-af7a-c57c3630f6c0,K7,2,1779739200000,11:30,WIPT,1,1,,0,0,,0,Visual,74,120,21,2409,GPS-003,,184e6006-fec2-4965-9d24-8268fee56cad,5/27/2026 3:46:24 AM,KARABEER@boisestate.edu_boisestate,5/27/2026 3:46:24 AM,KARABEER@boisestate.edu_boisestate
1838,26b5f3f0-04b4-45e4-8fd6-60cf97abc199,K7,2,1779739200000,11:31,WIPT,1,1,,0,0,,0,Visual,74,-99,0,2410,GPS-003,,184e6006-fec2-4965-9d24-8268fee56cad,5/27/2026 3:46:24 AM,KARABEER@boisestate.edu_boisestate,5/27/2026 3:46:24 AM,KARABEER@boisestate.edu_boisestate
1839,247d753f-9d46-49ee-aa3c-86687a7fc16d,K7,2,1779739200000,11:32,WIPT,1,1,,0,0,,0,Visual,74,260,147,2411,GPS-003,,184e6006-fec2-4965-9d24-8268fee56cad,5/27/2026 3:46:24 AM,KARABEER@boisestate.edu_boisestate,5/27/2026 3:46:24 AM,KARABEER@boisestate.edu_boisestate
1840,afa00a1e-f48e-4109-b087-7f78d8fe8e20,K7,2,1779739200000,11:34,WIPT,1,1,,0,0,,0,Visual,74,60,63,2412,GPS-003,,184e6006-fec2-4965-9d24-8268fee56cad,5/27/2026 3:46:24 AM,KARABEER@boisestate.edu_boisestate,5/27/2026 3:46:24 AM,KARABEER@boisestate.edu_boisestate
1841,a0c998dd-33a0-4755-9a59-77f3f54ebdad,K7,2,1779739200000,11:35,WIPT,1,1,,0,0,,0,Visual,74,-99,0,2413,GPS-003,,184e6006-fec2-4965-9d24-8268fee56cad,5/27/2026 3:46:24 AM,KARABEER@boisestate.edu_boisestate,5/27/2026 3:46:24 AM,KARABEER@boisestate.edu_boisestate
1842,1e63d95c-8091-4108-84e1-735b38b38a9a,K7,2,1779739200000,11:36,WIPT,1,1,,0,0,,0,Visual,73,270,62,2414,GPS-003,,184e6006-fec2-4965-9d24-8268fee56cad,5/27/2026 3:46:24 AM,KARABEER@boisestate.edu_boisestate,5/27/2026 3:46:24 AM,KARABEER@boisestate.edu_boisestate
1843,ab8f0d17-3fe1-4a00-bd93-4f748bd898b0,K7,2,1779739200000,11:36,WIPT,1,1,,0,0,,0,Visual,73,-99,0,2414,GPS-003,,184e6006-fec2-4965-9d24-8268fee56cad,5/27/2026 3:46:24 AM,KARABEER@boisestate.edu_boisestate,5/27/2026 3:46:24 AM,KARABEER@boisestate.edu_boisestate
1844,38e2534b-3f12-429f-aa17-f19264e2517a,K7,2,1779739200000,11:37,WIPT,2,2,,0,0,,0,Visual,73,150,162,2414,GPS-003,,184e6006-fec2-4965-9d24-8268fee56cad,5/27/2026 3:46:24 AM,KARABEER@boisestate.edu_boisestate,5/27/2026 3:46:24 AM,KARABEER@boisestate.edu_boisestate
1845,3fc625e1-ed8b-43df-ad4a-d77191f8bb84,K7,2,1779739200000,11:37,WIPT,1,1,,0,0,,0,Visual,73,-99,0,2415,GPS-003,,184e6006-fec2-4965-9d24-8268fee56cad,5/27/2026 3:46:24 AM,KARABEER@boisestate.edu_boisestate,5/27/2026 3:46:24 AM,KARABEER@boisestate.edu_boisestate
1846,034a637c-e43b-460d-9c35-9804d5d4f7bf,T4,1,1780084800000,08:15,WIPT,1,1,,1,1,,0,Visual,38,-99,0,2416,GPS-003,,54c84ccb-4665-48c8-acd9-c12e41b3b7a8,5/29/2026 9:56:22 PM,KARABEER@boisestate.edu_boisestate,5/29/2026 9:56:22 PM,KARABEER@boisestate.edu_boisestate
1847,f42b0d62-4f8b-4ec0-be96-05d7c376d97f,T4,1,1780084800000,08:20,WIPT,1,1,,0,0,,0,Visual,38,260,297,2417,GPS-003,,54c84ccb-4665-48c8-acd9-c12e41b3b7a8,5/29/2026 9:56:22 PM,KARABEER@boisestate.edu_boisestate,5/29/2026 9:56:22 PM,KARABEER@boisestate.edu_boisestate
1848,8bf402fd-4cce-4bf0-8f1f-7c9c15d88aed,T4,1,1780084800000,08:21,WIPT,1,1,,0,0,,0,Visual,38,260,27,2418,GPS-003,,54c84ccb-4665-48c8-acd9-c12e41b3b7a8,5/29/2026 9:56:22 PM,KARABEER@boisestate.edu_boisestate,5/29/2026 9:56:22 PM,KARABEER@boisestate.edu_boisestate
1849,fc7b944f-7fd3-48bf-82a9-c361217dbc3a,T4,1,1780084800000,08:22,GOPL,0,,,0,,,2,Visual,38,265,45,2419,GPS-003,,54c84ccb-4665-48c8-acd9-c12e41b3b7a8,5/29/2026 9:56:22 PM,KARABEER@boisestate.edu_boisestate,5/29/2026 9:56:22 PM,KARABEER@boisestate.edu_boisestate
1850,fc4a1e6c-2504-4a46-9a3e-2c040d2420e2,T4,1,1780084800000,08:23,ROPT,1,,1,0,,0,0,Visual,38,265,31,2419,GPS-003,,54c84ccb-4665-48c8-acd9-c12e41b3b7a8,5/29/2026 9:56:22 PM,KARABEER@boisestate.edu_boisestate,5/29/2026 9:56:22 PM,KARABEER@boisestate.edu_boisestate
1851,43093e51-34a3-4143-8d3e-204ffa7d3d4a,T4,1,1780084800000,08:25,ROPT,1,,1,0,,0,0,Visual,39,260,141,2420,GPS-003,,54c84ccb-4665-48c8-acd9-c12e41b3b7a8,5/29/2026 9:56:22 PM,KARABEER@boisestate.edu_boisestate,5/29/2026 9:56:22 PM,KARABEER@boisestate.edu_boisestate
1852,f74c3f3f-c02d-4c18-a7f0-4999496ef225,T4,1,1780084800000,08:26,LTJA,0,,,0,,,1,Visual,39,270,200,2421,GPS-003,,54c84ccb-4665-48c8-acd9-c12e41b3b7a8,5/29/2026 9:56:22 PM,KARABEER@boisestate.edu_boisestate,5/29/2026 9:56:22 PM,KARABEER@boisestate.edu_boisestate
1853,74726372-6a9b-4dca-a258-8d86d93a1a5b,T4,1,1780084800000,08:27,ROPT,1,,1,0,,0,0,Visual,39,-99,0,2421,GPS-003,,54c84ccb-4665-48c8-acd9-c12e41b3b7a8,5/29/2026 9:56:22 PM,KARABEER@boisestate.edu_boisestate,5/29/2026 9:56:22 PM,KARABEER@boisestate.edu_boisestate
1854,ab9917f0-135c-4c95-b896-94962798d685,T4,1,1780084800000,08:27,WIPT,1,1,,0,0,,0,Visual,39,-99,0,2422,GPS-003,,54c84ccb-4665-48c8-acd9-c12e41b3b7a8,5/29/2026 9:56:22 PM,KARABEER@boisestate.edu_boisestate,5/29/2026 9:56:22 PM,KARABEER@boisestate.edu_boisestate
1855,670d8879-f643-4d20-9f74-bce57e1df993,T4,1,1780084800000,08:27,WIPT,1,1,,0,0,,0,Visual,39,-99,0,2423,GPS-003,,54c84ccb-4665-48c8-acd9-c12e41b3b7a8,5/29/2026 9:56:22 PM,KARABEER@boisestate.edu_boisestate,5/29/2026 9:56:22 PM,KARABEER@boisestate.edu_boisestate
1856,5953309e-6906-40ab-a1e9-d7459b57d053,T4,1,1780084800000,08:29,WIPT,1,1,,0,0,,0,Visual,39,280,318,2424,GPS-003,,54c84ccb-4665-48c8-acd9-c12e41b3b7a8,5/29/2026 9:56:22 PM,KARABEER@boisestate.edu_boisestate,5/29/2026 9:56:22 PM,KARABEER@boisestate.edu_boisestate
1857,ff4eff34-1a13-4b60-b274-70f6b4c989df,T4,1,1780084800000,08:30,WIPT,1,1,,0,0,,0,Visual,39,260,87,2425,GPS-003,,54c84ccb-4665-48c8-acd9-c12e41b3b7a8,5/29/2026 9:56:22 PM,KARABEER@boisestate.edu_boisestate,5/29/2026 9:56:22 PM,KARABEER@boisestate.edu_boisestate
1858,6a613695-d051-4918-be00-98ab149f0228,T4,1,1780084800000,08:30,WIPT,1,1,,0,0,,0,Visual,39,260,132,2426,GPS-003,,54c84ccb-4665-48c8-acd9-c12e41b3b7a8,5/29/2026 9:56:22 PM,KARABEER@boisestate.edu_boisestate,5/29/2026 9:56:22 PM,KARABEER@boisestate.edu_boisestate
1859,e8cae7fb-4dfb-4697-bb40-62e59114a499,T4,1,1780084800000,08:31,WIPT,1,1,,0,0,,0,Visual,39,260,52,2426,GPS-003,,54c84ccb-4665-48c8-acd9-c12e41b3b7a8,5/29/2026 9:56:22 PM,KARABEER@boisestate.edu_boisestate,5/29/2026 9:56:22 PM,KARABEER@boisestate.edu_boisestate
1860,501adfbc-0e07-4feb-9ebd-db41de00c58e,T4,1,1780084800000,08:31,WIPT,1,1,,0,0,,0,Visual,39,70,16,2427,GPS-003,,54c84ccb-4665-48c8-acd9-c12e41b3b7a8,5/29/2026 9:56:22 PM,KARABEER@boisestate.edu_boisestate,5/29/2026 9:56:22 PM,KARABEER@boisestate.edu_boisestate
1861,71c28cf5-ba5e-4ab7-a01f-846273447f8a,T4,1,1780084800000,08:33,WIPT,1,1,,0,0,,0,Visual,39,260,128,2428,GPS-003,,54c84ccb-4665-48c8-acd9-c12e41b3b7a8,5/29/2026 9:56:22 PM,KARABEER@boisestate.edu_boisestate,5/29/2026 9:56:22 PM,KARABEER@boisestate.edu_boisestate
1862,41b06755-35fc-4656-9cd5-c98ec6ff4508,T4,1,1780084800000,08:33,WISN,0,,,0,,,1,Audio,39,240,25,2428,GPS-003,,54c84ccb-4665-48c8-acd9-c12e41b3b7a8,5/29/2026 9:56:22 PM,KARABEER@boisestate.edu_boisestate,5/29/2026 9:56:22 PM,KARABEER@boisestate.edu_boisestate
1863,69961be3-0c06-42c5-9584-016b49c9ddb2,T4,1,1780084800000,08:33,WIPT,1,1,,0,0,,0,Visual,39,285,313,2428,GPS-003,,54c84ccb-4665-48c8-acd9-c12e41b3b7a8,5/29/2026 9:56:22 PM,KARABEER@boisestate.edu_boisestate,5/29/2026 9:56:22 PM,KARABEER@boisestate.edu_boisestate
1864,2d28ff17-d057-4857-9fec-30fc2ba79e92,T4,1,1780084800000,08:34,WIPT,1,1,,0,0,,0,Visual,40,-99,0,2429,GPS-003,,54c84ccb-4665-48c8-acd9-c12e41b3b7a8,5/29/2026 9:56:22 PM,KARABEER@boisestate.edu_boisestate,5/29/2026 9:56:22 PM,KARABEER@boisestate.edu_boisestate
1865,5f2c3eb9-9e33-4240-84cd-024db5471c71,T4,1,1780084800000,08:35,WIPT,1,1,,0,0,,0,Visual,40,290,170,2430,GPS-003,,54c84ccb-4665-48c8-acd9-c12e41b3b7a8,5/29/2026 9:56:22 PM,KARABEER@boisestate.edu_boisestate,5/29/2026 9:56:22 PM,KARABEER@boisestate.edu_boisestate
1866,55592fa3-baf0-4dac-bdd3-a034885a8984,T4,1,1780084800000,08:35,ROPT,1,,1,0,,0,0,Visual,40,55,98,2431,GPS-003,,54c84ccb-4665-48c8-acd9-c12e41b3b7a8,5/29/2026 9:56:22 PM,KARABEER@boisestate.edu_boisestate,5/29/2026 9:56:22 PM,KARABEER@boisestate.edu_boisestate
1867,a56aed34-4060-4c82-ba78-a2e98d09e07c,T4,1,1780084800000,08:37,WIPT,1,1,,1,1,,0,Visual,40,6,12,2432,GPS-003,,54c84ccb-4665-48c8-acd9-c12e41b3b7a8,5/29/2026 9:56:22 PM,KARABEER@boisestate.edu_boisestate,5/29/2026 9:56:22 PM,KARABEER@boisestate.edu_boisestate
1868,8df07807-c5f6-4931-95f2-ba634f41529c,T4,1,1780084800000,08:38,ROPT,0,,0,1,,1,0,Visual,40,260,43,2433,GPS-003,,54c84ccb-4665-48c8-acd9-c12e41b3b7a8,5/29/2026 9:56:22 PM,KARABEER@boisestate.edu_boisestate,5/29/2026 9:56:22 PM,KARABEER@boisestate.edu_boisestate
1869,ac0c5507-3188-481c-aef0-732daf44dcb2,T4,1,1780084800000,08:39,GOPL,0,,,0,,,1,Visual,40,220,33,2434,GPS-003,,54c84ccb-4665-48c8-acd9-c12e41b3b7a8,5/29/2026 9:56:22 PM,KARABEER@boisestate.edu_boisestate,5/29/2026 9:56:22 PM,KARABEER@boisestate.edu_boisestate
1870,75ca163a-1cb2-46c3-9336-28377e370eae,T4,1,1780084800000,08:40,WIPT,1,1,,0,0,,0,Visual,40,50,23,2435,GPS-003,,54c84ccb-4665-48c8-acd9-c12e41b3b7a8,5/29/2026 9:56:22 PM,KARABEER@boisestate.edu_boisestate,5/29/2026 9:56:22 PM,KARABEER@boisestate.edu_boisestate
1871,cf16bfa9-53fe-4ec6-afa5-1ff0a997e870,T4,1,1780084800000,08:40,WIPT,1,1,,0,0,,0,Visual,40,290,147,2428,GPS-003,,54c84ccb-4665-48c8-acd9-c12e41b3b7a8,5/29/2026 9:56:22 PM,KARABEER@boisestate.edu_boisestate,5/29/2026 9:56:22 PM,KARABEER@boisestate.edu_boisestate
1872,95c0411f-0419-4b56-899c-66d82e56b6a2,T4,1,1780084800000,08:42,ROPT,1,,1,0,,0,0,Visual,40,70,14,2436,GPS-003,,54c84ccb-4665-48c8-acd9-c12e41b3b7a8,5/29/2026 9:56:22 PM,KARABEER@boisestate.edu_boisestate,5/29/2026 9:56:22 PM,KARABEER@boisestate.edu_boisestate
1873,c65785ec-1c46-45c6-a1a9-f8c215e5e83c,T4,1,1780084800000,08:43,LTJA,0,,,0,,,1,Visual,40,290,156,2437,GPS-003,,54c84ccb-4665-48c8-acd9-c12e41b3b7a8,5/29/2026 9:56:22 PM,KARABEER@boisestate.edu_boisestate,5/29/2026 9:56:22 PM,KARABEER@boisestate.edu_boisestate
1874,c2f7128e-9557-4a72-b71f-4d461fb48815,T4,1,1780084800000,08:43,ROPT,1,,1,0,,0,0,Visual,40,270,118,2438,GPS-003,,54c84ccb-4665-48c8-acd9-c12e41b3b7a8,5/29/2026 9:56:22 PM,KARABEER@boisestate.edu_boisestate,5/29/2026 9:56:22 PM,KARABEER@boisestate.edu_boisestate
1875,44365c14-5963-4f94-9d7a-92f2d017528b,T4,1,1780084800000,08:44,ROPT,1,,1,0,,0,0,Visual,40,90,82,2439,GPS-003,,54c84ccb-4665-48c8-acd9-c12e41b3b7a8,5/29/2026 9:56:22 PM,KARABEER@boisestate.edu_boisestate,5/29/2026 9:56:22 PM,KARABEER@boisestate.edu_boisestate
1876,9429a0a7-4a1e-4237-8a70-3fd6f28b32eb,T4,1,1780084800000,08:45,WIPT,1,1,,0,0,,0,Visual,40,280,157,2440,GPS-003,,54c84ccb-4665-48c8-acd9-c12e41b3b7a8,5/29/2026 9:56:22 PM,KARABEER@boisestate.edu_boisestate,5/29/2026 9:56:22 PM,KARABEER@boisestate.edu_boisestate
1877,7f3e6913-d6bc-47a4-89e0-31ebbfefcf08,T4,1,1780084800000,08:46,WIPT,1,1,,0,0,,0,Visual,40,-99,0,2441,GPS-003,,54c84ccb-4665-48c8-acd9-c12e41b3b7a8,5/29/2026 9:56:22 PM,KARABEER@boisestate.edu_boisestate,5/29/2026 9:56:22 PM,KARABEER@boisestate.edu_boisestate
1878,55324932-582e-4c92-91d6-635677ce4003,T4,1,1780084800000,08:47,WIPT,1,1,,0,0,,0,Visual,40,240,75,2442,GPS-003,,54c84ccb-4665-48c8-acd9-c12e41b3b7a8,5/29/2026 9:56:22 PM,KARABEER@boisestate.edu_boisestate,5/29/2026 9:56:22 PM,KARABEER@boisestate.edu_boisestate
1879,1743beec-1d92-45a3-b7e3-a8a65cec1445,T4,1,1780084800000,08:47,WIPT,1,1,,0,0,,0,Visual,41,-99,0,2443,GPS-003,,54c84ccb-4665-48c8-acd9-c12e41b3b7a8,5/29/2026 9:56:22 PM,KARABEER@boisestate.edu_boisestate,5/29/2026 9:56:22 PM,KARABEER@boisestate.edu_boisestate
1880,03ab881d-b1fd-4acd-9657-fb3fd934935f,T4,1,1780084800000,08:48,WIPT,1,1,,0,0,,0,Visual,41,-99,0,2444,GPS-003,,54c84ccb-4665-48c8-acd9-c12e41b3b7a8,5/29/2026 9:56:22 PM,KARABEER@boisestate.edu_boisestate,5/29/2026 9:56:22 PM,KARABEER@boisestate.edu_boisestate
1881,f23505b0-c5f8-4118-8151-270b8d20c83d,T4,1,1780084800000,08:50,WIPT,1,1,,0,0,,0,Visual,41,270,13,2445,GPS-003,,54c84ccb-4665-48c8-acd9-c12e41b3b7a8,5/29/2026 9:56:22 PM,KARABEER@boisestate.edu_boisestate,5/29/2026 9:56:22 PM,KARABEER@boisestate.edu_boisestate
1882,390a9204-d72a-4bbe-8173-b0b1cacd6737,T4,1,1780084800000,08:51,LTJA,0,,,0,,,1,Visual,41,70,64,2446,GPS-003,,54c84ccb-4665-48c8-acd9-c12e41b3b7a8,5/29/2026 9:56:22 PM,KARABEER@boisestate.edu_boisestate,5/29/2026 9:56:22 PM,KARABEER@boisestate.edu_boisestate
1883,f2f4a2ab-69e8-4998-bcbb-ffe892211d02,T4,1,1780084800000,08:51,GOPL,0,,,0,,,1,Visual,41,110,26,2447,GPS-003,,54c84ccb-4665-48c8-acd9-c12e41b3b7a8,5/29/2026 9:56:22 PM,KARABEER@boisestate.edu_boisestate,5/29/2026 9:56:22 PM,KARABEER@boisestate.edu_boisestate
1884,d895020e-ce0b-45dd-b91e-45de10de5244,T4,1,1780084800000,08:52,WIPT,1,1,,0,0,,0,Visual,41,290,19,2448,GPS-003,,54c84ccb-4665-48c8-acd9-c12e41b3b7a8,5/29/2026 9:56:22 PM,KARABEER@boisestate.edu_boisestate,5/29/2026 9:56:22 PM,KARABEER@boisestate.edu_boisestate
1885,0128aa3c-9c9c-41eb-9d9a-0a036865a60e,T4,1,1780084800000,08:54,WIPT,1,1,,0,0,,0,Visual,41,-99,0,2449,GPS-003,,54c84ccb-4665-48c8-acd9-c12e41b3b7a8,5/29/2026 9:56:22 PM,KARABEER@boisestate.edu_boisestate,5/29/2026 9:56:22 PM,KARABEER@boisestate.edu_boisestate
1886,03cbe5c1-9f0c-4727-a3e3-859349cac46b,T4,1,1780084800000,08:55,WIPT,2,2,,0,0,,0,Visual,41,-99,0,2450,GPS-003,,54c84ccb-4665-48c8-acd9-c12e41b3b7a8,5/29/2026 9:56:22 PM,KARABEER@boisestate.edu_boisestate,5/29/2026 9:56:22 PM,KARABEER@boisestate.edu_boisestate
1887,1bd90f12-b141-445d-9d6e-7566fdf81ead,T4,1,1780084800000,08:56,ROPT,1,,1,0,,0,0,Visual,41,70,114,2450,GPS-003,,54c84ccb-4665-48c8-acd9-c12e41b3b7a8,5/29/2026 9:56:22 PM,KARABEER@boisestate.edu_boisestate,5/29/2026 9:56:22 PM,KARABEER@boisestate.edu_boisestate
1888,0a70fbef-79d6-41b9-b9e0-c39c37fe9fa8,T4,1,1780084800000,08:56,WISN,0,,,0,,,1,Audio,41,300,50,2450,GPS-003,,54c84ccb-4665-48c8-acd9-c12e41b3b7a8,5/29/2026 9:56:22 PM,KARABEER@boisestate.edu_boisestate,5/29/2026 9:56:22 PM,KARABEER@boisestate.edu_boisestate
1889,e9d58f30-b189-4b0a-ae40-1efdc6813cc5,T4,1,1780084800000,08:57,WIPT,1,1,,0,0,,0,Visual,41,270,281,2451,GPS-003,,54c84ccb-4665-48c8-acd9-c12e41b3b7a8,5/29/2026 9:56:22 PM,KARABEER@boisestate.edu_boisestate,5/29/2026 9:56:22 PM,KARABEER@boisestate.edu_boisestate
1890,75daf1db-f58b-4e61-9c89-381493bd5409,T4,1,1780084800000,08:58,WIPT,1,1,,0,0,,0,Visual,41,220,8,2452,GPS-003,,54c84ccb-4665-48c8-acd9-c12e41b3b7a8,5/29/2026 9:56:22 PM,KARABEER@boisestate.edu_boisestate,5/29/2026 9:56:22 PM,KARABEER@boisestate.edu_boisestate
1891,029908b8-ebe0-4ee8-a97a-92a648861128,T4,1,1780084800000,08:59,WIPT,1,1,,0,0,,0,Visual,42,90,116,2453,GPS-003,,54c84ccb-4665-48c8-acd9-c12e41b3b7a8,5/29/2026 9:56:22 PM,KARABEER@boisestate.edu_boisestate,5/29/2026 9:56:22 PM,KARABEER@boisestate.edu_boisestate
1892,1b2eb452-4dc5-479b-8890-469b13775049,T4,1,1780084800000,09:00,WIPT,1,1,,0,0,,0,Visual,42,270,92,2453,GPS-003,,54c84ccb-4665-48c8-acd9-c12e41b3b7a8,5/29/2026 9:56:22 PM,KARABEER@boisestate.edu_boisestate,5/29/2026 9:56:22 PM,KARABEER@boisestate.edu_boisestate
1893,d64df0c1-7d8d-46ad-a034-97668eba9b2c,T4,1,1780084800000,09:01,WIPT,1,1,,0,0,,0,Visual,42,265,259,2454,GPS-003,,54c84ccb-4665-48c8-acd9-c12e41b3b7a8,5/29/2026 9:56:22 PM,KARABEER@boisestate.edu_boisestate,5/29/2026 9:56:22 PM,KARABEER@boisestate.edu_boisestate
1894,4326fad4-9244-4c3d-af13-9ed57454ac32,T4,1,1780084800000,09:02,WISN,0,,,0,,,1,Audio,42,220,40,2454,GPS-003,,54c84ccb-4665-48c8-acd9-c12e41b3b7a8,5/29/2026 9:56:22 PM,KARABEER@boisestate.edu_boisestate,5/29/2026 9:56:22 PM,KARABEER@boisestate.edu_boisestate
1895,00c65337-c8a7-4582-84e0-c1bad28b4e7d,T4,1,1780084800000,09:02,WIPT,1,1,,0,0,,0,Visual,42,280,63,2454,GPS-003,,54c84ccb-4665-48c8-acd9-c12e41b3b7a8,5/29/2026 9:56:22 PM,KARABEER@boisestate.edu_boisestate,5/29/2026 9:56:22 PM,KARABEER@boisestate.edu_boisestate
1896,cc22e677-61c2-46c9-8b24-9d2d0aece1f5,T4,1,1780084800000,09:03,WIPT,1,1,,0,0,,0,Visual,42,280,294,2455,GPS-003,,54c84ccb-4665-48c8-acd9-c12e41b3b7a8,5/29/2026 9:56:22 PM,KARABEER@boisestate.edu_boisestate,5/29/2026 9:56:22 PM,KARABEER@boisestate.edu_boisestate
1897,dd911322-f545-4126-8ae6-3c341eafad01,T4,1,1780084800000,09:03,ROPT,1,,1,0,,0,0,Visual,42,60,80,2455,GPS-003,,54c84ccb-4665-48c8-acd9-c12e41b3b7a8,5/29/2026 9:56:22 PM,KARABEER@boisestate.edu_boisestate,5/29/2026 9:56:22 PM,KARABEER@boisestate.edu_boisestate
1898,acf40868-1888-4b27-a227-0eedbce1d489,T4,1,1780084800000,09:05,WIPT,1,1,,0,0,,0,Visual,42,200,30,2456,GPS-003,,54c84ccb-4665-48c8-acd9-c12e41b3b7a8,5/29/2026 9:56:22 PM,KARABEER@boisestate.edu_boisestate,5/29/2026 9:56:22 PM,KARABEER@boisestate.edu_boisestate
1899,d5b4b390-95f6-475d-aba5-2295d1e6f6ac,T4,1,1780084800000,09:05,WIPT,1,1,,0,0,,0,Visual,42,260,192,2457,GPS-003,,54c84ccb-4665-48c8-acd9-c12e41b3b7a8,5/29/2026 9:56:22 PM,KARABEER@boisestate.edu_boisestate,5/29/2026 9:56:22 PM,KARABEER@boisestate.edu_boisestate
1900,96129334-237a-493d-bf2a-33ad5b2a4d75,T4,1,1780084800000,09:07,WIPT,1,1,,0,0,,0,Visual,42,260,256,2458,GPS-003,,54c84ccb-4665-48c8-acd9-c12e41b3b7a8,5/29/2026 9:56:22 PM,KARABEER@boisestate.edu_boisestate,5/29/2026 9:56:22 PM,KARABEER@boisestate.edu_boisestate
1901,924d8509-66a6-44d8-943e-752bc44cc467,T4,1,1780084800000,09:08,WISN,0,,,0,,,1,Visual,43,240,8,2459,GPS-003,,54c84ccb-4665-48c8-acd9-c12e41b3b7a8,5/29/2026 9:56:22 PM,KARABEER@boisestate.edu_boisestate,5/29/2026 9:56:22 PM,KARABEER@boisestate.edu_boisestate
1902,a8f5a0c5-e463-4942-b8f0-4a2322fc5286,T4,1,1780084800000,09:09,WIPT,1,1,,0,0,,0,Visual,43,60,16,2460,GPS-003,,54c84ccb-4665-48c8-acd9-c12e41b3b7a8,5/29/2026 9:56:22 PM,KARABEER@boisestate.edu_boisestate,5/29/2026 9:56:22 PM,KARABEER@boisestate.edu_boisestate
1903,0852219d-631b-4035-a634-dd30aafae09f,T4,1,1780084800000,09:11,WIPT,1,1,,0,0,,0,Visual,43,250,18,2461,GPS-003,,54c84ccb-4665-48c8-acd9-c12e41b3b7a8,5/29/2026 9:56:22 PM,KARABEER@boisestate.edu_boisestate,5/29/2026 9:56:22 PM,KARABEER@boisestate.edu_boisestate
1904,ce50835a-6b4c-434b-910d-83215fa2621a,T4,1,1780084800000,09:12,WIPT,1,1,,0,0,,0,Visual,43,70,139,2462,GPS-003,,54c84ccb-4665-48c8-acd9-c12e41b3b7a8,5/29/2026 9:56:22 PM,KARABEER@boisestate.edu_boisestate,5/29/2026 9:56:22 PM,KARABEER@boisestate.edu_boisestate
1905,efdaa58e-6347-4be8-bcfa-ddd1ae7ab8ba,T4,1,1780084800000,09:14,WIPT,1,1,,0,0,,0,Visual,43,290,131,2463,GPS-003,,54c84ccb-4665-48c8-acd9-c12e41b3b7a8,5/29/2026 9:56:22 PM,KARABEER@boisestate.edu_boisestate,5/29/2026 9:56:22 PM,KARABEER@boisestate.edu_boisestate
1906,54cf1887-236f-4df3-886f-a6528474037a,T4,1,1780084800000,09:14,LTJA,0,,,0,,,2,Visual,43,310,151,2463,GPS-003,,54c84ccb-4665-48c8-acd9-c12e41b3b7a8,5/29/2026 9:56:22 PM,KARABEER@boisestate.edu_boisestate,5/29/2026 9:56:22 PM,KARABEER@boisestate.edu_boisestate
1907,b3db0980-0dac-43ba-acb9-b001d6a96f76,T4,1,1780084800000,09:15,WIPT,1,1,,0,0,,0,Visual,43,310,42,2464,GPS-003,,54c84ccb-4665-48c8-acd9-c12e41b3b7a8,5/29/2026 9:56:22 PM,KARABEER@boisestate.edu_boisestate,5/29/2026 9:56:22 PM,KARABEER@boisestate.edu_boisestate
1908,eaae5f29-016a-47f8-aea6-32d8c79db588,T4,1,1780084800000,09:16,WIPT,1,1,,0,0,,0,Visual,43,-99,0,2465,GPS-003,,54c84ccb-4665-48c8-acd9-c12e41b3b7a8,5/29/2026 9:56:22 PM,KARABEER@boisestate.edu_boisestate,5/29/2026 9:56:22 PM,KARABEER@boisestate.edu_boisestate
1909,957ab18b-cfdb-43d1-93a5-8d143f5240b1,T4,1,1780084800000,09:16,WIPT,1,1,,0,0,,0,Visual,44,80,150,2466,GPS-003,,54c84ccb-4665-48c8-acd9-c12e41b3b7a8,5/29/2026 9:56:22 PM,KARABEER@boisestate.edu_boisestate,5/29/2026 9:56:22 PM,KARABEER@boisestate.edu_boisestate
1910,de40bfe7-a5cc-405a-80c2-7050f999e0a6,T4,1,1780084800000,09:17,WIPT,1,1,,0,0,,0,Visual,44,310,215,2467,GPS-003,,54c84ccb-4665-48c8-acd9-c12e41b3b7a8,5/29/2026 9:56:22 PM,KARABEER@boisestate.edu_boisestate,5/29/2026 9:56:22 PM,KARABEER@boisestate.edu_boisestate
1911,e5483164-7c71-4e43-beea-a30b35bd9bff,T4,1,1780084800000,09:19,WIPT,1,1,,0,0,,0,Visual,44,310,329,2468,GPS-003,,54c84ccb-4665-48c8-acd9-c12e41b3b7a8,5/29/2026 9:56:22 PM,KARABEER@boisestate.edu_boisestate,5/29/2026 9:56:22 PM,KARABEER@boisestate.edu_boisestate
1912,fcc68238-748e-4ae6-889e-e9949a481de4,T4,1,1780084800000,09:20,ROPT,1,,1,0,,0,0,Visual,44,100,50,2469,GPS-003,,54c84ccb-4665-48c8-acd9-c12e41b3b7a8,5/29/2026 9:56:22 PM,KARABEER@boisestate.edu_boisestate,5/29/2026 9:56:22 PM,KARABEER@boisestate.edu_boisestate
1913,bcd8dba6-cfaf-4be4-a1f3-7416e1baaadc,T4,1,1780084800000,09:21,LTJA,0,,,0,,,1,Visual,44,260,125,2469,GPS-003,,54c84ccb-4665-48c8-acd9-c12e41b3b7a8,5/29/2026 9:56:22 PM,KARABEER@boisestate.edu_boisestate,5/29/2026 9:56:22 PM,KARABEER@boisestate.edu_boisestate
1914,7a129a60-602b-4365-91be-0ff36cb28c30,T4,1,1780084800000,09:24,ROPT,1,,1,0,,0,0,Visual,44,330,64,2470,GPS-003,,54c84ccb-4665-48c8-acd9-c12e41b3b7a8,5/29/2026 9:56:22 PM,KARABEER@boisestate.edu_boisestate,5/29/2026 9:56:22 PM,KARABEER@boisestate.edu_boisestate
1915,8b178ffb-3acc-47d3-8068-be8ecc99c9de,T4,1,1780084800000,09:25,WIPT,1,1,,0,0,,0,Visual,45,100,69,2471,GPS-003,,54c84ccb-4665-48c8-acd9-c12e41b3b7a8,5/29/2026 9:56:22 PM,KARABEER@boisestate.edu_boisestate,5/29/2026 9:56:22 PM,KARABEER@boisestate.edu_boisestate
1916,494abf10-9595-476c-be54-959a409cf190,T4,1,1780084800000,09:26,ROPT,1,,1,0,,0,0,Visual,45,270,81,2472,GPS-003,,54c84ccb-4665-48c8-acd9-c12e41b3b7a8,5/29/2026 9:56:22 PM,KARABEER@boisestate.edu_boisestate,5/29/2026 9:56:22 PM,KARABEER@boisestate.edu_boisestate
1917,42529004-39cc-4127-acee-a749a8a09033,T4,1,1780084800000,09:27,ROPT,1,,1,0,,0,0,Visual,45,340,196,2473,GPS-003,,54c84ccb-4665-48c8-acd9-c12e41b3b7a8,5/29/2026 9:56:22 PM,KARABEER@boisestate.edu_boisestate,5/29/2026 9:56:22 PM,KARABEER@boisestate.edu_boisestate
1918,2ec219a6-a6b9-4141-a6cc-276128f019b1,T4,1,1780084800000,09:29,ROPT,1,,1,0,,0,0,Visual,45,-99,0,2474,GPS-003,,54c84ccb-4665-48c8-acd9-c12e41b3b7a8,5/29/2026 9:56:22 PM,KARABEER@boisestate.edu_boisestate,5/29/2026 9:56:22 PM,KARABEER@boisestate.edu_boisestate
1919,9ce8d811-cd97-498b-a8c0-6863cdf9a279,T4,1,1780084800000,09:32,WIPT,1,1,,0,0,,0,Visual,45,300,55,2475,GPS-003,,54c84ccb-4665-48c8-acd9-c12e41b3b7a8,5/29/2026 9:56:22 PM,KARABEER@boisestate.edu_boisestate,5/29/2026 9:56:22 PM,KARABEER@boisestate.edu_boisestate
1920,d57dc4dc-a4ab-40fa-ac7d-b7d647a37761,T4,1,1780084800000,09:33,WIPT,1,1,,0,0,,0,Visual,46,300,43,2476,GPS-003,,54c84ccb-4665-48c8-acd9-c12e41b3b7a8,5/29/2026 9:56:22 PM,KARABEER@boisestate.edu_boisestate,5/29/2026 9:56:22 PM,KARABEER@boisestate.edu_boisestate
1921,5ac4e911-bfa5-4a15-a8dc-aabc0eaef2b3,T4,1,1780084800000,09:34,WIPT,1,1,,0,0,,0,Visual,46,-99,0,2477,GPS-003,,54c84ccb-4665-48c8-acd9-c12e41b3b7a8,5/29/2026 9:56:22 PM,KARABEER@boisestate.edu_boisestate,5/29/2026 9:56:22 PM,KARABEER@boisestate.edu_boisestate
1922,e84011ff-4464-44ec-9acd-17544c9d25ea,T4,1,1780084800000,09:34,WIPT,1,1,,0,0,,0,Visual,46,-99,0,2478,GPS-003,,54c84ccb-4665-48c8-acd9-c12e41b3b7a8,5/29/2026 9:56:22 PM,KARABEER@boisestate.edu_boisestate,5/29/2026 9:56:22 PM,KARABEER@boisestate.edu_boisestate
1923,745af670-680e-4448-909e-507e6f349bad,T4,1,1780084800000,09:35,WIPT,1,1,,0,0,,0,Visual,47,100,37,2479,GPS-003,,54c84ccb-4665-48c8-acd9-c12e41b3b7a8,5/29/2026 9:56:22 PM,KARABEER@boisestate.edu_boisestate,5/29/2026 9:56:22 PM,KARABEER@boisestate.edu_boisestate
1924,567479f5-4138-41b4-8f3b-d00119baacb2,T4,1,1780084800000,09:36,ROPT,1,,1,0,,0,0,Visual,47,100,42,2480,GPS-003,,54c84ccb-4665-48c8-acd9-c12e41b3b7a8,5/29/2026 9:56:22 PM,KARABEER@boisestate.edu_boisestate,5/29/2026 9:56:22 PM,KARABEER@boisestate.edu_boisestate
1925,1eb7a558-24e4-4de5-a786-ad7cd3463103,T4,1,1780084800000,09:38,GOPL,0,,,0,,,2,Visual,47,310,26,2481,GPS-003,,54c84ccb-4665-48c8-acd9-c12e41b3b7a8,5/29/2026 9:56:22 PM,KARABEER@boisestate.edu_boisestate,5/29/2026 9:56:22 PM,KARABEER@boisestate.edu_boisestate
1926,62f43c1c-318e-40c0-abdc-22550e8eb71c,T4,1,1780084800000,09:40,WIPT,1,1,,0,0,,0,Visual,47,350,247,2482,GPS-003,,54c84ccb-4665-48c8-acd9-c12e41b3b7a8,5/29/2026 9:56:22 PM,KARABEER@boisestate.edu_boisestate,5/29/2026 9:56:22 PM,KARABEER@boisestate.edu_boisestate
1927,9cafc1f0-65d2-4963-ae9d-254bbb608d93,T4,1,1780084800000,09:41,WIPT,1,1,,0,0,,0,Visual,47,340,82,2483,GPS-003,,54c84ccb-4665-48c8-acd9-c12e41b3b7a8,5/29/2026 9:56:22 PM,KARABEER@boisestate.edu_boisestate,5/29/2026 9:56:22 PM,KARABEER@boisestate.edu_boisestate
1928,e881b00e-a54f-49ad-91f6-d6ee0d2dbdc1,K6,2,1780257600000,09:34,WIPT,1,1,,0,0,,0,Visual,73,-99,0,2484,GPS-003,,388e38ea-020a-46b4-82fe-216571ef3642,6/1/2026 2:54:05 AM,KARABEER@boisestate.edu_boisestate,6/1/2026 2:54:05 AM,KARABEER@boisestate.edu_boisestate
1929,c08765ce-ffa2-4403-ad10-4d1793e91f68,K6,2,1780257600000,09:41,WIPT,1,1,,0,0,,0,Visual,73,180,19,2485,GPS-003,,388e38ea-020a-46b4-82fe-216571ef3642,6/1/2026 2:54:05 AM,KARABEER@boisestate.edu_boisestate,6/1/2026 2:54:05 AM,KARABEER@boisestate.edu_boisestate
1930,8d064931-754d-4f99-a84a-284b1433a718,K6,2,1780257600000,09:41,WIPT,1,1,,0,0,,0,Visual,73,20,30,2486,GPS-003,,388e38ea-020a-46b4-82fe-216571ef3642,6/1/2026 2:54:05 AM,KARABEER@boisestate.edu_boisestate,6/1/2026 2:54:05 AM,KARABEER@boisestate.edu_boisestate
1931,9c2faeb4-24e7-4bb2-b2da-bed411d4a72f,K6,2,1780257600000,09:42,WIPT,1,1,,0,0,,0,Visual,73,190,72,2487,GPS-003,,388e38ea-020a-46b4-82fe-216571ef3642,6/1/2026 2:54:05 AM,KARABEER@boisestate.edu_boisestate,6/1/2026 2:54:05 AM,KARABEER@boisestate.edu_boisestate
1932,a128e782-7ad6-4c7b-97f8-bb2083c87fb5,K6,2,1780257600000,09:43,WIPT,3,3,,0,0,,0,Visual,73,-99,0,2488,GPS-003,,388e38ea-020a-46b4-82fe-216571ef3642,6/1/2026 2:54:05 AM,KARABEER@boisestate.edu_boisestate,6/1/2026 2:54:05 AM,KARABEER@boisestate.edu_boisestate
1933,8a8e848d-80bf-4073-bce2-665e9380002d,K6,2,1780257600000,09:46,WIPT,1,1,,0,0,,0,Visual,72,-99,0,2489,GPS-003,,388e38ea-020a-46b4-82fe-216571ef3642,6/1/2026 2:54:05 AM,KARABEER@boisestate.edu_boisestate,6/1/2026 2:54:05 AM,KARABEER@boisestate.edu_boisestate
1934,e349dd71-9a6a-4348-a446-581f7bce49ea,K6,2,1780257600000,09:46,WIPT,1,1,,0,0,,0,Visual,72,180,95,2490,GPS-003,,388e38ea-020a-46b4-82fe-216571ef3642,6/1/2026 2:54:05 AM,KARABEER@boisestate.edu_boisestate,6/1/2026 2:54:05 AM,KARABEER@boisestate.edu_boisestate
1935,a21b6b6e-0c8d-4b87-bf5d-0af22d084f32,K6,2,1780257600000,09:47,WIPT,1,1,,0,0,,0,Visual,72,-99,0,2491,GPS-003,,388e38ea-020a-46b4-82fe-216571ef3642,6/1/2026 2:54:05 AM,KARABEER@boisestate.edu_boisestate,6/1/2026 2:54:05 AM,KARABEER@boisestate.edu_boisestate
1936,998999d8-6744-4447-9fde-49f759470cb5,K6,2,1780257600000,09:48,WIPT,1,1,,0,0,,0,Visual,72,-99,0,2492,GPS-003,,388e38ea-020a-46b4-82fe-216571ef3642,6/1/2026 2:54:05 AM,KARABEER@boisestate.edu_boisestate,6/1/2026 2:54:05 AM,KARABEER@boisestate.edu_boisestate
1937,57d8113b-7bf5-4be2-abbe-f95b848c325c,K6,2,1780257600000,09:48,WIPT,1,1,,0,0,,0,Visual,72,195,48,2493,GPS-003,,388e38ea-020a-46b4-82fe-216571ef3642,6/1/2026 2:54:05 AM,KARABEER@boisestate.edu_boisestate,6/1/2026 2:54:05 AM,KARABEER@boisestate.edu_boisestate
1938,2d6a317a-721f-4157-87e1-a925d36055ae,K6,2,1780257600000,09:49,WIPT,1,1,,0,0,,0,Visual,72,-99,0,2494,GPS-003,,388e38ea-020a-46b4-82fe-216571ef3642,6/1/2026 2:54:05 AM,KARABEER@boisestate.edu_boisestate,6/1/2026 2:54:05 AM,KARABEER@boisestate.edu_boisestate
1939,d7ef27b8-9582-48ad-b99a-686d2da1173f,K6,2,1780257600000,09:50,WIPT,1,1,,0,0,,0,Visual,72,190,48,2495,GPS-003,,388e38ea-020a-46b4-82fe-216571ef3642,6/1/2026 2:54:05 AM,KARABEER@boisestate.edu_boisestate,6/1/2026 2:54:05 AM,KARABEER@boisestate.edu_boisestate
1940,e9a744e7-608e-4bd8-9e44-1e72b3489a6b,K6,2,1780257600000,09:51,WIPT,1,1,,0,0,,0,Visual,72,30,23,2496,GPS-003,,388e38ea-020a-46b4-82fe-216571ef3642,6/1/2026 2:54:05 AM,KARABEER@boisestate.edu_boisestate,6/1/2026 2:54:05 AM,KARABEER@boisestate.edu_boisestate
1941,c0ef1f59-f6b7-4ff5-a0cd-f745e27d5cf0,K6,2,1780257600000,09:52,WIPT,1,1,,0,0,,0,Visual,72,190,23,2497,GPS-003,,388e38ea-020a-46b4-82fe-216571ef3642,6/1/2026 2:54:05 AM,KARABEER@boisestate.edu_boisestate,6/1/2026 2:54:05 AM,KARABEER@boisestate.edu_boisestate
1942,ab78a1f9-78b8-4301-8c86-8ccfd753381f,K6,2,1780257600000,09:56,WIPT,1,1,,0,0,,0,Visual,71,340,23,2498,GPS-003,,388e38ea-020a-46b4-82fe-216571ef3642,6/1/2026 2:54:05 AM,KARABEER@boisestate.edu_boisestate,6/1/2026 2:54:05 AM,KARABEER@boisestate.edu_boisestate
1943,ee64266b-0019-4be1-8f05-4278596876ea,K6,2,1780257600000,10:02,WIPT,1,1,,0,0,,0,Visual,69,10,5,2499,GPS-003,,388e38ea-020a-46b4-82fe-216571ef3642,6/1/2026 2:54:05 AM,KARABEER@boisestate.edu_boisestate,6/1/2026 2:54:05 AM,KARABEER@boisestate.edu_boisestate
1944,21a991f1-0dcd-4e58-af4e-ca6bebb49fa2,K6,2,1780257600000,10:06,WIPT,1,1,,0,0,,0,Visual,69,350,11,2500,GPS-003,,388e38ea-020a-46b4-82fe-216571ef3642,6/1/2026 2:54:05 AM,KARABEER@boisestate.edu_boisestate,6/1/2026 2:54:05 AM,KARABEER@boisestate.edu_boisestate
1945,f7fabbd6-4dea-4960-a462-a2af9ed09136,K6,2,1780257600000,10:12,SSHA,0,,,0,,,1,Visual,67,-99,0,2501,GPS-003,,388e38ea-020a-46b4-82fe-216571ef3642,6/1/2026 2:54:05 AM,KARABEER@boisestate.edu_boisestate,6/1/2026 2:54:05 AM,KARABEER@boisestate.edu_boisestate
1946,2e9e3b81-2a18-4604-b84a-a80f226f28f6,K6,2,1780257600000,10:13,SSHA,0,,,0,,,1,Visual,76,-99,0,2502,GPS-003,,388e38ea-020a-46b4-82fe-216571ef3642,6/1/2026 2:54:05 AM,KARABEER@boisestate.edu_boisestate,6/1/2026 2:54:05 AM,KARABEER@boisestate.edu_boisestate
1947,47255505-c96f-498d-9e44-d54f8b4207ac,K6,2,1780257600000,10:25,WIPT,1,1,,1,1,,0,Visual,64,180,10,2503,GPS-003,,388e38ea-020a-46b4-82fe-216571ef3642,6/1/2026 2:54:05 AM,KARABEER@boisestate.edu_boisestate,6/1/2026 2:54:05 AM,KARABEER@boisestate.edu_boisestate
1948,fb2fd66d-1439-4824-bfea-98e74adf9b38,K6,2,1780257600000,10:31,WIPT,1,1,,0,0,,0,Visual,63,155,190,2504,GPS-003,,388e38ea-020a-46b4-82fe-216571ef3642,6/1/2026 2:54:05 AM,KARABEER@boisestate.edu_boisestate,6/1/2026 2:54:05 AM,KARABEER@boisestate.edu_boisestate
